word,books_with_word,idf
a,4,-0.2231435513142097
aback,1,0.6931471805599453
abandon,1,0.6931471805599453
abandoned,3,0.0
abandoning,1,0.6931471805599453
abandons,1,0.6931471805599453
abasement,1,0.6931471805599453
abatement,1,0.6931471805599453
abbastanza,1,0.6931471805599453
abbots,1,0.6931471805599453
abdominal,1,0.6931471805599453
aberdeen,1,0.6931471805599453
aberration,1,0.6931471805599453
abhorrence,1,0.6931471805599453
abhorrent,2,0.28768207245178085
abide,1,0.6931471805599453
abiding,3,0.0
abilities,1,0.6931471805599453
ability,1,0.6931471805599453
abject,1,0.6931471805599453
abjectly,1,0.6931471805599453
abjectness,1,0.6931471805599453
abjure,2,0.28768207245178085
able,4,-0.2231435513142097
ablution,1,0.6931471805599453
abnegation,1,0.6931471805599453
abnormal,2,0.28768207245178085
abnormality,1,0.6931471805599453
abnormally,1,0.6931471805599453
aboard,1,0.6931471805599453
abode,2,0.28768207245178085
abolition,1,0.6931471805599453
abominable,2,0.28768207245178085
abominably,2,0.28768207245178085
abominate,1,0.6931471805599453
abomination,1,0.6931471805599453
abortions,1,0.6931471805599453
abound,2,0.28768207245178085
about,4,-0.2231435513142097
above,4,-0.2231435513142097
abraham,1,0.6931471805599453
abroad,3,0.0
abrupt,3,0.0
abruptly,3,0.0
abruptness,1,0.6931471805599453
abruzzi,1,0.6931471805599453
abscess,1,0.6931471805599453
absence,3,0.0
absent,3,0.0
absolute,3,0.0
absolutely,4,-0.2231435513142097
absolved,1,0.6931471805599453
absorb,1,0.6931471805599453
absorbed,2,0.28768207245178085
absorbing,1,0.6931471805599453
abstain,1,0.6931471805599453
abstract,2,0.28768207245178085
abstracted,1,0.6931471805599453
absurd,3,0.0
absurdities,1,0.6931471805599453
absurdity,2,0.28768207245178085
absurdly,2,0.28768207245178085
abundant,2,0.28768207245178085
abundantly,1,0.6931471805599453
abuse,3,0.0
abused,2,0.28768207245178085
abusing,2,0.28768207245178085
abusive,2,0.28768207245178085
abutted,1,0.6931471805599453
abyss,1,0.6931471805599453
abyssinia,1,0.6931471805599453
academy,1,0.6931471805599453
accede,1,0.6931471805599453
acceded,1,0.6931471805599453
acceding,1,0.6931471805599453
accelerate,1,0.6931471805599453
accent,4,-0.2231435513142097
accents,1,0.6931471805599453
accept,3,0.0
acceptable,1,0.6931471805599453
acceptance,3,0.0
accepted,4,-0.2231435513142097
accepting,1,0.6931471805599453
accessory,1,0.6931471805599453
accident,4,-0.2231435513142097
accidental,2,0.28768207245178085
accidentally,2,0.28768207245178085
accidents,1,0.6931471805599453
accommodate,1,0.6931471805599453
accommodating,1,0.6931471805599453
accompanied,4,-0.2231435513142097
accompaniment,1,0.6931471805599453
accompany,2,0.28768207245178085
accompanying,3,0.0
accompli,1,0.6931471805599453
accomplice,2,0.28768207245178085
accomplices,1,0.6931471805599453
accomplish,1,0.6931471805599453
accomplished,3,0.0
accomplishment,2,0.28768207245178085
accomplishments,2,0.28768207245178085
accord,1,0.6931471805599453
accordance,1,0.6931471805599453
according,3,0.0
accordingly,1,0.6931471805599453
accosted,1,0.6931471805599453
account,4,-0.2231435513142097
accountant,1,0.6931471805599453
accounted,3,0.0
accounting,1,0.6931471805599453
accounts,3,0.0
accumulated,2,0.28768207245178085
accumulation,1,0.6931471805599453
accuracy,2,0.28768207245178085
accurate,2,0.28768207245178085
accurately,2,0.28768207245178085
accursed,1,0.6931471805599453
accusation,2,0.28768207245178085
accusations,2,0.28768207245178085
accuse,2,0.28768207245178085
accused,3,0.0
accuser,1,0.6931471805599453
accusing,2,0.28768207245178085
accustomed,3,0.0
acetones,1,0.6931471805599453
ach,1,0.6931471805599453
ache,2,0.28768207245178085
ached,3,0.0
aches,1,0.6931471805599453
achieved,1,0.6931471805599453
achieving,1,0.6931471805599453
achilles,1,0.6931471805599453
aching,1,0.6931471805599453
acid,1,0.6931471805599453
acknowledge,3,0.0
acknowledged,1,0.6931471805599453
acknowledges,1,0.6931471805599453
acknowledging,1,0.6931471805599453
acknowledgment,1,0.6931471805599453
acknowledgments,2,0.28768207245178085
acquaint,1,0.6931471805599453
acquaintance,4,-0.2231435513142097
acquaintances,2,0.28768207245178085
acquainted,2,0.28768207245178085
acquainting,1,0.6931471805599453
acquiesce,3,0.0
acquiescence,1,0.6931471805599453
acquire,2,0.28768207245178085
acquired,3,0.0
acquirement,1,0.6931471805599453
acquirements,1,0.6931471805599453
acquiring,1,0.6931471805599453
acquisition,1,0.6931471805599453
acquit,1,0.6931471805599453
acquitted,2,0.28768207245178085
acres,1,0.6931471805599453
acrimony,1,0.6931471805599453
across,4,-0.2231435513142097
act,4,-0.2231435513142097
acted,4,-0.2231435513142097
acting,3,0.0
action,4,-0.2231435513142097
actionable,1,0.6931471805599453
actions,3,0.0
active,3,0.0
actively,1,0.6931471805599453
activity,3,0.0
actor,1,0.6931471805599453
actors,1,0.6931471805599453
actress,1,0.6931471805599453
acts,2,0.28768207245178085
actual,4,-0.2231435513142097
actuality,1,0.6931471805599453
actually,3,0.0
actuated,1,0.6931471805599453
acute,3,0.0
acutely,2,0.28768207245178085
acutest,1,0.6931471805599453
adams,1,0.6931471805599453
adapt,1,0.6931471805599453
adaptable,1,0.6931471805599453
adapted,2,0.28768207245178085
add,3,0.0
added,4,-0.2231435513142097
adder,1,0.6931471805599453
addicted,1,0.6931471805599453
adding,3,0.0
addition,3,0.0
additional,1,0.6931471805599453
additions,2,0.28768207245178085
addled,1,0.6931471805599453
address,4,-0.2231435513142097
addressed,3,0.0
addresses,2,0.28768207245178085
addressing,3,0.0
adds,3,0.0
adept,1,0.6931471805599453
adequate,1,0.6931471805599453
adhered,2,0.28768207245178085
adheres,1,0.6931471805599453
adhering,1,0.6931471805599453
adhesive,1,0.6931471805599453
adieu,2,0.28768207245178085
adieus,1,0.6931471805599453
adjective,1,0.6931471805599453
adjoined,1,0.6931471805599453
adjoining,1,0.6931471805599453
adjusted,1,0.6931471805599453
adjusting,1,0.6931471805599453
adjutant,1,0.6931471805599453
adler,1,0.6931471805599453
administration,2,0.28768207245178085
administrative,1,0.6931471805599453
admirable,3,0.0
admirably,1,0.6931471805599453
admiration,4,-0.2231435513142097
admire,3,0.0
admired,3,0.0
admirer,1,0.6931471805599453
admirers,1,0.6931471805599453
admires,1,0.6931471805599453
admiring,3,0.0
admission,2,0.28768207245178085
admit,3,0.0
admittance,1,0.6931471805599453
admitted,4,-0.2231435513142097
admitting,2,0.28768207245178085
admonishes,1,0.6931471805599453
admonishing,1,0.6931471805599453
admonition,1,0.6931471805599453
ado,1,0.6931471805599453
adopt,2,0.28768207245178085
adopted,3,0.0
adoration,1,0.6931471805599453
adores,1,0.6931471805599453
adoring,1,0.6931471805599453
adorned,2,0.28768207245178085
adornment,1,0.6931471805599453
adrianople,1,0.6931471805599453
adriatic,1,0.6931471805599453
adrift,1,0.6931471805599453
advance,4,-0.2231435513142097
advanced,3,0.0
advancement,1,0.6931471805599453
advances,1,0.6931471805599453
advancing,2,0.28768207245178085
advantage,4,-0.2231435513142097
advantageous,2,0.28768207245178085
advantageously,1,0.6931471805599453
advantages,3,0.0
adventure,3,0.0
adventures,3,0.0
adventuress,1,0.6931471805599453
adventuresses,1,0.6931471805599453
advertise,1,0.6931471805599453
advertised,2,0.28768207245178085
advertisement,1,0.6931471805599453
advertisements,2,0.28768207245178085
advertising,2,0.28768207245178085
advice,4,-0.2231435513142097
advisability,1,0.6931471805599453
advisable,1,0.6931471805599453
advise,4,-0.2231435513142097
advised,3,0.0
adviser,1,0.6931471805599453
advising,1,0.6931471805599453
advocate,1,0.6931471805599453
advocating,1,0.6931471805599453
afanasy,1,0.6931471805599453
afanasyvitch,1,0.6931471805599453
afar,1,0.6931471805599453
affability,1,0.6931471805599453
affable,2,0.28768207245178085
affably,1,0.6931471805599453
affair,4,-0.2231435513142097
affaire,1,0.6931471805599453
affairs,3,0.0
affect,3,0.0
affectation,3,0.0
affected,3,0.0
affecting,2,0.28768207245178085
affection,4,-0.2231435513142097
affectionate,3,0.0
affectionately,1,0.6931471805599453
affections,2,0.28768207245178085
affinity,1,0.6931471805599453
affirmative,1,0.6931471805599453
afflicting,1,0.6931471805599453
affliction,2,0.28768207245178085
afford,4,-0.2231435513142097
afforded,3,0.0
affording,1,0.6931471805599453
affords,1,0.6931471805599453
affront,2,0.28768207245178085
affronted,2,0.28768207245178085
afghan,1,0.6931471805599453
afghanistan,1,0.6931471805599453
afraid,4,-0.2231435513142097
afresh,2,0.28768207245178085
africa,1,0.6931471805599453
africana,1,0.6931471805599453
afrosinya,1,0.6931471805599453
after,4,-0.2231435513142097
afternoon,4,-0.2231435513142097
afternoons,1,0.6931471805599453
afterward,1,0.6931471805599453
afterwards,3,0.0
again,4,-0.2231435513142097
against,4,-0.2231435513142097
age,4,-0.2231435513142097
aged,3,0.0
agency,1,0.6931471805599453
agent,1,0.6931471805599453
ages,1,0.6931471805599453
aggrieved,1,0.6931471805599453
agitated,3,0.0
agitating,1,0.6931471805599453
agitation,3,0.0
agitations,1,0.6931471805599453
agitators,2,0.28768207245178085
aglow,1,0.6931471805599453
ago,4,-0.2231435513142097
agonies,3,0.0
agonised,1,0.6931471805599453
agonising,1,0.6931471805599453
agonisingly,1,0.6931471805599453
agony,3,0.0
agra,1,0.6931471805599453
agree,4,-0.2231435513142097
agreeable,2,0.28768207245178085
agreeably,1,0.6931471805599453
agreed,3,0.0
agreeing,1,0.6931471805599453
agreement,2,0.28768207245178085
agrees,1,0.6931471805599453
agricultural,1,0.6931471805599453
ah,4,-0.2231435513142097
aha,1,0.6931471805599453
ahead,2,0.28768207245178085
aid,4,-0.2231435513142097
aided,2,0.28768207245178085
aie,1,0.6931471805599453
ailing,1,0.6931471805599453
aim,1,0.6931471805599453
aimed,3,0.0
aimlessly,1,0.6931471805599453
aims,1,0.6931471805599453
aint,1,0.6931471805599453
air,4,-0.2231435513142097
aircraft,1,0.6931471805599453
airing,1,0.6931471805599453
airlessness,1,0.6931471805599453
airplanes,1,0.6931471805599453
airs,1,0.6931471805599453
aisle,2,0.28768207245178085
ajar,2,0.28768207245178085
akimbo,1,0.6931471805599453
akin,2,0.28768207245178085
alabaster,1,0.6931471805599453
alacrity,1,0.6931471805599453
alarm,3,0.0
alarmed,2,0.28768207245178085
alarming,2,0.28768207245178085
alarms,1,0.6931471805599453
alas,3,0.0
albert,1,0.6931471805599453
album,1,0.6931471805599453
alcohol,2,0.28768207245178085
alcoholism,1,0.6931471805599453
aldersgate,1,0.6931471805599453
aldershot,1,0.6931471805599453
aldo,1,0.6931471805599453
alert,1,0.6931471805599453
alexander,1,0.6931471805599453
alexandr,1,0.6931471805599453
alexandrovna,1,0.6931471805599453
alexandrovnas,1,0.6931471805599453
alexey,1,0.6931471805599453
algebra,1,0.6931471805599453
alias,1,0.6931471805599453
alice,1,0.6931471805599453
alices,1,0.6931471805599453
alicia,1,0.6931471805599453
alienated,1,0.6931471805599453
alighted,1,0.6931471805599453
alike,4,-0.2231435513142097
alive,4,-0.2231435513142097
all,4,-0.2231435513142097
allah,1,0.6931471805599453
allayed,2,0.28768207245178085
alleging,1,0.6931471805599453
allegorical,1,0.6931471805599453
allegro,1,0.6931471805599453
alleviate,1,0.6931471805599453
alleviated,1,0.6931471805599453
alley,2,0.28768207245178085
alleys,2,0.28768207245178085
alleyway,1,0.6931471805599453
alliance,2,0.28768207245178085
allied,2,0.28768207245178085
allies,1,0.6931471805599453
allow,3,0.0
allowable,1,0.6931471805599453
allowance,2,0.28768207245178085
allowances,1,0.6931471805599453
allowed,4,-0.2231435513142097
allowing,3,0.0
allows,1,0.6931471805599453
alls,1,0.6931471805599453
allude,3,0.0
alluded,3,0.0
alluding,2,0.28768207245178085
allurement,1,0.6931471805599453
allurements,1,0.6931471805599453
alluring,1,0.6931471805599453
allusion,2,0.28768207245178085
allusions,3,0.0
ally,2,0.28768207245178085
alma,1,0.6931471805599453
almanac,1,0.6931471805599453
almighty,1,0.6931471805599453
almonds,1,0.6931471805599453
almost,4,-0.2231435513142097
alms,1,0.6931471805599453
alone,4,-0.2231435513142097
along,4,-0.2231435513142097
alongside,1,0.6931471805599453
aloof,2,0.28768207245178085
aloud,3,0.0
aloysius,1,0.6931471805599453
alpha,1,0.6931471805599453
alpini,1,0.6931471805599453
already,4,-0.2231435513142097
also,4,-0.2231435513142097
altar,2,0.28768207245178085
altars,1,0.6931471805599453
alter,3,0.0
alteration,1,0.6931471805599453
alterations,2,0.28768207245178085
altered,3,0.0
alternate,1,0.6931471805599453
alternately,1,0.6931471805599453
alternating,2,0.28768207245178085
alternation,1,0.6931471805599453
alternative,1,0.6931471805599453
alternatives,1,0.6931471805599453
alters,1,0.6931471805599453
although,4,-0.2231435513142097
alto,1,0.6931471805599453
altogether,4,-0.2231435513142097
always,4,-0.2231435513142097
alyona,1,0.6931471805599453
alyoshka,1,0.6931471805599453
am,4,-0.2231435513142097
amalfi,1,0.6931471805599453
amalgam,1,0.6931471805599453
amalgamated,1,0.6931471805599453
amalia,1,0.6931471805599453
amassed,1,0.6931471805599453
amassing,1,0.6931471805599453
amateur,2,0.28768207245178085
amaze,2,0.28768207245178085
amazed,2,0.28768207245178085
amazement,3,0.0
amazes,1,0.6931471805599453
amazing,3,0.0
ambassador,1,0.6931471805599453
ambiguous,1,0.6931471805599453
ambition,2,0.28768207245178085
ambitious,1,0.6931471805599453
ambulance,1,0.6931471805599453
ambulances,1,0.6931471805599453
amendment,1,0.6931471805599453
amends,1,0.6931471805599453
america,3,0.0
american,3,0.0
americans,2,0.28768207245178085
amethyst,1,0.6931471805599453
ami,1,0.6931471805599453
amiable,3,0.0
amiably,1,0.6931471805599453
amid,3,0.0
amidst,2,0.28768207245178085
amiss,3,0.0
ammunition,1,0.6931471805599453
among,4,-0.2231435513142097
amongst,2,0.28768207245178085
amorous,1,0.6931471805599453
amount,4,-0.2231435513142097
amounting,2,0.28768207245178085
amounts,1,0.6931471805599453
amoy,1,0.6931471805599453
amphitheatre,1,0.6931471805599453
ample,2,0.28768207245178085
amplifying,1,0.6931471805599453
amply,3,0.0
amputated,1,0.6931471805599453
amuse,3,0.0
amused,4,-0.2231435513142097
amusement,3,0.0
amusements,2,0.28768207245178085
amuses,1,0.6931471805599453
amusing,3,0.0
an,4,-0.2231435513142097
analyse,1,0.6931471805599453
analysed,1,0.6931471805599453
analysis,2,0.28768207245178085
analytical,1,0.6931471805599453
anarchist,1,0.6931471805599453
anarchists,1,0.6931471805599453
anatomy,2,0.28768207245178085
ancestors,1,0.6931471805599453
ancestral,1,0.6931471805599453
anchorage,1,0.6931471805599453
anchovy,1,0.6931471805599453
ancient,3,0.0
ancle,1,0.6931471805599453
ancles,1,0.6931471805599453
ancona,1,0.6931471805599453
and,4,-0.2231435513142097
anderson,1,0.6931471805599453
andiamo,1,0.6931471805599453
andover,1,0.6931471805599453
andrey,1,0.6931471805599453
anecdote,1,0.6931471805599453
anecdotes,2,0.28768207245178085
anew,2,0.28768207245178085
angel,3,0.0
angelic,1,0.6931471805599453
angels,1,0.6931471805599453
anger,4,-0.2231435513142097
angered,1,0.6931471805599453
angers,1,0.6931471805599453
angle,3,0.0
anglo,1,0.6931471805599453
angrily,2,0.28768207245178085
angry,4,-0.2231435513142097
anguish,2,0.28768207245178085
angular,1,0.6931471805599453
animal,3,0.0
animals,1,0.6931471805599453
animate,1,0.6931471805599453
animated,3,0.0
animating,1,0.6931471805599453
animation,2,0.28768207245178085
aniska,1,0.6931471805599453
ankles,1,0.6931471805599453
anna,1,0.6931471805599453
anne,1,0.6931471805599453
annes,1,0.6931471805599453
annesley,1,0.6931471805599453
annexed,1,0.6931471805599453
annihilate,1,0.6931471805599453
annihilated,1,0.6931471805599453
announce,2,0.28768207245178085
announced,3,0.0
announcement,1,0.6931471805599453
announcing,1,0.6931471805599453
annoy,1,0.6931471805599453
annoyance,2,0.28768207245178085
annoyed,3,0.0
annoying,1,0.6931471805599453
annoys,1,0.6931471805599453
annual,2,0.28768207245178085
annum,1,0.6931471805599453
anoints,1,0.6931471805599453
another,4,-0.2231435513142097
anothers,2,0.28768207245178085
anstruther,1,0.6931471805599453
answer,4,-0.2231435513142097
answerable,1,0.6931471805599453
answered,4,-0.2231435513142097
answering,3,0.0
answers,3,0.0
ant,1,0.6931471805599453
antagonist,2,0.28768207245178085
antecedents,1,0.6931471805599453
antechamber,1,0.6931471805599453
anteroom,1,0.6931471805599453
anthony,1,0.6931471805599453
anthonys,1,0.6931471805599453
anti,1,0.6931471805599453
anticipate,2,0.28768207245178085
anticipated,2,0.28768207245178085
anticipating,2,0.28768207245178085
anticipation,2,0.28768207245178085
anticipations,1,0.6931471805599453
antics,1,0.6931471805599453
ants,1,0.6931471805599453
anxieties,1,0.6931471805599453
anxiety,3,0.0
anxious,4,-0.2231435513142097
anxiously,3,0.0
any,4,-0.2231435513142097
anybody,4,-0.2231435513142097
anybodys,1,0.6931471805599453
anyhow,4,-0.2231435513142097
anyone,3,0.0
anyones,1,0.6931471805599453
anything,4,-0.2231435513142097
anyway,2,0.28768207245178085
anywhere,4,-0.2231435513142097
anæmic,1,0.6931471805599453
anæsthetic,1,0.6931471805599453
anæsthetics,1,0.6931471805599453
anæsthetized,1,0.6931471805599453
aosta,1,0.6931471805599453
apace,1,0.6931471805599453
apache,1,0.6931471805599453
apaches,1,0.6931471805599453
apart,3,0.0
apartment,2,0.28768207245178085
apartments,2,0.28768207245178085
apathy,1,0.6931471805599453
ape,1,0.6931471805599453
aperture,1,0.6931471805599453
apiece,2,0.28768207245178085
apologetically,1,0.6931471805599453
apologies,2,0.28768207245178085
apologise,2,0.28768207245178085
apologised,1,0.6931471805599453
apologising,1,0.6931471805599453
apologize,1,0.6931471805599453
apologized,1,0.6931471805599453
apologizing,1,0.6931471805599453
apology,2,0.28768207245178085
apoplexy,1,0.6931471805599453
apothecary,1,0.6931471805599453
appalled,1,0.6931471805599453
appallingly,1,0.6931471805599453
apparel,1,0.6931471805599453
apparelled,1,0.6931471805599453
apparent,3,0.0
apparently,3,0.0
apparition,1,0.6931471805599453
apparitions,1,0.6931471805599453
appeal,3,0.0
appealed,1,0.6931471805599453
appeals,2,0.28768207245178085
appear,3,0.0
appearance,3,0.0
appearances,2,0.28768207245178085
appeared,3,0.0
appearing,1,0.6931471805599453
appears,3,0.0
appease,1,0.6931471805599453
appeased,1,0.6931471805599453
appendix,1,0.6931471805599453
appertain,1,0.6931471805599453
appetite,3,0.0
apple,1,0.6931471805599453
apples,1,0.6931471805599453
applicant,1,0.6931471805599453
application,1,0.6931471805599453
applied,2,0.28768207245178085
applies,1,0.6931471805599453
apply,3,0.0
applying,2,0.28768207245178085
appointed,1,0.6931471805599453
appointment,2,0.28768207245178085
appreciate,1,0.6931471805599453
appreciative,1,0.6931471805599453
apprehended,1,0.6931471805599453
apprehending,1,0.6931471805599453
apprehension,2,0.28768207245178085
apprehensions,2,0.28768207245178085
apprehensive,1,0.6931471805599453
apprehensively,1,0.6931471805599453
apprenticed,1,0.6931471805599453
approach,3,0.0
approached,3,0.0
approaching,3,0.0
approbation,1,0.6931471805599453
appropriate,2,0.28768207245178085
appropriately,1,0.6931471805599453
approval,1,0.6931471805599453
approve,2,0.28768207245178085
approved,2,0.28768207245178085
approvingly,2,0.28768207245178085
approximate,1,0.6931471805599453
approximately,1,0.6931471805599453
april,2,0.28768207245178085
apron,1,0.6931471805599453
aproned,1,0.6931471805599453
apropos,1,0.6931471805599453
apt,4,-0.2231435513142097
aptly,1,0.6931471805599453
aquila,1,0.6931471805599453
aquiline,1,0.6931471805599453
arabian,1,0.6931471805599453
arat,1,0.6931471805599453
arbiter,1,0.6931471805599453
arbitrary,1,0.6931471805599453
arc,1,0.6931471805599453
arcade,1,0.6931471805599453
arch,2,0.28768207245178085
archbishop,2,0.28768207245178085
arched,2,0.28768207245178085
archery,1,0.6931471805599453
archie,1,0.6931471805599453
architect,1,0.6931471805599453
architects,1,0.6931471805599453
architecture,2,0.28768207245178085
archly,1,0.6931471805599453
archness,1,0.6931471805599453
archway,1,0.6931471805599453
ardent,2,0.28768207245178085
ardently,1,0.6931471805599453
ardour,1,0.6931471805599453
arduous,1,0.6931471805599453
are,4,-0.2231435513142097
area,2,0.28768207245178085
arent,2,0.28768207245178085
argue,3,0.0
argued,3,0.0
arguing,2,0.28768207245178085
argument,4,-0.2231435513142097
arguments,3,0.0
aright,1,0.6931471805599453
arise,3,0.0
arisen,1,0.6931471805599453
arises,1,0.6931471805599453
arising,1,0.6931471805599453
aristocratic,2,0.28768207245178085
arithmetic,1,0.6931471805599453
arizona,1,0.6931471805599453
ark,1,0.6931471805599453
arkady,1,0.6931471805599453
arm,4,-0.2231435513142097
armchair,1,0.6931471805599453
armchairs,1,0.6931471805599453
armed,3,0.0
armhole,1,0.6931471805599453
armies,2,0.28768207245178085
armitage,1,0.6931471805599453
armoire,1,0.6931471805599453
armorers,1,0.6931471805599453
armour,1,0.6931471805599453
arms,3,0.0
army,4,-0.2231435513142097
arnsworth,1,0.6931471805599453
arose,2,0.28768207245178085
around,4,-0.2231435513142097
arouse,1,0.6931471805599453
aroused,2,0.28768207245178085
arrange,4,-0.2231435513142097
arranged,4,-0.2231435513142097
arrangement,2,0.28768207245178085
arrangements,3,0.0
arranges,1,0.6931471805599453
arranging,1,0.6931471805599453
array,1,0.6931471805599453
arrear,1,0.6931471805599453
arrest,3,0.0
arrested,4,-0.2231435513142097
arresting,1,0.6931471805599453
arrival,3,0.0
arrivals,1,0.6931471805599453
arrive,4,-0.2231435513142097
arrived,4,-0.2231435513142097
arriving,2,0.28768207245178085
arrogance,2,0.28768207245178085
arrogant,2,0.28768207245178085
arrow,1,0.6931471805599453
arrows,1,0.6931471805599453
arson,1,0.6931471805599453
art,4,-0.2231435513142097
arteries,1,0.6931471805599453
artful,1,0.6931471805599453
artfully,2,0.28768207245178085
arthur,1,0.6931471805599453
arthurs,1,0.6931471805599453
article,4,-0.2231435513142097
articles,3,0.0
articulate,1,0.6931471805599453
articulated,1,0.6931471805599453
articulately,1,0.6931471805599453
articulating,1,0.6931471805599453
articulation,1,0.6931471805599453
artificial,3,0.0
artillery,2,0.28768207245178085
artisan,1,0.6931471805599453
artist,2,0.28768207245178085
artistic,1,0.6931471805599453
artistically,1,0.6931471805599453
arts,1,0.6931471805599453
as,4,-0.2231435513142097
ascend,1,0.6931471805599453
ascended,2,0.28768207245178085
ascending,1,0.6931471805599453
ascent,1,0.6931471805599453
ascertain,3,0.0
ascertained,1,0.6931471805599453
ascertaining,3,0.0
ascetic,1,0.6931471805599453
asciutta,1,0.6931471805599453
ascribed,1,0.6931471805599453
ash,2,0.28768207245178085
ashamed,4,-0.2231435513142097
ashamedly,1,0.6931471805599453
ashen,1,0.6931471805599453
ashes,3,0.0
ashore,1,0.6931471805599453
ashworth,1,0.6931471805599453
asia,1,0.6931471805599453
aside,4,-0.2231435513142097
ask,4,-0.2231435513142097
askance,2,0.28768207245178085
asked,4,-0.2231435513142097
askew,1,0.6931471805599453
asking,4,-0.2231435513142097
asks,2,0.28768207245178085
aslant,1,0.6931471805599453
asleep,4,-0.2231435513142097
asparagus,1,0.6931471805599453
aspect,4,-0.2231435513142097
aspects,1,0.6931471805599453
asperity,1,0.6931471805599453
aspirations,1,0.6931471805599453
aspire,1,0.6931471805599453
aspired,1,0.6931471805599453
aspirin,1,0.6931471805599453
ass,1,0.6931471805599453
assailant,1,0.6931471805599453
assailants,1,0.6931471805599453
assault,2,0.28768207245178085
assaulted,1,0.6931471805599453
assaults,1,0.6931471805599453
assembled,3,0.0
assemblies,1,0.6931471805599453
assembly,1,0.6931471805599453
assent,1,0.6931471805599453
assented,2,0.28768207245178085
assents,1,0.6931471805599453
assert,3,0.0
asserted,3,0.0
asserting,1,0.6931471805599453
assertion,2,0.28768207245178085
assertions,1,0.6931471805599453
assessor,1,0.6931471805599453
asset,1,0.6931471805599453
assets,1,0.6931471805599453
assez,1,0.6931471805599453
assiduous,1,0.6931471805599453
assiduously,1,0.6931471805599453
assigned,1,0.6931471805599453
assist,3,0.0
assistance,3,0.0
assistant,3,0.0
assistants,1,0.6931471805599453
assisted,2,0.28768207245178085
assisting,3,0.0
assizes,1,0.6931471805599453
associate,2,0.28768207245178085
associated,2,0.28768207245178085
associating,1,0.6931471805599453
association,1,0.6931471805599453
associations,1,0.6931471805599453
assume,3,0.0
assumed,3,0.0
assumes,1,0.6931471805599453
assuming,2,0.28768207245178085
assumption,1,0.6931471805599453
assurance,2,0.28768207245178085
assurances,1,0.6931471805599453
assure,3,0.0
assured,4,-0.2231435513142097
assuredly,1,0.6931471805599453
assures,1,0.6931471805599453
assuring,3,0.0
astern,1,0.6931471805599453
asti,1,0.6931471805599453
astir,1,0.6931471805599453
astonish,1,0.6931471805599453
astonished,3,0.0
astonishing,1,0.6931471805599453
astonishment,3,0.0
astounded,1,0.6931471805599453
astra,1,0.6931471805599453
astrakhan,1,0.6931471805599453
astride,1,0.6931471805599453
astronomy,1,0.6931471805599453
astute,2,0.28768207245178085
astuteness,1,0.6931471805599453
asylum,2,0.28768207245178085
asylums,1,0.6931471805599453
at,4,-0.2231435513142097
ate,4,-0.2231435513142097
atheist,1,0.6931471805599453
atheists,2,0.28768207245178085
atkinson,1,0.6931471805599453
atlantic,1,0.6931471805599453
atmosphere,2,0.28768207245178085
atone,3,0.0
atoned,1,0.6931471805599453
atonement,2,0.28768207245178085
atrocious,1,0.6931471805599453
attach,2,0.28768207245178085
attached,4,-0.2231435513142097
attachment,1,0.6931471805599453
attachments,1,0.6931471805599453
attack,4,-0.2231435513142097
attacked,3,0.0
attacking,2,0.28768207245178085
attacks,2,0.28768207245178085
attain,2,0.28768207245178085
attained,3,0.0
attainments,1,0.6931471805599453
attempt,3,0.0
attempted,3,0.0
attempting,3,0.0
attempts,1,0.6931471805599453
attend,3,0.0
attendance,3,0.0
attendant,3,0.0
attendants,1,0.6931471805599453
attended,3,0.0
attending,2,0.28768207245178085
attends,1,0.6931471805599453
attention,4,-0.2231435513142097
attentions,3,0.0
attentive,2,0.28768207245178085
attentively,2,0.28768207245178085
attested,1,0.6931471805599453
attic,2,0.28768207245178085
attica,1,0.6931471805599453
attics,2,0.28768207245178085
attire,1,0.6931471805599453
attired,1,0.6931471805599453
attitude,4,-0.2231435513142097
attorney,2,0.28768207245178085
attract,3,0.0
attracted,3,0.0
attracting,2,0.28768207245178085
attraction,2,0.28768207245178085
attractions,3,0.0
attractive,2,0.28768207245178085
attribute,2,0.28768207245178085
attributed,2,0.28768207245178085
attributing,1,0.6931471805599453
auckland,1,0.6931471805599453
audible,3,0.0
audibly,1,0.6931471805599453
audience,2,0.28768207245178085
augen,1,0.6931471805599453
aught,1,0.6931471805599453
augment,1,0.6931471805599453
augmented,1,0.6931471805599453
august,3,0.0
augustine,1,0.6931471805599453
aunt,3,0.0
aunts,2,0.28768207245178085
aureole,1,0.6931471805599453
aus,1,0.6931471805599453
austerity,1,0.6931471805599453
australia,1,0.6931471805599453
australian,1,0.6931471805599453
australians,1,0.6931471805599453
austria,1,0.6931471805599453
austrian,2,0.28768207245178085
austrians,1,0.6931471805599453
authentic,1,0.6931471805599453
authenticity,1,0.6931471805599453
author,1,0.6931471805599453
authoritative,2,0.28768207245178085
authorities,2,0.28768207245178085
authority,4,-0.2231435513142097
authorize,1,0.6931471805599453
authorized,1,0.6931471805599453
authorizing,1,0.6931471805599453
authors,1,0.6931471805599453
auto,1,0.6931471805599453
automatic,1,0.6931471805599453
autre,1,0.6931471805599453
autumn,3,0.0
autumnal,1,0.6931471805599453
avail,2,0.28768207245178085
availed,1,0.6931471805599453
avants,1,0.6931471805599453
avarice,1,0.6931471805599453
avdotya,1,0.6931471805599453
ave,1,0.6931471805599453
avenge,1,0.6931471805599453
avenging,1,0.6931471805599453
avenue,4,-0.2231435513142097
average,3,0.0
averse,1,0.6931471805599453
aversion,2,0.28768207245178085
avert,1,0.6931471805599453
averted,2,0.28768207245178085
aviators,1,0.6931471805599453
avoid,4,-0.2231435513142097
avoidance,1,0.6931471805599453
avoided,4,-0.2231435513142097
avoiding,3,0.0
avowal,1,0.6931471805599453
avowed,1,0.6931471805599453
await,2,0.28768207245178085
awaited,3,0.0
awaiting,2,0.28768207245178085
awake,4,-0.2231435513142097
awaken,1,0.6931471805599453
awakened,2,0.28768207245178085
awakening,1,0.6931471805599453
aware,3,0.0
away,4,-0.2231435513142097
awe,2,0.28768207245178085
awed,1,0.6931471805599453
awful,4,-0.2231435513142097
awfully,2,0.28768207245178085
awhile,1,0.6931471805599453
awkward,3,0.0
awkwardly,1,0.6931471805599453
awkwardness,2,0.28768207245178085
awoke,3,0.0
awry,1,0.6931471805599453
axe,1,0.6931471805599453
axes,1,0.6931471805599453
axiom,2,0.28768207245178085
ay,2,0.28768207245178085
aymo,1,0.6931471805599453
aymos,1,0.6931471805599453
azure,1,0.6931471805599453
aïe,1,0.6931471805599453
b,4,-0.2231435513142097
babbiting,1,0.6931471805599453
babble,1,0.6931471805599453
babbled,1,0.6931471805599453
babbling,1,0.6931471805599453
babe,2,0.28768207245178085
babies,2,0.28768207245178085
baboon,1,0.6931471805599453
babushkins,1,0.6931471805599453
baby,3,0.0
bacchus,2,0.28768207245178085
bachelor,2,0.28768207245178085
bachelors,1,0.6931471805599453
back,4,-0.2231435513142097
backed,4,-0.2231435513142097
backgammon,2,0.28768207245178085
background,2,0.28768207245178085
backing,2,0.28768207245178085
backs,2,0.28768207245178085
backward,3,0.0
backwards,2,0.28768207245178085
backwater,1,0.6931471805599453
backwaters,1,0.6931471805599453
bad,4,-0.2231435513142097
bade,2,0.28768207245178085
badge,1,0.6931471805599453
badly,3,0.0
baffled,1,0.6931471805599453
bag,2,0.28768207245178085
baggage,2,0.28768207245178085
baggy,1,0.6931471805599453
bags,3,0.0
bah,1,0.6931471805599453
bail,1,0.6931471805599453
bailer,1,0.6931471805599453
bailing,1,0.6931471805599453
bains,1,0.6931471805599453
bainsizza,1,0.6931471805599453
bait,1,0.6931471805599453
baited,1,0.6931471805599453
baiters,1,0.6931471805599453
baiting,1,0.6931471805599453
baits,1,0.6931471805599453
bakaleyevs,1,0.6931471805599453
baked,1,0.6931471805599453
baker,1,0.6931471805599453
bakers,1,0.6931471805599453
bakewell,1,0.6931471805599453
baking,2,0.28768207245178085
balalaïka,1,0.6931471805599453
balance,2,0.28768207245178085
balanced,1,0.6931471805599453
balancing,2,0.28768207245178085
balconies,1,0.6931471805599453
balcony,2,0.28768207245178085
bald,3,0.0
baleful,1,0.6931471805599453
ball,4,-0.2231435513142097
ballarat,1,0.6931471805599453
balloon,1,0.6931471805599453
balloons,1,0.6931471805599453
balls,4,-0.2231435513142097
balm,1,0.6931471805599453
balmoral,1,0.6931471805599453
balustraded,1,0.6931471805599453
balzac,1,0.6931471805599453
band,2,0.28768207245178085
bandage,3,0.0
bandaged,2,0.28768207245178085
bandages,2,0.28768207245178085
bandaging,1,0.6931471805599453
bands,1,0.6931471805599453
bandy,1,0.6931471805599453
bang,1,0.6931471805599453
banged,1,0.6931471805599453
banging,1,0.6931471805599453
banish,1,0.6931471805599453
banished,1,0.6931471805599453
banishment,1,0.6931471805599453
bank,3,0.0
banker,1,0.6931471805599453
bankers,1,0.6931471805599453
banking,1,0.6931471805599453
banknotes,1,0.6931471805599453
bankrupt,1,0.6931471805599453
banks,4,-0.2231435513142097
banquets,1,0.6931471805599453
banter,1,0.6931471805599453
bantering,1,0.6931471805599453
baptized,1,0.6931471805599453
bar,3,0.0
barbarians,1,0.6931471805599453
barbaric,1,0.6931471805599453
barbarous,1,0.6931471805599453
barbarously,1,0.6931471805599453
barber,2,0.28768207245178085
barbera,1,0.6931471805599453
barbers,1,0.6931471805599453
barbusse,1,0.6931471805599453
bare,4,-0.2231435513142097
bared,1,0.6931471805599453
barefaced,1,0.6931471805599453
barefoot,2,0.28768207245178085
barefooted,1,0.6931471805599453
bareheaded,1,0.6931471805599453
barely,2,0.28768207245178085
bargain,2,0.28768207245178085
bargained,1,0.6931471805599453
barge,1,0.6931471805599453
bark,1,0.6931471805599453
barking,1,0.6931471805599453
barkley,1,0.6931471805599453
barkleys,1,0.6931471805599453
barmaid,2,0.28768207245178085
barman,1,0.6931471805599453
barmans,1,0.6931471805599453
barmherzige,1,0.6931471805599453
barn,2,0.28768207245178085
barnet,1,0.6931471805599453
barns,1,0.6931471805599453
barometric,1,0.6931471805599453
barouche,1,0.6931471805599453
barque,1,0.6931471805599453
barracks,1,0.6931471805599453
barred,3,0.0
barrel,3,0.0
barrels,1,0.6931471805599453
barricade,2,0.28768207245178085
barricaded,1,0.6931471805599453
barrier,2,0.28768207245178085
barriers,1,0.6931471805599453
barrow,1,0.6931471805599453
barrows,1,0.6931471805599453
bars,2,0.28768207245178085
bartender,1,0.6931471805599453
barter,1,0.6931471805599453
barto,1,0.6931471805599453
bartolomeo,1,0.6931471805599453
barton,1,0.6931471805599453
bartos,1,0.6931471805599453
baryta,1,0.6931471805599453
base,3,0.0
baseball,1,0.6931471805599453
basely,1,0.6931471805599453
basement,1,0.6931471805599453
basements,1,0.6931471805599453
baseness,1,0.6931471805599453
baser,1,0.6931471805599453
basest,1,0.6931471805599453
bashful,3,0.0
bashfulness,1,0.6931471805599453
basilicata,1,0.6931471805599453
basin,3,0.0
basins,1,0.6931471805599453
basis,3,0.0
basket,2,0.28768207245178085
basketful,1,0.6931471805599453
basque,1,0.6931471805599453
bass,2,0.28768207245178085
bassi,1,0.6931471805599453
basso,1,0.6931471805599453
bastards,1,0.6931471805599453
bat,1,0.6931471805599453
bath,4,-0.2231435513142097
bathe,1,0.6931471805599453
bathed,1,0.6931471805599453
bathing,2,0.28768207245178085
bathroom,2,0.28768207245178085
baths,2,0.28768207245178085
bathtub,1,0.6931471805599453
bats,1,0.6931471805599453
battalion,1,0.6931471805599453
battalions,1,0.6931471805599453
battered,2,0.28768207245178085
batteries,1,0.6931471805599453
battery,2,0.28768207245178085
battle,3,0.0
battled,1,0.6931471805599453
bawdy,1,0.6931471805599453
bawled,1,0.6931471805599453
bawling,1,0.6931471805599453
baxters,1,0.6931471805599453
bay,2,0.28768207245178085
baying,1,0.6931471805599453
bayonet,1,0.6931471805599453
bazaar,1,0.6931471805599453
be,4,-0.2231435513142097
beaded,1,0.6931471805599453
beads,2,0.28768207245178085
beakers,1,0.6931471805599453
beam,3,0.0
beamed,1,0.6931471805599453
beams,1,0.6931471805599453
bean,1,0.6931471805599453
beans,1,0.6931471805599453
bear,4,-0.2231435513142097
beard,3,0.0
bearded,2,0.28768207245178085
beards,1,0.6931471805599453
bearers,1,0.6931471805599453
bearing,3,0.0
bearings,1,0.6931471805599453
bears,3,0.0
beast,2,0.28768207245178085
beastliness,1,0.6931471805599453
beastly,1,0.6931471805599453
beasts,1,0.6931471805599453
beat,3,0.0
beaten,3,0.0
beating,3,0.0
beatings,1,0.6931471805599453
beats,1,0.6931471805599453
beauteous,1,0.6931471805599453
beauties,2,0.28768207245178085
beautiful,4,-0.2231435513142097
beautifully,2,0.28768207245178085
beauty,3,0.0
beaux,1,0.6931471805599453
became,4,-0.2231435513142097
because,4,-0.2231435513142097
becher,1,0.6931471805599453
bechers,1,0.6931471805599453
beckon,1,0.6931471805599453
beckoned,1,0.6931471805599453
beckoning,2,0.28768207245178085
become,4,-0.2231435513142097
becomes,4,-0.2231435513142097
becoming,4,-0.2231435513142097
bed,4,-0.2231435513142097
bedclothes,1,0.6931471805599453
bedded,1,0.6931471805599453
bedecked,1,0.6931471805599453
bedlam,1,0.6931471805599453
bedpan,1,0.6931471805599453
bedroom,3,0.0
bedrooms,1,0.6931471805599453
beds,3,0.0
bedside,2,0.28768207245178085
bedstead,1,0.6931471805599453
bedtime,2,0.28768207245178085
bee,1,0.6931471805599453
beech,1,0.6931471805599453
beeches,1,0.6931471805599453
beef,2,0.28768207245178085
been,4,-0.2231435513142097
beer,3,0.0
beetle,1,0.6931471805599453
beetles,1,0.6931471805599453
befall,2,0.28768207245178085
befallen,2,0.28768207245178085
befogged,1,0.6931471805599453
before,4,-0.2231435513142097
beforehand,3,0.0
befriend,1,0.6931471805599453
befriended,1,0.6931471805599453
befriending,1,0.6931471805599453
beg,4,-0.2231435513142097
began,4,-0.2231435513142097
beget,1,0.6931471805599453
beggar,2,0.28768207245178085
beggarly,1,0.6931471805599453
beggarman,1,0.6931471805599453
beggary,2,0.28768207245178085
begged,3,0.0
begging,3,0.0
begin,4,-0.2231435513142097
beginning,4,-0.2231435513142097
beginnings,2,0.28768207245178085
begins,3,0.0
begs,2,0.28768207245178085
begun,3,0.0
behalf,1,0.6931471805599453
behave,3,0.0
behaved,2,0.28768207245178085
behaves,2,0.28768207245178085
behavior,2,0.28768207245178085
behaviour,2,0.28768207245178085
beheld,1,0.6931471805599453
behind,4,-0.2231435513142097
behold,1,0.6931471805599453
beholding,1,0.6931471805599453
beige,1,0.6931471805599453
being,4,-0.2231435513142097
beings,2,0.28768207245178085
belated,1,0.6931471805599453
belauded,1,0.6931471805599453
belfry,1,0.6931471805599453
belief,3,0.0
beliefs,1,0.6931471805599453
believe,4,-0.2231435513142097
believed,4,-0.2231435513142097
believer,1,0.6931471805599453
believes,2,0.28768207245178085
believest,1,0.6931471805599453
believeth,1,0.6931471805599453
believing,3,0.0
bell,4,-0.2231435513142097
bella,1,0.6931471805599453
bellow,1,0.6931471805599453
bellows,1,0.6931471805599453
bells,1,0.6931471805599453
belly,1,0.6931471805599453
belong,2,0.28768207245178085
belonged,4,-0.2231435513142097
belonging,3,0.0
belongings,1,0.6931471805599453
belongs,3,0.0
beloved,3,0.0
below,4,-0.2231435513142097
belt,3,0.0
belts,1,0.6931471805599453
bench,2,0.28768207245178085
benches,2,0.28768207245178085
bend,3,0.0
bending,3,0.0
bene,1,0.6931471805599453
beneath,3,0.0
benefactor,2,0.28768207245178085
benefactors,1,0.6931471805599453
beneficence,1,0.6931471805599453
beneficent,1,0.6931471805599453
beneficial,2,0.28768207245178085
benefit,3,0.0
benefited,1,0.6931471805599453
benefiting,1,0.6931471805599453
benefits,2,0.28768207245178085
benevolence,2,0.28768207245178085
benevolent,3,0.0
bengal,1,0.6931471805599453
bennet,1,0.6931471805599453
bennets,1,0.6931471805599453
bent,4,-0.2231435513142097
bequeathed,3,0.0
bequest,2,0.28768207245178085
bereaved,1,0.6931471805599453
berg,1,0.6931471805599453
berkshire,1,0.6931471805599453
berlin,1,0.6931471805599453
bermuda,1,0.6931471805599453
bernois,1,0.6931471805599453
bersaglieri,1,0.6931471805599453
berth,1,0.6931471805599453
berths,1,0.6931471805599453
beryl,1,0.6931471805599453
beryls,1,0.6931471805599453
beseech,1,0.6931471805599453
beseeching,1,0.6931471805599453
beside,4,-0.2231435513142097
besides,4,-0.2231435513142097
besought,1,0.6931471805599453
bespattered,1,0.6931471805599453
best,4,-0.2231435513142097
bestow,1,0.6931471805599453
bestowed,2,0.28768207245178085
bestowing,1,0.6931471805599453
bet,3,0.0
bethany,1,0.6931471805599453
bethought,1,0.6931471805599453
betray,3,0.0
betrayal,1,0.6931471805599453
betrayed,3,0.0
betraying,2,0.28768207245178085
betrays,1,0.6931471805599453
betrothal,1,0.6931471805599453
betrothed,1,0.6931471805599453
bets,1,0.6931471805599453
better,4,-0.2231435513142097
betting,2,0.28768207245178085
between,4,-0.2231435513142097
bewailed,1,0.6931471805599453
beware,2,0.28768207245178085
bewildered,2,0.28768207245178085
bewilderment,2,0.28768207245178085
bewitched,1,0.6931471805599453
bewitching,1,0.6931471805599453
beyond,4,-0.2231435513142097
bezzemelny,1,0.6931471805599453
bianca,1,0.6931471805599453
biassed,1,0.6931471805599453
bible,2,0.28768207245178085
bicycle,1,0.6931471805599453
bicycles,1,0.6931471805599453
bicycling,1,0.6931471805599453
bicyclists,1,0.6931471805599453
bid,1,0.6931471805599453
bidding,1,0.6931471805599453
biding,1,0.6931471805599453
bids,1,0.6931471805599453
bien,1,0.6931471805599453
biffis,1,0.6931471805599453
big,3,0.0
bigger,3,0.0
biggest,1,0.6931471805599453
bigotry,1,0.6931471805599453
bijou,1,0.6931471805599453
bile,2,0.28768207245178085
bilious,1,0.6931471805599453
bill,3,0.0
billet,1,0.6931471805599453
billiard,3,0.0
billiards,2,0.28768207245178085
billposters,1,0.6931471805599453
bills,2,0.28768207245178085
billycock,1,0.6931471805599453
bind,1,0.6931471805599453
binding,2,0.28768207245178085
bingley,1,0.6931471805599453
bingleys,1,0.6931471805599453
biographies,1,0.6931471805599453
biography,2,0.28768207245178085
biologically,1,0.6931471805599453
birchmoor,1,0.6931471805599453
bird,3,0.0
birds,4,-0.2231435513142097
birmingham,1,0.6931471805599453
birth,2,0.28768207245178085
birthday,2,0.28768207245178085
bisulphate,1,0.6931471805599453
bit,4,-0.2231435513142097
bitch,1,0.6931471805599453
bitches,1,0.6931471805599453
bite,3,0.0
biting,3,0.0
bits,2,0.28768207245178085
bitten,3,0.0
bitter,4,-0.2231435513142097
bitterest,1,0.6931471805599453
bitterly,4,-0.2231435513142097
bitterness,4,-0.2231435513142097
bizarre,1,0.6931471805599453
blab,1,0.6931471805599453
blabby,1,0.6931471805599453
black,4,-0.2231435513142097
blacked,1,0.6931471805599453
blacken,1,0.6931471805599453
blackened,1,0.6931471805599453
blackest,1,0.6931471805599453
blackguard,2,0.28768207245178085
blackmailing,1,0.6931471805599453
blacksmith,1,0.6931471805599453
blade,2,0.28768207245178085
blades,1,0.6931471805599453
blame,4,-0.2231435513142097
blamed,3,0.0
blameless,1,0.6931471805599453
blamelessness,1,0.6931471805599453
blames,1,0.6931471805599453
blaming,2,0.28768207245178085
blanc,1,0.6931471805599453
blanche,1,0.6931471805599453
blanched,1,0.6931471805599453
bland,1,0.6931471805599453
blandly,1,0.6931471805599453
blank,1,0.6931471805599453
blanket,2,0.28768207245178085
blankets,1,0.6931471805599453
blankly,2,0.28768207245178085
blankness,1,0.6931471805599453
blaspheme,1,0.6931471805599453
blasphemer,1,0.6931471805599453
blaspheming,1,0.6931471805599453
blast,2,0.28768207245178085
blasted,3,0.0
blaze,1,0.6931471805599453
blazing,1,0.6931471805599453
bleak,1,0.6931471805599453
bled,1,0.6931471805599453
bleed,1,0.6931471805599453
bleeding,3,0.0
blemish,1,0.6931471805599453
blend,1,0.6931471805599453
blenheim,1,0.6931471805599453
bless,4,-0.2231435513142097
blessed,2,0.28768207245178085
blessing,2,0.28768207245178085
blessings,1,0.6931471805599453
blew,3,0.0
blind,4,-0.2231435513142097
blinded,2,0.28768207245178085
blinds,3,0.0
blinked,1,0.6931471805599453
blinking,1,0.6931471805599453
bliss,1,0.6931471805599453
blister,1,0.6931471805599453
blistered,1,0.6931471805599453
bloated,1,0.6931471805599453
bloc,1,0.6931471805599453
block,3,0.0
blockaded,1,0.6931471805599453
blocked,2,0.28768207245178085
blockhead,1,0.6931471805599453
blockheads,1,0.6931471805599453
blocking,1,0.6931471805599453
blocks,1,0.6931471805599453
blonde,2,0.28768207245178085
blood,3,0.0
blooded,1,0.6931471805599453
bloodless,1,0.6931471805599453
bloodshed,1,0.6931471805599453
bloodshot,1,0.6931471805599453
bloodstains,1,0.6931471805599453
bloody,2,0.28768207245178085
bloomsbury,1,0.6931471805599453
blossoming,1,0.6931471805599453
blot,1,0.6931471805599453
blotched,1,0.6931471805599453
blotches,1,0.6931471805599453
blotchy,1,0.6931471805599453
blots,1,0.6931471805599453
blotted,1,0.6931471805599453
blotting,1,0.6931471805599453
blow,4,-0.2231435513142097
blowing,3,0.0
blown,3,0.0
blows,2,0.28768207245178085
blowzy,1,0.6931471805599453
blue,4,-0.2231435513142097
blued,1,0.6931471805599453
bluff,1,0.6931471805599453
blunder,1,0.6931471805599453
blundering,2,0.28768207245178085
blunders,2,0.28768207245178085
blunt,3,0.0
bluntly,1,0.6931471805599453
blur,2,0.28768207245178085
blurs,2,0.28768207245178085
blurt,1,0.6931471805599453
blurted,1,0.6931471805599453
blurting,1,0.6931471805599453
blurts,1,0.6931471805599453
blush,3,0.0
blushed,3,0.0
blushing,2,0.28768207245178085
bluster,1,0.6931471805599453
boa,1,0.6931471805599453
board,3,0.0
boarding,2,0.28768207245178085
boards,2,0.28768207245178085
boast,2,0.28768207245178085
boasted,1,0.6931471805599453
boastful,1,0.6931471805599453
boasting,2,0.28768207245178085
boat,3,0.0
boats,2,0.28768207245178085
bob,1,0.6931471805599453
bobsled,1,0.6931471805599453
bock,1,0.6931471805599453
bodes,1,0.6931471805599453
bodice,1,0.6931471805599453
bodies,4,-0.2231435513142097
bodily,1,0.6931471805599453
body,3,0.0
bodys,1,0.6931471805599453
bohemia,1,0.6931471805599453
bohemian,1,0.6931471805599453
boiled,2,0.28768207245178085
boiling,2,0.28768207245178085
boils,2,0.28768207245178085
boisterous,1,0.6931471805599453
boisterously,1,0.6931471805599453
bold,3,0.0
bolder,1,0.6931471805599453
boldly,2,0.28768207245178085
boldness,1,0.6931471805599453
bolster,1,0.6931471805599453
bolt,1,0.6931471805599453
bolted,2,0.28768207245178085
bolting,1,0.6931471805599453
bombard,1,0.6931471805599453
bombarding,1,0.6931471805599453
bombardment,1,0.6931471805599453
bombed,1,0.6931471805599453
bombing,1,0.6931471805599453
bombs,1,0.6931471805599453
bond,2,0.28768207245178085
bondage,1,0.6931471805599453
bonds,2,0.28768207245178085
bone,2,0.28768207245178085
bonello,1,0.6931471805599453
bonellos,1,0.6931471805599453
bones,2,0.28768207245178085
bonjour,1,0.6931471805599453
bonne,1,0.6931471805599453
bonnet,2,0.28768207245178085
bonniest,1,0.6931471805599453
bonny,1,0.6931471805599453
bony,1,0.6931471805599453
book,4,-0.2231435513142097
bookcase,1,0.6931471805599453
bookish,1,0.6931471805599453
books,4,-0.2231435513142097
bookseller,1,0.6931471805599453
booksellers,1,0.6931471805599453
boom,2,0.28768207245178085
boomed,1,0.6931471805599453
boone,1,0.6931471805599453
boot,2,0.28768207245178085
booted,1,0.6931471805599453
booth,2,0.28768207245178085
booths,2,0.28768207245178085
boots,3,0.0
booty,1,0.6931471805599453
boozed,1,0.6931471805599453
boozer,1,0.6931471805599453
bordeaux,1,0.6931471805599453
border,2,0.28768207245178085
bordered,2,0.28768207245178085
bordering,2,0.28768207245178085
borders,1,0.6931471805599453
bore,4,-0.2231435513142097
bored,3,0.0
bores,1,0.6931471805599453
borghese,1,0.6931471805599453
boring,1,0.6931471805599453
born,4,-0.2231435513142097
borne,3,0.0
borromées,1,0.6931471805599453
borrow,4,-0.2231435513142097
borrowed,3,0.0
borrowing,1,0.6931471805599453
boscombe,1,0.6931471805599453
bosnians,1,0.6931471805599453
bosom,3,0.0
bosoms,1,0.6931471805599453
boston,1,0.6931471805599453
boswell,1,0.6931471805599453
botany,1,0.6931471805599453
both,4,-0.2231435513142097
bother,2,0.28768207245178085
bothered,2,0.28768207245178085
bothering,1,0.6931471805599453
bothers,1,0.6931471805599453
bottle,4,-0.2231435513142097
bottles,3,0.0
bottom,4,-0.2231435513142097
bought,4,-0.2231435513142097
boulanger,1,0.6931471805599453
boulders,1,0.6931471805599453
boulevard,1,0.6931471805599453
bounce,1,0.6931471805599453
bound,4,-0.2231435513142097
boundary,2,0.28768207245178085
bounded,3,0.0
boundless,1,0.6931471805599453
bounds,3,0.0
bounty,2,0.28768207245178085
bouquet,1,0.6931471805599453
bourgeois,1,0.6931471805599453
bourgh,1,0.6931471805599453
bourghs,1,0.6931471805599453
bout,1,0.6931471805599453
bow,4,-0.2231435513142097
bowed,4,-0.2231435513142097
bower,1,0.6931471805599453
bowing,3,0.0
bowl,2,0.28768207245178085
bowled,1,0.6931471805599453
bowling,1,0.6931471805599453
bowls,2,0.28768207245178085
bows,2,0.28768207245178085
box,4,-0.2231435513142097
boxed,2,0.28768207245178085
boxer,1,0.6931471805599453
boxes,4,-0.2231435513142097
boxing,1,0.6931471805599453
boy,4,-0.2231435513142097
boyish,2,0.28768207245178085
boys,4,-0.2231435513142097
brace,2,0.28768207245178085
braced,3,0.0
bracelets,3,0.0
bradshaw,1,0.6931471805599453
bradstreet,1,0.6931471805599453
brag,2,0.28768207245178085
braggart,1,0.6931471805599453
bragging,2,0.28768207245178085
brain,3,0.0
brainless,1,0.6931471805599453
brains,4,-0.2231435513142097
brake,1,0.6931471805599453
brakes,1,0.6931471805599453
bramble,1,0.6931471805599453
branch,4,-0.2231435513142097
branched,1,0.6931471805599453
branches,2,0.28768207245178085
branded,2,0.28768207245178085
brandished,1,0.6931471805599453
brandishing,1,0.6931471805599453
brandy,2,0.28768207245178085
brass,2,0.28768207245178085
brassy,1,0.6931471805599453
brat,1,0.6931471805599453
bravado,1,0.6931471805599453
brave,3,0.0
braved,1,0.6931471805599453
bravely,1,0.6931471805599453
braving,1,0.6931471805599453
bravo,1,0.6931471805599453
brawls,1,0.6931471805599453
brazen,1,0.6931471805599453
brazier,1,0.6931471805599453
breach,3,0.0
breaches,2,0.28768207245178085
bread,3,0.0
breadth,2,0.28768207245178085
break,4,-0.2231435513142097
breakfast,4,-0.2231435513142097
breakfasted,2,0.28768207245178085
breakfasts,1,0.6931471805599453
breaking,4,-0.2231435513142097
breaks,3,0.0
breast,4,-0.2231435513142097
breasted,1,0.6931471805599453
breastpin,1,0.6931471805599453
breath,4,-0.2231435513142097
breathe,3,0.0
breathed,4,-0.2231435513142097
breathing,4,-0.2231435513142097
breathless,2,0.28768207245178085
breathlessly,2,0.28768207245178085
breathlessness,1,0.6931471805599453
breaths,1,0.6931471805599453
breckinridge,1,0.6931471805599453
bred,3,0.0
breeches,2,0.28768207245178085
breeding,2,0.28768207245178085
breeze,1,0.6931471805599453
brescia,1,0.6931471805599453
brevity,1,0.6931471805599453
brew,1,0.6931471805599453
brewer,1,0.6931471805599453
briar,1,0.6931471805599453
bribe,1,0.6931471805599453
bribery,1,0.6931471805599453
bribes,1,0.6931471805599453
brick,3,0.0
brickish,1,0.6931471805599453
bricks,2,0.28768207245178085
brickyard,1,0.6931471805599453
bridal,1,0.6931471805599453
bride,3,0.0
bridegroom,2,0.28768207245178085
brides,1,0.6931471805599453
bridge,4,-0.2231435513142097
bridgehead,1,0.6931471805599453
bridges,1,0.6931471805599453
bridle,1,0.6931471805599453
brief,2,0.28768207245178085
briefly,3,0.0
brigade,1,0.6931471805599453
brigand,1,0.6931471805599453
brigands,1,0.6931471805599453
brigata,1,0.6931471805599453
bright,4,-0.2231435513142097
brightened,3,0.0
brightening,1,0.6931471805599453
brighter,2,0.28768207245178085
brightest,3,0.0
brightly,3,0.0
brightness,2,0.28768207245178085
brighton,1,0.6931471805599453
brilliance,1,0.6931471805599453
brilliancy,1,0.6931471805599453
brilliant,2,0.28768207245178085
brilliantly,1,0.6931471805599453
brim,1,0.6931471805599453
brimless,1,0.6931471805599453
brimmed,1,0.6931471805599453
brims,1,0.6931471805599453
brindisi,1,0.6931471805599453
bring,4,-0.2231435513142097
bringing,4,-0.2231435513142097
brings,4,-0.2231435513142097
brink,1,0.6931471805599453
brioche,1,0.6931471805599453
briony,1,0.6931471805599453
brisk,1,0.6931471805599453
briskly,1,0.6931471805599453
brissago,1,0.6931471805599453
bristol,1,0.6931471805599453
britain,2,0.28768207245178085
britannica,1,0.6931471805599453
british,3,0.0
britisher,1,0.6931471805599453
britling,1,0.6931471805599453
brittle,1,0.6931471805599453
brittleness,1,0.6931471805599453
brixton,1,0.6931471805599453
broad,4,-0.2231435513142097
broadened,2,0.28768207245178085
broader,2,0.28768207245178085
broadest,1,0.6931471805599453
broadly,1,0.6931471805599453
brocade,1,0.6931471805599453
broke,4,-0.2231435513142097
broken,4,-0.2231435513142097
brokenly,1,0.6931471805599453
bromley,1,0.6931471805599453
bronze,2,0.28768207245178085
bronzes,1,0.6931471805599453
brooch,2,0.28768207245178085
brood,1,0.6931471805599453
brooded,1,0.6931471805599453
brooding,1,0.6931471805599453
brooking,1,0.6931471805599453
broom,2,0.28768207245178085
brother,4,-0.2231435513142097
brotherly,1,0.6931471805599453
brothers,4,-0.2231435513142097
brougham,1,0.6931471805599453
brought,4,-0.2231435513142097
brow,3,0.0
brown,4,-0.2231435513142097
brownish,1,0.6931471805599453
brows,2,0.28768207245178085
bruise,2,0.28768207245178085
bruised,1,0.6931471805599453
bruises,2,0.28768207245178085
brundi,1,0.6931471805599453
brush,3,0.0
brushed,3,0.0
brushes,2,0.28768207245178085
brushing,2,0.28768207245178085
brutal,2,0.28768207245178085
brutality,1,0.6931471805599453
brutally,1,0.6931471805599453
brute,2,0.28768207245178085
brutes,1,0.6931471805599453
brutish,1,0.6931471805599453
bs,1,0.6931471805599453
bubbles,1,0.6931471805599453
buchs,1,0.6931471805599453
bucket,2,0.28768207245178085
buckled,1,0.6931471805599453
buckles,1,0.6931471805599453
bud,1,0.6931471805599453
budge,1,0.6931471805599453
buffalo,1,0.6931471805599453
buffoon,1,0.6931471805599453
build,4,-0.2231435513142097
builder,1,0.6931471805599453
builders,1,0.6931471805599453
building,4,-0.2231435513142097
buildings,3,0.0
builds,1,0.6931471805599453
built,4,-0.2231435513142097
bulbs,1,0.6931471805599453
bulgaria,1,0.6931471805599453
bulge,1,0.6931471805599453
bulged,2,0.28768207245178085
bulges,1,0.6931471805599453
bulky,1,0.6931471805599453
bull,1,0.6931471805599453
bulldog,2,0.28768207245178085
bullet,3,0.0
bulletin,1,0.6931471805599453
bullion,1,0.6931471805599453
bullock,1,0.6931471805599453
bump,1,0.6931471805599453
bumping,1,0.6931471805599453
bun,1,0.6931471805599453
bunch,3,0.0
bundle,2,0.28768207245178085
bundles,2,0.28768207245178085
burden,2,0.28768207245178085
burdensome,1,0.6931471805599453
bureau,2,0.28768207245178085
burglar,1,0.6931471805599453
burglars,1,0.6931471805599453
burgled,1,0.6931471805599453
burgomeister,1,0.6931471805599453
burial,1,0.6931471805599453
buried,3,0.0
burly,1,0.6931471805599453
burn,2,0.28768207245178085
burned,1,0.6931471805599453
burning,4,-0.2231435513142097
burnished,1,0.6931471805599453
burnous,1,0.6931471805599453
burns,1,0.6931471805599453
burnt,3,0.0
burnwell,1,0.6931471805599453
burrowing,1,0.6931471805599453
burst,4,-0.2231435513142097
bursting,1,0.6931471805599453
bury,2,0.28768207245178085
burying,2,0.28768207245178085
bush,3,0.0
bushes,3,0.0
bushy,1,0.6931471805599453
busier,1,0.6931471805599453
busily,2,0.28768207245178085
business,4,-0.2231435513142097
businesslike,2,0.28768207245178085
busted,1,0.6931471805599453
bustle,2,0.28768207245178085
bustled,1,0.6931471805599453
bustling,1,0.6931471805599453
busts,1,0.6931471805599453
busy,4,-0.2231435513142097
busybody,2,0.28768207245178085
but,4,-0.2231435513142097
butcher,1,0.6931471805599453
butchered,1,0.6931471805599453
butchers,4,-0.2231435513142097
butler,2,0.28768207245178085
buts,1,0.6931471805599453
butt,1,0.6931471805599453
butted,1,0.6931471805599453
butter,2,0.28768207245178085
butterfly,1,0.6931471805599453
button,1,0.6931471805599453
buttoned,3,0.0
buttonhole,1,0.6931471805599453
buttoning,1,0.6931471805599453
buttons,3,0.0
buttresses,1,0.6931471805599453
buxom,1,0.6931471805599453
buy,4,-0.2231435513142097
buying,3,0.0
buys,1,0.6931471805599453
buzz,3,0.0
buzzed,1,0.6931471805599453
buzzing,1,0.6931471805599453
bwoken,1,0.6931471805599453
by,4,-0.2231435513142097
bye,3,0.0
béziers,1,0.6931471805599453
c,1,0.6931471805599453
cab,3,0.0
cabbage,2,0.28768207245178085
cabby,1,0.6931471805599453
cabin,1,0.6931471805599453
cabinet,3,0.0
cabins,1,0.6931471805599453
cable,2,0.28768207245178085
cabman,2,0.28768207245178085
cabs,2,0.28768207245178085
cackled,1,0.6931471805599453
cad,1,0.6931471805599453
cadaverous,1,0.6931471805599453
cadore,1,0.6931471805599453
cadorna,1,0.6931471805599453
café,2,0.28768207245178085
cafés,1,0.6931471805599453
cage,2,0.28768207245178085
caged,1,0.6931471805599453
caisson,1,0.6931471805599453
cake,2,0.28768207245178085
cakes,1,0.6931471805599453
cal,1,0.6931471805599453
calamities,1,0.6931471805599453
calamity,2,0.28768207245178085
calculate,1,0.6931471805599453
calculated,2,0.28768207245178085
calculating,1,0.6931471805599453
calculation,2,0.28768207245178085
calculations,1,0.6931471805599453
calculus,1,0.6931471805599453
calcutta,1,0.6931471805599453
calf,2,0.28768207245178085
calhoun,1,0.6931471805599453
caliber,1,0.6931471805599453
calico,1,0.6931471805599453
california,1,0.6931471805599453
californian,1,0.6931471805599453
call,4,-0.2231435513142097
called,4,-0.2231435513142097
calling,4,-0.2231435513142097
callous,1,0.6931471805599453
calls,4,-0.2231435513142097
calm,3,0.0
calmer,1,0.6931471805599453
calmly,3,0.0
calmness,1,0.6931471805599453
caltrops,1,0.6931471805599453
calumny,1,0.6931471805599453
calves,1,0.6931471805599453
camberwell,1,0.6931471805599453
cambric,2,0.28768207245178085
cambridge,1,0.6931471805599453
came,4,-0.2231435513142097
camels,1,0.6931471805599453
camera,1,0.6931471805599453
camion,1,0.6931471805599453
camions,1,0.6931471805599453
camp,3,0.0
campaign,1,0.6931471805599453
campaigner,1,0.6931471805599453
campanile,1,0.6931471805599453
campany,1,0.6931471805599453
camparis,1,0.6931471805599453
campen,1,0.6931471805599453
campens,1,0.6931471805599453
campful,1,0.6931471805599453
campoformio,1,0.6931471805599453
camps,1,0.6931471805599453
can,4,-0.2231435513142097
canada,1,0.6931471805599453
canadian,1,0.6931471805599453
canal,2,0.28768207245178085
canals,1,0.6931471805599453
canary,1,0.6931471805599453
cancan,1,0.6931471805599453
candelabraed,1,0.6931471805599453
candid,3,0.0
candidate,1,0.6931471805599453
candidly,1,0.6931471805599453
candle,3,0.0
candles,2,0.28768207245178085
candlestick,1,0.6931471805599453
candour,2,0.28768207245178085
cane,3,0.0
cannero,1,0.6931471805599453
cannobio,1,0.6931471805599453
cannon,2,0.28768207245178085
cannot,4,-0.2231435513142097
cans,1,0.6931471805599453
cant,4,-0.2231435513142097
canteen,1,0.6931471805599453
canteens,1,0.6931471805599453
canvas,4,-0.2231435513142097
canvassed,1,0.6931471805599453
canyon,1,0.6931471805599453
cap,3,0.0
capable,4,-0.2231435513142097
capacities,1,0.6931471805599453
capacity,3,0.0
cape,2,0.28768207245178085
capers,1,0.6931471805599453
capes,1,0.6931471805599453
capital,3,0.0
capitally,1,0.6931471805599453
capitano,1,0.6931471805599453
capitol,1,0.6931471805599453
caporetto,1,0.6931471805599453
capped,1,0.6931471805599453
capracotta,1,0.6931471805599453
capri,1,0.6931471805599453
caprice,1,0.6931471805599453
capricious,1,0.6931471805599453
capriciously,1,0.6931471805599453
caps,3,0.0
capsule,2,0.28768207245178085
captain,4,-0.2231435513142097
captains,1,0.6931471805599453
captivate,1,0.6931471805599453
captivated,1,0.6931471805599453
captivating,1,0.6931471805599453
captivation,1,0.6931471805599453
capture,2,0.28768207245178085
captured,3,0.0
car,1,0.6931471805599453
carabiniere,1,0.6931471805599453
carabinieri,1,0.6931471805599453
caraffe,1,0.6931471805599453
caravan,1,0.6931471805599453
carbines,1,0.6931471805599453
carbolised,1,0.6931471805599453
carbuncle,1,0.6931471805599453
card,4,-0.2231435513142097
cardboard,2,0.28768207245178085
cards,4,-0.2231435513142097
care,4,-0.2231435513142097
cared,3,0.0
career,2,0.28768207245178085
careful,4,-0.2231435513142097
carefully,4,-0.2231435513142097
carefulness,1,0.6931471805599453
careless,3,0.0
carelessly,2,0.28768207245178085
carelessness,2,0.28768207245178085
cares,3,0.0
caress,1,0.6931471805599453
caressing,2,0.28768207245178085
caressingly,1,0.6931471805599453
careworn,1,0.6931471805599453
cargo,1,0.6931471805599453
caricature,1,0.6931471805599453
caring,3,0.0
carlo,1,0.6931471805599453
carlsbad,1,0.6931471805599453
carnage,1,0.6931471805599453
carolinas,1,0.6931471805599453
caroline,1,0.6931471805599453
carolines,1,0.6931471805599453
carpathians,1,0.6931471805599453
carpenter,1,0.6931471805599453
carpenters,1,0.6931471805599453
carpet,3,0.0
carpeted,2,0.28768207245178085
carpets,3,0.0
carriage,4,-0.2231435513142097
carriages,3,0.0
carried,4,-0.2231435513142097
carries,2,0.28768207245178085
carrot,1,0.6931471805599453
carry,4,-0.2231435513142097
carrying,4,-0.2231435513142097
carrée,1,0.6931471805599453
cars,1,0.6931471805599453
carso,1,0.6931471805599453
cart,3,0.0
carte,1,0.6931471805599453
carter,1,0.6931471805599453
cartload,1,0.6931471805599453
cartridge,1,0.6931471805599453
cartridges,1,0.6931471805599453
carts,3,0.0
caruso,1,0.6931471805599453
carved,3,0.0
casa,1,0.6931471805599453
cascade,1,0.6931471805599453
case,4,-0.2231435513142097
caseful,1,0.6931471805599453
cases,4,-0.2231435513142097
cash,1,0.6931471805599453
cashbox,1,0.6931471805599453
cashes,1,0.6931471805599453
cashier,1,0.6931471805599453
cashing,1,0.6931471805599453
cashmere,1,0.6931471805599453
casket,1,0.6931471805599453
casks,1,0.6931471805599453
cassel,1,0.6931471805599453
cassino,1,0.6931471805599453
cast,4,-0.2231435513142097
castagnola,1,0.6931471805599453
castigate,1,0.6931471805599453
casting,1,0.6931471805599453
castle,3,0.0
casual,2,0.28768207245178085
casually,1,0.6931471805599453
casuistry,1,0.6931471805599453
casuists,1,0.6931471805599453
cat,3,0.0
catastrophe,2,0.28768207245178085
catch,4,-0.2231435513142097
catching,3,0.0
categories,1,0.6931471805599453
category,2,0.28768207245178085
cathedral,3,0.0
catherine,3,0.0
catherines,2,0.28768207245178085
catholic,1,0.6931471805599453
catlike,1,0.6931471805599453
cattle,1,0.6931471805599453
caught,4,-0.2231435513142097
cause,4,-0.2231435513142097
caused,3,0.0
causes,4,-0.2231435513142097
causing,2,0.28768207245178085
causé,1,0.6931471805599453
caution,3,0.0
cautioning,1,0.6931471805599453
cautious,2,0.28768207245178085
cautiously,2,0.28768207245178085
cautiousness,1,0.6931471805599453
cavalcanti,1,0.6931471805599453
cavalry,2,0.28768207245178085
cave,2,0.28768207245178085
caved,1,0.6931471805599453
cavour,1,0.6931471805599453
cease,3,0.0
ceased,4,-0.2231435513142097
ceaseless,2,0.28768207245178085
ceases,1,0.6931471805599453
ceasing,1,0.6931471805599453
cedars,1,0.6931471805599453
ceiling,3,0.0
ceilings,1,0.6931471805599453
celebrate,2,0.28768207245178085
celebrated,2,0.28768207245178085
celerity,1,0.6931471805599453
cell,2,0.28768207245178085
cellar,3,0.0
cellars,1,0.6931471805599453
cells,1,0.6931471805599453
cemetery,2,0.28768207245178085
censor,1,0.6931471805599453
censure,2,0.28768207245178085
censured,1,0.6931471805599453
censuring,1,0.6931471805599453
cent,3,0.0
centered,1,0.6931471805599453
central,2,0.28768207245178085
centre,3,0.0
centred,1,0.6931471805599453
centres,2,0.28768207245178085
cents,1,0.6931471805599453
centuries,1,0.6931471805599453
century,2,0.28768207245178085
ceremonies,2,0.28768207245178085
ceremonious,2,0.28768207245178085
ceremoniously,1,0.6931471805599453
ceremony,3,0.0
certain,4,-0.2231435513142097
certainly,4,-0.2231435513142097
certainty,3,0.0
certificate,2,0.28768207245178085
certificates,1,0.6931471805599453
cesare,1,0.6931471805599453
cessation,1,0.6931471805599453
cesspool,1,0.6931471805599453
cesspools,1,0.6931471805599453
cest,2,0.28768207245178085
chaff,1,0.6931471805599453
chaffed,1,0.6931471805599453
chaffering,1,0.6931471805599453
chagrin,2,0.28768207245178085
chagrined,1,0.6931471805599453
chain,3,0.0
chained,1,0.6931471805599453
chains,3,0.0
chair,4,-0.2231435513142097
chairman,1,0.6931471805599453
chairs,3,0.0
chaise,1,0.6931471805599453
chalet,1,0.6931471805599453
chalk,3,0.0
chalky,1,0.6931471805599453
challenge,2,0.28768207245178085
challenged,1,0.6931471805599453
challenging,1,0.6931471805599453
chamber,2,0.28768207245178085
chamberlayne,1,0.6931471805599453
chambermaid,1,0.6931471805599453
chambers,1,0.6931471805599453
chamois,3,0.0
champagne,2,0.28768207245178085
champion,2,0.28768207245178085
chance,4,-0.2231435513142097
chanced,3,0.0
chances,2,0.28768207245178085
chancres,1,0.6931471805599453
chandelier,1,0.6931471805599453
chandlers,1,0.6931471805599453
change,4,-0.2231435513142097
changed,4,-0.2231435513142097
changes,4,-0.2231435513142097
changing,3,0.0
channel,1,0.6931471805599453
channels,1,0.6931471805599453
chantant,1,0.6931471805599453
chanted,1,0.6931471805599453
chaotic,1,0.6931471805599453
chap,2,0.28768207245178085
chapel,1,0.6931471805599453
chaperon,1,0.6931471805599453
chapter,2,0.28768207245178085
character,3,0.0
characterises,1,0.6931471805599453
characteristic,3,0.0
characteristics,2,0.28768207245178085
characterize,1,0.6931471805599453
characters,3,0.0
charcoal,1,0.6931471805599453
charge,4,-0.2231435513142097
charged,3,0.0
charges,1,0.6931471805599453
charing,1,0.6931471805599453
chariot,1,0.6931471805599453
charitable,1,0.6931471805599453
charity,3,0.0
charlatanism,1,0.6931471805599453
charles,2,0.28768207245178085
charlotte,1,0.6931471805599453
charlottes,1,0.6931471805599453
charm,3,0.0
charmed,1,0.6931471805599453
charmer,1,0.6931471805599453
charming,4,-0.2231435513142097
charmingly,1,0.6931471805599453
charms,1,0.6931471805599453
charred,1,0.6931471805599453
chart,1,0.6931471805599453
charwoman,1,0.6931471805599453
chase,2,0.28768207245178085
chased,2,0.28768207245178085
chaser,1,0.6931471805599453
chasing,2,0.28768207245178085
chaste,1,0.6931471805599453
chastise,1,0.6931471805599453
chastity,1,0.6931471805599453
chat,2,0.28768207245178085
chatsworth,1,0.6931471805599453
chatted,1,0.6931471805599453
chatter,1,0.6931471805599453
chatterbox,1,0.6931471805599453
chattered,1,0.6931471805599453
chattering,1,0.6931471805599453
chatting,2,0.28768207245178085
chatty,1,0.6931471805599453
cheap,4,-0.2231435513142097
cheapest,1,0.6931471805599453
cheapside,1,0.6931471805599453
cheat,2,0.28768207245178085
cheating,2,0.28768207245178085
check,3,0.0
checked,3,0.0
checking,2,0.28768207245178085
checkmate,1,0.6931471805599453
cheek,2,0.28768207245178085
cheeked,1,0.6931471805599453
cheeks,4,-0.2231435513142097
cheeky,1,0.6931471805599453
cheer,3,0.0
cheered,1,0.6931471805599453
cheerful,4,-0.2231435513142097
cheerfully,2,0.28768207245178085
cheerfulness,1,0.6931471805599453
cheerily,2,0.28768207245178085
cheeriness,1,0.6931471805599453
cheering,1,0.6931471805599453
cheerless,1,0.6931471805599453
cheery,2,0.28768207245178085
cheese,1,0.6931471805599453
cheeses,1,0.6931471805599453
cheetah,1,0.6931471805599453
chemical,2,0.28768207245178085
chemise,1,0.6931471805599453
chemistry,1,0.6931471805599453
chemists,1,0.6931471805599453
cheque,1,0.6931471805599453
cher,1,0.6931471805599453
cherish,2,0.28768207245178085
cherished,2,0.28768207245178085
cherishing,1,0.6931471805599453
chernex,1,0.6931471805599453
cherry,1,0.6931471805599453
chess,1,0.6931471805599453
chest,3,0.0
chesterfield,1,0.6931471805599453
chestnut,2,0.28768207245178085
chestnuts,2,0.28768207245178085
chew,1,0.6931471805599453
chewed,2,0.28768207245178085
chewing,1,0.6931471805599453
chianti,1,0.6931471805599453
chicago,1,0.6931471805599453
chicken,2,0.28768207245178085
chickens,1,0.6931471805599453
chief,3,0.0
chiefly,2,0.28768207245178085
chiens,1,0.6931471805599453
chiffon,1,0.6931471805599453
chilblains,1,0.6931471805599453
child,4,-0.2231435513142097
childbirth,1,0.6931471805599453
childhood,2,0.28768207245178085
childish,2,0.28768207245178085
childishly,1,0.6931471805599453
childishness,1,0.6931471805599453
children,4,-0.2231435513142097
childrens,2,0.28768207245178085
childs,2,0.28768207245178085
chill,2,0.28768207245178085
chilled,1,0.6931471805599453
chimney,3,0.0
chimneys,2,0.28768207245178085
chin,4,-0.2231435513142097
china,3,0.0
chinchilla,1,0.6931471805599453
chinese,1,0.6931471805599453
chink,1,0.6931471805599453
chinks,1,0.6931471805599453
chins,2,0.28768207245178085
chintz,1,0.6931471805599453
chips,1,0.6931471805599453
chirruping,1,0.6931471805599453
chisel,1,0.6931471805599453
chiselled,1,0.6931471805599453
chivalrous,1,0.6931471805599453
chocolate,1,0.6931471805599453
choice,3,0.0
choke,1,0.6931471805599453
choked,3,0.0
chokes,1,0.6931471805599453
choking,2,0.28768207245178085
cholera,1,0.6931471805599453
choose,3,0.0
chooses,1,0.6931471805599453
choosing,3,0.0
chop,1,0.6931471805599453
chopped,2,0.28768207245178085
chopping,1,0.6931471805599453
chord,1,0.6931471805599453
chorus,1,0.6931471805599453
chose,3,0.0
chosen,3,0.0
choucroute,1,0.6931471805599453
christ,2,0.28768207245178085
christened,1,0.6931471805599453
christening,2,0.28768207245178085
christian,3,0.0
christians,1,0.6931471805599453
christmas,4,-0.2231435513142097
christs,3,0.0
chronic,1,0.6931471805599453
chronicle,2,0.28768207245178085
chronicler,1,0.6931471805599453
chubb,1,0.6931471805599453
chucked,1,0.6931471805599453
chuckled,2,0.28768207245178085
chuckling,2,0.28768207245178085
chugged,1,0.6931471805599453
chugging,1,0.6931471805599453
chuh,1,0.6931471805599453
chunk,1,0.6931471805599453
chunks,2,0.28768207245178085
church,4,-0.2231435513142097
churls,1,0.6931471805599453
chute,1,0.6931471805599453
château,1,0.6931471805599453
ciaou,1,0.6931471805599453
cigar,2,0.28768207245178085
cigarette,3,0.0
cigarettes,3,0.0
cigars,2,0.28768207245178085
cinder,1,0.6931471805599453
cinq,1,0.6931471805599453
cinzano,1,0.6931471805599453
circle,3,0.0
circled,1,0.6931471805599453
circles,4,-0.2231435513142097
circling,1,0.6931471805599453
circuit,1,0.6931471805599453
circulated,1,0.6931471805599453
circulating,2,0.28768207245178085
circulation,4,-0.2231435513142097
circumspect,2,0.28768207245178085
circumspection,1,0.6931471805599453
circumstance,2,0.28768207245178085
circumstances,3,0.0
circumstantial,2,0.28768207245178085
circumstantially,1,0.6931471805599453
circus,1,0.6931471805599453
citation,1,0.6931471805599453
cities,1,0.6931471805599453
citizen,1,0.6931471805599453
citizens,2,0.28768207245178085
city,4,-0.2231435513142097
cividale,1,0.6931471805599453
civil,4,-0.2231435513142097
civilian,2,0.28768207245178085
civilisation,1,0.6931471805599453
civilised,2,0.28768207245178085
civilities,1,0.6931471805599453
civility,1,0.6931471805599453
civilization,1,0.6931471805599453
civilized,1,0.6931471805599453
civilly,2,0.28768207245178085
clad,1,0.6931471805599453
claim,3,0.0
claimed,1,0.6931471805599453
claiming,1,0.6931471805599453
claims,1,0.6931471805599453
clair,1,0.6931471805599453
clairs,1,0.6931471805599453
clambered,2,0.28768207245178085
clammy,1,0.6931471805599453
clamorous,1,0.6931471805599453
clamour,1,0.6931471805599453
clamouring,1,0.6931471805599453
clamped,1,0.6931471805599453
clang,1,0.6931471805599453
clanging,1,0.6931471805599453
clank,1,0.6931471805599453
clanking,2,0.28768207245178085
clanks,1,0.6931471805599453
clap,2,0.28768207245178085
clapham,1,0.6931471805599453
clapped,1,0.6931471805599453
clapping,1,0.6931471805599453
clara,1,0.6931471805599453
claret,1,0.6931471805599453
clarionet,1,0.6931471805599453
clark,1,0.6931471805599453
clarkes,1,0.6931471805599453
clashed,1,0.6931471805599453
clasp,1,0.6931471805599453
clasped,3,0.0
clasping,2,0.28768207245178085
claspings,1,0.6931471805599453
claspknife,1,0.6931471805599453
class,4,-0.2231435513142097
classes,2,0.28768207245178085
classical,1,0.6931471805599453
clatter,1,0.6931471805599453
clattered,1,0.6931471805599453
claws,1,0.6931471805599453
clay,2,0.28768207245178085
clays,1,0.6931471805599453
clean,3,0.0
cleaned,3,0.0
cleaner,1,0.6931471805599453
cleaning,1,0.6931471805599453
cleanliness,1,0.6931471805599453
cleanly,2,0.28768207245178085
cleanse,1,0.6931471805599453
clear,4,-0.2231435513142097
cleared,4,-0.2231435513142097
clearer,3,0.0
clearest,1,0.6931471805599453
clearing,4,-0.2231435513142097
clearly,4,-0.2231435513142097
clearness,1,0.6931471805599453
clears,1,0.6931471805599453
cleaver,1,0.6931471805599453
cleft,1,0.6931471805599453
clements,1,0.6931471805599453
clenched,2,0.28768207245178085
clenching,1,0.6931471805599453
cleopatra,1,0.6931471805599453
clergy,1,0.6931471805599453
clergyman,2,0.28768207245178085
clerical,1,0.6931471805599453
clerk,3,0.0
clerks,2,0.28768207245178085
clever,3,0.0
cleverer,1,0.6931471805599453
cleverest,1,0.6931471805599453
cleverly,1,0.6931471805599453
cleverness,1,0.6931471805599453
click,2,0.28768207245178085
clicked,1,0.6931471805599453
clicking,2,0.28768207245178085
clickingly,1,0.6931471805599453
client,1,0.6931471805599453
clients,1,0.6931471805599453
climate,3,0.0
climb,1,0.6931471805599453
climbed,2,0.28768207245178085
climbers,1,0.6931471805599453
climbing,2,0.28768207245178085
clinched,1,0.6931471805599453
cling,1,0.6931471805599453
clinging,1,0.6931471805599453
clinic,1,0.6931471805599453
clink,1,0.6931471805599453
clinked,1,0.6931471805599453
clip,1,0.6931471805599453
clipped,1,0.6931471805599453
clippings,1,0.6931471805599453
clips,1,0.6931471805599453
cloak,2,0.28768207245178085
clock,4,-0.2231435513142097
cloistered,1,0.6931471805599453
close,4,-0.2231435513142097
closed,4,-0.2231435513142097
closely,4,-0.2231435513142097
closeness,1,0.6931471805599453
closer,3,0.0
closest,1,0.6931471805599453
closet,1,0.6931471805599453
closets,1,0.6931471805599453
closing,2,0.28768207245178085
closure,1,0.6931471805599453
cloth,3,0.0
clothes,4,-0.2231435513142097
clothing,1,0.6931471805599453
clotilde,1,0.6931471805599453
clotted,1,0.6931471805599453
cloud,3,0.0
clouded,4,-0.2231435513142097
clouding,1,0.6931471805599453
cloudless,1,0.6931471805599453
clouds,3,0.0
cloudy,1,0.6931471805599453
clout,1,0.6931471805599453
clove,1,0.6931471805599453
clown,1,0.6931471805599453
club,3,0.0
clubs,1,0.6931471805599453
clue,3,0.0
clues,1,0.6931471805599453
clump,2,0.28768207245178085
clumps,1,0.6931471805599453
clumsily,1,0.6931471805599453
clumsiness,1,0.6931471805599453
clumsy,2,0.28768207245178085
cluster,2,0.28768207245178085
clutch,2,0.28768207245178085
clutched,3,0.0
clutches,1,0.6931471805599453
clutching,2,0.28768207245178085
co,1,0.6931471805599453
coach,2,0.28768207245178085
coachman,4,-0.2231435513142097
coachmans,1,0.6931471805599453
coagulate,1,0.6931471805599453
coagulates,1,0.6931471805599453
coal,1,0.6931471805599453
coarse,3,0.0
coarsely,2,0.28768207245178085
coarsened,1,0.6931471805599453
coarseness,1,0.6931471805599453
coarser,1,0.6931471805599453
coarsest,1,0.6931471805599453
coast,1,0.6931471805599453
coat,4,-0.2231435513142097
coated,1,0.6931471805599453
coats,4,-0.2231435513142097
coaxed,2,0.28768207245178085
coaxing,1,0.6931471805599453
cobb,1,0.6931471805599453
cobblers,2,0.28768207245178085
cobbles,1,0.6931471805599453
coburg,1,0.6931471805599453
cobwebby,1,0.6931471805599453
cocaine,1,0.6931471805599453
cock,3,0.0
cockaded,1,0.6931471805599453
cocked,3,0.0
cockeyed,1,0.6931471805599453
cocking,1,0.6931471805599453
cockroaches,1,0.6931471805599453
cocksure,1,0.6931471805599453
cocktail,2,0.28768207245178085
cocktails,1,0.6931471805599453
code,1,0.6931471805599453
coffee,4,-0.2231435513142097
coffin,1,0.6931471805599453
cogent,1,0.6931471805599453
cognac,1,0.6931471805599453
cogwheel,1,0.6931471805599453
coherence,1,0.6931471805599453
coherent,2,0.28768207245178085
coiffeurs,1,0.6931471805599453
coil,2,0.28768207245178085
coiling,1,0.6931471805599453
coin,2,0.28768207245178085
coincide,1,0.6931471805599453
coincided,1,0.6931471805599453
coincidence,3,0.0
coincidences,2,0.28768207245178085
coincident,1,0.6931471805599453
coincides,1,0.6931471805599453
coiners,2,0.28768207245178085
coins,2,0.28768207245178085
cold,4,-0.2231435513142097
colder,2,0.28768207245178085
coldly,4,-0.2231435513142097
coldness,2,0.28768207245178085
colds,1,0.6931471805599453
collapse,1,0.6931471805599453
collapsed,1,0.6931471805599453
collapses,1,0.6931471805599453
collar,3,0.0
collars,2,0.28768207245178085
colleague,2,0.28768207245178085
collect,2,0.28768207245178085
collected,4,-0.2231435513142097
collecting,2,0.28768207245178085
collection,2,0.28768207245178085
collector,1,0.6931471805599453
college,2,0.28768207245178085
collins,1,0.6931471805599453
collinses,1,0.6931471805599453
collinss,1,0.6931471805599453
colonel,4,-0.2231435513142097
colonello,1,0.6931471805599453
colonels,3,0.0
colonies,1,0.6931471805599453
colony,1,0.6931471805599453
color,1,0.6931471805599453
colored,1,0.6931471805599453
colour,3,0.0
coloured,3,0.0
colouring,1,0.6931471805599453
colourless,2,0.28768207245178085
colours,1,0.6931471805599453
column,2,0.28768207245178085
columns,2,0.28768207245178085
comb,1,0.6931471805599453
combat,1,0.6931471805599453
combated,1,0.6931471805599453
combed,2,0.28768207245178085
combination,2,0.28768207245178085
combinations,2,0.28768207245178085
combine,1,0.6931471805599453
combined,1,0.6931471805599453
combustion,1,0.6931471805599453
come,4,-0.2231435513142097
comely,1,0.6931471805599453
comer,1,0.6931471805599453
comers,2,0.28768207245178085
comes,4,-0.2231435513142097
cometh,1,0.6931471805599453
comfort,4,-0.2231435513142097
comfortable,4,-0.2231435513142097
comfortably,4,-0.2231435513142097
comforted,4,-0.2231435513142097
comforting,2,0.28768207245178085
comfortless,1,0.6931471805599453
comforts,2,0.28768207245178085
comfy,1,0.6931471805599453
comic,3,0.0
comical,2,0.28768207245178085
coming,4,-0.2231435513142097
command,4,-0.2231435513142097
commanded,2,0.28768207245178085
commander,2,0.28768207245178085
commanding,1,0.6931471805599453
commands,2,0.28768207245178085
comme,1,0.6931471805599453
commence,2,0.28768207245178085
commenced,2,0.28768207245178085
commencement,2,0.28768207245178085
commendable,1,0.6931471805599453
commendation,1,0.6931471805599453
commendations,1,0.6931471805599453
commended,1,0.6931471805599453
comment,1,0.6931471805599453
commented,1,0.6931471805599453
commenting,1,0.6931471805599453
commerce,2,0.28768207245178085
commercial,1,0.6931471805599453
commiserating,1,0.6931471805599453
commiseration,1,0.6931471805599453
commissariat,1,0.6931471805599453
commission,3,0.0
commissionaire,1,0.6931471805599453
commissioned,1,0.6931471805599453
commissioning,1,0.6931471805599453
commissions,2,0.28768207245178085
commit,3,0.0
commits,1,0.6931471805599453
committed,2,0.28768207245178085
committing,1,0.6931471805599453
common,4,-0.2231435513142097
commonest,1,0.6931471805599453
commonly,2,0.28768207245178085
commonplace,2,0.28768207245178085
commonplaces,2,0.28768207245178085
commons,1,0.6931471805599453
commotion,1,0.6931471805599453
commune,1,0.6931471805599453
communicate,3,0.0
communicated,2,0.28768207245178085
communicating,1,0.6931471805599453
communication,4,-0.2231435513142097
communications,1,0.6931471805599453
communicative,3,0.0
communicativeness,1,0.6931471805599453
communities,1,0.6931471805599453
community,2,0.28768207245178085
commuting,1,0.6931471805599453
como,1,0.6931471805599453
compact,1,0.6931471805599453
companies,1,0.6931471805599453
companion,3,0.0
companions,3,0.0
companionship,1,0.6931471805599453
company,4,-0.2231435513142097
companys,1,0.6931471805599453
comparative,1,0.6931471805599453
comparatively,2,0.28768207245178085
compare,1,0.6931471805599453
compared,4,-0.2231435513142097
comparing,3,0.0
comparison,2,0.28768207245178085
comparisons,1,0.6931471805599453
compartment,1,0.6931471805599453
compass,3,0.0
compasses,1,0.6931471805599453
compassion,2,0.28768207245178085
compassionate,2,0.28768207245178085
compassionately,1,0.6931471805599453
compatible,1,0.6931471805599453
compatriots,1,0.6931471805599453
compelled,2,0.28768207245178085
compels,1,0.6931471805599453
compensate,1,0.6931471805599453
compensated,1,0.6931471805599453
compensation,1,0.6931471805599453
competence,1,0.6931471805599453
competent,1,0.6931471805599453
competition,2,0.28768207245178085
complacency,1,0.6931471805599453
complacent,1,0.6931471805599453
complain,3,0.0
complained,3,0.0
complaining,2,0.28768207245178085
complaint,3,0.0
complaints,2,0.28768207245178085
complaisance,1,0.6931471805599453
complaisant,1,0.6931471805599453
complete,4,-0.2231435513142097
completed,3,0.0
completely,4,-0.2231435513142097
completeness,1,0.6931471805599453
completing,1,0.6931471805599453
completion,1,0.6931471805599453
complex,2,0.28768207245178085
complexion,2,0.28768207245178085
compliance,2,0.28768207245178085
complicated,1,0.6931471805599453
complicates,1,0.6931471805599453
complied,1,0.6931471805599453
compliment,3,0.0
complimentary,1,0.6931471805599453
complimented,2,0.28768207245178085
complimenting,1,0.6931471805599453
compliments,2,0.28768207245178085
comply,2,0.28768207245178085
complying,1,0.6931471805599453
compose,2,0.28768207245178085
composed,3,0.0
composedly,1,0.6931471805599453
composer,1,0.6931471805599453
composition,1,0.6931471805599453
compositor,1,0.6931471805599453
composure,2,0.28768207245178085
comprehen,1,0.6931471805599453
comprehend,2,0.28768207245178085
comprehended,1,0.6931471805599453
comprehends,1,0.6931471805599453
comprehensible,1,0.6931471805599453
comprehension,1,0.6931471805599453
comprehensive,1,0.6931471805599453
compress,1,0.6931471805599453
compressed,2,0.28768207245178085
comprise,1,0.6931471805599453
comprised,1,0.6931471805599453
compromise,1,0.6931471805599453
compromised,3,0.0
compromises,1,0.6931471805599453
compromising,1,0.6931471805599453
compulsory,1,0.6931471805599453
compunction,1,0.6931471805599453
comrade,2,0.28768207245178085
comrades,2,0.28768207245178085
con,1,0.6931471805599453
conceal,3,0.0
concealed,3,0.0
concealing,2,0.28768207245178085
concealment,3,0.0
conceals,1,0.6931471805599453
conceit,3,0.0
conceited,3,0.0
conceivable,1,0.6931471805599453
conceive,2,0.28768207245178085
conceived,1,0.6931471805599453
conceives,1,0.6931471805599453
conceiving,1,0.6931471805599453
concentrate,3,0.0
concentrated,3,0.0
concentration,2,0.28768207245178085
conception,3,0.0
concern,3,0.0
concerned,3,0.0
concerning,3,0.0
concerns,2,0.28768207245178085
concert,1,0.6931471805599453
concertina,1,0.6931471805599453
concerto,1,0.6931471805599453
concerts,1,0.6931471805599453
concierge,1,0.6931471805599453
concierges,1,0.6931471805599453
conciliate,1,0.6931471805599453
conciliating,1,0.6931471805599453
conciliatory,1,0.6931471805599453
concise,2,0.28768207245178085
concisely,2,0.28768207245178085
conclude,1,0.6931471805599453
concluded,3,0.0
concluding,3,0.0
conclusion,3,0.0
conclusions,2,0.28768207245178085
conclusive,2,0.28768207245178085
conclusively,1,0.6931471805599453
concrete,1,0.6931471805599453
concubine,1,0.6931471805599453
concurrence,1,0.6931471805599453
condemn,2,0.28768207245178085
condemned,3,0.0
condensed,1,0.6931471805599453
condescend,2,0.28768207245178085
condescended,2,0.28768207245178085
condescending,1,0.6931471805599453
condescendingly,1,0.6931471805599453
condescends,1,0.6931471805599453
condescension,2,0.28768207245178085
condition,4,-0.2231435513142097
conditional,1,0.6931471805599453
conditionally,1,0.6931471805599453
conditions,3,0.0
condole,1,0.6931471805599453
condolence,1,0.6931471805599453
conduct,4,-0.2231435513142097
conducted,2,0.28768207245178085
conducting,2,0.28768207245178085
conductor,2,0.28768207245178085
conegliano,1,0.6931471805599453
confectioners,2,0.28768207245178085
confederacy,1,0.6931471805599453
confederate,1,0.6931471805599453
confederates,1,0.6931471805599453
conference,1,0.6931471805599453
confess,3,0.0
confessed,3,0.0
confessing,1,0.6931471805599453
confession,4,-0.2231435513142097
confessions,1,0.6931471805599453
confessor,1,0.6931471805599453
confidant,1,0.6931471805599453
confidante,1,0.6931471805599453
confide,3,0.0
confided,2,0.28768207245178085
confidence,3,0.0
confident,2,0.28768207245178085
confidential,2,0.28768207245178085
confidently,2,0.28768207245178085
confiding,1,0.6931471805599453
confine,1,0.6931471805599453
confined,3,0.0
confinement,1,0.6931471805599453
confining,1,0.6931471805599453
confirm,3,0.0
confirmation,1,0.6931471805599453
confirmed,3,0.0
confirming,1,0.6931471805599453
confirms,1,0.6931471805599453
confiscated,1,0.6931471805599453
conflagrations,1,0.6931471805599453
conflict,1,0.6931471805599453
confound,2,0.28768207245178085
confounded,1,0.6931471805599453
confront,1,0.6931471805599453
confronted,2,0.28768207245178085
confronting,1,0.6931471805599453
confuse,2,0.28768207245178085
confused,3,0.0
confusing,1,0.6931471805599453
confusion,3,0.0
congealed,1,0.6931471805599453
congenial,2,0.28768207245178085
congratulate,4,-0.2231435513142097
congratulated,2,0.28768207245178085
congratulation,1,0.6931471805599453
congratulations,1,0.6931471805599453
congratulatory,1,0.6931471805599453
conjecture,3,0.0
conjectured,2,0.28768207245178085
conjectures,1,0.6931471805599453
conjecturing,1,0.6931471805599453
conjugal,2,0.28768207245178085
conjunction,3,0.0
connect,1,0.6931471805599453
connected,4,-0.2231435513142097
connection,3,0.0
connections,2,0.28768207245178085
connivance,2,0.28768207245178085
connubial,1,0.6931471805599453
conquer,1,0.6931471805599453
conquered,2,0.28768207245178085
conquest,1,0.6931471805599453
conscience,4,-0.2231435513142097
conscientious,2,0.28768207245178085
conscientiously,3,0.0
conscious,4,-0.2231435513142097
consciously,1,0.6931471805599453
consciousness,4,-0.2231435513142097
consent,2,0.28768207245178085
consented,3,0.0
consenting,2,0.28768207245178085
consequence,3,0.0
consequences,3,0.0
consequent,1,0.6931471805599453
consequential,2,0.28768207245178085
consequently,2,0.28768207245178085
conservative,1,0.6931471805599453
consider,3,0.0
considerable,4,-0.2231435513142097
considerably,3,0.0
considerate,1,0.6931471805599453
considerately,1,0.6931471805599453
consideration,3,0.0
considerations,2,0.28768207245178085
considered,3,0.0
considering,3,0.0
consign,1,0.6931471805599453
consigned,1,0.6931471805599453
consisted,3,0.0
consistency,1,0.6931471805599453
consistent,2,0.28768207245178085
consisting,1,0.6931471805599453
consists,2,0.28768207245178085
consolation,2,0.28768207245178085
consolations,1,0.6931471805599453
consolatory,2,0.28768207245178085
console,2,0.28768207245178085
consoled,3,0.0
consoling,2,0.28768207245178085
conspicuous,3,0.0
conspirator,1,0.6931471805599453
conspiring,1,0.6931471805599453
constable,2,0.28768207245178085
constables,1,0.6931471805599453
constabulary,1,0.6931471805599453
constancy,1,0.6931471805599453
constant,1,0.6931471805599453
constantly,3,0.0
consternation,3,0.0
constitute,1,0.6931471805599453
constitutes,1,0.6931471805599453
constitution,2,0.28768207245178085
constrained,2,0.28768207245178085
constraint,2,0.28768207245178085
constructed,2,0.28768207245178085
construction,3,0.0
construed,1,0.6931471805599453
construing,1,0.6931471805599453
consul,2,0.28768207245178085
consult,3,0.0
consultation,2,0.28768207245178085
consultations,1,0.6931471805599453
consulted,3,0.0
consulting,2,0.28768207245178085
consults,1,0.6931471805599453
consumed,1,0.6931471805599453
consuming,1,0.6931471805599453
consumption,1,0.6931471805599453
consumptive,1,0.6931471805599453
contact,3,0.0
contain,2,0.28768207245178085
contained,3,0.0
containing,4,-0.2231435513142097
contains,2,0.28768207245178085
contemplated,1,0.6931471805599453
contemplation,3,0.0
contemplative,1,0.6931471805599453
contemporary,1,0.6931471805599453
contempt,2,0.28768207245178085
contemptible,1,0.6931471805599453
contemptuous,2,0.28768207245178085
contemptuously,3,0.0
contend,1,0.6931471805599453
content,2,0.28768207245178085
contented,3,0.0
contention,1,0.6931471805599453
contentment,1,0.6931471805599453
contents,3,0.0
continent,1,0.6931471805599453
continental,1,0.6931471805599453
continents,1,0.6931471805599453
contingencies,1,0.6931471805599453
continual,2,0.28768207245178085
continually,3,0.0
continuance,1,0.6931471805599453
continue,3,0.0
continued,3,0.0
continues,1,0.6931471805599453
continuing,2,0.28768207245178085
continuous,2,0.28768207245178085
continuously,1,0.6931471805599453
contorted,1,0.6931471805599453
contortions,1,0.6931471805599453
contract,1,0.6931471805599453
contracted,2,0.28768207245178085
contraction,1,0.6931471805599453
contractors,1,0.6931471805599453
contradict,3,0.0
contradicted,2,0.28768207245178085
contradiction,1,0.6931471805599453
contradictions,1,0.6931471805599453
contradicts,1,0.6931471805599453
contralto,2,0.28768207245178085
contrariety,1,0.6931471805599453
contrariwise,1,0.6931471805599453
contrary,3,0.0
contrast,3,0.0
contrasted,2,0.28768207245178085
contribute,2,0.28768207245178085
contributed,3,0.0
contribution,1,0.6931471805599453
contrition,1,0.6931471805599453
contrivance,1,0.6931471805599453
contrive,1,0.6931471805599453
contrived,1,0.6931471805599453
control,2,0.28768207245178085
controlled,2,0.28768207245178085
controlling,1,0.6931471805599453
controls,1,0.6931471805599453
controverted,1,0.6931471805599453
conundrums,1,0.6931471805599453
convalescent,1,0.6931471805599453
convalescing,1,0.6931471805599453
convenience,3,0.0
convenient,3,0.0
conveniently,2,0.28768207245178085
convention,1,0.6931471805599453
conventional,1,0.6931471805599453
conventionalities,1,0.6931471805599453
conventionally,1,0.6931471805599453
conventions,1,0.6931471805599453
converging,1,0.6931471805599453
conversation,4,-0.2231435513142097
conversations,2,0.28768207245178085
converse,3,0.0
conversed,1,0.6931471805599453
conversible,1,0.6931471805599453
conversing,1,0.6931471805599453
convert,3,0.0
converting,1,0.6931471805599453
convey,1,0.6931471805599453
conveyance,1,0.6931471805599453
conveyances,1,0.6931471805599453
conveyed,3,0.0
conveying,1,0.6931471805599453
convict,1,0.6931471805599453
conviction,3,0.0
convictions,1,0.6931471805599453
convicts,1,0.6931471805599453
convince,3,0.0
convinced,3,0.0
convincing,2,0.28768207245178085
convoy,2,0.28768207245178085
convulse,1,0.6931471805599453
convulsed,1,0.6931471805599453
convulsion,2,0.28768207245178085
convulsions,1,0.6931471805599453
convulsive,2,0.28768207245178085
convulsively,1,0.6931471805599453
cooee,1,0.6931471805599453
cook,3,0.0
cooked,2,0.28768207245178085
cookery,1,0.6931471805599453
cooking,2,0.28768207245178085
cooks,2,0.28768207245178085
cookshop,1,0.6931471805599453
cool,4,-0.2231435513142097
cooler,2,0.28768207245178085
coolest,1,0.6931471805599453
cooling,1,0.6931471805599453
coolly,2,0.28768207245178085
coolness,2,0.28768207245178085
cooped,1,0.6931471805599453
copeck,1,0.6931471805599453
copecks,1,0.6931471805599453
copied,1,0.6931471805599453
copier,1,0.6931471805599453
copies,1,0.6931471805599453
copper,3,0.0
coppers,3,0.0
coppice,1,0.6931471805599453
copse,2,0.28768207245178085
copy,3,0.0
copying,1,0.6931471805599453
coquetry,1,0.6931471805599453
coquettish,1,0.6931471805599453
cord,2,0.28768207245178085
cordial,2,0.28768207245178085
cordiality,1,0.6931471805599453
cordially,2,0.28768207245178085
cork,1,0.6931471805599453
corks,1,0.6931471805599453
corkscrew,1,0.6931471805599453
cormons,1,0.6931471805599453
corn,2,0.28768207245178085
corner,4,-0.2231435513142097
corners,2,0.28768207245178085
cornwall,1,0.6931471805599453
coroner,1,0.6931471805599453
coroners,1,0.6931471805599453
coronet,1,0.6931471805599453
corporal,1,0.6931471805599453
corps,2,0.28768207245178085
corpse,2,0.28768207245178085
corpses,1,0.6931471805599453
corpulence,1,0.6931471805599453
correct,3,0.0
corrected,1,0.6931471805599453
correction,1,0.6931471805599453
corrective,1,0.6931471805599453
correctly,2,0.28768207245178085
correspond,1,0.6931471805599453
corresponded,1,0.6931471805599453
correspondence,3,0.0
correspondent,2,0.28768207245178085
correspondents,1,0.6931471805599453
corresponds,1,0.6931471805599453
corridor,3,0.0
corridors,1,0.6931471805599453
corriere,1,0.6931471805599453
corroborate,1,0.6931471805599453
corroborated,1,0.6931471805599453
corroboration,2,0.28768207245178085
corruption,2,0.28768207245178085
corsica,1,0.6931471805599453
cortina,1,0.6931471805599453
cosmopolitan,1,0.6931471805599453
cost,4,-0.2231435513142097
costermongers,1,0.6931471805599453
costers,1,0.6931471805599453
costing,1,0.6931471805599453
costs,2,0.28768207245178085
costume,2,0.28768207245178085
costumes,1,0.6931471805599453
cosy,1,0.6931471805599453
cot,1,0.6931471805599453
cottage,1,0.6931471805599453
cottagers,1,0.6931471805599453
cotton,2,0.28768207245178085
couch,1,0.6931471805599453
cough,4,-0.2231435513142097
coughed,1,0.6931471805599453
coughing,2,0.28768207245178085
coughs,1,0.6931471805599453
could,4,-0.2231435513142097
couldnt,3,0.0
councillor,1,0.6931471805599453
councillors,1,0.6931471805599453
counsel,2,0.28768207245178085
counsellor,2,0.28768207245178085
count,3,0.0
counted,3,0.0
countenance,2,0.28768207245178085
counter,2,0.28768207245178085
counteract,1,0.6931471805599453
counteracted,1,0.6931471805599453
counterbalance,1,0.6931471805599453
counterpaned,1,0.6931471805599453
counterpart,1,0.6931471805599453
countess,2,0.28768207245178085
counties,1,0.6931471805599453
counting,2,0.28768207245178085
country,4,-0.2231435513142097
countryman,1,0.6931471805599453
countrymen,1,0.6931471805599453
countryside,2,0.28768207245178085
countrywomen,1,0.6931471805599453
counts,1,0.6931471805599453
county,2,0.28768207245178085
coup,1,0.6931471805599453
couple,4,-0.2231435513142097
coupled,1,0.6931471805599453
couples,2,0.28768207245178085
coupling,1,0.6931471805599453
courage,4,-0.2231435513142097
courier,1,0.6931471805599453
course,4,-0.2231435513142097
courses,2,0.28768207245178085
court,4,-0.2231435513142097
courted,1,0.6931471805599453
courteous,3,0.0
courteously,1,0.6931471805599453
courtesied,1,0.6931471805599453
courtesy,3,0.0
courtier,1,0.6931471805599453
courting,1,0.6931471805599453
courts,1,0.6931471805599453
courtship,2,0.28768207245178085
courtyard,2,0.28768207245178085
courtyards,1,0.6931471805599453
cousin,4,-0.2231435513142097
cousins,2,0.28768207245178085
cova,1,0.6931471805599453
covent,1,0.6931471805599453
coventry,1,0.6931471805599453
cover,3,0.0
covered,4,-0.2231435513142097
covering,2,0.28768207245178085
coverlet,1,0.6931471805599453
covers,2,0.28768207245178085
coveys,1,0.6931471805599453
cow,1,0.6931471805599453
coward,2,0.28768207245178085
cowardice,1,0.6931471805599453
cowardly,1,0.6931471805599453
cowards,2,0.28768207245178085
cows,1,0.6931471805599453
cowshed,1,0.6931471805599453
coxcombs,1,0.6931471805599453
crab,2,0.28768207245178085
crabs,1,0.6931471805599453
crack,3,0.0
cracked,3,0.0
crackers,1,0.6931471805599453
cracking,1,0.6931471805599453
crackled,1,0.6931471805599453
crackling,1,0.6931471805599453
cracks,1,0.6931471805599453
cradle,1,0.6931471805599453
cradles,1,0.6931471805599453
crafty,1,0.6931471805599453
craggy,1,0.6931471805599453
crammed,1,0.6931471805599453
cramp,1,0.6931471805599453
cramped,1,0.6931471805599453
cramping,1,0.6931471805599453
cramps,1,0.6931471805599453
crane,1,0.6931471805599453
cranky,1,0.6931471805599453
crash,2,0.28768207245178085
crashing,1,0.6931471805599453
crate,1,0.6931471805599453
crates,1,0.6931471805599453
cravat,2,0.28768207245178085
cravats,1,0.6931471805599453
craved,1,0.6931471805599453
craving,1,0.6931471805599453
crawl,1,0.6931471805599453
crawled,2,0.28768207245178085
crawling,1,0.6931471805599453
crayons,1,0.6931471805599453
crazed,1,0.6931471805599453
crazy,2,0.28768207245178085
creaking,1,0.6931471805599453
cream,2,0.28768207245178085
creases,1,0.6931471805599453
create,1,0.6931471805599453
created,4,-0.2231435513142097
creation,1,0.6931471805599453
creative,1,0.6931471805599453
creator,1,0.6931471805599453
creature,3,0.0
creatures,3,0.0
credit,3,0.0
creditable,2,0.28768207245178085
creditably,1,0.6931471805599453
creditor,2,0.28768207245178085
creditors,1,0.6931471805599453
credulous,1,0.6931471805599453
creed,1,0.6931471805599453
creep,1,0.6931471805599453
creeping,1,0.6931471805599453
crept,1,0.6931471805599453
crest,3,0.0
crestfallen,1,0.6931471805599453
crevez,1,0.6931471805599453
crew,1,0.6931471805599453
crewe,1,0.6931471805599453
crib,1,0.6931471805599453
cried,4,-0.2231435513142097
criers,1,0.6931471805599453
cries,2,0.28768207245178085
crime,3,0.0
crimes,2,0.28768207245178085
criminal,3,0.0
criminality,1,0.6931471805599453
criminals,3,0.0
crimson,1,0.6931471805599453
crimsoned,1,0.6931471805599453
cringe,1,0.6931471805599453
cringing,2,0.28768207245178085
crinkled,1,0.6931471805599453
crinoline,1,0.6931471805599453
cripple,1,0.6931471805599453
crippled,2,0.28768207245178085
crisis,2,0.28768207245178085
crisp,1,0.6931471805599453
crisply,1,0.6931471805599453
cristal,1,0.6931471805599453
critical,1,0.6931471805599453
criticise,2,0.28768207245178085
criticised,1,0.6931471805599453
criticism,1,0.6931471805599453
criticisms,1,0.6931471805599453
croak,1,0.6931471805599453
croatians,1,0.6931471805599453
croats,1,0.6931471805599453
crockery,1,0.6931471805599453
crocuses,1,0.6931471805599453
crony,1,0.6931471805599453
crooked,2,0.28768207245178085
crop,3,0.0
crops,1,0.6931471805599453
cross,4,-0.2231435513142097
crossed,4,-0.2231435513142097
crosses,2,0.28768207245178085
crossing,3,0.0
crouched,3,0.0
crouching,1,0.6931471805599453
crowbar,1,0.6931471805599453
crowd,4,-0.2231435513142097
crowded,4,-0.2231435513142097
crowder,1,0.6931471805599453
crowding,2,0.28768207245178085
crowds,1,0.6931471805599453
crowell,1,0.6931471805599453
crowells,1,0.6931471805599453
crowing,1,0.6931471805599453
crown,4,-0.2231435513142097
crowned,2,0.28768207245178085
crowns,1,0.6931471805599453
crows,1,0.6931471805599453
croyant,1,0.6931471805599453
crucial,1,0.6931471805599453
crucified,1,0.6931471805599453
crucify,1,0.6931471805599453
crude,2,0.28768207245178085
crudest,2,0.28768207245178085
cruel,3,0.0
cruelly,3,0.0
cruelty,3,0.0
crueltys,1,0.6931471805599453
crumbly,1,0.6931471805599453
crumpled,2,0.28768207245178085
crush,1,0.6931471805599453
crushed,3,0.0
crushing,3,0.0
crust,2,0.28768207245178085
crusted,2,0.28768207245178085
crutches,2,0.28768207245178085
cry,4,-0.2231435513142097
crying,4,-0.2231435513142097
crystal,1,0.6931471805599453
crystallised,1,0.6931471805599453
crystals,2,0.28768207245178085
cub,1,0.6931471805599453
cubic,1,0.6931471805599453
cuckoos,1,0.6931471805599453
cucumber,2,0.28768207245178085
cucumbers,1,0.6931471805599453
cuddle,1,0.6931471805599453
cudgelled,1,0.6931471805599453
cue,1,0.6931471805599453
cuff,1,0.6931471805599453
cuffs,1,0.6931471805599453
culprit,2,0.28768207245178085
cultivated,1,0.6931471805599453
cultivation,1,0.6931471805599453
culture,2,0.28768207245178085
cultured,1,0.6931471805599453
cumbrous,1,0.6931471805599453
cunning,3,0.0
cunningham,1,0.6931471805599453
cup,4,-0.2231435513142097
cupboard,2,0.28768207245178085
cupboards,1,0.6931471805599453
cupola,1,0.6931471805599453
cupped,1,0.6931471805599453
cups,1,0.6931471805599453
curb,2,0.28768207245178085
cure,4,-0.2231435513142097
cured,2,0.28768207245178085
curing,1,0.6931471805599453
curiosities,1,0.6931471805599453
curiosity,3,0.0
curious,3,0.0
curiously,1,0.6931471805599453
curled,2,0.28768207245178085
curling,1,0.6931471805599453
curls,1,0.6931471805599453
curly,2,0.28768207245178085
current,3,0.0
currently,1,0.6931471805599453
curricle,1,0.6931471805599453
curse,2,0.28768207245178085
cursed,2,0.28768207245178085
curses,3,0.0
cursing,2,0.28768207245178085
curt,1,0.6931471805599453
curtailed,1,0.6931471805599453
curtain,3,0.0
curtains,3,0.0
curtseys,1,0.6931471805599453
curtsied,1,0.6931471805599453
curtsy,1,0.6931471805599453
curtsying,1,0.6931471805599453
curve,3,0.0
curved,1,0.6931471805599453
curves,1,0.6931471805599453
curving,1,0.6931471805599453
cusack,1,0.6931471805599453
cushion,1,0.6931471805599453
cushioned,2,0.28768207245178085
cushions,1,0.6931471805599453
custody,2,0.28768207245178085
custom,3,0.0
customary,1,0.6931471805599453
customer,1,0.6931471805599453
customers,2,0.28768207245178085
customs,1,0.6931471805599453
cut,3,0.0
cuts,3,0.0
cutting,3,0.0
cuttings,1,0.6931471805599453
cuvier,1,0.6931471805599453
cyclists,1,0.6931471805599453
cylinder,2,0.28768207245178085
cylinders,2,0.28768207245178085
cynic,1,0.6931471805599453
cynical,2,0.28768207245178085
cynicism,2,0.28768207245178085
cypress,1,0.6931471805599453
cypresses,1,0.6931471805599453
cyprus,1,0.6931471805599453
cyrus,1,0.6931471805599453
czecho,1,0.6931471805599453
cæsarean,1,0.6931471805599453
célèbres,1,0.6931471805599453
cœur,1,0.6931471805599453
d,3,0.0
dad,1,0.6931471805599453
dagestan,1,0.6931471805599453
dago,1,0.6931471805599453
daily,2,0.28768207245178085
daintiest,1,0.6931471805599453
daintily,1,0.6931471805599453
dainty,1,0.6931471805599453
damages,1,0.6931471805599453
dame,1,0.6931471805599453
dames,1,0.6931471805599453
damn,2,0.28768207245178085
damnable,1,0.6931471805599453
damnation,1,0.6931471805599453
damned,2,0.28768207245178085
damning,1,0.6931471805599453
damp,4,-0.2231435513142097
dampezzo,1,0.6931471805599453
dampness,1,0.6931471805599453
damsels,1,0.6931471805599453
dance,2,0.28768207245178085
danced,2,0.28768207245178085
dances,2,0.28768207245178085
dancing,3,0.0
dandling,1,0.6931471805599453
dandy,1,0.6931471805599453
dane,1,0.6931471805599453
danger,4,-0.2231435513142097
dangerous,4,-0.2231435513142097
dangerously,1,0.6931471805599453
dangers,1,0.6931471805599453
dangling,1,0.6931471805599453
dank,1,0.6931471805599453
danke,1,0.6931471805599453
danseuse,1,0.6931471805599453
darcy,1,0.6931471805599453
darcys,1,0.6931471805599453
dare,3,0.0
dared,3,0.0
darent,1,0.6931471805599453
dares,1,0.6931471805599453
daresay,3,0.0
dargento,1,0.6931471805599453
daring,3,0.0
dark,4,-0.2231435513142097
darkened,1,0.6931471805599453
darkening,2,0.28768207245178085
darker,2,0.28768207245178085
darkness,3,0.0
darling,3,0.0
darlings,1,0.6931471805599453
darlington,1,0.6931471805599453
darn,1,0.6931471805599453
darning,1,0.6931471805599453
dart,1,0.6931471805599453
darted,2,0.28768207245178085
darting,2,0.28768207245178085
darwinian,1,0.6931471805599453
darya,1,0.6931471805599453
dash,1,0.6931471805599453
dashed,2,0.28768207245178085
dashes,1,0.6931471805599453
dashing,1,0.6931471805599453
data,2,0.28768207245178085
date,3,0.0
dated,3,0.0
dates,2,0.28768207245178085
daubing,1,0.6931471805599453
daughter,3,0.0
daughters,3,0.0
dawdled,1,0.6931471805599453
dawdling,1,0.6931471805599453
dawn,2,0.28768207245178085
dawned,1,0.6931471805599453
dawson,1,0.6931471805599453
day,4,-0.2231435513142097
daybreak,1,0.6931471805599453
daylight,3,0.0
days,4,-0.2231435513142097
daytime,3,0.0
dazed,2,0.28768207245178085
dazzling,2,0.28768207245178085
de,4,-0.2231435513142097
dead,4,-0.2231435513142097
deaden,1,0.6931471805599453
deadliest,1,0.6931471805599453
deadly,3,0.0
deaf,1,0.6931471805599453
deal,4,-0.2231435513142097
dealer,1,0.6931471805599453
dealers,1,0.6931471805599453
dealing,3,0.0
dealings,2,0.28768207245178085
dealt,1,0.6931471805599453
dear,4,-0.2231435513142097
dearest,3,0.0
dearly,3,0.0
death,4,-0.2231435513142097
deathbeds,1,0.6931471805599453
deathly,1,0.6931471805599453
deaths,2,0.28768207245178085
debate,1,0.6931471805599453
debauchery,1,0.6931471805599453
debt,3,0.0
debtors,1,0.6931471805599453
debts,3,0.0
decamped,1,0.6931471805599453
decamping,1,0.6931471805599453
decanter,1,0.6931471805599453
decay,1,0.6931471805599453
decease,1,0.6931471805599453
deceased,2,0.28768207245178085
deceitful,2,0.28768207245178085
deceive,3,0.0
deceived,3,0.0
deceives,1,0.6931471805599453
deceiving,2,0.28768207245178085
december,1,0.6931471805599453
decency,1,0.6931471805599453
decent,2,0.28768207245178085
decently,1,0.6931471805599453
deception,3,0.0
deceptive,1,0.6931471805599453
decide,3,0.0
decided,4,-0.2231435513142097
decidedly,2,0.28768207245178085
deciding,1,0.6931471805599453
decision,2,0.28768207245178085
decisions,2,0.28768207245178085
decisive,2,0.28768207245178085
decisively,1,0.6931471805599453
deck,1,0.6931471805599453
decked,2,0.28768207245178085
decking,1,0.6931471805599453
declaim,1,0.6931471805599453
declaimed,1,0.6931471805599453
declaration,2,0.28768207245178085
declare,3,0.0
declared,4,-0.2231435513142097
declares,2,0.28768207245178085
declaring,2,0.28768207245178085
decline,2,0.28768207245178085
declined,1,0.6931471805599453
decorated,3,0.0
decoration,1,0.6931471805599453
decorations,1,0.6931471805599453
decorous,1,0.6931471805599453
decorously,1,0.6931471805599453
decorum,1,0.6931471805599453
decorums,1,0.6931471805599453
decoy,1,0.6931471805599453
decoyed,1,0.6931471805599453
decree,1,0.6931471805599453
decrepit,2,0.28768207245178085
decrepitude,1,0.6931471805599453
deduce,1,0.6931471805599453
deduced,3,0.0
deducted,1,0.6931471805599453
deduction,2,0.28768207245178085
deductions,1,0.6931471805599453
deductive,1,0.6931471805599453
deed,2,0.28768207245178085
deeds,2,0.28768207245178085
deemed,1,0.6931471805599453
deep,4,-0.2231435513142097
deepened,1,0.6931471805599453
deeper,3,0.0
deepest,3,0.0
deeply,4,-0.2231435513142097
default,1,0.6931471805599453
defeat,1,0.6931471805599453
defeated,2,0.28768207245178085
defect,2,0.28768207245178085
defection,1,0.6931471805599453
defective,1,0.6931471805599453
defects,4,-0.2231435513142097
defence,3,0.0
defenceless,1,0.6931471805599453
defend,4,-0.2231435513142097
defended,2,0.28768207245178085
defending,2,0.28768207245178085
defense,1,0.6931471805599453
defer,1,0.6931471805599453
deference,3,0.0
deferred,1,0.6931471805599453
defiance,2,0.28768207245178085
defiant,1,0.6931471805599453
defiantly,3,0.0
deficiencies,1,0.6931471805599453
deficiency,1,0.6931471805599453
deficient,1,0.6931471805599453
defied,1,0.6931471805599453
defiled,1,0.6931471805599453
define,1,0.6931471805599453
defined,4,-0.2231435513142097
definite,3,0.0
definitely,2,0.28768207245178085
definition,2,0.28768207245178085
deformed,1,0.6931471805599453
defray,1,0.6931471805599453
defy,1,0.6931471805599453
degenerate,1,0.6931471805599453
degenerating,1,0.6931471805599453
degradation,2,0.28768207245178085
degrade,1,0.6931471805599453
degraded,2,0.28768207245178085
degrading,1,0.6931471805599453
degree,3,0.0
degrees,3,0.0
deigned,2,0.28768207245178085
deigning,1,0.6931471805599453
dejected,2,0.28768207245178085
dejectedly,1,0.6931471805599453
dejection,2,0.28768207245178085
delay,4,-0.2231435513142097
delayed,3,0.0
delcredo,1,0.6931471805599453
deliberate,1,0.6931471805599453
deliberated,1,0.6931471805599453
deliberately,2,0.28768207245178085
deliberating,1,0.6931471805599453
deliberation,2,0.28768207245178085
delicacy,4,-0.2231435513142097
delicate,4,-0.2231435513142097
delicately,3,0.0
delicious,2,0.28768207245178085
delight,3,0.0
delighted,3,0.0
delightful,3,0.0
delightfully,1,0.6931471805599453
delighting,1,0.6931471805599453
delights,1,0.6931471805599453
delirious,2,0.28768207245178085
delirium,2,0.28768207245178085
deliver,1,0.6931471805599453
deliverance,1,0.6931471805599453
delivered,2,0.28768207245178085
delivering,1,0.6931471805599453
delivery,1,0.6931471805599453
della,1,0.6931471805599453
deluded,1,0.6931471805599453
delusion,1,0.6931471805599453
delusions,1,0.6931471805599453
demand,3,0.0
demanded,1,0.6931471805599453
demanding,1,0.6931471805599453
demands,2,0.28768207245178085
demean,1,0.6931471805599453
demeanour,1,0.6931471805599453
dementyev,1,0.6931471805599453
demi,1,0.6931471805599453
demon,1,0.6931471805599453
demoralisation,1,0.6931471805599453
demurely,1,0.6931471805599453
den,2,0.28768207245178085
denial,2,0.28768207245178085
denied,4,-0.2231435513142097
denny,1,0.6931471805599453
denominated,1,0.6931471805599453
denoted,1,0.6931471805599453
denounce,1,0.6931471805599453
dens,1,0.6931471805599453
dense,2,0.28768207245178085
denser,1,0.6931471805599453
dent,2,0.28768207245178085
deny,4,-0.2231435513142097
denying,3,0.0
depart,2,0.28768207245178085
departed,3,0.0
departing,1,0.6931471805599453
department,2,0.28768207245178085
departure,3,0.0
depend,4,-0.2231435513142097
depended,4,-0.2231435513142097
dependence,1,0.6931471805599453
dependent,3,0.0
depending,3,0.0
depends,3,0.0
depicted,1,0.6931471805599453
deportment,2,0.28768207245178085
depose,2,0.28768207245178085
deposed,1,0.6931471805599453
deposes,1,0.6931471805599453
deposit,1,0.6931471805599453
depositing,1,0.6931471805599453
deposition,2,0.28768207245178085
depositors,1,0.6931471805599453
depot,1,0.6931471805599453
depraved,1,0.6931471805599453
depravity,2,0.28768207245178085
deprecatingly,1,0.6931471805599453
depreciate,1,0.6931471805599453
depressed,4,-0.2231435513142097
depressing,1,0.6931471805599453
depression,2,0.28768207245178085
deprive,1,0.6931471805599453
deprived,3,0.0
depriving,1,0.6931471805599453
depth,2,0.28768207245178085
depths,1,0.6931471805599453
deputies,1,0.6931471805599453
der,1,0.6931471805599453
deranged,3,0.0
derangement,1,0.6931471805599453
derbies,1,0.6931471805599453
derbyshire,1,0.6931471805599453
derision,1,0.6931471805599453
derive,2,0.28768207245178085
derived,2,0.28768207245178085
derives,2,0.28768207245178085
des,1,0.6931471805599453
descend,2,0.28768207245178085
descended,3,0.0
descending,3,0.0
descends,1,0.6931471805599453
descent,2,0.28768207245178085
describe,4,-0.2231435513142097
described,3,0.0
describes,1,0.6931471805599453
describing,2,0.28768207245178085
description,3,0.0
descriptive,1,0.6931471805599453
desert,2,0.28768207245178085
deserted,4,-0.2231435513142097
deserting,3,0.0
desertion,1,0.6931471805599453
deserts,2,0.28768207245178085
deserve,3,0.0
deserved,3,0.0
deservedly,1,0.6931471805599453
deserves,2,0.28768207245178085
deserving,2,0.28768207245178085
design,2,0.28768207245178085
designed,3,0.0
designedly,1,0.6931471805599453
designing,1,0.6931471805599453
designs,2,0.28768207245178085
desirable,1,0.6931471805599453
desire,3,0.0
desired,3,0.0
desires,2,0.28768207245178085
desiring,1,0.6931471805599453
desirous,3,0.0
desk,2,0.28768207245178085
despair,3,0.0
despaired,2,0.28768207245178085
despairing,2,0.28768207245178085
despairingly,1,0.6931471805599453
despatched,2,0.28768207245178085
desperate,3,0.0
desperately,1,0.6931471805599453
desperation,3,0.0
despicable,2,0.28768207245178085
despicably,2,0.28768207245178085
despise,2,0.28768207245178085
despised,2,0.28768207245178085
despises,2,0.28768207245178085
despising,2,0.28768207245178085
desponding,1,0.6931471805599453
despot,1,0.6931471805599453
despotism,1,0.6931471805599453
dessert,1,0.6931471805599453
destined,3,0.0
destinies,1,0.6931471805599453
destiny,2,0.28768207245178085
destitute,3,0.0
destitution,1,0.6931471805599453
destroy,3,0.0
destroyed,3,0.0
destroyers,1,0.6931471805599453
destruction,3,0.0
destructive,1,0.6931471805599453
desultory,1,0.6931471805599453
detached,1,0.6931471805599453
detaching,1,0.6931471805599453
detachment,1,0.6931471805599453
detail,4,-0.2231435513142097
detailed,3,0.0
detailing,1,0.6931471805599453
details,2,0.28768207245178085
detain,3,0.0
detained,3,0.0
detaining,1,0.6931471805599453
detect,2,0.28768207245178085
detected,3,0.0
detection,1,0.6931471805599453
detective,2,0.28768207245178085
deter,1,0.6931471805599453
deteriorated,1,0.6931471805599453
determination,3,0.0
determine,3,0.0
determined,3,0.0
determining,2,0.28768207245178085
deterred,1,0.6931471805599453
detest,2,0.28768207245178085
detestable,1,0.6931471805599453
detested,1,0.6931471805599453
detour,1,0.6931471805599453
detract,1,0.6931471805599453
detracted,1,0.6931471805599453
deuce,2,0.28768207245178085
develop,1,0.6931471805599453
develope,1,0.6931471805599453
developed,2,0.28768207245178085
developing,1,0.6931471805599453
development,2,0.28768207245178085
developments,1,0.6931471805599453
develops,1,0.6931471805599453
device,3,0.0
devices,1,0.6931471805599453
devil,2,0.28768207245178085
devilish,1,0.6931471805599453
devils,1,0.6931471805599453
devised,1,0.6931471805599453
devoid,2,0.28768207245178085
devonshire,1,0.6931471805599453
devote,3,0.0
devoted,3,0.0
devotedly,1,0.6931471805599453
devoting,1,0.6931471805599453
devotion,2,0.28768207245178085
devour,1,0.6931471805599453
devoured,2,0.28768207245178085
devouring,2,0.28768207245178085
devout,1,0.6931471805599453
dew,2,0.28768207245178085
di,1,0.6931471805599453
diabetes,1,0.6931471805599453
diadem,1,0.6931471805599453
diagnosed,1,0.6931471805599453
dial,1,0.6931471805599453
dialect,1,0.6931471805599453
dialogue,1,0.6931471805599453
diamanten,1,0.6931471805599453
diamond,2,0.28768207245178085
diamonds,1,0.6931471805599453
diary,1,0.6931471805599453
dictate,2,0.28768207245178085
dictated,1,0.6931471805599453
dictates,1,0.6931471805599453
dictating,3,0.0
dictation,1,0.6931471805599453
dictatorial,1,0.6931471805599453
dictionary,1,0.6931471805599453
did,4,-0.2231435513142097
didnt,3,0.0
die,4,-0.2231435513142097
died,4,-0.2231435513142097
dies,3,0.0
differ,2,0.28768207245178085
difference,4,-0.2231435513142097
differences,2,0.28768207245178085
different,4,-0.2231435513142097
differential,1,0.6931471805599453
differently,3,0.0
difficult,4,-0.2231435513142097
difficulties,2,0.28768207245178085
difficulty,4,-0.2231435513142097
diffidence,1,0.6931471805599453
diffident,2,0.28768207245178085
diffuse,1,0.6931471805599453
diffused,1,0.6931471805599453
diffuseness,1,0.6931471805599453
dig,2,0.28768207245178085
digest,1,0.6931471805599453
digesting,1,0.6931471805599453
digging,2,0.28768207245178085
diggings,1,0.6931471805599453
dignified,2,0.28768207245178085
dignity,4,-0.2231435513142097
digressions,1,0.6931471805599453
digs,1,0.6931471805599453
dilate,1,0.6931471805599453
dilatory,1,0.6931471805599453
diligence,2,0.28768207245178085
diligently,1,0.6931471805599453
dim,3,0.0
dimensions,2,0.28768207245178085
diminution,1,0.6931471805599453
diminutive,1,0.6931471805599453
dimly,2,0.28768207245178085
din,1,0.6931471805599453
dine,3,0.0
dined,2,0.28768207245178085
dines,1,0.6931471805599453
dingy,1,0.6931471805599453
dining,4,-0.2231435513142097
dinner,4,-0.2231435513142097
dinners,2,0.28768207245178085
dinnertime,1,0.6931471805599453
dint,1,0.6931471805599453
dio,1,0.6931471805599453
dip,1,0.6931471805599453
diplomatic,1,0.6931471805599453
dipped,2,0.28768207245178085
dipping,1,0.6931471805599453
direct,3,0.0
directed,3,0.0
directing,2,0.28768207245178085
direction,4,-0.2231435513142097
directions,3,0.0
directly,4,-0.2231435513142097
director,1,0.6931471805599453
directors,1,0.6931471805599453
directress,1,0.6931471805599453
dirt,4,-0.2231435513142097
dirty,4,-0.2231435513142097
disable,1,0.6931471805599453
disadvantage,2,0.28768207245178085
disadvantages,2,0.28768207245178085
disagreeable,2,0.28768207245178085
disagreeably,1,0.6931471805599453
disagreement,1,0.6931471805599453
disagreements,1,0.6931471805599453
disappearance,1,0.6931471805599453
disappeared,2,0.28768207245178085
disappearing,1,0.6931471805599453
disappoint,2,0.28768207245178085
disappointed,3,0.0
disappointing,1,0.6931471805599453
disappointment,3,0.0
disappointments,1,0.6931471805599453
disapprobation,1,0.6931471805599453
disapproval,1,0.6931471805599453
disapprove,1,0.6931471805599453
disapprovingly,1,0.6931471805599453
disarm,2,0.28768207245178085
disarmed,1,0.6931471805599453
disarming,1,0.6931471805599453
disaster,2,0.28768207245178085
disavowal,1,0.6931471805599453
disbelieved,1,0.6931471805599453
disbelieving,2,0.28768207245178085
disc,1,0.6931471805599453
discern,1,0.6931471805599453
discernible,1,0.6931471805599453
discerning,1,0.6931471805599453
discernment,1,0.6931471805599453
discharge,1,0.6931471805599453
discharged,2,0.28768207245178085
discharging,1,0.6931471805599453
discipline,1,0.6931471805599453
disclaim,1,0.6931471805599453
disclaimed,1,0.6931471805599453
disclose,1,0.6931471805599453
disclosed,1,0.6931471805599453
discloses,1,0.6931471805599453
disclosure,1,0.6931471805599453
discolored,1,0.6931471805599453
discoloured,2,0.28768207245178085
discomfort,1,0.6931471805599453
discompose,1,0.6931471805599453
discomposed,1,0.6931471805599453
discomposure,1,0.6931471805599453
disconcert,1,0.6931471805599453
disconcerted,2,0.28768207245178085
disconnected,2,0.28768207245178085
discontent,1,0.6931471805599453
discontented,1,0.6931471805599453
discontentedly,1,0.6931471805599453
discontentedness,1,0.6931471805599453
discontinuance,1,0.6931471805599453
discord,1,0.6931471805599453
discourage,3,0.0
discouraged,1,0.6931471805599453
discourse,2,0.28768207245178085
discourses,1,0.6931471805599453
discourteous,1,0.6931471805599453
discover,3,0.0
discovered,3,0.0
discoveries,1,0.6931471805599453
discovering,3,0.0
discovery,2,0.28768207245178085
discredit,1,0.6931471805599453
discreditable,1,0.6931471805599453
discreet,1,0.6931471805599453
discrepancy,1,0.6931471805599453
discretion,2,0.28768207245178085
discriminate,1,0.6931471805599453
discrimination,1,0.6931471805599453
discuss,4,-0.2231435513142097
discussed,2,0.28768207245178085
discusses,1,0.6931471805599453
discussing,2,0.28768207245178085
discussion,2,0.28768207245178085
discussions,1,0.6931471805599453
disdain,2,0.28768207245178085
disdained,2,0.28768207245178085
disdainfully,1,0.6931471805599453
disdaining,1,0.6931471805599453
disease,3,0.0
diseases,1,0.6931471805599453
disengaged,1,0.6931471805599453
disentangled,1,0.6931471805599453
disfigured,2,0.28768207245178085
disgrace,4,-0.2231435513142097
disgraced,2,0.28768207245178085
disgraceful,4,-0.2231435513142097
disgracing,1,0.6931471805599453
disguise,3,0.0
disguised,2,0.28768207245178085
disguises,1,0.6931471805599453
disgust,4,-0.2231435513142097
disgusted,2,0.28768207245178085
disgusting,3,0.0
disgustingly,1,0.6931471805599453
dish,3,0.0
disheartened,1,0.6931471805599453
disheartening,1,0.6931471805599453
dished,1,0.6931471805599453
dishes,2,0.28768207245178085
dishevelled,1,0.6931471805599453
dishonest,2,0.28768207245178085
dishonesty,1,0.6931471805599453
dishonour,1,0.6931471805599453
dishonourable,3,0.0
dishonoured,1,0.6931471805599453
disillusion,1,0.6931471805599453
disillusioned,1,0.6931471805599453
disinclination,1,0.6931471805599453
disinclined,2,0.28768207245178085
disinterested,1,0.6931471805599453
disinterestedly,1,0.6931471805599453
disinterestedness,1,0.6931471805599453
disjecta,1,0.6931471805599453
disks,1,0.6931471805599453
dislike,3,0.0
disliked,4,-0.2231435513142097
dislikes,2,0.28768207245178085
disliking,1,0.6931471805599453
dislocated,1,0.6931471805599453
dismal,1,0.6931471805599453
dismantled,1,0.6931471805599453
dismay,3,0.0
dismiss,1,0.6931471805599453
dismissal,1,0.6931471805599453
dismissed,3,0.0
dismission,1,0.6931471805599453
dismount,1,0.6931471805599453
disobedient,1,0.6931471805599453
disobeyed,1,0.6931471805599453
disobliging,1,0.6931471805599453
disorder,2,0.28768207245178085
disordered,1,0.6931471805599453
disorderly,1,0.6931471805599453
disown,1,0.6931471805599453
dispatched,1,0.6931471805599453
dispel,1,0.6931471805599453
dispelling,1,0.6931471805599453
dispense,1,0.6931471805599453
dispirited,1,0.6931471805599453
display,2,0.28768207245178085
displayed,3,0.0
displaying,1,0.6931471805599453
displease,1,0.6931471805599453
displeased,2,0.28768207245178085
displeasure,2,0.28768207245178085
disposal,3,0.0
dispose,3,0.0
disposed,2,0.28768207245178085
disposing,1,0.6931471805599453
disposition,3,0.0
dispositions,1,0.6931471805599453
disproportionate,1,0.6931471805599453
disproportionately,2,0.28768207245178085
disputable,1,0.6931471805599453
disputatious,1,0.6931471805599453
dispute,3,0.0
disputes,1,0.6931471805599453
disputing,1,0.6931471805599453
disqualify,1,0.6931471805599453
disquiet,1,0.6931471805599453
disregard,1,0.6931471805599453
disregarded,3,0.0
disregarding,2,0.28768207245178085
disreputable,2,0.28768207245178085
disrespect,2,0.28768207245178085
disrespectful,2,0.28768207245178085
dissatisfied,2,0.28768207245178085
dissemble,1,0.6931471805599453
dissembler,1,0.6931471805599453
dissension,1,0.6931471805599453
dissenter,1,0.6931471805599453
disservice,1,0.6931471805599453
dissipation,1,0.6931471805599453
dissolute,2,0.28768207245178085
dissolved,2,0.28768207245178085
dissuade,1,0.6931471805599453
dissuaded,1,0.6931471805599453
distaff,1,0.6931471805599453
distance,4,-0.2231435513142097
distant,3,0.0
distantly,1,0.6931471805599453
distaste,1,0.6931471805599453
distasteful,1,0.6931471805599453
distinct,2,0.28768207245178085
distinction,2,0.28768207245178085
distinctive,1,0.6931471805599453
distinctly,2,0.28768207245178085
distinguish,3,0.0
distinguished,2,0.28768207245178085
distinguishing,2,0.28768207245178085
distinguons,1,0.6931471805599453
distort,2,0.28768207245178085
distorted,2,0.28768207245178085
distortion,1,0.6931471805599453
distract,1,0.6931471805599453
distracted,2,0.28768207245178085
distractedly,2,0.28768207245178085
distracting,1,0.6931471805599453
distraction,2,0.28768207245178085
distraught,1,0.6931471805599453
distress,2,0.28768207245178085
distressed,2,0.28768207245178085
distressing,2,0.28768207245178085
distribute,1,0.6931471805599453
distributing,1,0.6931471805599453
district,2,0.28768207245178085
distrust,2,0.28768207245178085
distrusted,2,0.28768207245178085
distrustfully,1,0.6931471805599453
disturb,4,-0.2231435513142097
disturbance,3,0.0
disturbed,4,-0.2231435513142097
disturbers,1,0.6931471805599453
disturbing,2,0.28768207245178085
ditalia,1,0.6931471805599453
ditch,1,0.6931471805599453
ditches,1,0.6931471805599453
divan,1,0.6931471805599453
dived,1,0.6931471805599453
diversified,1,0.6931471805599453
diversion,1,0.6931471805599453
diversity,1,0.6931471805599453
divert,2,0.28768207245178085
diverted,3,0.0
divide,1,0.6931471805599453
divided,3,0.0
dividing,2,0.28768207245178085
divine,1,0.6931471805599453
divined,2,0.28768207245178085
diving,1,0.6931471805599453
divinity,1,0.6931471805599453
division,3,0.0
divisions,2,0.28768207245178085
divorced,1,0.6931471805599453
dizzier,1,0.6931471805599453
dizziness,1,0.6931471805599453
dizzy,2,0.28768207245178085
dmitri,1,0.6931471805599453
dmitris,1,0.6931471805599453
do,4,-0.2231435513142097
dock,1,0.6931471805599453
docketing,1,0.6931471805599453
docks,1,0.6931471805599453
dockyard,1,0.6931471805599453
doctor,3,0.0
doctors,3,0.0
doctrine,1,0.6931471805599453
doctrines,1,0.6931471805599453
document,2,0.28768207245178085
documentary,1,0.6931471805599453
documents,1,0.6931471805599453
doddering,1,0.6931471805599453
does,4,-0.2231435513142097
doesnt,3,0.0
dog,3,0.0
dogfish,1,0.6931471805599453
doggedly,1,0.6931471805599453
dogging,1,0.6931471805599453
dogs,2,0.28768207245178085
doing,4,-0.2231435513142097
doings,3,0.0
dolce,1,0.6931471805599453
doleful,1,0.6931471805599453
dollars,2,0.28768207245178085
dolls,1,0.6931471805599453
domain,1,0.6931471805599453
dome,1,0.6931471805599453
domestic,2,0.28768207245178085
domestics,1,0.6931471805599453
dominated,1,0.6931471805599453
domineering,1,0.6931471805599453
don,1,0.6931471805599453
dona,1,0.6931471805599453
donation,1,0.6931471805599453
done,4,-0.2231435513142097
donna,1,0.6931471805599453
dont,4,-0.2231435513142097
door,4,-0.2231435513142097
doorkeeper,1,0.6931471805599453
doormans,1,0.6931471805599453
doors,4,-0.2231435513142097
doorway,4,-0.2231435513142097
dooties,1,0.6931471805599453
dopey,1,0.6931471805599453
doran,1,0.6931471805599453
dorans,1,0.6931471805599453
dormer,1,0.6931471805599453
dormouse,1,0.6931471805599453
dose,1,0.6931471805599453
dost,1,0.6931471805599453
dottles,1,0.6931471805599453
double,4,-0.2231435513142097
doubled,2,0.28768207245178085
doubly,2,0.28768207245178085
doubt,4,-0.2231435513142097
doubted,3,0.0
doubtful,3,0.0
doubtfully,2,0.28768207245178085
doubting,2,0.28768207245178085
doubtingly,1,0.6931471805599453
doubtless,3,0.0
doubts,3,0.0
douches,1,0.6931471805599453
dounia,1,0.6931471805599453
dounias,1,0.6931471805599453
dove,1,0.6931471805599453
dovedale,1,0.6931471805599453
down,4,-0.2231435513142097
downcast,1,0.6931471805599453
downhearted,1,0.6931471805599453
downhill,1,0.6931471805599453
downright,1,0.6931471805599453
downs,2,0.28768207245178085
downstairs,4,-0.2231435513142097
downward,1,0.6931471805599453
downwards,1,0.6931471805599453
dowry,2,0.28768207245178085
dozed,1,0.6931471805599453
dozen,4,-0.2231435513142097
dozens,1,0.6931471805599453
dozing,1,0.6931471805599453
dr,3,0.0
drab,1,0.6931471805599453
draft,1,0.6931471805599453
drafts,1,0.6931471805599453
drag,1,0.6931471805599453
dragged,3,0.0
dragging,1,0.6931471805599453
draggletails,1,0.6931471805599453
drained,1,0.6931471805599453
dram,1,0.6931471805599453
drama,1,0.6931471805599453
dramatic,1,0.6931471805599453
drank,3,0.0
drap,1,0.6931471805599453
draught,2,0.28768207245178085
draughts,2,0.28768207245178085
draw,4,-0.2231435513142097
drawback,2,0.28768207245178085
drawer,2,0.28768207245178085
drawers,2,0.28768207245178085
drawing,4,-0.2231435513142097
drawings,1,0.6931471805599453
drawled,2,0.28768207245178085
drawling,1,0.6931471805599453
drawn,4,-0.2231435513142097
draws,1,0.6931471805599453
dray,1,0.6931471805599453
dread,3,0.0
dreaded,2,0.28768207245178085
dreadful,4,-0.2231435513142097
dreadfully,4,-0.2231435513142097
dreading,1,0.6931471805599453
dream,3,0.0
dreamed,1,0.6931471805599453
dreamer,1,0.6931471805599453
dreamily,1,0.6931471805599453
dreaminess,1,0.6931471805599453
dreaming,2,0.28768207245178085
dreams,2,0.28768207245178085
dreamt,1,0.6931471805599453
dreamy,2,0.28768207245178085
dreary,2,0.28768207245178085
dregs,2,0.28768207245178085
drenched,2,0.28768207245178085
dress,4,-0.2231435513142097
dressed,4,-0.2231435513142097
dresser,1,0.6931471805599453
dressers,1,0.6931471805599453
dresses,2,0.28768207245178085
dressing,4,-0.2231435513142097
dressings,1,0.6931471805599453
dressmaker,1,0.6931471805599453
drew,4,-0.2231435513142097
dried,3,0.0
drier,1,0.6931471805599453
drifted,2,0.28768207245178085
drifting,1,0.6931471805599453
drily,2,0.28768207245178085
drink,4,-0.2231435513142097
drinkers,1,0.6931471805599453
drinking,4,-0.2231435513142097
drinks,2,0.28768207245178085
drip,2,0.28768207245178085
dripped,1,0.6931471805599453
dripping,1,0.6931471805599453
drive,4,-0.2231435513142097
driven,4,-0.2231435513142097
driver,3,0.0
drivers,2,0.28768207245178085
drives,2,0.28768207245178085
driveway,1,0.6931471805599453
driving,4,-0.2231435513142097
drizzle,1,0.6931471805599453
droite,1,0.6931471805599453
droning,1,0.6931471805599453
drooping,2,0.28768207245178085
drop,4,-0.2231435513142097
dropped,4,-0.2231435513142097
dropping,3,0.0
drops,3,0.0
drove,4,-0.2231435513142097
drown,2,0.28768207245178085
drowned,3,0.0
drowning,1,0.6931471805599453
drowsiness,2,0.28768207245178085
drowsy,1,0.6931471805599453
drubbing,1,0.6931471805599453
drudge,1,0.6931471805599453
drug,1,0.6931471805599453
drum,1,0.6931471805599453
drumming,1,0.6931471805599453
drunk,3,0.0
drunkard,2,0.28768207245178085
drunkards,2,0.28768207245178085
drunken,2,0.28768207245178085
drunkenness,1,0.6931471805599453
dry,3,0.0
drying,1,0.6931471805599453
dryly,2,0.28768207245178085
dryness,2,0.28768207245178085
du,2,0.28768207245178085
dual,1,0.6931471805599453
dubious,1,0.6931471805599453
duchess,3,0.0
ducked,1,0.6931471805599453
ducks,2,0.28768207245178085
duclida,1,0.6931471805599453
ductility,1,0.6931471805599453
due,4,-0.2231435513142097
duel,1,0.6931471805599453
duets,1,0.6931471805599453
dug,3,0.0
dugout,1,0.6931471805599453
dugouts,1,0.6931471805599453
duke,2,0.28768207245178085
dull,4,-0.2231435513142097
dullards,1,0.6931471805599453
dullest,2,0.28768207245178085
dulls,1,0.6931471805599453
dully,1,0.6931471805599453
dulness,1,0.6931471805599453
duly,1,0.6931471805599453
dumb,2,0.28768207245178085
dumbfounded,1,0.6931471805599453
dumbfoundered,1,0.6931471805599453
dummy,1,0.6931471805599453
dumpy,1,0.6931471805599453
dun,1,0.6931471805599453
duncan,1,0.6931471805599453
dundas,1,0.6931471805599453
dundee,1,0.6931471805599453
dung,1,0.6931471805599453
dupe,1,0.6931471805599453
duped,1,0.6931471805599453
duping,1,0.6931471805599453
duplicate,1,0.6931471805599453
duplicates,1,0.6931471805599453
duplicity,1,0.6931471805599453
duration,1,0.6931471805599453
during,4,-0.2231435513142097
dushkin,1,0.6931471805599453
dushkins,1,0.6931471805599453
dusk,3,0.0
dussauts,1,0.6931471805599453
dust,3,0.0
dustcoat,1,0.6931471805599453
dustier,1,0.6931471805599453
dusty,3,0.0
duties,3,0.0
dutifully,1,0.6931471805599453
duty,4,-0.2231435513142097
dwell,2,0.28768207245178085
dweller,1,0.6931471805599453
dwelling,3,0.0
dwelt,1,0.6931471805599453
dyed,1,0.6931471805599453
dying,4,-0.2231435513142097
dyou,2,0.28768207245178085
dénouement,1,0.6931471805599453
e,4,-0.2231435513142097
each,4,-0.2231435513142097
eager,3,0.0
eagerly,3,0.0
eagerness,3,0.0
ear,4,-0.2231435513142097
earl,1,0.6931471805599453
earlier,4,-0.2231435513142097
earliest,2,0.28768207245178085
earls,1,0.6931471805599453
early,4,-0.2231435513142097
earn,2,0.28768207245178085
earned,2,0.28768207245178085
earnest,3,0.0
earnestly,3,0.0
earnestness,2,0.28768207245178085
earning,1,0.6931471805599453
earnings,1,0.6931471805599453
earrings,1,0.6931471805599453
ears,3,0.0
earshot,2,0.28768207245178085
earth,4,-0.2231435513142097
earthenware,1,0.6931471805599453
earthly,2,0.28768207245178085
ease,3,0.0
eased,1,0.6931471805599453
easier,3,0.0
easiest,1,0.6931471805599453
easily,4,-0.2231435513142097
easiness,1,0.6931471805599453
east,1,0.6931471805599453
eastbourne,1,0.6931471805599453
easter,2,0.28768207245178085
easterly,1,0.6931471805599453
eastern,1,0.6931471805599453
eastward,1,0.6931471805599453
easy,4,-0.2231435513142097
eat,4,-0.2231435513142097
eaten,3,0.0
eater,2,0.28768207245178085
eaters,1,0.6931471805599453
eating,3,0.0
eats,1,0.6931471805599453
eaves,1,0.6931471805599453
eavesdroppers,1,0.6931471805599453
ebb,1,0.6931471805599453
ebbing,1,0.6931471805599453
eccentric,3,0.0
eccentricity,1,0.6931471805599453
ech,1,0.6931471805599453
echo,2,0.28768207245178085
echoed,1,0.6931471805599453
echoes,1,0.6931471805599453
eclipse,1,0.6931471805599453
eclipsed,2,0.28768207245178085
eclipses,1,0.6931471805599453
economic,1,0.6931471805599453
economically,1,0.6931471805599453
economy,2,0.28768207245178085
ecstasies,1,0.6931471805599453
ecstasy,2,0.28768207245178085
ecstatic,1,0.6931471805599453
ecstatically,1,0.6931471805599453
ed,1,0.6931471805599453
eddy,2,0.28768207245178085
edgar,1,0.6931471805599453
edge,4,-0.2231435513142097
edged,4,-0.2231435513142097
edges,3,0.0
edgeware,1,0.6931471805599453
edging,1,0.6931471805599453
edifying,2,0.28768207245178085
editions,1,0.6931471805599453
editor,2,0.28768207245178085
edouardo,1,0.6931471805599453
educated,2,0.28768207245178085
education,4,-0.2231435513142097
edw,1,0.6931471805599453
edward,2,0.28768207245178085
eerie,1,0.6931471805599453
efface,1,0.6931471805599453
effect,3,0.0
effected,1,0.6931471805599453
effective,3,0.0
effects,4,-0.2231435513142097
effectual,1,0.6931471805599453
effectually,1,0.6931471805599453
efficacy,1,0.6931471805599453
efficiency,1,0.6931471805599453
efficient,1,0.6931471805599453
effort,4,-0.2231435513142097
efforts,3,0.0
effusion,1,0.6931471805599453
effusions,2,0.28768207245178085
effusive,1,0.6931471805599453
eg,1,0.6931471805599453
egg,3,0.0
eggs,2,0.28768207245178085
eggshells,1,0.6931471805599453
eglonitz,1,0.6931471805599453
eglow,1,0.6931471805599453
egoist,1,0.6931471805599453
egotism,1,0.6931471805599453
egria,1,0.6931471805599453
egypt,2,0.28768207245178085
egyptian,1,0.6931471805599453
eh,2,0.28768207245178085
eight,4,-0.2231435513142097
eighteen,3,0.0
eightpence,1,0.6931471805599453
eighty,1,0.6931471805599453
either,4,-0.2231435513142097
ejaculated,2,0.28768207245178085
ejaculation,1,0.6931471805599453
ejaculations,1,0.6931471805599453
ejected,1,0.6931471805599453
ekaterininsky,1,0.6931471805599453
elaborate,3,0.0
elapse,1,0.6931471805599453
elapsed,2,0.28768207245178085
elastic,2,0.28768207245178085
elated,2,0.28768207245178085
elbow,2,0.28768207245178085
elbowed,1,0.6931471805599453
elbows,3,0.0
elder,4,-0.2231435513142097
elderly,4,-0.2231435513142097
eldest,2,0.28768207245178085
elect,1,0.6931471805599453
elected,1,0.6931471805599453
electric,2,0.28768207245178085
electrically,1,0.6931471805599453
elegance,1,0.6931471805599453
elegant,2,0.28768207245178085
element,2,0.28768207245178085
elemental,1,0.6931471805599453
elementary,2,0.28768207245178085
elements,2,0.28768207245178085
elevate,1,0.6931471805599453
elevated,1,0.6931471805599453
elevating,1,0.6931471805599453
elevation,2,0.28768207245178085
elevator,1,0.6931471805599453
eleven,4,-0.2231435513142097
eleventh,1,0.6931471805599453
eleys,1,0.6931471805599453
elias,1,0.6931471805599453
eligibility,1,0.6931471805599453
eligible,2,0.28768207245178085
eliminate,1,0.6931471805599453
eliminated,1,0.6931471805599453
elise,1,0.6931471805599453
eliza,1,0.6931471805599453
elizabeth,1,0.6931471805599453
elizabeths,1,0.6931471805599453
elle,1,0.6931471805599453
elope,2,0.28768207245178085
eloped,1,0.6931471805599453
elopement,1,0.6931471805599453
eloping,1,0.6931471805599453
eloquence,2,0.28768207245178085
eloquent,1,0.6931471805599453
else,4,-0.2231435513142097
elses,2,0.28768207245178085
elsewhere,3,0.0
eluded,2,0.28768207245178085
emaciated,1,0.6931471805599453
emaciation,1,0.6931471805599453
emancipation,1,0.6931471805599453
embankment,3,0.0
embargo,1,0.6931471805599453
embarrassed,4,-0.2231435513142097
embarrassedly,1,0.6931471805599453
embarrassing,2,0.28768207245178085
embarrassment,3,0.0
embassy,1,0.6931471805599453
embellish,1,0.6931471805599453
ember,1,0.6931471805599453
embrace,1,0.6931471805599453
embraced,3,0.0
embracing,2,0.28768207245178085
embroidered,1,0.6931471805599453
embroiders,1,0.6931471805599453
embryo,1,0.6931471805599453
emerald,1,0.6931471805599453
emerge,1,0.6931471805599453
emerged,1,0.6931471805599453
emergency,3,0.0
emery,1,0.6931471805599453
emigrant,1,0.6931471805599453
emigrate,1,0.6931471805599453
emigrated,1,0.6931471805599453
emilio,1,0.6931471805599453
eminence,1,0.6931471805599453
eminent,1,0.6931471805599453
emmanuele,1,0.6931471805599453
emotion,3,0.0
emotional,1,0.6931471805599453
emotions,2,0.28768207245178085
emphasis,2,0.28768207245178085
emphasise,1,0.6931471805599453
emphasising,1,0.6931471805599453
emphatic,2,0.28768207245178085
emphatically,2,0.28768207245178085
empire,1,0.6931471805599453
employ,2,0.28768207245178085
employed,3,0.0
employer,1,0.6931471805599453
employers,1,0.6931471805599453
employing,2,0.28768207245178085
employment,4,-0.2231435513142097
employments,1,0.6931471805599453
employs,1,0.6931471805599453
employé,1,0.6931471805599453
emptied,3,0.0
emptily,1,0.6931471805599453
emptiness,1,0.6931471805599453
empty,4,-0.2231435513142097
en,2,0.28768207245178085
enable,3,0.0
enabled,2,0.28768207245178085
enables,1,0.6931471805599453
enabling,1,0.6931471805599453
enamel,1,0.6931471805599453
enamelled,1,0.6931471805599453
encamp,1,0.6931471805599453
encamped,1,0.6931471805599453
enchanted,1,0.6931471805599453
encircled,1,0.6931471805599453
enclosed,1,0.6931471805599453
enclosure,1,0.6931471805599453
encompass,1,0.6931471805599453
encore,1,0.6931471805599453
encounter,2,0.28768207245178085
encourage,3,0.0
encouraged,2,0.28768207245178085
encouragement,2,0.28768207245178085
encouraging,2,0.28768207245178085
encroaching,1,0.6931471805599453
encumbrance,1,0.6931471805599453
encyclopædia,1,0.6931471805599453
encyclopædias,1,0.6931471805599453
encyst,1,0.6931471805599453
encysted,1,0.6931471805599453
end,4,-0.2231435513142097
endeared,1,0.6931471805599453
endeavor,1,0.6931471805599453
endeavour,2,0.28768207245178085
endeavoured,3,0.0
endeavouring,2,0.28768207245178085
endeavours,1,0.6931471805599453
ended,4,-0.2231435513142097
endell,1,0.6931471805599453
ending,3,0.0
endless,3,0.0
endowed,1,0.6931471805599453
ends,3,0.0
endurable,1,0.6931471805599453
endurance,1,0.6931471805599453
endure,2,0.28768207245178085
endured,3,0.0
enduring,1,0.6931471805599453
enemies,3,0.0
enemy,4,-0.2231435513142097
enemys,2,0.28768207245178085
energetic,2,0.28768207245178085
energies,1,0.6931471805599453
energy,3,0.0
enforced,1,0.6931471805599453
engadine,1,0.6931471805599453
engage,3,0.0
engaged,4,-0.2231435513142097
engagement,3,0.0
engagements,1,0.6931471805599453
engaging,3,0.0
engine,2,0.28768207245178085
engineer,2,0.28768207245178085
engineers,2,0.28768207245178085
engines,1,0.6931471805599453
england,4,-0.2231435513142097
english,3,0.0
englishman,2,0.28768207245178085
englishmen,1,0.6931471805599453
englishwoman,1,0.6931471805599453
engraved,2,0.28768207245178085
engross,1,0.6931471805599453
engrossed,1,0.6931471805599453
engrossing,1,0.6931471805599453
enhance,1,0.6931471805599453
enigmatic,1,0.6931471805599453
enigmatical,1,0.6931471805599453
enigmatically,1,0.6931471805599453
enjoy,4,-0.2231435513142097
enjoyed,3,0.0
enjoying,1,0.6931471805599453
enjoyment,2,0.28768207245178085
enjoyments,1,0.6931471805599453
enlarge,1,0.6931471805599453
enlarged,2,0.28768207245178085
enlarging,2,0.28768207245178085
enlightened,1,0.6931471805599453
enlightenment,1,0.6931471805599453
ennobled,1,0.6931471805599453
ennui,1,0.6931471805599453
enormity,1,0.6931471805599453
enormous,2,0.28768207245178085
enormously,2,0.28768207245178085
enough,4,-0.2231435513142097
enrage,1,0.6931471805599453
enraged,3,0.0
enrico,1,0.6931471805599453
enry,1,0.6931471805599453
ensign,1,0.6931471805599453
ensigncy,1,0.6931471805599453
ensue,2,0.28768207245178085
ensued,2,0.28768207245178085
ensuing,1,0.6931471805599453
ensure,1,0.6931471805599453
entail,1,0.6931471805599453
entailed,2,0.28768207245178085
entailing,1,0.6931471805599453
entangled,1,0.6931471805599453
enter,4,-0.2231435513142097
entered,4,-0.2231435513142097
entering,3,0.0
enterprise,2,0.28768207245178085
enters,1,0.6931471805599453
entertain,2,0.28768207245178085
entertained,2,0.28768207245178085
entertaining,2,0.28768207245178085
entertainment,2,0.28768207245178085
enthusiasm,2,0.28768207245178085
enthusiastic,1,0.6931471805599453
enthusiastically,1,0.6931471805599453
entire,1,0.6931471805599453
entirely,3,0.0
entitled,1,0.6931471805599453
entitles,2,0.28768207245178085
entrails,1,0.6931471805599453
entrance,4,-0.2231435513142097
entrances,1,0.6931471805599453
entreat,2,0.28768207245178085
entreated,2,0.28768207245178085
entreaties,3,0.0
entreating,2,0.28768207245178085
entreaty,2,0.28768207245178085
entries,1,0.6931471805599453
entrusted,1,0.6931471805599453
entry,3,0.0
entrée,1,0.6931471805599453
enumerating,1,0.6931471805599453
enumeration,1,0.6931471805599453
envelope,3,0.0
envelopes,1,0.6931471805599453
envied,1,0.6931471805599453
envious,1,0.6931471805599453
environment,1,0.6931471805599453
environs,2,0.28768207245178085
envy,1,0.6931471805599453
envying,1,0.6931471805599453
enwrapped,1,0.6931471805599453
ephemeral,1,0.6931471805599453
epicurean,1,0.6931471805599453
epileptic,1,0.6931471805599453
episode,1,0.6931471805599453
episodes,2,0.28768207245178085
epistle,1,0.6931471805599453
epithet,3,0.0
epsom,1,0.6931471805599453
equal,3,0.0
equality,2,0.28768207245178085
equalled,2,0.28768207245178085
equally,2,0.28768207245178085
equals,1,0.6931471805599453
equinoctial,1,0.6931471805599453
equipage,1,0.6931471805599453
equipment,1,0.6931471805599453
equipped,1,0.6931471805599453
equivalent,2,0.28768207245178085
equivocal,1,0.6931471805599453
eradicate,1,0.6931471805599453
ere,2,0.28768207245178085
erect,1,0.6931471805599453
erected,1,0.6931471805599453
err,2,0.28768207245178085
errand,3,0.0
errands,1,0.6931471805599453
erred,1,0.6931471805599453
erroneous,1,0.6931471805599453
error,3,0.0
errors,1,0.6931471805599453
es,1,0.6931471805599453
escapade,1,0.6931471805599453
escape,4,-0.2231435513142097
escaped,3,0.0
escaping,3,0.0
escort,2,0.28768207245178085
escorted,1,0.6931471805599453
escorting,1,0.6931471805599453
especial,1,0.6931471805599453
especially,4,-0.2231435513142097
esq,2,0.28768207245178085
essays,1,0.6931471805599453
essence,3,0.0
essential,3,0.0
essentially,1,0.6931471805599453
essentials,2,0.28768207245178085
est,1,0.6931471805599453
establish,3,0.0
established,3,0.0
establishing,1,0.6931471805599453
establishment,3,0.0
establishments,1,0.6931471805599453
estate,3,0.0
estates,2,0.28768207245178085
esteem,2,0.28768207245178085
esteemed,1,0.6931471805599453
esteeming,1,0.6931471805599453
esteems,1,0.6931471805599453
estephe,1,0.6931471805599453
estimable,2,0.28768207245178085
estimate,1,0.6931471805599453
estimated,1,0.6931471805599453
estimation,1,0.6931471805599453
estrange,1,0.6931471805599453
et,1,0.6931471805599453
etc,3,0.0
eternal,1,0.6931471805599453
eternity,1,0.6931471805599453
ether,1,0.6931471805599453
etherege,1,0.6931471805599453
etiquette,2,0.28768207245178085
eton,1,0.6931471805599453
ettore,1,0.6931471805599453
europe,2,0.28768207245178085
european,2,0.28768207245178085
eustace,1,0.6931471805599453
evacuate,1,0.6931471805599453
evacuated,1,0.6931471805599453
evade,1,0.6931471805599453
evasiveness,1,0.6931471805599453
eve,1,0.6931471805599453
even,4,-0.2231435513142097
evening,4,-0.2231435513142097
evenings,3,0.0
evenness,1,0.6931471805599453
event,4,-0.2231435513142097
events,3,0.0
eventually,2,0.28768207245178085
ever,4,-0.2231435513142097
everlasting,1,0.6931471805599453
everlastingly,1,0.6931471805599453
every,4,-0.2231435513142097
everybody,4,-0.2231435513142097
everybodys,2,0.28768207245178085
everyday,2,0.28768207245178085
everyone,3,0.0
everyones,1,0.6931471805599453
everything,4,-0.2231435513142097
everywhere,4,-0.2231435513142097
evidence,2,0.28768207245178085
evident,4,-0.2231435513142097
evidently,4,-0.2231435513142097
evil,3,0.0
evils,2,0.28768207245178085
evolve,1,0.6931471805599453
evolved,1,0.6931471805599453
evviva,1,0.6931471805599453
ex,1,0.6931471805599453
exact,3,0.0
exacted,1,0.6931471805599453
exacting,1,0.6931471805599453
exactitude,1,0.6931471805599453
exactly,4,-0.2231435513142097
exactness,2,0.28768207245178085
exaggerate,3,0.0
exaggerated,2,0.28768207245178085
exaggerating,1,0.6931471805599453
exaggeration,1,0.6931471805599453
exalted,3,0.0
examination,4,-0.2231435513142097
examinations,1,0.6931471805599453
examine,3,0.0
examined,4,-0.2231435513142097
examining,3,0.0
example,4,-0.2231435513142097
examples,2,0.28768207245178085
exasperate,1,0.6931471805599453
exasperated,1,0.6931471805599453
exasperation,1,0.6931471805599453
excavating,1,0.6931471805599453
exceed,2,0.28768207245178085
exceeded,2,0.28768207245178085
exceeding,2,0.28768207245178085
exceedingly,3,0.0
exceeds,1,0.6931471805599453
excel,1,0.6931471805599453
excellence,1,0.6931471805599453
excellency,1,0.6931471805599453
excellent,4,-0.2231435513142097
except,4,-0.2231435513142097
excepting,1,0.6931471805599453
exception,3,0.0
exceptionable,1,0.6931471805599453
exceptional,2,0.28768207245178085
exceptionally,2,0.28768207245178085
exceptionalness,1,0.6931471805599453
excess,1,0.6931471805599453
excessive,3,0.0
excessively,2,0.28768207245178085
exchange,2,0.28768207245178085
exchanged,3,0.0
exchanging,2,0.28768207245178085
excitable,2,0.28768207245178085
excite,3,0.0
excited,4,-0.2231435513142097
excitedly,1,0.6931471805599453
excitement,3,0.0
excites,1,0.6931471805599453
exciting,4,-0.2231435513142097
exclaim,1,0.6931471805599453
exclaimed,3,0.0
exclaiming,2,0.28768207245178085
exclamation,3,0.0
exclamations,2,0.28768207245178085
exclude,2,0.28768207245178085
excluded,2,0.28768207245178085
exclusion,2,0.28768207245178085
exclusively,1,0.6931471805599453
excursion,1,0.6931471805599453
excusable,1,0.6931471805599453
excuse,3,0.0
excused,2,0.28768207245178085
excuses,3,0.0
executed,2,0.28768207245178085
executing,2,0.28768207245178085
execution,3,0.0
executors,1,0.6931471805599453
exemplary,1,0.6931471805599453
exempt,1,0.6931471805599453
exercise,4,-0.2231435513142097
exercises,1,0.6931471805599453
exercising,2,0.28768207245178085
exert,3,0.0
exerted,1,0.6931471805599453
exerting,1,0.6931471805599453
exertion,1,0.6931471805599453
exertions,1,0.6931471805599453
exhausted,3,0.0
exhaustion,1,0.6931471805599453
exhibit,3,0.0
exhibited,2,0.28768207245178085
exhibiting,1,0.6931471805599453
exhibition,1,0.6931471805599453
exhilarated,1,0.6931471805599453
exhilarating,1,0.6931471805599453
exhilaration,1,0.6931471805599453
exhortations,1,0.6931471805599453
exigence,1,0.6931471805599453
exiles,1,0.6931471805599453
exist,3,0.0
existed,2,0.28768207245178085
existence,3,0.0
existing,3,0.0
exists,1,0.6931471805599453
exit,1,0.6931471805599453
expand,1,0.6931471805599453
expect,4,-0.2231435513142097
expectancies,1,0.6931471805599453
expectancy,1,0.6931471805599453
expectation,2,0.28768207245178085
expectations,2,0.28768207245178085
expected,4,-0.2231435513142097
expecting,4,-0.2231435513142097
expects,2,0.28768207245178085
expedient,1,0.6931471805599453
expedite,1,0.6931471805599453
expedition,2,0.28768207245178085
expeditiously,1,0.6931471805599453
expenditure,1,0.6931471805599453
expense,3,0.0
expenses,3,0.0
expensive,3,0.0
experience,4,-0.2231435513142097
experienced,4,-0.2231435513142097
experiences,2,0.28768207245178085
experiencing,1,0.6931471805599453
experiment,1,0.6931471805599453
experiments,1,0.6931471805599453
expiate,1,0.6931471805599453
expiating,1,0.6931471805599453
expiation,1,0.6931471805599453
expired,1,0.6931471805599453
expiring,1,0.6931471805599453
explain,4,-0.2231435513142097
explained,4,-0.2231435513142097
explaining,3,0.0
explains,1,0.6931471805599453
explanation,4,-0.2231435513142097
explanations,4,-0.2231435513142097
explanatory,1,0.6931471805599453
explicit,1,0.6931471805599453
explicitly,1,0.6931471805599453
exploded,1,0.6931471805599453
exploit,1,0.6931471805599453
explore,2,0.28768207245178085
explosion,2,0.28768207245178085
explosive,2,0.28768207245178085
export,1,0.6931471805599453
expose,2,0.28768207245178085
exposed,3,0.0
exposing,1,0.6931471805599453
expostulating,2,0.28768207245178085
expostulation,1,0.6931471805599453
exposure,3,0.0
expound,2,0.28768207245178085
expounding,1,0.6931471805599453
express,2,0.28768207245178085
expressed,4,-0.2231435513142097
expresses,1,0.6931471805599453
expressing,2,0.28768207245178085
expression,4,-0.2231435513142097
expressions,3,0.0
expressive,3,0.0
expressively,2,0.28768207245178085
expressly,3,0.0
exquisite,3,0.0
extend,2,0.28768207245178085
extended,4,-0.2231435513142097
extending,1,0.6931471805599453
extensive,1,0.6931471805599453
extent,4,-0.2231435513142097
extenuating,2,0.28768207245178085
exterior,1,0.6931471805599453
external,1,0.6931471805599453
externally,1,0.6931471805599453
extinguished,3,0.0
extinguishes,1,0.6931471805599453
extort,1,0.6931471805599453
extorted,1,0.6931471805599453
extra,2,0.28768207245178085
extractions,1,0.6931471805599453
extracts,3,0.0
extraordinarily,1,0.6931471805599453
extraordinary,3,0.0
extravagance,1,0.6931471805599453
extravagant,2,0.28768207245178085
extreme,4,-0.2231435513142097
extremely,4,-0.2231435513142097
extremes,1,0.6931471805599453
extremity,2,0.28768207245178085
exuberance,1,0.6931471805599453
exuberant,1,0.6931471805599453
exultation,1,0.6931471805599453
eye,4,-0.2231435513142097
eyeballs,1,0.6931471805599453
eyebrows,2,0.28768207245178085
eyed,2,0.28768207245178085
eyeglasses,1,0.6931471805599453
eyeing,1,0.6931471805599453
eyelashes,2,0.28768207245178085
eyelids,1,0.6931471805599453
eyes,4,-0.2231435513142097
eyford,1,0.6931471805599453
ezekiah,1,0.6931471805599453
f,2,0.28768207245178085
fabrication,1,0.6931471805599453
face,4,-0.2231435513142097
faced,4,-0.2231435513142097
faces,4,-0.2231435513142097
facet,1,0.6931471805599453
facilitate,2,0.28768207245178085
facilities,1,0.6931471805599453
facility,1,0.6931471805599453
facing,3,0.0
fact,4,-0.2231435513142097
factor,1,0.6931471805599453
factories,2,0.28768207245178085
factory,1,0.6931471805599453
facts,4,-0.2231435513142097
faculties,3,0.0
faculty,1,0.6931471805599453
fad,1,0.6931471805599453
faddy,1,0.6931471805599453
fade,1,0.6931471805599453
faded,2,0.28768207245178085
fading,1,0.6931471805599453
fads,1,0.6931471805599453
fagged,1,0.6931471805599453
fail,4,-0.2231435513142097
failed,4,-0.2231435513142097
failing,3,0.0
failings,1,0.6931471805599453
fails,1,0.6931471805599453
failure,2,0.28768207245178085
failures,1,0.6931471805599453
fain,1,0.6931471805599453
faint,4,-0.2231435513142097
fainted,2,0.28768207245178085
fainter,1,0.6931471805599453
faintest,1,0.6931471805599453
fainting,2,0.28768207245178085
faintly,3,0.0
faintness,1,0.6931471805599453
fair,3,0.0
fairbank,1,0.6931471805599453
fairer,1,0.6931471805599453
fairest,2,0.28768207245178085
fairly,4,-0.2231435513142097
fairy,1,0.6931471805599453
fait,1,0.6931471805599453
faith,3,0.0
faithful,3,0.0
faithfully,3,0.0
fake,1,0.6931471805599453
fall,4,-0.2231435513142097
fallacy,1,0.6931471805599453
fallen,4,-0.2231435513142097
falling,4,-0.2231435513142097
falls,4,-0.2231435513142097
false,4,-0.2231435513142097
falsehood,2,0.28768207245178085
falsely,1,0.6931471805599453
falsetto,1,0.6931471805599453
falsity,1,0.6931471805599453
faltered,1,0.6931471805599453
faltering,1,0.6931471805599453
falteringly,1,0.6931471805599453
fame,1,0.6931471805599453
familiar,3,0.0
familiarised,1,0.6931471805599453
familiarity,2,0.28768207245178085
familiarly,1,0.6931471805599453
families,4,-0.2231435513142097
family,4,-0.2231435513142097
familys,1,0.6931471805599453
famine,1,0.6931471805599453
famished,1,0.6931471805599453
famous,3,0.0
fanaticism,1,0.6931471805599453
fancied,2,0.28768207245178085
fancier,1,0.6931471805599453
fancies,2,0.28768207245178085
fanciful,2,0.28768207245178085
fancy,3,0.0
fancying,2,0.28768207245178085
fangs,1,0.6931471805599453
fanlight,1,0.6931471805599453
fantastic,2,0.28768207245178085
fantasy,1,0.6931471805599453
far,4,-0.2231435513142097
farce,1,0.6931471805599453
fare,3,0.0
fared,1,0.6931471805599453
fareham,1,0.6931471805599453
fares,1,0.6931471805599453
farewell,3,0.0
farintosh,1,0.6931471805599453
farm,3,0.0
farmhouse,2,0.28768207245178085
farmhouses,1,0.6931471805599453
farms,2,0.28768207245178085
farmyard,1,0.6931471805599453
farrington,1,0.6931471805599453
farther,4,-0.2231435513142097
farthest,1,0.6931471805599453
farthing,3,0.0
farthings,1,0.6931471805599453
fascinate,1,0.6931471805599453
fascinated,1,0.6931471805599453
fascinating,2,0.28768207245178085
fascination,2,0.28768207245178085
fashion,3,0.0
fashionable,3,0.0
fashionably,1,0.6931471805599453
fashioned,3,0.0
fashions,1,0.6931471805599453
fast,4,-0.2231435513142097
fasten,2,0.28768207245178085
fastened,4,-0.2231435513142097
fasteners,1,0.6931471805599453
fastening,2,0.28768207245178085
faster,2,0.28768207245178085
fastest,1,0.6931471805599453
fastidious,1,0.6931471805599453
fastidiousness,1,0.6931471805599453
fasting,1,0.6931471805599453
fat,4,-0.2231435513142097
fatal,2,0.28768207245178085
fatally,1,0.6931471805599453
fate,3,0.0
fateful,1,0.6931471805599453
father,4,-0.2231435513142097
fatherhood,1,0.6931471805599453
fatherland,1,0.6931471805599453
fatherless,1,0.6931471805599453
fathers,3,0.0
fathom,1,0.6931471805599453
fathomed,1,0.6931471805599453
fatigue,2,0.28768207245178085
fatigued,3,0.0
fatiguing,1,0.6931471805599453
fatness,1,0.6931471805599453
fattened,1,0.6931471805599453
fattest,1,0.6931471805599453
fattish,1,0.6931471805599453
fatuity,1,0.6931471805599453
fault,4,-0.2231435513142097
faultless,1,0.6931471805599453
faults,3,0.0
faulty,1,0.6931471805599453
favor,1,0.6931471805599453
favorably,1,0.6931471805599453
favour,3,0.0
favourable,3,0.0
favourably,2,0.28768207245178085
favoured,2,0.28768207245178085
favourite,2,0.28768207245178085
favourites,1,0.6931471805599453
favours,1,0.6931471805599453
fawn,1,0.6931471805599453
fawned,1,0.6931471805599453
fawning,1,0.6931471805599453
fear,4,-0.2231435513142097
feared,3,0.0
fearful,2,0.28768207245178085
fearfully,1,0.6931471805599453
fearing,2,0.28768207245178085
fearless,2,0.28768207245178085
fears,3,0.0
feasible,1,0.6931471805599453
feast,1,0.6931471805599453
feat,1,0.6931471805599453
feather,4,-0.2231435513142097
feathers,2,0.28768207245178085
feature,3,0.0
featureless,1,0.6931471805599453
features,3,0.0
february,3,0.0
fed,3,0.0
federico,1,0.6931471805599453
fedosya,1,0.6931471805599453
fedyaevs,1,0.6931471805599453
fee,2,0.28768207245178085
feeble,2,0.28768207245178085
feebler,1,0.6931471805599453
feebly,1,0.6931471805599453
feed,3,0.0
feeding,1,0.6931471805599453
feel,4,-0.2231435513142097
feeling,4,-0.2231435513142097
feelingly,1,0.6931471805599453
feelings,4,-0.2231435513142097
feels,3,0.0
fees,1,0.6931471805599453
feet,4,-0.2231435513142097
feign,1,0.6931471805599453
feigned,3,0.0
felicitations,2,0.28768207245178085
felicitous,1,0.6931471805599453
felicity,1,0.6931471805599453
fell,4,-0.2231435513142097
fellow,4,-0.2231435513142097
fellows,4,-0.2231435513142097
fellowship,1,0.6931471805599453
felony,1,0.6931471805599453
felstein,1,0.6931471805599453
felt,4,-0.2231435513142097
female,2,0.28768207245178085
females,1,0.6931471805599453
feminine,3,0.0
fence,2,0.28768207245178085
fenced,1,0.6931471805599453
fences,2,0.28768207245178085
fenchurch,1,0.6931471805599453
fender,1,0.6931471805599453
ferguson,2,0.28768207245178085
fergy,1,0.6931471805599453
feriti,1,0.6931471805599453
fermenting,1,0.6931471805599453
ferocious,2,0.28768207245178085
ferociously,1,0.6931471805599453
ferocity,1,0.6931471805599453
ferret,1,0.6931471805599453
fervent,2,0.28768207245178085
fervently,2,0.28768207245178085
fervour,1,0.6931471805599453
fess,1,0.6931471805599453
festive,1,0.6931471805599453
festivities,1,0.6931471805599453
festivity,1,0.6931471805599453
fetch,3,0.0
fetched,2,0.28768207245178085
fetching,1,0.6931471805599453
fetters,1,0.6931471805599453
feu,1,0.6931471805599453
fever,3,0.0
feverish,2,0.28768207245178085
feverishly,1,0.6931471805599453
few,4,-0.2231435513142097
fewer,3,0.0
fewness,1,0.6931471805599453
fezzes,1,0.6931471805599453
fiancé,2,0.28768207245178085
fiancée,1,0.6931471805599453
fiasco,1,0.6931471805599453
fiat,1,0.6931471805599453
fibbing,1,0.6931471805599453
fiction,1,0.6931471805599453
fidelity,2,0.28768207245178085
fidget,2,0.28768207245178085
fidgeted,2,0.28768207245178085
fidgeting,1,0.6931471805599453
fidgets,1,0.6931471805599453
fidgety,1,0.6931471805599453
fie,1,0.6931471805599453
field,4,-0.2231435513142097
fields,3,0.0
fiend,1,0.6931471805599453
fiendish,1,0.6931471805599453
fierce,2,0.28768207245178085
fiercely,3,0.0
fiery,1,0.6931471805599453
fifteen,4,-0.2231435513142097
fifteenth,1,0.6931471805599453
fifth,4,-0.2231435513142097
fifthly,1,0.6931471805599453
fifty,4,-0.2231435513142097
fight,4,-0.2231435513142097
fighting,4,-0.2231435513142097
figure,4,-0.2231435513142097
figured,1,0.6931471805599453
figures,3,0.0
filberts,1,0.6931471805599453
filed,1,0.6931471805599453
files,1,0.6931471805599453
filial,2,0.28768207245178085
filigree,1,0.6931471805599453
filka,1,0.6931471805599453
fill,4,-0.2231435513142097
filled,4,-0.2231435513142097
filling,3,0.0
fillipo,1,0.6931471805599453
fillippo,1,0.6931471805599453
fills,1,0.6931471805599453
filtering,1,0.6931471805599453
filth,1,0.6931471805599453
filthiness,1,0.6931471805599453
filthy,3,0.0
final,3,0.0
finally,4,-0.2231435513142097
finances,1,0.6931471805599453
financial,2,0.28768207245178085
financier,1,0.6931471805599453
finanza,1,0.6931471805599453
find,4,-0.2231435513142097
finder,1,0.6931471805599453
finding,4,-0.2231435513142097
finds,3,0.0
fine,4,-0.2231435513142097
finely,1,0.6931471805599453
finer,3,0.0
finery,2,0.28768207245178085
finest,2,0.28768207245178085
finger,3,0.0
fingering,1,0.6931471805599453
fingers,4,-0.2231435513142097
fingertips,1,0.6931471805599453
finish,4,-0.2231435513142097
finished,4,-0.2231435513142097
finishing,3,0.0
finn,1,0.6931471805599453
finnish,1,0.6931471805599453
finns,1,0.6931471805599453
fire,4,-0.2231435513142097
fired,2,0.28768207245178085
firelight,1,0.6931471805599453
firemen,1,0.6931471805599453
firenze,1,0.6931471805599453
fireplace,2,0.28768207245178085
fires,1,0.6931471805599453
fireweed,1,0.6931471805599453
firing,1,0.6931471805599453
firm,4,-0.2231435513142097
firmer,1,0.6931471805599453
firmest,1,0.6931471805599453
firmly,4,-0.2231435513142097
firmness,3,0.0
first,4,-0.2231435513142097
fish,4,-0.2231435513142097
fished,1,0.6931471805599453
fishermans,1,0.6931471805599453
fishermen,1,0.6931471805599453
fishes,2,0.28768207245178085
fishing,2,0.28768207245178085
fist,1,0.6931471805599453
fists,2,0.28768207245178085
fit,4,-0.2231435513142097
fits,2,0.28768207245178085
fitted,4,-0.2231435513142097
fitting,3,0.0
fitzwilliam,1,0.6931471805599453
fitzwilliams,1,0.6931471805599453
five,4,-0.2231435513142097
fiver,1,0.6931471805599453
fives,1,0.6931471805599453
fix,4,-0.2231435513142097
fixed,4,-0.2231435513142097
fixedly,1,0.6931471805599453
fixing,2,0.28768207245178085
fixtures,1,0.6931471805599453
flabby,1,0.6931471805599453
flag,3,0.0
flagged,1,0.6931471805599453
flagging,1,0.6931471805599453
flagrant,1,0.6931471805599453
flags,2,0.28768207245178085
flake,1,0.6931471805599453
flakes,1,0.6931471805599453
flame,2,0.28768207245178085
flames,2,0.28768207245178085
flaming,2,0.28768207245178085
flanders,1,0.6931471805599453
flank,1,0.6931471805599453
flannel,1,0.6931471805599453
flap,2,0.28768207245178085
flapped,1,0.6931471805599453
flapping,1,0.6931471805599453
flare,1,0.6931471805599453
flaring,2,0.28768207245178085
flash,3,0.0
flashed,3,0.0
flashes,2,0.28768207245178085
flashing,3,0.0
flask,1,0.6931471805599453
flasks,1,0.6931471805599453
flat,4,-0.2231435513142097
flatly,1,0.6931471805599453
flatness,1,0.6931471805599453
flats,1,0.6931471805599453
flatten,1,0.6931471805599453
flattened,2,0.28768207245178085
flattening,2,0.28768207245178085
flatter,4,-0.2231435513142097
flattered,3,0.0
flatterers,1,0.6931471805599453
flattering,2,0.28768207245178085
flattery,1,0.6931471805599453
flaubert,1,0.6931471805599453
flavor,1,0.6931471805599453
flaw,2,0.28768207245178085
flaxen,1,0.6931471805599453
fleas,1,0.6931471805599453
flecked,2,0.28768207245178085
fled,1,0.6931471805599453
fleecy,1,0.6931471805599453
fleeing,1,0.6931471805599453
fleet,1,0.6931471805599453
fleeting,2,0.28768207245178085
fleetingly,1,0.6931471805599453
flesh,3,0.0
fleshless,1,0.6931471805599453
fleshly,1,0.6931471805599453
fleshy,1,0.6931471805599453
flew,4,-0.2231435513142097
flicked,1,0.6931471805599453
flickering,2,0.28768207245178085
flicking,1,0.6931471805599453
flies,3,0.0
flight,3,0.0
flights,1,0.6931471805599453
flighty,1,0.6931471805599453
flinch,1,0.6931471805599453
flinching,1,0.6931471805599453
fling,1,0.6931471805599453
flinging,1,0.6931471805599453
flint,2,0.28768207245178085
flirt,1,0.6931471805599453
flirtation,1,0.6931471805599453
flirting,2,0.28768207245178085
flitted,1,0.6931471805599453
float,2,0.28768207245178085
floated,2,0.28768207245178085
floating,3,0.0
flock,1,0.6931471805599453
flocks,2,0.28768207245178085
flog,1,0.6931471805599453
flogged,1,0.6931471805599453
flood,3,0.0
flooded,2,0.28768207245178085
flooding,1,0.6931471805599453
floor,3,0.0
flooring,1,0.6931471805599453
floors,2,0.28768207245178085
floorwalker,1,0.6931471805599453
floorwalkers,1,0.6931471805599453
flop,2,0.28768207245178085
flopping,1,0.6931471805599453
floppy,1,0.6931471805599453
flora,1,0.6931471805599453
florence,1,0.6931471805599453
florid,1,0.6931471805599453
florida,1,0.6931471805599453
flour,2,0.28768207245178085
flourished,1,0.6931471805599453
flow,2,0.28768207245178085
flowed,3,0.0
flower,1,0.6931471805599453
flowers,3,0.0
flowing,4,-0.2231435513142097
flown,2,0.28768207245178085
flows,1,0.6931471805599453
fluctuating,1,0.6931471805599453
fluent,1,0.6931471805599453
fluently,2,0.28768207245178085
fluffles,1,0.6931471805599453
fluffy,1,0.6931471805599453
fluid,1,0.6931471805599453
flung,2,0.28768207245178085
flunkey,1,0.6931471805599453
flurried,1,0.6931471805599453
flush,2,0.28768207245178085
flushed,2,0.28768207245178085
flushes,1,0.6931471805599453
flushing,2,0.28768207245178085
flustered,1,0.6931471805599453
flute,1,0.6931471805599453
flutter,3,0.0
fluttered,4,-0.2231435513142097
flutterings,1,0.6931471805599453
fly,2,0.28768207245178085
flying,4,-0.2231435513142097
foam,1,0.6931471805599453
focus,1,0.6931471805599453
fog,3,0.0
fogeys,1,0.6931471805599453
foggy,1,0.6931471805599453
fogs,1,0.6931471805599453
foie,1,0.6931471805599453
foil,1,0.6931471805599453
fold,2,0.28768207245178085
folded,4,-0.2231435513142097
folding,2,0.28768207245178085
foliage,2,0.28768207245178085
folios,1,0.6931471805599453
folk,2,0.28768207245178085
folks,2,0.28768207245178085
follies,1,0.6931471805599453
follow,4,-0.2231435513142097
followed,4,-0.2231435513142097
following,4,-0.2231435513142097
follows,3,0.0
folly,3,0.0
fomitch,1,0.6931471805599453
fomitchs,1,0.6931471805599453
fond,4,-0.2231435513142097
fonder,2,0.28768207245178085
fondly,1,0.6931471805599453
fondness,1,0.6931471805599453
fontanivent,1,0.6931471805599453
foo,1,0.6931471805599453
food,4,-0.2231435513142097
fool,4,-0.2231435513142097
fooled,1,0.6931471805599453
foolish,3,0.0
foolishly,2,0.28768207245178085
foolishness,2,0.28768207245178085
fools,4,-0.2231435513142097
foolscap,1,0.6931471805599453
foot,4,-0.2231435513142097
football,1,0.6931471805599453
footboard,1,0.6931471805599453
footed,1,0.6931471805599453
footfall,1,0.6931471805599453
footfalls,1,0.6931471805599453
footing,3,0.0
footman,3,0.0
footmarks,1,0.6931471805599453
footmen,1,0.6931471805599453
footpath,1,0.6931471805599453
footpaths,1,0.6931471805599453
footsteps,2,0.28768207245178085
footstool,1,0.6931471805599453
foppish,1,0.6931471805599453
foppishness,1,0.6931471805599453
for,4,-0.2231435513142097
forasmuch,1,0.6931471805599453
forbade,1,0.6931471805599453
forbearance,1,0.6931471805599453
forbearing,1,0.6931471805599453
forbid,3,0.0
forbidden,3,0.0
forbidding,2,0.28768207245178085
forbore,1,0.6931471805599453
force,3,0.0
forced,3,0.0
forcep,1,0.6931471805599453
forceps,2,0.28768207245178085
forces,1,0.6931471805599453
forcibly,2,0.28768207245178085
forcing,2,0.28768207245178085
fordham,1,0.6931471805599453
fordyces,1,0.6931471805599453
fore,1,0.6931471805599453
forearm,1,0.6931471805599453
foreboding,1,0.6931471805599453
forebodings,1,0.6931471805599453
forecastle,1,0.6931471805599453
forefinger,2,0.28768207245178085
forefingers,1,0.6931471805599453
forego,1,0.6931471805599453
forehead,3,0.0
foreheads,1,0.6931471805599453
foreign,3,0.0
foreigner,3,0.0
foreigners,2,0.28768207245178085
foreman,1,0.6931471805599453
foremost,2,0.28768207245178085
forenoon,1,0.6931471805599453
forenoons,1,0.6931471805599453
foresaw,3,0.0
foresee,3,0.0
foreseeing,1,0.6931471805599453
foreseen,3,0.0
foresight,1,0.6931471805599453
forest,2,0.28768207245178085
forestalling,1,0.6931471805599453
forests,1,0.6931471805599453
foretaste,1,0.6931471805599453
foretold,3,0.0
forever,2,0.28768207245178085
forfeit,3,0.0
forfeited,1,0.6931471805599453
forgave,1,0.6931471805599453
forge,1,0.6931471805599453
forger,1,0.6931471805599453
forgery,1,0.6931471805599453
forget,4,-0.2231435513142097
forgetful,1,0.6931471805599453
forgetfulness,3,0.0
forgets,2,0.28768207245178085
forgetting,2,0.28768207245178085
forging,1,0.6931471805599453
forgive,4,-0.2231435513142097
forgiven,3,0.0
forgiveness,3,0.0
forgiving,1,0.6931471805599453
forgo,1,0.6931471805599453
forgot,4,-0.2231435513142097
forgotten,4,-0.2231435513142097
fork,1,0.6931471805599453
forks,2,0.28768207245178085
forlorn,1,0.6931471805599453
form,4,-0.2231435513142097
formal,2,0.28768207245178085
formalities,3,0.0
formality,2,0.28768207245178085
formally,1,0.6931471805599453
formation,1,0.6931471805599453
formed,4,-0.2231435513142097
former,4,-0.2231435513142097
formerly,3,0.0
formidable,3,0.0
forming,3,0.0
forms,3,0.0
forsaken,1,0.6931471805599453
forster,1,0.6931471805599453
forsters,1,0.6931471805599453
forth,4,-0.2231435513142097
fortifying,1,0.6931471805599453
fortitude,2,0.28768207245178085
fortnight,3,0.0
fortnights,2,0.28768207245178085
fortress,2,0.28768207245178085
forts,1,0.6931471805599453
fortunate,4,-0.2231435513142097
fortunately,3,0.0
fortune,3,0.0
fortunes,3,0.0
forty,4,-0.2231435513142097
forward,4,-0.2231435513142097
forwarded,2,0.28768207245178085
forwarder,1,0.6931471805599453
forwarding,1,0.6931471805599453
forwards,2,0.28768207245178085
fought,3,0.0
foul,3,0.0
found,4,-0.2231435513142097
foundation,2,0.28768207245178085
foundations,2,0.28768207245178085
founded,3,0.0
founder,1,0.6931471805599453
fount,1,0.6931471805599453
fountain,2,0.28768207245178085
fountains,1,0.6931471805599453
four,4,-0.2231435513142097
fourier,1,0.6931471805599453
fourteen,2,0.28768207245178085
fourteenth,1,0.6931471805599453
fourth,4,-0.2231435513142097
fourthly,2,0.28768207245178085
fowl,1,0.6931471805599453
fowler,1,0.6931471805599453
fowls,1,0.6931471805599453
fox,1,0.6931471805599453
foxes,1,0.6931471805599453
foxhounds,1,0.6931471805599453
fraction,1,0.6931471805599453
fracture,1,0.6931471805599453
fractured,1,0.6931471805599453
fragile,1,0.6931471805599453
fragment,1,0.6931471805599453
fragments,2,0.28768207245178085
fragrant,1,0.6931471805599453
frail,1,0.6931471805599453
frailty,1,0.6931471805599453
frame,4,-0.2231435513142097
framed,1,0.6931471805599453
frames,1,0.6931471805599453
framework,2,0.28768207245178085
franc,1,0.6931471805599453
france,3,0.0
franchise,1,0.6931471805599453
francis,1,0.6931471805599453
francisco,2,0.28768207245178085
franco,2,0.28768207245178085
francs,1,0.6931471805599453
frank,1,0.6931471805599453
frankest,1,0.6931471805599453
frankly,3,0.0
frankness,2,0.28768207245178085
franks,1,0.6931471805599453
frantic,2,0.28768207245178085
frantically,2,0.28768207245178085
frantsovna,1,0.6931471805599453
frantsovnas,1,0.6931471805599453
franz,1,0.6931471805599453
français,1,0.6931471805599453
fraud,1,0.6931471805599453
fray,1,0.6931471805599453
frayed,2,0.28768207245178085
freak,1,0.6931471805599453
freckled,2,0.28768207245178085
fred,1,0.6931471805599453
frederic,1,0.6931471805599453
frederico,1,0.6931471805599453
fredi,1,0.6931471805599453
free,4,-0.2231435513142097
freebody,1,0.6931471805599453
freed,2,0.28768207245178085
freedom,3,0.0
freely,4,-0.2231435513142097
freemason,1,0.6931471805599453
freemasonry,1,0.6931471805599453
freight,1,0.6931471805599453
french,4,-0.2231435513142097
frenchman,3,0.0
frenchmen,1,0.6931471805599453
frenzied,1,0.6931471805599453
frenzy,2,0.28768207245178085
frequent,2,0.28768207245178085
frequented,1,0.6931471805599453
frequently,4,-0.2231435513142097
fresa,1,0.6931471805599453
frescoes,1,0.6931471805599453
fresh,4,-0.2231435513142097
freshen,1,0.6931471805599453
fresher,2,0.28768207245178085
freshly,2,0.28768207245178085
freshness,1,0.6931471805599453
fresno,1,0.6931471805599453
fret,1,0.6931471805599453
fretfully,1,0.6931471805599453
fretfulness,1,0.6931471805599453
fretted,1,0.6931471805599453
fretting,1,0.6931471805599453
friday,3,0.0
fried,1,0.6931471805599453
friend,4,-0.2231435513142097
friendless,1,0.6931471805599453
friendlier,1,0.6931471805599453
friendliness,1,0.6931471805599453
friendly,4,-0.2231435513142097
friends,4,-0.2231435513142097
friendship,3,0.0
fright,2,0.28768207245178085
frighten,3,0.0
frightened,4,-0.2231435513142097
frightening,1,0.6931471805599453
frightens,2,0.28768207245178085
frightful,2,0.28768207245178085
frill,2,0.28768207245178085
fringe,2,0.28768207245178085
fringed,1,0.6931471805599453
frisco,2,0.28768207245178085
frisks,1,0.6931471805599453
fritz,1,0.6931471805599453
frivolous,2,0.28768207245178085
fro,2,0.28768207245178085
frock,2,0.28768207245178085
frogged,1,0.6931471805599453
from,4,-0.2231435513142097
front,4,-0.2231435513142097
fronted,1,0.6931471805599453
frontier,1,0.6931471805599453
fronts,2,0.28768207245178085
frost,4,-0.2231435513142097
frostbites,1,0.6931471805599453
frosted,1,0.6931471805599453
frosty,1,0.6931471805599453
frown,1,0.6931471805599453
frowned,1,0.6931471805599453
frowning,2,0.28768207245178085
froze,2,0.28768207245178085
frozen,1,0.6931471805599453
fruit,2,0.28768207245178085
fruitless,1,0.6931471805599453
fruits,4,-0.2231435513142097
frying,1,0.6931471805599453
ft,1,0.6931471805599453
fuel,1,0.6931471805599453
fugitives,2,0.28768207245178085
fulfil,3,0.0
fulfilled,1,0.6931471805599453
fulfilment,2,0.28768207245178085
full,4,-0.2231435513142097
fullers,1,0.6931471805599453
fullest,2,0.28768207245178085
fullness,1,0.6931471805599453
fully,4,-0.2231435513142097
fumbled,2,0.28768207245178085
fumbling,1,0.6931471805599453
fumes,2,0.28768207245178085
fuming,1,0.6931471805599453
fun,3,0.0
functioning,1,0.6931471805599453
fund,1,0.6931471805599453
fundamental,1,0.6931471805599453
fundamentally,1,0.6931471805599453
funds,2,0.28768207245178085
funeral,1,0.6931471805599453
funk,1,0.6931471805599453
funniest,2,0.28768207245178085
funny,3,0.0
funèbre,1,0.6931471805599453
fur,2,0.28768207245178085
furious,2,0.28768207245178085
furiously,2,0.28768207245178085
furnace,1,0.6931471805599453
furnish,2,0.28768207245178085
furnished,4,-0.2231435513142097
furnishes,1,0.6931471805599453
furnishing,1,0.6931471805599453
furnishings,1,0.6931471805599453
furniture,4,-0.2231435513142097
furrowed,1,0.6931471805599453
further,4,-0.2231435513142097
furthest,1,0.6931471805599453
furtive,1,0.6931471805599453
fury,2,0.28768207245178085
fuse,1,0.6931471805599453
fuss,3,0.0
fussily,1,0.6931471805599453
future,3,0.0
fyodorovna,1,0.6931471805599453
g,1,0.6931471805599453
gabbled,1,0.6931471805599453
gables,1,0.6931471805599453
gabriele,1,0.6931471805599453
gage,1,0.6931471805599453
gaieties,1,0.6931471805599453
gaiety,1,0.6931471805599453
gaily,2,0.28768207245178085
gain,3,0.0
gained,3,0.0
gainer,1,0.6931471805599453
gaining,3,0.0
gait,1,0.6931471805599453
gaiters,1,0.6931471805599453
gale,1,0.6931471805599453
gales,1,0.6931471805599453
gallant,1,0.6931471805599453
gallantry,1,0.6931471805599453
gallarate,1,0.6931471805599453
galleria,1,0.6931471805599453
gallery,3,0.0
galling,1,0.6931471805599453
gallon,1,0.6931471805599453
gallop,3,0.0
galloping,1,0.6931471805599453
gallows,1,0.6931471805599453
galvanised,1,0.6931471805599453
gambler,2,0.28768207245178085
gambrinus,1,0.6931471805599453
game,4,-0.2231435513142097
games,2,0.28768207245178085
gamester,1,0.6931471805599453
gaming,1,0.6931471805599453
gang,3,0.0
ganz,1,0.6931471805599453
gaol,1,0.6931471805599453
gap,2,0.28768207245178085
gape,1,0.6931471805599453
gaped,2,0.28768207245178085
gaping,2,0.28768207245178085
gaps,1,0.6931471805599453
garage,1,0.6931471805599453
garden,4,-0.2231435513142097
gardener,1,0.6931471805599453
gardeners,1,0.6931471805599453
gardens,2,0.28768207245178085
gardiner,1,0.6931471805599453
gardiners,1,0.6931471805599453
garibaldi,1,0.6931471805599453
garlic,1,0.6931471805599453
garment,2,0.28768207245178085
garments,2,0.28768207245178085
garret,1,0.6931471805599453
gas,2,0.28768207245178085
gasfitters,1,0.6931471805599453
gash,1,0.6931471805599453
gashed,1,0.6931471805599453
gaslight,1,0.6931471805599453
gasogene,1,0.6931471805599453
gasoline,1,0.6931471805599453
gasp,1,0.6931471805599453
gasped,2,0.28768207245178085
gasping,1,0.6931471805599453
gasps,1,0.6931471805599453
gate,4,-0.2231435513142097
gates,3,0.0
gateway,1,0.6931471805599453
gather,2,0.28768207245178085
gathered,3,0.0
gathering,3,0.0
gatherings,1,0.6931471805599453
gaudy,2,0.28768207245178085
gaunt,2,0.28768207245178085
gaunter,1,0.6931471805599453
gauze,1,0.6931471805599453
gave,4,-0.2231435513142097
gavuzzi,1,0.6931471805599453
gawky,1,0.6931471805599453
gay,2,0.28768207245178085
gayer,1,0.6931471805599453
gaze,3,0.0
gazed,2,0.28768207245178085
gazette,1,0.6931471805599453
gazetteer,1,0.6931471805599453
gazing,2,0.28768207245178085
gear,2,0.28768207245178085
geese,1,0.6931471805599453
gelding,1,0.6931471805599453
gem,1,0.6931471805599453
gems,1,0.6931471805599453
general,4,-0.2231435513142097
generale,1,0.6931471805599453
generality,1,0.6931471805599453
generally,3,0.0
generals,2,0.28768207245178085
generation,3,0.0
generations,2,0.28768207245178085
generosity,1,0.6931471805599453
generous,3,0.0
generously,2,0.28768207245178085
genial,2,0.28768207245178085
geniality,1,0.6931471805599453
genially,1,0.6931471805599453
genii,1,0.6931471805599453
genius,2,0.28768207245178085
geniuses,1,0.6931471805599453
genoa,1,0.6931471805599453
genteel,3,0.0
genteelly,1,0.6931471805599453
gentility,1,0.6931471805599453
gentle,4,-0.2231435513142097
gentlefolk,1,0.6931471805599453
gentleman,4,-0.2231435513142097
gentlemanlike,1,0.6931471805599453
gentlemanly,2,0.28768207245178085
gentlemans,3,0.0
gentlemen,4,-0.2231435513142097
gentlemens,1,0.6931471805599453
gentleness,2,0.28768207245178085
gentler,1,0.6931471805599453
gentlest,1,0.6931471805599453
gentlewoman,2,0.28768207245178085
gently,3,0.0
genuine,2,0.28768207245178085
genuinely,1,0.6931471805599453
geography,1,0.6931471805599453
geology,1,0.6931471805599453
george,3,0.0
georges,1,0.6931471805599453
georgetti,1,0.6931471805599453
georgia,2,0.28768207245178085
georgiana,1,0.6931471805599453
georgianas,1,0.6931471805599453
geraniums,1,0.6931471805599453
german,3,0.0
germans,3,0.0
germany,1,0.6931471805599453
gesellschaft,1,0.6931471805599453
gesticulating,2,0.28768207245178085
gesticulations,1,0.6931471805599453
gesture,3,0.0
gestures,1,0.6931471805599453
get,4,-0.2231435513142097
gets,4,-0.2231435513142097
getting,4,-0.2231435513142097
ghastly,2,0.28768207245178085
ghost,2,0.28768207245178085
ghostly,1,0.6931471805599453
ghosts,1,0.6931471805599453
giant,3,0.0
giants,1,0.6931471805599453
gibe,1,0.6931471805599453
gibing,1,0.6931471805599453
giddiness,2,0.28768207245178085
giddy,1,0.6931471805599453
gift,3,0.0
gifts,1,0.6931471805599453
gig,1,0.6931471805599453
gigantic,3,0.0
giggle,1,0.6931471805599453
giggled,1,0.6931471805599453
giggles,1,0.6931471805599453
giggling,1,0.6931471805599453
gilt,1,0.6931471805599453
gin,1,0.6931471805599453
gingerbread,1,0.6931471805599453
gingerly,1,0.6931471805599453
gino,1,0.6931471805599453
giovanni,1,0.6931471805599453
gipsies,1,0.6931471805599453
gipsy,1,0.6931471805599453
girl,4,-0.2231435513142097
girls,4,-0.2231435513142097
girt,1,0.6931471805599453
give,4,-0.2231435513142097
given,4,-0.2231435513142097
gives,3,0.0
giving,4,-0.2231435513142097
glad,4,-0.2231435513142097
glade,1,0.6931471805599453
gladly,1,0.6931471805599453
gladstone,1,0.6931471805599453
glamour,1,0.6931471805599453
glance,3,0.0
glanced,2,0.28768207245178085
glances,2,0.28768207245178085
glancing,3,0.0
glands,1,0.6931471805599453
glare,1,0.6931471805599453
glared,2,0.28768207245178085
glaring,2,0.28768207245178085
glass,4,-0.2231435513142097
glasses,3,0.0
glassful,1,0.6931471805599453
glazed,1,0.6931471805599453
glazing,1,0.6931471805599453
gleam,2,0.28768207245178085
gleamed,1,0.6931471805599453
gleaming,1,0.6931471805599453
glee,1,0.6931471805599453
gleefully,1,0.6931471805599453
glen,1,0.6931471805599453
gli,1,0.6931471805599453
glided,1,0.6931471805599453
glimmer,1,0.6931471805599453
glimmered,1,0.6931471805599453
glimpse,3,0.0
glimpses,1,0.6931471805599453
glint,1,0.6931471805599453
glints,1,0.6931471805599453
glissez,1,0.6931471805599453
glisten,1,0.6931471805599453
glistened,1,0.6931471805599453
glitter,1,0.6931471805599453
glittered,1,0.6931471805599453
glittering,1,0.6931471805599453
gloated,1,0.6931471805599453
gloating,1,0.6931471805599453
globe,2,0.28768207245178085
gloom,2,0.28768207245178085
gloomily,2,0.28768207245178085
gloomy,3,0.0
gloried,1,0.6931471805599453
glories,1,0.6931471805599453
glorious,1,0.6931471805599453
glory,3,0.0
gloss,1,0.6931471805599453
glossy,1,0.6931471805599453
glove,3,0.0
gloves,3,0.0
glow,3,0.0
glowed,1,0.6931471805599453
glowing,3,0.0
glutton,1,0.6931471805599453
glühwein,1,0.6931471805599453
gnawing,1,0.6931471805599453
go,4,-0.2231435513142097
goading,1,0.6931471805599453
goal,1,0.6931471805599453
goat,1,0.6931471805599453
goats,1,0.6931471805599453
goatskin,1,0.6931471805599453
god,4,-0.2231435513142097
goddam,1,0.6931471805599453
goddess,1,0.6931471805599453
goddesses,1,0.6931471805599453
godfather,1,0.6931471805599453
godfrey,1,0.6931471805599453
godless,1,0.6931471805599453
gods,3,0.0
godson,1,0.6931471805599453
goes,4,-0.2231435513142097
gogol,1,0.6931471805599453
going,4,-0.2231435513142097
gold,3,0.0
golden,3,0.0
golgotha,1,0.6931471805599453
gondola,1,0.6931471805599453
gondolas,1,0.6931471805599453
gone,4,-0.2231435513142097
gong,1,0.6931471805599453
gonorrhea,1,0.6931471805599453
good,4,-0.2231435513142097
goodge,1,0.6931471805599453
goodness,3,0.0
goods,2,0.28768207245178085
goodwill,2,0.28768207245178085
goodwins,1,0.6931471805599453
goose,2,0.28768207245178085
gordini,1,0.6931471805599453
gordinis,1,0.6931471805599453
gordon,1,0.6931471805599453
gorge,1,0.6931471805599453
gorgeous,1,0.6931471805599453
gorizia,1,0.6931471805599453
gospel,2,0.28768207245178085
gossip,2,0.28768207245178085
gossiping,3,0.0
gossips,1,0.6931471805599453
got,4,-0.2231435513142097
gott,1,0.6931471805599453
gotten,1,0.6931471805599453
gottsreich,1,0.6931471805599453
goulding,1,0.6931471805599453
gouldings,1,0.6931471805599453
gourmand,1,0.6931471805599453
gout,1,0.6931471805599453
governed,1,0.6931471805599453
governess,3,0.0
governesses,1,0.6931471805599453
government,3,0.0
governor,1,0.6931471805599453
governorship,1,0.6931471805599453
gown,4,-0.2231435513142097
gowns,2,0.28768207245178085
grab,1,0.6931471805599453
grabbed,1,0.6931471805599453
grabs,1,0.6931471805599453
grace,3,0.0
gracechurch,1,0.6931471805599453
graceful,3,0.0
gracefully,1,0.6931471805599453
graces,1,0.6931471805599453
gracious,3,0.0
graciously,2,0.28768207245178085
graciousness,1,0.6931471805599453
gradations,1,0.6931471805599453
grade,1,0.6931471805599453
grades,1,0.6931471805599453
gradual,2,0.28768207245178085
gradually,3,0.0
graduate,1,0.6931471805599453
grain,3,0.0
grammar,2,0.28768207245178085
gran,1,0.6931471805599453
granatieri,1,0.6931471805599453
grand,4,-0.2231435513142097
grandeur,1,0.6931471805599453
grandfather,2,0.28768207245178085
grandfathers,1,0.6931471805599453
grandiloquent,1,0.6931471805599453
grandmother,2,0.28768207245178085
grandmothers,1,0.6931471805599453
grandson,1,0.6931471805599453
granite,1,0.6931471805599453
grant,1,0.6931471805599453
granted,2,0.28768207245178085
granting,1,0.6931471805599453
grantleys,1,0.6931471805599453
grape,1,0.6931471805599453
grapes,2,0.28768207245178085
grappa,1,0.6931471805599453
gras,1,0.6931471805599453
grasp,3,0.0
grasped,2,0.28768207245178085
grasping,2,0.28768207245178085
grass,3,0.0
grate,1,0.6931471805599453
grateful,3,0.0
gratefully,1,0.6931471805599453
gratification,1,0.6931471805599453
gratified,2,0.28768207245178085
gratify,2,0.28768207245178085
gratifying,1,0.6931471805599453
grating,2,0.28768207245178085
gratitude,3,0.0
gratuitously,1,0.6931471805599453
gratulation,1,0.6931471805599453
grave,3,0.0
graveclothes,1,0.6931471805599453
gravel,3,0.0
gravely,4,-0.2231435513142097
graver,2,0.28768207245178085
graves,1,0.6931471805599453
gravesend,1,0.6931471805599453
gravest,1,0.6931471805599453
graveyard,1,0.6931471805599453
gravity,3,0.0
gravy,1,0.6931471805599453
gray,1,0.6931471805599453
grazed,1,0.6931471805599453
grease,2,0.28768207245178085
greasy,2,0.28768207245178085
great,4,-0.2231435513142097
greatcoat,2,0.28768207245178085
greater,4,-0.2231435513142097
greatest,3,0.0
greatly,3,0.0
greatness,1,0.6931471805599453
greats,1,0.6931471805599453
grebes,1,0.6931471805599453
greedily,1,0.6931471805599453
greediness,1,0.6931471805599453
greek,1,0.6931471805599453
green,4,-0.2231435513142097
greengrocer,1,0.6931471805599453
greenish,1,0.6931471805599453
greenness,1,0.6931471805599453
greenwich,1,0.6931471805599453
greet,2,0.28768207245178085
greeted,1,0.6931471805599453
greeting,2,0.28768207245178085
greetings,2,0.28768207245178085
greffi,1,0.6931471805599453
grenade,1,0.6931471805599453
grenadiers,1,0.6931471805599453
gretna,1,0.6931471805599453
grew,4,-0.2231435513142097
grey,2,0.28768207245178085
greyish,2,0.28768207245178085
grice,1,0.6931471805599453
grief,3,0.0
griefs,1,0.6931471805599453
grievance,1,0.6931471805599453
grievances,1,0.6931471805599453
grieve,2,0.28768207245178085
grieved,3,0.0
grieving,2,0.28768207245178085
grievous,2,0.28768207245178085
grievously,1,0.6931471805599453
grigorievitch,1,0.6931471805599453
grill,1,0.6931471805599453
grim,2,0.28768207245178085
grime,2,0.28768207245178085
grimesby,1,0.6931471805599453
grimly,2,0.28768207245178085
grimy,1,0.6931471805599453
grin,2,0.28768207245178085
grind,1,0.6931471805599453
grinder,2,0.28768207245178085
grinders,1,0.6931471805599453
grinding,2,0.28768207245178085
grinned,3,0.0
grinning,1,0.6931471805599453
grip,3,0.0
gripped,1,0.6931471805599453
gripping,2,0.28768207245178085
grit,1,0.6931471805599453
gritting,1,0.6931471805599453
gritty,1,0.6931471805599453
grizzled,2,0.28768207245178085
groan,2,0.28768207245178085
groaned,2,0.28768207245178085
groaning,1,0.6931471805599453
groggy,1,0.6931471805599453
groin,1,0.6931471805599453
groom,1,0.6931471805599453
groomed,1,0.6931471805599453
grooms,1,0.6931471805599453
groping,1,0.6931471805599453
gross,3,0.0
grossest,1,0.6931471805599453
grossly,1,0.6931471805599453
grosvenor,2,0.28768207245178085
grotesque,2,0.28768207245178085
ground,4,-0.2231435513142097
groundlessness,1,0.6931471805599453
grounds,4,-0.2231435513142097
groundwork,1,0.6931471805599453
group,4,-0.2231435513142097
grouped,1,0.6931471805599453
groups,1,0.6931471805599453
grouse,1,0.6931471805599453
grove,2,0.28768207245178085
grovelling,1,0.6931471805599453
grow,4,-0.2231435513142097
growing,4,-0.2231435513142097
grown,3,0.0
grows,1,0.6931471805599453
growth,1,0.6931471805599453
grudged,1,0.6931471805599453
grudgingly,1,0.6931471805599453
gruff,1,0.6931471805599453
gruffly,1,0.6931471805599453
grumbled,1,0.6931471805599453
grummets,1,0.6931471805599453
grunted,1,0.6931471805599453
guard,4,-0.2231435513142097
guarded,2,0.28768207245178085
guardia,1,0.6931471805599453
guardian,2,0.28768207245178085
guardianship,2,0.28768207245178085
guards,1,0.6931471805599453
guardsmen,1,0.6931471805599453
guerra,1,0.6931471805599453
guerre,1,0.6931471805599453
guess,4,-0.2231435513142097
guessed,3,0.0
guessing,1,0.6931471805599453
guest,2,0.28768207245178085
guests,2,0.28768207245178085
guffaw,1,0.6931471805599453
guffawed,1,0.6931471805599453
guffawing,1,0.6931471805599453
guidance,3,0.0
guide,2,0.28768207245178085
guided,1,0.6931471805599453
guiding,2,0.28768207245178085
guilt,3,0.0
guilty,3,0.0
guinea,2,0.28768207245178085
guineas,1,0.6931471805599453
guitar,1,0.6931471805599453
gulf,2,0.28768207245178085
gullet,1,0.6931471805599453
gulls,1,0.6931471805599453
gulp,1,0.6931471805599453
gulped,1,0.6931471805599453
gulping,1,0.6931471805599453
gulps,1,0.6931471805599453
gum,1,0.6931471805599453
gummed,1,0.6931471805599453
gun,2,0.28768207245178085
gunman,1,0.6931471805599453
gunner,1,0.6931471805599453
gunners,1,0.6931471805599453
guns,1,0.6931471805599453
gunwale,1,0.6931471805599453
gunwales,1,0.6931471805599453
gurgling,1,0.6931471805599453
gush,1,0.6931471805599453
gushed,1,0.6931471805599453
gushes,1,0.6931471805599453
gustave,1,0.6931471805599453
gusts,1,0.6931471805599453
gutter,2,0.28768207245178085
guttering,1,0.6931471805599453
guttingen,1,0.6931471805599453
guttingens,1,0.6931471805599453
guttural,1,0.6931471805599453
guys,1,0.6931471805599453
guzzling,1,0.6931471805599453
gym,1,0.6931471805599453
gymnasium,2,0.28768207245178085
gyps,1,0.6931471805599453
h,2,0.28768207245178085
ha,3,0.0
habit,3,0.0
habits,3,0.0
habitual,2,0.28768207245178085
hack,2,0.28768207245178085
hacked,1,0.6931471805599453
hackney,1,0.6931471805599453
hackneyed,1,0.6931471805599453
had,4,-0.2231435513142097
hadnt,3,0.0
hadst,1,0.6931471805599453
hafiz,1,0.6931471805599453
hag,1,0.6931471805599453
haggard,1,0.6931471805599453
haggerston,1,0.6931471805599453
hags,1,0.6931471805599453
hague,1,0.6931471805599453
hail,3,0.0
hailed,2,0.28768207245178085
hair,4,-0.2231435513142097
hairdresser,1,0.6931471805599453
hairdressers,1,0.6931471805599453
haired,3,0.0
hairs,1,0.6931471805599453
half,4,-0.2231435513142097
halfpenny,1,0.6931471805599453
halfway,2,0.28768207245178085
halifax,1,0.6931471805599453
hall,4,-0.2231435513142097
hallow,1,0.6931471805599453
halls,1,0.6931471805599453
hallucination,1,0.6931471805599453
hallway,1,0.6931471805599453
halt,2,0.28768207245178085
halted,1,0.6931471805599453
ham,2,0.28768207245178085
hamburger,1,0.6931471805599453
hamlet,1,0.6931471805599453
hammered,1,0.6931471805599453
hammering,1,0.6931471805599453
hampshire,1,0.6931471805599453
hand,4,-0.2231435513142097
handbag,1,0.6931471805599453
handcuffs,1,0.6931471805599453
handed,4,-0.2231435513142097
handedness,1,0.6931471805599453
handful,2,0.28768207245178085
handicap,1,0.6931471805599453
handing,2,0.28768207245178085
handkerchief,4,-0.2231435513142097
handkerchiefs,2,0.28768207245178085
handle,3,0.0
handled,1,0.6931471805599453
handling,1,0.6931471805599453
hands,4,-0.2231435513142097
handsome,4,-0.2231435513142097
handsomely,2,0.28768207245178085
handsomer,1,0.6931471805599453
handsomest,1,0.6931471805599453
handwriting,2,0.28768207245178085
handy,1,0.6931471805599453
hang,4,-0.2231435513142097
hanged,2,0.28768207245178085
hanging,4,-0.2231435513142097
hangings,1,0.6931471805599453
hangs,1,0.6931471805599453
hankeys,1,0.6931471805599453
hanover,1,0.6931471805599453
hansom,1,0.6931471805599453
hansoms,1,0.6931471805599453
hapless,1,0.6931471805599453
happen,4,-0.2231435513142097
happened,4,-0.2231435513142097
happening,4,-0.2231435513142097
happens,4,-0.2231435513142097
happier,3,0.0
happiest,2,0.28768207245178085
happily,4,-0.2231435513142097
happiness,4,-0.2231435513142097
happy,4,-0.2231435513142097
harangue,1,0.6931471805599453
harassed,1,0.6931471805599453
harassing,1,0.6931471805599453
harbour,1,0.6931471805599453
harboured,1,0.6931471805599453
hard,4,-0.2231435513142097
harden,2,0.28768207245178085
hardened,4,-0.2231435513142097
harder,2,0.28768207245178085
hardest,3,0.0
hardihood,1,0.6931471805599453
hardly,4,-0.2231435513142097
hardness,1,0.6931471805599453
hardship,2,0.28768207245178085
hardships,2,0.28768207245178085
hardworking,1,0.6931471805599453
hardy,1,0.6931471805599453
hare,3,0.0
hares,1,0.6931471805599453
hareskin,1,0.6931471805599453
harkov,1,0.6931471805599453
harlamovs,1,0.6931471805599453
harley,1,0.6931471805599453
harlot,1,0.6931471805599453
harlotry,1,0.6931471805599453
harlots,1,0.6931471805599453
harm,3,0.0
harmful,1,0.6931471805599453
harmless,1,0.6931471805599453
harmoniously,1,0.6931471805599453
harmonium,1,0.6931471805599453
harmony,3,0.0
harness,1,0.6931471805599453
harnessed,1,0.6931471805599453
harp,1,0.6931471805599453
harping,1,0.6931471805599453
harpy,1,0.6931471805599453
harriet,1,0.6931471805599453
harringtons,1,0.6931471805599453
harris,1,0.6931471805599453
harrow,1,0.6931471805599453
harsh,2,0.28768207245178085
harshly,3,0.0
hartz,1,0.6931471805599453
harvest,1,0.6931471805599453
has,4,-0.2231435513142097
hash,1,0.6931471805599453
hasnt,2,0.28768207245178085
hasp,1,0.6931471805599453
hast,1,0.6931471805599453
haste,3,0.0
hasten,2,0.28768207245178085
hastened,3,0.0
hastening,3,0.0
hastily,3,0.0
hasty,2,0.28768207245178085
hat,4,-0.2231435513142097
hatched,1,0.6931471805599453
hatching,1,0.6931471805599453
hate,4,-0.2231435513142097
hated,4,-0.2231435513142097
hateful,1,0.6931471805599453
hatefully,1,0.6931471805599453
hates,2,0.28768207245178085
hatfield,1,0.6931471805599453
hath,1,0.6931471805599453
hatherley,1,0.6931471805599453
hatherleys,1,0.6931471805599453
hating,1,0.6931471805599453
hatred,2,0.28768207245178085
hats,3,0.0
hatted,1,0.6931471805599453
hatter,1,0.6931471805599453
hatty,1,0.6931471805599453
haughtily,1,0.6931471805599453
haughtiness,1,0.6931471805599453
haughty,3,0.0
hauled,2,0.28768207245178085
hauling,2,0.28768207245178085
haunch,1,0.6931471805599453
haunches,2,0.28768207245178085
haunt,2,0.28768207245178085
haunted,1,0.6931471805599453
haunts,1,0.6931471805599453
hauteur,1,0.6931471805599453
have,4,-0.2231435513142097
haven,1,0.6931471805599453
havent,2,0.28768207245178085
haversack,1,0.6931471805599453
having,4,-0.2231435513142097
hawaii,1,0.6931471805599453
hawk,1,0.6931471805599453
hawks,1,0.6931471805599453
hay,3,0.0
haye,1,0.6931471805599453
hayfever,1,0.6931471805599453
hayling,1,0.6931471805599453
hazarded,2,0.28768207245178085
haze,1,0.6931471805599453
he,4,-0.2231435513142097
head,4,-0.2231435513142097
headache,2,0.28768207245178085
headdress,1,0.6931471805599453
headed,3,0.0
headgear,2,0.28768207245178085
heading,1,0.6931471805599453
headings,1,0.6931471805599453
headland,1,0.6931471805599453
headlights,1,0.6931471805599453
headlines,1,0.6931471805599453
headlong,1,0.6931471805599453
heads,4,-0.2231435513142097
headstrong,3,0.0
headwaiter,1,0.6931471805599453
heal,1,0.6931471805599453
healed,1,0.6931471805599453
health,4,-0.2231435513142097
healthful,1,0.6931471805599453
healthfulness,1,0.6931471805599453
healthy,4,-0.2231435513142097
heap,2,0.28768207245178085
heaped,2,0.28768207245178085
hear,4,-0.2231435513142097
heard,4,-0.2231435513142097
hearers,1,0.6931471805599453
hearest,1,0.6931471805599453
hearing,4,-0.2231435513142097
hears,3,0.0
heart,4,-0.2231435513142097
hearted,4,-0.2231435513142097
heartedness,1,0.6931471805599453
heartening,1,0.6931471805599453
heartfelt,2,0.28768207245178085
hearth,2,0.28768207245178085
heartily,4,-0.2231435513142097
heartless,2,0.28768207245178085
heartrending,1,0.6931471805599453
hearts,3,0.0
hearty,2,0.28768207245178085
heat,2,0.28768207245178085
heated,2,0.28768207245178085
heather,1,0.6931471805599453
heaved,1,0.6931471805599453
heaven,3,0.0
heavenly,1,0.6931471805599453
heavens,3,0.0
heavier,2,0.28768207245178085
heavily,3,0.0
heaving,2,0.28768207245178085
heavy,4,-0.2231435513142097
hebrew,1,0.6931471805599453
hectic,1,0.6931471805599453
hed,2,0.28768207245178085
hedge,3,0.0
hedges,2,0.28768207245178085
heed,1,0.6931471805599453
heeding,1,0.6931471805599453
heedless,2,0.28768207245178085
heedlessly,1,0.6931471805599453
heedlessness,1,0.6931471805599453
heel,2,0.28768207245178085
heelless,1,0.6931471805599453
heels,3,0.0
heh,1,0.6931471805599453
height,3,0.0
heighten,1,0.6931471805599453
heightened,1,0.6931471805599453
heinous,2,0.28768207245178085
heiress,2,0.28768207245178085
heirs,2,0.28768207245178085
held,4,-0.2231435513142097
helen,2,0.28768207245178085
hell,3,0.0
hellish,1,0.6931471805599453
hello,1,0.6931471805599453
helmet,2,0.28768207245178085
helmets,1,0.6931471805599453
help,4,-0.2231435513142097
helped,3,0.0
helper,1,0.6931471805599453
helping,3,0.0
helpless,2,0.28768207245178085
helplessly,1,0.6931471805599453
helplessness,1,0.6931471805599453
helps,3,0.0
helvetia,1,0.6931471805599453
hem,1,0.6931471805599453
hemlock,1,0.6931471805599453
hemmed,1,0.6931471805599453
hemorrhage,1,0.6931471805599453
hempen,1,0.6931471805599453
hen,1,0.6931471805599453
hence,3,0.0
henceforth,1,0.6931471805599453
henriette,1,0.6931471805599453
henry,2,0.28768207245178085
hens,1,0.6931471805599453
her,4,-0.2231435513142097
herald,1,0.6931471805599453
hercules,1,0.6931471805599453
herd,1,0.6931471805599453
here,4,-0.2231435513142097
hereabouts,1,0.6931471805599453
hereafter,1,0.6931471805599453
hereditary,1,0.6931471805599453
hereford,1,0.6931471805599453
herefordshire,1,0.6931471805599453
heres,4,-0.2231435513142097
heretofore,1,0.6931471805599453
hereupon,1,0.6931471805599453
herewith,1,0.6931471805599453
hermit,1,0.6931471805599453
hermitage,1,0.6931471805599453
hernia,1,0.6931471805599453
hero,1,0.6931471805599453
heroes,1,0.6931471805599453
heroic,3,0.0
heroism,1,0.6931471805599453
herrings,1,0.6931471805599453
hers,4,-0.2231435513142097
herself,4,-0.2231435513142097
hertfordshire,1,0.6931471805599453
heruvimov,1,0.6931471805599453
hes,3,0.0
hesitate,3,0.0
hesitated,3,0.0
hesitating,3,0.0
hesitatingly,1,0.6931471805599453
hesitation,3,0.0
hey,2,0.28768207245178085
hi,2,0.28768207245178085
hid,2,0.28768207245178085
hidden,2,0.28768207245178085
hide,4,-0.2231435513142097
hideous,2,0.28768207245178085
hideously,1,0.6931471805599453
hideousness,1,0.6931471805599453
hiders,1,0.6931471805599453
hides,2,0.28768207245178085
hiding,1,0.6931471805599453
high,4,-0.2231435513142097
higher,4,-0.2231435513142097
highest,4,-0.2231435513142097
highly,3,0.0
highness,1,0.6931471805599453
highroad,1,0.6931471805599453
highway,2,0.28768207245178085
hill,4,-0.2231435513142097
hills,3,0.0
hillside,1,0.6931471805599453
hilt,1,0.6931471805599453
him,4,-0.2231435513142097
himself,4,-0.2231435513142097
hinder,1,0.6931471805599453
hindered,1,0.6931471805599453
hindering,1,0.6931471805599453
hinders,1,0.6931471805599453
hindrance,2,0.28768207245178085
hinges,1,0.6931471805599453
hint,3,0.0
hinted,3,0.0
hinting,2,0.28768207245178085
hints,2,0.28768207245178085
hips,2,0.28768207245178085
hire,1,0.6931471805599453
hired,3,0.0
his,4,-0.2231435513142097
hiss,1,0.6931471805599453
historical,1,0.6931471805599453
histories,2,0.28768207245178085
history,3,0.0
hit,3,0.0
hitch,1,0.6931471805599453
hither,1,0.6931471805599453
hitherto,3,0.0
hitter,1,0.6931471805599453
hitting,2,0.28768207245178085
hm,1,0.6931471805599453
ho,2,0.28768207245178085
hoard,1,0.6931471805599453
hoarding,1,0.6931471805599453
hoarse,2,0.28768207245178085
hoarsely,1,0.6931471805599453
hoax,1,0.6931471805599453
hobbies,1,0.6931471805599453
hobby,1,0.6931471805599453
hobnailed,1,0.6931471805599453
hof,1,0.6931471805599453
hog,1,0.6931471805599453
holborn,1,0.6931471805599453
hold,4,-0.2231435513142097
holder,1,0.6931471805599453
holding,4,-0.2231435513142097
holds,1,0.6931471805599453
hole,3,0.0
holes,3,0.0
holiday,2,0.28768207245178085
holidays,1,0.6931471805599453
holland,1,0.6931471805599453
hollow,3,0.0
hollowed,1,0.6931471805599453
holmes,1,0.6931471805599453
holstein,1,0.6931471805599453
holster,1,0.6931471805599453
holy,2,0.28768207245178085
homage,1,0.6931471805599453
home,4,-0.2231435513142097
homecoming,1,0.6931471805599453
homely,1,0.6931471805599453
homesteads,1,0.6931471805599453
homeward,1,0.6931471805599453
homewards,1,0.6931471805599453
homicidal,1,0.6931471805599453
honest,4,-0.2231435513142097
honestly,2,0.28768207245178085
honesty,1,0.6931471805599453
honey,1,0.6931471805599453
honeymoon,1,0.6931471805599453
honked,1,0.6931471805599453
honor,1,0.6931471805599453
honored,1,0.6931471805599453
honoria,1,0.6931471805599453
honour,3,0.0
honourable,3,0.0
honoured,2,0.28768207245178085
honours,2,0.28768207245178085
hood,3,0.0
hoof,1,0.6931471805599453
hoofs,3,0.0
hook,3,0.0
hooked,2,0.28768207245178085
hooking,1,0.6931471805599453
hooks,1,0.6931471805599453
hop,1,0.6931471805599453
hope,4,-0.2231435513142097
hoped,4,-0.2231435513142097
hopeful,1,0.6931471805599453
hopefully,2,0.28768207245178085
hopeless,4,-0.2231435513142097
hopelessly,1,0.6931471805599453
hopelessness,1,0.6931471805599453
hopes,4,-0.2231435513142097
hoping,4,-0.2231435513142097
hopkins,1,0.6931471805599453
horace,1,0.6931471805599453
horizon,1,0.6931471805599453
horizontally,1,0.6931471805599453
horn,1,0.6931471805599453
horner,1,0.6931471805599453
horrible,3,0.0
horribly,2,0.28768207245178085
horrid,3,0.0
horrified,1,0.6931471805599453
horrify,1,0.6931471805599453
horror,3,0.0
horrors,2,0.28768207245178085
horse,4,-0.2231435513142097
horseback,2,0.28768207245178085
horses,4,-0.2231435513142097
horsewoman,1,0.6931471805599453
horsey,1,0.6931471805599453
horsham,1,0.6931471805599453
hosmer,1,0.6931471805599453
hospital,3,0.0
hospitality,3,0.0
hospitals,2,0.28768207245178085
host,2,0.28768207245178085
hostile,2,0.28768207245178085
hostility,1,0.6931471805599453
hot,4,-0.2231435513142097
hotel,4,-0.2231435513142097
hotels,3,0.0
hotly,1,0.6931471805599453
hotter,1,0.6931471805599453
hound,1,0.6931471805599453
hour,4,-0.2231435513142097
hours,4,-0.2231435513142097
house,4,-0.2231435513142097
household,4,-0.2231435513142097
housekeeper,2,0.28768207245178085
housekeepers,2,0.28768207245178085
housekeeping,1,0.6931471805599453
housemaid,2,0.28768207245178085
housemaids,1,0.6931471805599453
houses,4,-0.2231435513142097
hover,1,0.6931471805599453
hovering,1,0.6931471805599453
how,4,-0.2231435513142097
however,4,-0.2231435513142097
howl,1,0.6931471805599453
howled,1,0.6931471805599453
howling,2,0.28768207245178085
hows,2,0.28768207245178085
howsoever,1,0.6931471805599453
hoyle,1,0.6931471805599453
hubbub,1,0.6931471805599453
hubs,1,0.6931471805599453
huckster,1,0.6931471805599453
hucksters,1,0.6931471805599453
huddled,3,0.0
hudson,1,0.6931471805599453
huffed,1,0.6931471805599453
huffily,1,0.6931471805599453
hug,2,0.28768207245178085
huge,2,0.28768207245178085
hugged,2,0.28768207245178085
hugging,1,0.6931471805599453
hugh,1,0.6931471805599453
hugos,1,0.6931471805599453
hugs,1,0.6931471805599453
hullo,2,0.28768207245178085
hulloa,1,0.6931471805599453
hum,1,0.6931471805599453
human,4,-0.2231435513142097
humane,1,0.6931471805599453
humanity,3,0.0
humanum,1,0.6931471805599453
humble,3,0.0
humbled,2,0.28768207245178085
humbler,1,0.6931471805599453
humbling,1,0.6931471805599453
humbly,1,0.6931471805599453
humbugging,1,0.6931471805599453
humdrum,1,0.6931471805599453
humiliate,1,0.6931471805599453
humiliated,1,0.6931471805599453
humiliating,2,0.28768207245178085
humiliation,3,0.0
humility,2,0.28768207245178085
humming,2,0.28768207245178085
humour,3,0.0
humoured,3,0.0
humouredly,1,0.6931471805599453
humours,1,0.6931471805599453
hun,1,0.6931471805599453
hunchback,1,0.6931471805599453
hundred,4,-0.2231435513142097
hundreds,2,0.28768207245178085
hundredth,2,0.28768207245178085
hundredweight,1,0.6931471805599453
hung,3,0.0
hungarian,1,0.6931471805599453
hunger,1,0.6931471805599453
hungering,1,0.6931471805599453
hungrily,1,0.6931471805599453
hungry,3,0.0
hunsford,1,0.6931471805599453
hunt,2,0.28768207245178085
hunted,3,0.0
hunter,2,0.28768207245178085
hunters,3,0.0
hunting,4,-0.2231435513142097
hurled,1,0.6931471805599453
hurling,1,0.6931471805599453
hurrah,1,0.6931471805599453
hurricane,1,0.6931471805599453
hurried,4,-0.2231435513142097
hurriedly,2,0.28768207245178085
hurry,4,-0.2231435513142097
hurrying,4,-0.2231435513142097
hurst,1,0.6931471805599453
hursts,1,0.6931471805599453
hurt,4,-0.2231435513142097
hurting,1,0.6931471805599453
hurts,4,-0.2231435513142097
husband,4,-0.2231435513142097
husbands,4,-0.2231435513142097
hush,3,0.0
hushed,2,0.28768207245178085
hushing,2,0.28768207245178085
huskily,1,0.6931471805599453
husky,1,0.6931471805599453
hussar,1,0.6931471805599453
hussy,1,0.6931471805599453
hyde,1,0.6931471805599453
hydraulic,1,0.6931471805599453
hydraulics,1,0.6931471805599453
hydrochloric,1,0.6931471805599453
hypochondria,1,0.6931471805599453
hypochondriac,1,0.6931471805599453
hypochondriacal,1,0.6931471805599453
hypocrisy,2,0.28768207245178085
hypocritical,1,0.6931471805599453
hypothesis,2,0.28768207245178085
hysterical,2,0.28768207245178085
hysterically,1,0.6931471805599453
hysterics,2,0.28768207245178085
hôtel,1,0.6931471805599453
i,4,-0.2231435513142097
ice,3,0.0
iced,1,0.6931471805599453
ich,1,0.6931471805599453
icicle,1,0.6931471805599453
icing,1,0.6931471805599453
icy,2,0.28768207245178085
id,3,0.0
idea,4,-0.2231435513142097
ideal,2,0.28768207245178085
idealism,1,0.6931471805599453
idealist,1,0.6931471805599453
ideals,1,0.6931471805599453
ideas,3,0.0
identical,1,0.6931471805599453
identified,2,0.28768207245178085
identify,1,0.6931471805599453
identity,1,0.6931471805599453
idiocy,1,0.6931471805599453
idiot,2,0.28768207245178085
idiotic,1,0.6931471805599453
idiotically,1,0.6931471805599453
idiots,1,0.6931471805599453
idle,3,0.0
idleness,2,0.28768207245178085
idler,1,0.6931471805599453
idly,1,0.6931471805599453
if,4,-0.2231435513142097
ignominy,1,0.6931471805599453
ignorance,3,0.0
ignorant,4,-0.2231435513142097
ignore,1,0.6931471805599453
ignored,1,0.6931471805599453
ignotum,1,0.6931471805599453
ikon,1,0.6931471805599453
ikons,1,0.6931471805599453
il,1,0.6931471805599453
ill,4,-0.2231435513142097
illegal,1,0.6931471805599453
illegally,1,0.6931471805599453
illiberal,1,0.6931471805599453
illiterate,1,0.6931471805599453
illness,3,0.0
illnesses,1,0.6931471805599453
illuminated,1,0.6931471805599453
illustrate,1,0.6931471805599453
illustrated,1,0.6931471805599453
illustration,1,0.6931471805599453
illustrious,2,0.28768207245178085
ilya,1,0.6931471805599453
im,4,-0.2231435513142097
image,1,0.6931471805599453
images,1,0.6931471805599453
imaginable,1,0.6931471805599453
imaginary,2,0.28768207245178085
imagination,3,0.0
imaginations,1,0.6931471805599453
imagine,4,-0.2231435513142097
imagined,3,0.0
imagines,1,0.6931471805599453
imagining,1,0.6931471805599453
imbecile,2,0.28768207245178085
imbecility,2,0.28768207245178085
imbedded,1,0.6931471805599453
imbibed,1,0.6931471805599453
imitate,2,0.28768207245178085
imitated,2,0.28768207245178085
imitation,1,0.6931471805599453
imitations,1,0.6931471805599453
immeasurable,1,0.6931471805599453
immeasurably,1,0.6931471805599453
immediate,3,0.0
immediately,3,0.0
immemorial,1,0.6931471805599453
immense,2,0.28768207245178085
immensely,1,0.6931471805599453
imminent,2,0.28768207245178085
immoderate,1,0.6931471805599453
immoral,1,0.6931471805599453
immovable,2,0.28768207245178085
immovably,1,0.6931471805599453
imola,1,0.6931471805599453
imparted,1,0.6931471805599453
impartial,1,0.6931471805599453
impartiality,1,0.6931471805599453
impartially,2,0.28768207245178085
impassable,2,0.28768207245178085
impatience,3,0.0
impatient,3,0.0
impatiently,3,0.0
impelled,2,0.28768207245178085
impending,1,0.6931471805599453
impenetrably,1,0.6931471805599453
imperative,1,0.6931471805599453
imperfection,1,0.6931471805599453
imperfectly,1,0.6931471805599453
imperial,1,0.6931471805599453
imperilled,1,0.6931471805599453
imperious,1,0.6931471805599453
imperiously,1,0.6931471805599453
impersonal,1,0.6931471805599453
impertinence,2,0.28768207245178085
impertinent,3,0.0
imperturbably,1,0.6931471805599453
impetuous,2,0.28768207245178085
impetuously,1,0.6931471805599453
implacability,1,0.6931471805599453
implacable,2,0.28768207245178085
implicate,1,0.6931471805599453
implicated,1,0.6931471805599453
implicates,1,0.6931471805599453
implicating,1,0.6931471805599453
implicit,3,0.0
implicitness,1,0.6931471805599453
implied,2,0.28768207245178085
implies,2,0.28768207245178085
implore,1,0.6931471805599453
implored,2,0.28768207245178085
imploring,2,0.28768207245178085
imploringly,1,0.6931471805599453
imply,2,0.28768207245178085
impolite,1,0.6931471805599453
impolitic,1,0.6931471805599453
import,1,0.6931471805599453
importance,3,0.0
important,4,-0.2231435513142097
importers,1,0.6931471805599453
importing,1,0.6931471805599453
importune,1,0.6931471805599453
importuned,1,0.6931471805599453
impose,2,0.28768207245178085
imposed,2,0.28768207245178085
imposing,3,0.0
impossibility,2,0.28768207245178085
impossible,4,-0.2231435513142097
impotence,1,0.6931471805599453
impractical,1,0.6931471805599453
impracticality,1,0.6931471805599453
impress,1,0.6931471805599453
impressed,4,-0.2231435513142097
impresses,1,0.6931471805599453
impressing,1,0.6931471805599453
impression,4,-0.2231435513142097
impressionable,1,0.6931471805599453
impressions,2,0.28768207245178085
impressive,4,-0.2231435513142097
impressively,1,0.6931471805599453
imprisoned,1,0.6931471805599453
imprisonment,2,0.28768207245178085
improbabilities,1,0.6931471805599453
improbable,2,0.28768207245178085
impromptu,1,0.6931471805599453
improper,1,0.6931471805599453
improprieties,1,0.6931471805599453
impropriety,1,0.6931471805599453
improve,2,0.28768207245178085
improved,4,-0.2231435513142097
improvement,2,0.28768207245178085
improvements,2,0.28768207245178085
improves,1,0.6931471805599453
improving,1,0.6931471805599453
improvisations,1,0.6931471805599453
imprudence,2,0.28768207245178085
imprudent,1,0.6931471805599453
imprudently,2,0.28768207245178085
imps,1,0.6931471805599453
impudence,2,0.28768207245178085
impudent,2,0.28768207245178085
impudently,1,0.6931471805599453
impulse,3,0.0
impulses,3,0.0
impulsive,1,0.6931471805599453
impulsively,1,0.6931471805599453
impulsiveness,1,0.6931471805599453
impunity,3,0.0
impurities,1,0.6931471805599453
impute,1,0.6931471805599453
imputed,1,0.6931471805599453
imputing,1,0.6931471805599453
in,4,-0.2231435513142097
inaccurate,1,0.6931471805599453
inadequate,2,0.28768207245178085
inappropriately,1,0.6931471805599453
inarticulate,1,0.6931471805599453
inarticulately,1,0.6931471805599453
inartistic,1,0.6931471805599453
inattention,2,0.28768207245178085
inattentive,2,0.28768207245178085
inaudibly,1,0.6931471805599453
incalculable,1,0.6931471805599453
incapable,3,0.0
incarnate,1,0.6931471805599453
incautious,1,0.6931471805599453
incautiously,2,0.28768207245178085
incense,1,0.6931471805599453
incensed,2,0.28768207245178085
inception,1,0.6931471805599453
incessant,2,0.28768207245178085
incessantly,2,0.28768207245178085
inch,1,0.6931471805599453
inches,4,-0.2231435513142097
incident,3,0.0
incidentally,1,0.6931471805599453
incidents,2,0.28768207245178085
incision,1,0.6931471805599453
incisive,1,0.6931471805599453
incitement,1,0.6931471805599453
incites,1,0.6931471805599453
incivility,1,0.6931471805599453
inclination,2,0.28768207245178085
inclinations,1,0.6931471805599453
inclined,3,0.0
include,1,0.6931471805599453
included,2,0.28768207245178085
including,2,0.28768207245178085
incognito,2,0.28768207245178085
incoherence,1,0.6931471805599453
incoherent,2,0.28768207245178085
incoherently,1,0.6931471805599453
income,2,0.28768207245178085
incomparably,1,0.6931471805599453
incompatible,1,0.6931471805599453
incomplete,2,0.28768207245178085
incomprehensible,1,0.6931471805599453
inconceivable,2,0.28768207245178085
incongruity,1,0.6931471805599453
incongruous,1,0.6931471805599453
inconsequential,1,0.6931471805599453
inconsiderable,1,0.6931471805599453
inconsistencies,1,0.6931471805599453
inconsistency,1,0.6931471805599453
inconstancies,1,0.6931471805599453
incontestably,1,0.6931471805599453
inconvenience,3,0.0
inconveniences,1,0.6931471805599453
inconvenient,2,0.28768207245178085
incorrect,1,0.6931471805599453
incorrigible,1,0.6931471805599453
incorruptible,1,0.6931471805599453
increase,2,0.28768207245178085
increased,3,0.0
increases,1,0.6931471805599453
increasing,3,0.0
incredible,3,0.0
incredibly,1,0.6931471805599453
incredulity,3,0.0
incredulous,2,0.28768207245178085
incriminate,1,0.6931471805599453
incumbent,1,0.6931471805599453
incur,1,0.6931471805599453
incurred,2,0.28768207245178085
indebted,3,0.0
indecision,2,0.28768207245178085
indecorous,1,0.6931471805599453
indecorously,1,0.6931471805599453
indecorum,1,0.6931471805599453
indeed,3,0.0
indefinite,1,0.6931471805599453
indefinitely,2,0.28768207245178085
indelible,1,0.6931471805599453
indelicacy,1,0.6931471805599453
indelicate,2,0.28768207245178085
indentations,1,0.6931471805599453
independence,2,0.28768207245178085
independent,3,0.0
independently,1,0.6931471805599453
indescribable,1,0.6931471805599453
index,1,0.6931471805599453
indexing,1,0.6931471805599453
india,2,0.28768207245178085
indian,1,0.6931471805599453
indians,1,0.6931471805599453
indicate,1,0.6931471805599453
indicated,2,0.28768207245178085
indicating,1,0.6931471805599453
indication,1,0.6931471805599453
indications,2,0.28768207245178085
indifference,2,0.28768207245178085
indifferent,3,0.0
indifferently,1,0.6931471805599453
indignant,2,0.28768207245178085
indignantly,1,0.6931471805599453
indignation,3,0.0
indignity,1,0.6931471805599453
indirect,2,0.28768207245178085
indirectly,2,0.28768207245178085
indiscreet,1,0.6931471805599453
indiscreetly,1,0.6931471805599453
indiscretion,2,0.28768207245178085
indiscriminately,1,0.6931471805599453
indispensable,1,0.6931471805599453
indispensably,1,0.6931471805599453
indisposed,1,0.6931471805599453
indisposition,1,0.6931471805599453
indistinct,1,0.6931471805599453
indistinctly,2,0.28768207245178085
indistinguishable,2,0.28768207245178085
individual,3,0.0
individualism,1,0.6931471805599453
individuality,1,0.6931471805599453
individually,1,0.6931471805599453
indolence,1,0.6931471805599453
indolent,1,0.6931471805599453
indoor,1,0.6931471805599453
indoors,1,0.6931471805599453
induce,3,0.0
induced,2,0.28768207245178085
inducement,1,0.6931471805599453
inducements,2,0.28768207245178085
indulge,2,0.28768207245178085
indulged,2,0.28768207245178085
indulgence,2,0.28768207245178085
indulgent,1,0.6931471805599453
indulgently,1,0.6931471805599453
indulging,1,0.6931471805599453
industrial,1,0.6931471805599453
industrious,1,0.6931471805599453
industriously,1,0.6931471805599453
ineffectual,1,0.6931471805599453
ineptitude,1,0.6931471805599453
inequality,1,0.6931471805599453
ineradicable,1,0.6931471805599453
inevitable,2,0.28768207245178085
inevitably,2,0.28768207245178085
inexhaustible,1,0.6931471805599453
inexorable,1,0.6931471805599453
inexperience,2,0.28768207245178085
inexperienced,2,0.28768207245178085
inexplicable,2,0.28768207245178085
inexpressible,1,0.6931471805599453
inexpressibly,2,0.28768207245178085
inextricable,1,0.6931471805599453
infallible,1,0.6931471805599453
infamies,1,0.6931471805599453
infamous,2,0.28768207245178085
infamy,2,0.28768207245178085
infancy,1,0.6931471805599453
infantry,2,0.28768207245178085
infatuation,2,0.28768207245178085
infect,1,0.6931471805599453
infected,1,0.6931471805599453
infection,2,0.28768207245178085
infectious,1,0.6931471805599453
infer,1,0.6931471805599453
inference,1,0.6931471805599453
inferences,2,0.28768207245178085
inferior,2,0.28768207245178085
inferiority,2,0.28768207245178085
infernal,1,0.6931471805599453
inferred,1,0.6931471805599453
infidel,1,0.6931471805599453
infidelity,1,0.6931471805599453
infidels,1,0.6931471805599453
infield,1,0.6931471805599453
infinite,3,0.0
infinitely,3,0.0
infinitesimal,1,0.6931471805599453
infirmity,1,0.6931471805599453
inflamed,2,0.28768207245178085
inflammation,2,0.28768207245178085
inflated,1,0.6931471805599453
inflexibly,1,0.6931471805599453
inflict,1,0.6931471805599453
inflicted,4,-0.2231435513142097
infliction,1,0.6931471805599453
influence,3,0.0
influenced,2,0.28768207245178085
influences,1,0.6931471805599453
influencing,2,0.28768207245178085
inform,3,0.0
informality,2,0.28768207245178085
information,4,-0.2231435513142097
informative,1,0.6931471805599453
informed,3,0.0
informing,2,0.28768207245178085
informs,1,0.6931471805599453
infrequent,1,0.6931471805599453
infrequently,1,0.6931471805599453
infuriated,1,0.6931471805599453
ing,1,0.6931471805599453
ingenious,4,-0.2231435513142097
ingenuity,2,0.28768207245178085
ingenuously,1,0.6931471805599453
ingratitude,2,0.28768207245178085
inhabitants,2,0.28768207245178085
inhabited,2,0.28768207245178085
inhaled,1,0.6931471805599453
inherit,2,0.28768207245178085
inheritance,1,0.6931471805599453
inherited,1,0.6931471805599453
inheriting,2,0.28768207245178085
inhumanity,1,0.6931471805599453
inhumanly,1,0.6931471805599453
inimitably,1,0.6931471805599453
iniquitous,1,0.6931471805599453
iniquity,1,0.6931471805599453
initial,2,0.28768207245178085
initials,1,0.6931471805599453
initiation,1,0.6931471805599453
injections,1,0.6931471805599453
injunction,2,0.28768207245178085
injunctions,1,0.6931471805599453
injure,2,0.28768207245178085
injured,3,0.0
injuries,2,0.28768207245178085
injuring,2,0.28768207245178085
injurious,2,0.28768207245178085
injury,3,0.0
injustice,3,0.0
injustices,1,0.6931471805599453
ink,1,0.6931471805599453
inkling,1,0.6931471805599453
inkpot,1,0.6931471805599453
inmate,1,0.6931471805599453
inmates,1,0.6931471805599453
inn,3,0.0
innate,1,0.6931471805599453
inner,2,0.28768207245178085
innkeeper,1,0.6931471805599453
innocence,2,0.28768207245178085
innocent,4,-0.2231435513142097
innocently,1,0.6931471805599453
inns,1,0.6931471805599453
innumerable,1,0.6931471805599453
inoffensive,1,0.6931471805599453
inquest,2,0.28768207245178085
inquire,3,0.0
inquired,3,0.0
inquirer,1,0.6931471805599453
inquiries,3,0.0
inquiring,3,0.0
inquiringly,1,0.6931471805599453
inquiry,3,0.0
inquisition,1,0.6931471805599453
inquisitive,1,0.6931471805599453
inquisitively,1,0.6931471805599453
ins,1,0.6931471805599453
insane,2,0.28768207245178085
insanely,1,0.6931471805599453
insanity,1,0.6931471805599453
insatiable,1,0.6931471805599453
inscribed,1,0.6931471805599453
inscrutable,1,0.6931471805599453
insect,1,0.6931471805599453
insects,1,0.6931471805599453
insensibility,3,0.0
insensible,1,0.6931471805599453
insensibly,1,0.6931471805599453
inside,3,0.0
insight,1,0.6931471805599453
insignificance,2,0.28768207245178085
insignificant,2,0.28768207245178085
insincere,1,0.6931471805599453
insinuating,3,0.0
insinuation,1,0.6931471805599453
insinuations,1,0.6931471805599453
insipid,1,0.6931471805599453
insipidity,1,0.6931471805599453
insist,3,0.0
insisted,3,0.0
insistence,1,0.6931471805599453
insistent,1,0.6931471805599453
insistently,1,0.6931471805599453
insists,2,0.28768207245178085
insolence,3,0.0
insolent,2,0.28768207245178085
insolently,1,0.6931471805599453
inspect,1,0.6931471805599453
inspection,2,0.28768207245178085
inspector,1,0.6931471805599453
inspire,1,0.6931471805599453
inspired,2,0.28768207245178085
inspires,1,0.6931471805599453
inspiring,2,0.28768207245178085
inst,1,0.6931471805599453
instability,1,0.6931471805599453
installed,1,0.6931471805599453
instalment,1,0.6931471805599453
instance,3,0.0
instances,2,0.28768207245178085
instant,3,0.0
instantaneous,1,0.6931471805599453
instantaneously,1,0.6931471805599453
instantly,4,-0.2231435513142097
instead,4,-0.2231435513142097
instep,1,0.6931471805599453
instigation,1,0.6931471805599453
instigator,1,0.6931471805599453
instinct,2,0.28768207245178085
instinctive,1,0.6931471805599453
instinctively,2,0.28768207245178085
instincts,1,0.6931471805599453
instituted,2,0.28768207245178085
institution,1,0.6931471805599453
institutions,1,0.6931471805599453
instruct,2,0.28768207245178085
instructed,1,0.6931471805599453
instructing,1,0.6931471805599453
instruction,3,0.0
instructions,4,-0.2231435513142097
instructive,1,0.6931471805599453
instrument,2,0.28768207245178085
instruments,1,0.6931471805599453
insufferable,2,0.28768207245178085
insufferably,2,0.28768207245178085
insufficient,2,0.28768207245178085
insult,2,0.28768207245178085
insulted,3,0.0
insulting,3,0.0
insults,1,0.6931471805599453
insupportable,1,0.6931471805599453
insurance,1,0.6931471805599453
insure,1,0.6931471805599453
insured,1,0.6931471805599453
insurmountable,1,0.6931471805599453
integral,1,0.6931471805599453
integrity,1,0.6931471805599453
intellect,1,0.6931471805599453
intellectual,2,0.28768207245178085
intellectually,1,0.6931471805599453
intelligence,3,0.0
intelligent,4,-0.2231435513142097
intelligible,2,0.28768207245178085
intend,3,0.0
intended,3,0.0
intending,2,0.28768207245178085
intense,2,0.28768207245178085
intensely,1,0.6931471805599453
intensified,1,0.6931471805599453
intensity,2,0.28768207245178085
intent,2,0.28768207245178085
intention,3,0.0
intentional,1,0.6931471805599453
intentionally,2,0.28768207245178085
intentioned,1,0.6931471805599453
intentions,3,0.0
intently,3,0.0
inter,1,0.6931471805599453
intercourse,1,0.6931471805599453
interest,4,-0.2231435513142097
interested,4,-0.2231435513142097
interestedly,1,0.6931471805599453
interesting,4,-0.2231435513142097
interests,2,0.28768207245178085
interfere,3,0.0
interfered,1,0.6931471805599453
interference,1,0.6931471805599453
interfering,1,0.6931471805599453
interim,1,0.6931471805599453
interiors,1,0.6931471805599453
interjected,1,0.6931471805599453
intermediate,1,0.6931471805599453
intermission,1,0.6931471805599453
intern,1,0.6931471805599453
interpose,2,0.28768207245178085
interposed,2,0.28768207245178085
interpret,1,0.6931471805599453
interpretation,2,0.28768207245178085
interpreted,1,0.6931471805599453
interrogated,1,0.6931471805599453
interrogations,1,0.6931471805599453
interrogator,1,0.6931471805599453
interrupt,3,0.0
interrupted,4,-0.2231435513142097
interrupting,2,0.28768207245178085
interruption,2,0.28768207245178085
interruptions,2,0.28768207245178085
interspersing,1,0.6931471805599453
interval,3,0.0
intervals,3,0.0
intervene,1,0.6931471805599453
intervened,1,0.6931471805599453
intervening,1,0.6931471805599453
interview,3,0.0
interviews,1,0.6931471805599453
intestine,1,0.6931471805599453
intimacy,3,0.0
intimate,3,0.0
intimately,1,0.6931471805599453
intimates,1,0.6931471805599453
intimation,1,0.6931471805599453
intimidate,1,0.6931471805599453
intimidated,2,0.28768207245178085
into,4,-0.2231435513142097
intolerable,2,0.28768207245178085
intonation,1,0.6931471805599453
intra,1,0.6931471805599453
intrepidity,1,0.6931471805599453
intricate,2,0.28768207245178085
intrigue,2,0.28768207245178085
intrigues,1,0.6931471805599453
intriguing,1,0.6931471805599453
introduce,3,0.0
introduced,3,0.0
introduces,1,0.6931471805599453
introducing,3,0.0
introduction,3,0.0
introspect,1,0.6931471805599453
introspective,1,0.6931471805599453
intrude,2,0.28768207245178085
intruder,2,0.28768207245178085
intruding,2,0.28768207245178085
intrusion,2,0.28768207245178085
intrusions,1,0.6931471805599453
intrusive,1,0.6931471805599453
intrusted,1,0.6931471805599453
intuition,1,0.6931471805599453
intuitions,1,0.6931471805599453
inured,1,0.6931471805599453
invaders,1,0.6931471805599453
invalid,2,0.28768207245178085
invaluable,3,0.0
invariable,2,0.28768207245178085
invariably,3,0.0
invectives,1,0.6931471805599453
invent,3,0.0
invented,1,0.6931471805599453
inventing,1,0.6931471805599453
invention,3,0.0
invents,1,0.6931471805599453
invested,1,0.6931471805599453
investigate,2,0.28768207245178085
investigated,2,0.28768207245178085
investigating,1,0.6931471805599453
investigation,2,0.28768207245178085
investigations,3,0.0
investigators,1,0.6931471805599453
investment,1,0.6931471805599453
investments,1,0.6931471805599453
inveterate,1,0.6931471805599453
invigorating,1,0.6931471805599453
inviolate,1,0.6931471805599453
invisible,1,0.6931471805599453
invitation,2,0.28768207245178085
invitations,1,0.6931471805599453
invite,2,0.28768207245178085
invited,3,0.0
inviting,2,0.28768207245178085
involuntarily,2,0.28768207245178085
involuntary,2,0.28768207245178085
involve,1,0.6931471805599453
involved,4,-0.2231435513142097
involves,1,0.6931471805599453
involving,2,0.28768207245178085
inward,2,0.28768207245178085
inwardly,1,0.6931471805599453
iodoform,1,0.6931471805599453
iota,1,0.6931471805599453
iou,1,0.6931471805599453
ireland,1,0.6931471805599453
irene,1,0.6931471805599453
irenes,1,0.6931471805599453
irish,2,0.28768207245178085
irksome,2,0.28768207245178085
iron,3,0.0
ironical,1,0.6931471805599453
ironically,1,0.6931471805599453
ironwork,1,0.6931471805599453
irony,1,0.6931471805599453
irrational,1,0.6931471805599453
irrefutable,1,0.6931471805599453
irregular,1,0.6931471805599453
irregularity,2,0.28768207245178085
irregularly,1,0.6931471805599453
irrelevant,1,0.6931471805599453
irreligious,1,0.6931471805599453
irremediable,1,0.6931471805599453
irreproachable,2,0.28768207245178085
irresistible,2,0.28768207245178085
irresistibly,1,0.6931471805599453
irresponsible,1,0.6931471805599453
irretrievable,1,0.6931471805599453
irrevocable,1,0.6931471805599453
irrevocably,2,0.28768207245178085
irrigation,1,0.6931471805599453
irritability,1,0.6931471805599453
irritable,2,0.28768207245178085
irritably,1,0.6931471805599453
irritate,1,0.6931471805599453
irritated,2,0.28768207245178085
irritating,1,0.6931471805599453
irritation,2,0.28768207245178085
irtish,1,0.6931471805599453
is,4,-0.2231435513142097
isa,1,0.6931471805599453
island,3,0.0
islands,2,0.28768207245178085
isle,1,0.6931471805599453
isles,1,0.6931471805599453
isnt,3,0.0
isola,1,0.6931471805599453
isolated,2,0.28768207245178085
isolation,2,0.28768207245178085
isonzo,1,0.6931471805599453
issue,1,0.6931471805599453
issued,1,0.6931471805599453
issues,1,0.6931471805599453
issuing,1,0.6931471805599453
it,4,-0.2231435513142097
italia,1,0.6931471805599453
italian,3,0.0
italiani,1,0.6931471805599453
italians,1,0.6931471805599453
italy,1,0.6931471805599453
itch,1,0.6931471805599453
itched,1,0.6931471805599453
itching,1,0.6931471805599453
item,2,0.28768207245178085
items,2,0.28768207245178085
itll,2,0.28768207245178085
its,4,-0.2231435513142097
itself,4,-0.2231435513142097
ivan,1,0.6931471805599453
ivanitch,1,0.6931471805599453
ivanitchs,1,0.6931471805599453
ivanovitch,1,0.6931471805599453
ivanovitchs,1,0.6931471805599453
ivanovna,1,0.6931471805599453
ivanovnas,1,0.6931471805599453
ive,3,0.0
ivory,2,0.28768207245178085
j,1,0.6931471805599453
jabez,1,0.6931471805599453
jack,2,0.28768207245178085
jacket,3,0.0
jackets,1,0.6931471805599453
jacksons,1,0.6931471805599453
jagged,2,0.28768207245178085
jai,1,0.6931471805599453
jail,1,0.6931471805599453
jam,2,0.28768207245178085
jamaica,1,0.6931471805599453
jaman,1,0.6931471805599453
james,1,0.6931471805599453
jamess,2,0.28768207245178085
jane,2,0.28768207245178085
janes,1,0.6931471805599453
january,4,-0.2231435513142097
japalac,1,0.6931471805599453
japan,1,0.6931471805599453
japanese,1,0.6931471805599453
jar,2,0.28768207245178085
jargon,1,0.6931471805599453
jaundice,2,0.28768207245178085
jauntily,1,0.6931471805599453
jaunty,1,0.6931471805599453
jaw,2,0.28768207245178085
jawed,1,0.6931471805599453
jealous,3,0.0
jealously,2,0.28768207245178085
jealousy,3,0.0
jeer,1,0.6931471805599453
jeered,1,0.6931471805599453
jeering,1,0.6931471805599453
jeeringly,1,0.6931471805599453
jelly,1,0.6931471805599453
jem,1,0.6931471805599453
jems,1,0.6931471805599453
jenkinson,1,0.6931471805599453
jenkinsons,1,0.6931471805599453
jephro,1,0.6931471805599453
jeremiah,1,0.6931471805599453
jerk,1,0.6931471805599453
jerked,3,0.0
jerkily,2,0.28768207245178085
jerking,2,0.28768207245178085
jerks,1,0.6931471805599453
jerky,2,0.28768207245178085
jersey,1,0.6931471805599453
jerusalem,1,0.6931471805599453
jest,2,0.28768207245178085
jesting,1,0.6931471805599453
jestingly,1,0.6931471805599453
jesuitical,1,0.6931471805599453
jesus,2,0.28768207245178085
jet,1,0.6931471805599453
jew,1,0.6931471805599453
jewel,3,0.0
jewelers,1,0.6931471805599453
jewellers,2,0.28768207245178085
jewellery,2,0.28768207245178085
jewels,3,0.0
jewish,1,0.6931471805599453
jews,1,0.6931471805599453
jezail,1,0.6931471805599453
jilt,1,0.6931471805599453
jingling,1,0.6931471805599453
job,3,0.0
jobs,1,0.6931471805599453
jockey,1,0.6931471805599453
jockeys,1,0.6931471805599453
jog,1,0.6931471805599453
johann,1,0.6931471805599453
john,3,0.0
johns,1,0.6931471805599453
join,4,-0.2231435513142097
joined,4,-0.2231435513142097
joining,1,0.6931471805599453
joint,1,0.6931471805599453
joints,2,0.28768207245178085
joke,4,-0.2231435513142097
joker,1,0.6931471805599453
jokes,3,0.0
joking,4,-0.2231435513142097
jollification,1,0.6931471805599453
jolly,1,0.6931471805599453
jolt,1,0.6931471805599453
jolted,1,0.6931471805599453
jones,2,0.28768207245178085
joness,1,0.6931471805599453
joseph,2,0.28768207245178085
jostled,1,0.6931471805599453
jostling,2,0.28768207245178085
jot,2,0.28768207245178085
jour,1,0.6931471805599453
journal,1,0.6931471805599453
journalist,1,0.6931471805599453
journey,4,-0.2231435513142097
journeyed,1,0.6931471805599453
journeyman,1,0.6931471805599453
journeys,2,0.28768207245178085
jove,2,0.28768207245178085
jovial,2,0.28768207245178085
jowl,1,0.6931471805599453
joy,3,0.0
joyful,2,0.28768207245178085
joyfully,1,0.6931471805599453
judge,3,0.0
judged,3,0.0
judges,1,0.6931471805599453
judging,2,0.28768207245178085
judgment,4,-0.2231435513142097
judicial,1,0.6931471805599453
judy,1,0.6931471805599453
jug,3,0.0
julia,1,0.6931471805599453
july,2,0.28768207245178085
jumbled,1,0.6931471805599453
jump,3,0.0
jumped,4,-0.2231435513142097
jumper,1,0.6931471805599453
jumping,3,0.0
jumps,1,0.6931471805599453
junction,1,0.6931471805599453
june,2,0.28768207245178085
junior,2,0.28768207245178085
junk,1,0.6931471805599453
juries,1,0.6931471805599453
jury,1,0.6931471805599453
juryman,1,0.6931471805599453
just,4,-0.2231435513142097
juster,1,0.6931471805599453
justice,4,-0.2231435513142097
justifiable,1,0.6931471805599453
justification,2,0.28768207245178085
justified,3,0.0
justify,2,0.28768207245178085
justifying,1,0.6931471805599453
justly,2,0.28768207245178085
jutted,1,0.6931471805599453
jutting,1,0.6931471805599453
juxtaposition,1,0.6931471805599453
k,2,0.28768207245178085
kammerjunker,1,0.6931471805599453
kapernaumov,1,0.6931471805599453
kapernaumovs,1,0.6931471805599453
karl,1,0.6931471805599453
kate,1,0.6931471805599453
katerina,1,0.6931471805599453
katia,1,0.6931471805599453
kazan,1,0.6931471805599453
keen,2,0.28768207245178085
keener,2,0.28768207245178085
keenest,2,0.28768207245178085
keenly,2,0.28768207245178085
keep,4,-0.2231435513142097
keeper,2,0.28768207245178085
keepers,1,0.6931471805599453
keeping,4,-0.2231435513142097
keeps,4,-0.2231435513142097
keepsake,1,0.6931471805599453
kempt,1,0.6931471805599453
kempton,1,0.6931471805599453
kenilworth,1,0.6931471805599453
kensington,1,0.6931471805599453
kent,2,0.28768207245178085
kepler,1,0.6931471805599453
kept,4,-0.2231435513142097
kerchief,1,0.6931471805599453
kettle,2,0.28768207245178085
key,3,0.0
keyhole,2,0.28768207245178085
keys,3,0.0
kick,2,0.28768207245178085
kicked,2,0.28768207245178085
kicking,2,0.28768207245178085
kicks,1,0.6931471805599453
kid,1,0.6931471805599453
kilburn,1,0.6931471805599453
kill,4,-0.2231435513142097
killed,4,-0.2231435513142097
killer,1,0.6931471805599453
killing,3,0.0
kills,1,0.6931471805599453
kiln,1,0.6931471805599453
kilns,1,0.6931471805599453
kilometres,1,0.6931471805599453
kilos,1,0.6931471805599453
kind,4,-0.2231435513142097
kinder,2,0.28768207245178085
kindest,1,0.6931471805599453
kindle,1,0.6931471805599453
kindled,2,0.28768207245178085
kindliness,2,0.28768207245178085
kindly,3,0.0
kindness,3,0.0
kindred,1,0.6931471805599453
kinds,2,0.28768207245178085
king,3,0.0
kingdom,3,0.0
kings,2,0.28768207245178085
kirsch,1,0.6931471805599453
kiss,3,0.0
kissed,4,-0.2231435513142097
kisses,1,0.6931471805599453
kissing,1,0.6931471805599453
kit,1,0.6931471805599453
kitchen,4,-0.2231435513142097
kitchens,1,0.6931471805599453
kitty,1,0.6931471805599453
kittys,1,0.6931471805599453
klan,1,0.6931471805599453
klopstock,1,0.6931471805599453
klux,1,0.6931471805599453
knacks,1,0.6931471805599453
knapsack,1,0.6931471805599453
knave,1,0.6931471805599453
knaves,1,0.6931471805599453
knee,3,0.0
kneecap,1,0.6931471805599453
kneel,1,0.6931471805599453
kneeling,2,0.28768207245178085
knees,4,-0.2231435513142097
knelt,3,0.0
knew,4,-0.2231435513142097
knick,1,0.6931471805599453
knife,3,0.0
knighthood,1,0.6931471805599453
knits,1,0.6931471805599453
knitted,2,0.28768207245178085
knitting,1,0.6931471805599453
knives,1,0.6931471805599453
knobs,1,0.6931471805599453
knock,3,0.0
knocked,3,0.0
knocking,1,0.6931471805599453
knocks,1,0.6931471805599453
knopps,1,0.6931471805599453
knot,2,0.28768207245178085
knots,1,0.6931471805599453
knotted,1,0.6931471805599453
knotting,1,0.6931471805599453
know,4,-0.2231435513142097
knowing,4,-0.2231435513142097
knowledge,4,-0.2231435513142097
known,4,-0.2231435513142097
knows,4,-0.2231435513142097
kobelev,1,0.6931471805599453
kobilatnikovs,1,0.6931471805599453
koch,1,0.6931471805599453
kolomensky,1,0.6931471805599453
kolya,1,0.6931471805599453
kozel,1,0.6931471805599453
kozels,1,0.6931471805599453
kramm,1,0.6931471805599453
krestovsky,1,0.6931471805599453
kriegsrath,1,0.6931471805599453
kryukov,1,0.6931471805599453
ku,1,0.6931471805599453
kuk,1,0.6931471805599453
kympton,1,0.6931471805599453
kümmel,1,0.6931471805599453
l,1,0.6931471805599453
la,4,-0.2231435513142097
label,1,0.6931471805599453
labels,1,0.6931471805599453
labor,1,0.6931471805599453
labour,3,0.0
labyrinth,1,0.6931471805599453
lace,3,0.0
laced,1,0.6931471805599453
lacerations,1,0.6931471805599453
lachrymose,1,0.6931471805599453
lack,2,0.28768207245178085
laconic,1,0.6931471805599453
lad,2,0.28768207245178085
ladder,2,0.28768207245178085
laden,2,0.28768207245178085
ladies,3,0.0
ladled,1,0.6931471805599453
lads,1,0.6931471805599453
lady,4,-0.2231435513142097
ladys,3,0.0
ladyship,1,0.6931471805599453
ladyships,2,0.28768207245178085
lagged,1,0.6931471805599453
lagging,1,0.6931471805599453
lago,1,0.6931471805599453
laid,4,-0.2231435513142097
lain,2,0.28768207245178085
laity,1,0.6931471805599453
lajdak,1,0.6931471805599453
lake,2,0.28768207245178085
lakes,2,0.28768207245178085
lalliaz,1,0.6931471805599453
lambs,1,0.6931471805599453
lambton,1,0.6931471805599453
lame,2,0.28768207245178085
lameness,1,0.6931471805599453
lament,1,0.6931471805599453
lamentations,1,0.6931471805599453
lamented,1,0.6931471805599453
lamenting,2,0.28768207245178085
lamp,3,0.0
lamplight,1,0.6931471805599453
lamps,2,0.28768207245178085
lancaster,1,0.6931471805599453
lance,1,0.6931471805599453
lancet,1,0.6931471805599453
land,4,-0.2231435513142097
landau,1,0.6931471805599453
landed,2,0.28768207245178085
landing,3,0.0
landlady,2,0.28768207245178085
landladys,2,0.28768207245178085
landlord,3,0.0
landowner,2,0.28768207245178085
landowners,1,0.6931471805599453
landscape,2,0.28768207245178085
lane,2,0.28768207245178085
lanes,2,0.28768207245178085
langham,1,0.6931471805599453
language,4,-0.2231435513142097
languages,2,0.28768207245178085
languid,2,0.28768207245178085
languidly,1,0.6931471805599453
languor,2,0.28768207245178085
lank,1,0.6931471805599453
lanky,1,0.6931471805599453
lantern,2,0.28768207245178085
lanterns,1,0.6931471805599453
lanyard,1,0.6931471805599453
lap,2,0.28768207245178085
lapels,1,0.6931471805599453
lapse,1,0.6931471805599453
larder,1,0.6931471805599453
large,4,-0.2231435513142097
larger,4,-0.2231435513142097
largest,2,0.28768207245178085
larks,1,0.6931471805599453
lascar,1,0.6931471805599453
lash,2,0.28768207245178085
lashed,2,0.28768207245178085
lashing,1,0.6931471805599453
lassitude,1,0.6931471805599453
last,4,-0.2231435513142097
lasted,3,0.0
lasting,2,0.28768207245178085
lastly,1,0.6931471805599453
lasts,1,0.6931471805599453
latch,2,0.28768207245178085
latched,1,0.6931471805599453
late,4,-0.2231435513142097
lately,3,0.0
lateness,1,0.6931471805599453
later,4,-0.2231435513142097
lateral,1,0.6931471805599453
latest,2,0.28768207245178085
lathered,1,0.6931471805599453
laths,1,0.6931471805599453
latin,1,0.6931471805599453
latisana,1,0.6931471805599453
latrine,1,0.6931471805599453
latrines,1,0.6931471805599453
latter,3,0.0
latterly,1,0.6931471805599453
latters,1,0.6931471805599453
laudable,1,0.6931471805599453
laudanum,1,0.6931471805599453
laugh,4,-0.2231435513142097
laughed,4,-0.2231435513142097
laughing,4,-0.2231435513142097
laughingly,1,0.6931471805599453
laughs,1,0.6931471805599453
laughter,4,-0.2231435513142097
launched,1,0.6931471805599453
laundry,1,0.6931471805599453
laurel,2,0.28768207245178085
lausanne,1,0.6931471805599453
lavender,1,0.6931471805599453
lavish,1,0.6931471805599453
lavished,1,0.6931471805599453
law,4,-0.2231435513142097
lawful,1,0.6931471805599453
lawfully,1,0.6931471805599453
lawgiver,1,0.6931471805599453
lawn,2,0.28768207245178085
laws,2,0.28768207245178085
lawyer,2,0.28768207245178085
lawyers,1,0.6931471805599453
lay,4,-0.2231435513142097
layers,1,0.6931471805599453
laying,3,0.0
lays,1,0.6931471805599453
lazarus,1,0.6931471805599453
lazily,2,0.28768207245178085
laziness,1,0.6931471805599453
lazy,1,0.6931471805599453
le,2,0.28768207245178085
lead,4,-0.2231435513142097
leaden,1,0.6931471805599453
leadenhall,1,0.6931471805599453
leader,1,0.6931471805599453
leaders,2,0.28768207245178085
leading,4,-0.2231435513142097
leads,4,-0.2231435513142097
leaf,2,0.28768207245178085
leafy,1,0.6931471805599453
league,2,0.28768207245178085
leagues,1,0.6931471805599453
leakage,1,0.6931471805599453
leaked,1,0.6931471805599453
leaking,1,0.6931471805599453
lean,1,0.6931471805599453
leaned,3,0.0
leaning,4,-0.2231435513142097
leap,1,0.6931471805599453
leaped,2,0.28768207245178085
leaping,1,0.6931471805599453
leaps,1,0.6931471805599453
leapt,1,0.6931471805599453
learn,4,-0.2231435513142097
learned,4,-0.2231435513142097
learning,4,-0.2231435513142097
learns,1,0.6931471805599453
learnt,2,0.28768207245178085
lease,1,0.6931471805599453
least,4,-0.2231435513142097
leather,3,0.0
leatherhead,1,0.6931471805599453
leathers,1,0.6931471805599453
leave,4,-0.2231435513142097
leaves,4,-0.2231435513142097
leaving,4,-0.2231435513142097
lebanon,1,0.6931471805599453
lebeziatnikov,1,0.6931471805599453
lebeziatnikovs,1,0.6931471805599453
lecture,1,0.6931471805599453
lecturer,2,0.28768207245178085
lectures,2,0.28768207245178085
led,4,-0.2231435513142097
ledge,2,0.28768207245178085
ledger,1,0.6931471805599453
ledgers,1,0.6931471805599453
lee,1,0.6931471805599453
left,4,-0.2231435513142097
leg,3,0.0
legacy,2,0.28768207245178085
legal,3,0.0
legality,1,0.6931471805599453
legally,2,0.28768207245178085
legend,1,0.6931471805599453
legged,1,0.6931471805599453
leggings,1,0.6931471805599453
legible,1,0.6931471805599453
legibly,1,0.6931471805599453
legion,1,0.6931471805599453
legislators,1,0.6931471805599453
legitimate,2,0.28768207245178085
legs,3,0.0
leisure,1,0.6931471805599453
leisurely,1,0.6931471805599453
lemon,3,0.0
lend,3,0.0
length,4,-0.2231435513142097
lengthen,1,0.6931471805599453
lengthened,1,0.6931471805599453
lengths,2,0.28768207245178085
lengthy,1,0.6931471805599453
lenient,1,0.6931471805599453
lens,1,0.6931471805599453
lenses,1,0.6931471805599453
lent,2,0.28768207245178085
les,2,0.28768207245178085
lesercito,1,0.6931471805599453
less,4,-0.2231435513142097
lessen,3,0.0
lessened,2,0.28768207245178085
lessening,2,0.28768207245178085
lesser,1,0.6931471805599453
lesson,2,0.28768207245178085
lessons,1,0.6931471805599453
lest,2,0.28768207245178085
lestrade,1,0.6931471805599453
lestrades,1,0.6931471805599453
let,4,-0.2231435513142097
lethargy,2,0.28768207245178085
lets,3,0.0
lett,1,0.6931471805599453
letter,4,-0.2231435513142097
letters,4,-0.2231435513142097
letting,3,0.0
letto,1,0.6931471805599453
lettres,1,0.6931471805599453
lettuce,1,0.6931471805599453
level,3,0.0
levelled,1,0.6931471805599453
levers,1,0.6931471805599453
levées,1,0.6931471805599453
lewes,1,0.6931471805599453
lewis,1,0.6931471805599453
lheure,1,0.6931471805599453
lhomme,1,0.6931471805599453
liable,3,0.0
liaison,1,0.6931471805599453
liar,2,0.28768207245178085
libel,1,0.6931471805599453
liberal,2,0.28768207245178085
liberalism,1,0.6931471805599453
liberality,2,0.28768207245178085
liberally,1,0.6931471805599453
liberated,1,0.6931471805599453
liberties,2,0.28768207245178085
liberty,3,0.0
libraries,1,0.6931471805599453
library,3,0.0
libya,1,0.6931471805599453
lice,1,0.6931471805599453
licence,2,0.28768207245178085
license,2,0.28768207245178085
licentiousness,1,0.6931471805599453
lichen,1,0.6931471805599453
licking,1,0.6931471805599453
lid,2,0.28768207245178085
lida,1,0.6931471805599453
lidded,1,0.6931471805599453
lids,2,0.28768207245178085
lie,4,-0.2231435513142097
lied,2,0.28768207245178085
lies,3,0.0
lieu,1,0.6931471805599453
lieutenant,2,0.28768207245178085
lieutenants,2,0.28768207245178085
life,4,-0.2231435513142097
lifeless,2,0.28768207245178085
lifetime,2,0.28768207245178085
lift,3,0.0
lifted,4,-0.2231435513142097
lifting,2,0.28768207245178085
light,4,-0.2231435513142097
lighted,4,-0.2231435513142097
lighten,1,0.6931471805599453
lightened,2,0.28768207245178085
lighter,3,0.0
lightest,1,0.6931471805599453
lightheaded,1,0.6931471805599453
lighthearted,1,0.6931471805599453
lighthouse,1,0.6931471805599453
lighting,2,0.28768207245178085
lightly,2,0.28768207245178085
lightness,2,0.28768207245178085
lightning,3,0.0
lights,3,0.0
like,4,-0.2231435513142097
liked,4,-0.2231435513142097
likelihood,1,0.6931471805599453
likely,4,-0.2231435513142097
likeness,1,0.6931471805599453
likes,3,0.0
likewise,2,0.28768207245178085
liking,3,0.0
lilac,1,0.6931471805599453
limb,2,0.28768207245178085
limbs,2,0.28768207245178085
lime,1,0.6931471805599453
limit,2,0.28768207245178085
limited,1,0.6931471805599453
limits,3,0.0
limp,2,0.28768207245178085
limped,2,0.28768207245178085
limping,2,0.28768207245178085
limps,1,0.6931471805599453
line,4,-0.2231435513142097
lined,3,0.0
linen,2,0.28768207245178085
lines,4,-0.2231435513142097
linger,1,0.6931471805599453
lingered,1,0.6931471805599453
lingering,3,0.0
lining,2,0.28768207245178085
link,1,0.6931471805599453
linked,1,0.6931471805599453
links,1,0.6931471805599453
linoleum,1,0.6931471805599453
lip,2,0.28768207245178085
lipped,1,0.6931471805599453
lippevechsel,1,0.6931471805599453
lippevechsels,1,0.6931471805599453
lips,4,-0.2231435513142097
liqueur,1,0.6931471805599453
liquid,1,0.6931471805599453
liquor,1,0.6931471805599453
lira,1,0.6931471805599453
lire,1,0.6931471805599453
lisbon,1,0.6931471805599453
lisp,1,0.6931471805599453
list,3,0.0
listed,1,0.6931471805599453
listen,4,-0.2231435513142097
listened,4,-0.2231435513142097
listener,2,0.28768207245178085
listeners,1,0.6931471805599453
listening,4,-0.2231435513142097
listens,1,0.6931471805599453
listless,2,0.28768207245178085
listlessly,1,0.6931471805599453
listlessness,1,0.6931471805599453
lit,2,0.28768207245178085
literally,2,0.28768207245178085
literary,2,0.28768207245178085
literature,2,0.28768207245178085
lithe,1,0.6931471805599453
litigation,1,0.6931471805599453
litter,1,0.6931471805599453
littered,1,0.6931471805599453
little,4,-0.2231435513142097
live,4,-0.2231435513142097
lived,4,-0.2231435513142097
liveliest,1,0.6931471805599453
livelihood,1,0.6931471805599453
liveliness,2,0.28768207245178085
lively,2,0.28768207245178085
liver,2,0.28768207245178085
liverpool,1,0.6931471805599453
livers,1,0.6931471805599453
livery,1,0.6931471805599453
lives,3,0.0
liveth,1,0.6931471805599453
livid,1,0.6931471805599453
living,4,-0.2231435513142097
livings,1,0.6931471805599453
livingstones,1,0.6931471805599453
lizaveta,1,0.6931471805599453
lizavetas,1,0.6931471805599453
lizzie,1,0.6931471805599453
lizzy,1,0.6931471805599453
lizzys,1,0.6931471805599453
lloyds,1,0.6931471805599453
load,2,0.28768207245178085
loaded,2,0.28768207245178085
loading,2,0.28768207245178085
loads,1,0.6931471805599453
loaf,2,0.28768207245178085
loafer,2,0.28768207245178085
loafing,1,0.6931471805599453
loan,2,0.28768207245178085
loaned,1,0.6931471805599453
loans,1,0.6931471805599453
loathe,1,0.6931471805599453
loathed,2,0.28768207245178085
loathing,2,0.28768207245178085
loathsome,2,0.28768207245178085
loathsomeness,1,0.6931471805599453
lobby,1,0.6931471805599453
lobe,1,0.6931471805599453
lobster,2,0.28768207245178085
local,3,0.0
locality,2,0.28768207245178085
locarno,1,0.6931471805599453
locate,1,0.6931471805599453
lock,3,0.0
locked,3,0.0
locker,1,0.6931471805599453
locket,1,0.6931471805599453
locking,1,0.6931471805599453
locks,1,0.6931471805599453
locksmiths,1,0.6931471805599453
locus,1,0.6931471805599453
lodge,4,-0.2231435513142097
lodged,1,0.6931471805599453
lodger,2,0.28768207245178085
lodgers,1,0.6931471805599453
lodges,2,0.28768207245178085
lodging,2,0.28768207245178085
lodgings,3,0.0
loftily,2,0.28768207245178085
lofty,2,0.28768207245178085
log,2,0.28768207245178085
logic,2,0.28768207245178085
logical,3,0.0
logically,1,0.6931471805599453
logician,1,0.6931471805599453
logs,2,0.28768207245178085
loitering,1,0.6931471805599453
lom,1,0.6931471805599453
lombard,1,0.6931471805599453
london,2,0.28768207245178085
londoners,1,0.6931471805599453
lone,1,0.6931471805599453
lonelier,2,0.28768207245178085
loneliness,1,0.6931471805599453
lonely,2,0.28768207245178085
lonesome,1,0.6931471805599453
long,4,-0.2231435513142097
longbourn,1,0.6931471805599453
longed,3,0.0
longer,4,-0.2231435513142097
longing,2,0.28768207245178085
loo,1,0.6931471805599453
look,4,-0.2231435513142097
looked,4,-0.2231435513142097
looking,4,-0.2231435513142097
lookout,1,0.6931471805599453
looks,4,-0.2231435513142097
loomed,1,0.6931471805599453
looming,1,0.6931471805599453
loop,2,0.28768207245178085
loophole,1,0.6931471805599453
loose,4,-0.2231435513142097
loosed,1,0.6931471805599453
loosely,1,0.6931471805599453
loosen,1,0.6931471805599453
loosened,2,0.28768207245178085
lootenant,1,0.6931471805599453
lord,4,-0.2231435513142097
lords,2,0.28768207245178085
lordship,1,0.6931471805599453
lose,4,-0.2231435513142097
loser,1,0.6931471805599453
loses,1,0.6931471805599453
losing,4,-0.2231435513142097
loss,3,0.0
losses,1,0.6931471805599453
lost,4,-0.2231435513142097
lot,4,-0.2231435513142097
lothman,1,0.6931471805599453
lots,2,0.28768207245178085
lottery,2,0.28768207245178085
loud,4,-0.2231435513142097
louder,3,0.0
loudly,4,-0.2231435513142097
loudness,1,0.6931471805599453
louisa,1,0.6931471805599453
louisiana,1,0.6931471805599453
lounged,1,0.6931471805599453
loungers,1,0.6931471805599453
lounging,2,0.28768207245178085
louse,1,0.6931471805599453
louvain,1,0.6931471805599453
love,4,-0.2231435513142097
loved,4,-0.2231435513142097
loveliest,1,0.6931471805599453
loveliness,1,0.6931471805599453
lovely,3,0.0
lover,3,0.0
lovers,2,0.28768207245178085
loves,4,-0.2231435513142097
loving,4,-0.2231435513142097
low,4,-0.2231435513142097
lower,4,-0.2231435513142097
lowered,3,0.0
lowering,1,0.6931471805599453
lowest,2,0.28768207245178085
lowliest,1,0.6931471805599453
lowness,1,0.6931471805599453
lucas,1,0.6931471805599453
lucases,1,0.6931471805599453
lucass,1,0.6931471805599453
lucid,1,0.6931471805599453
luck,4,-0.2231435513142097
luckiest,1,0.6931471805599453
luckily,2,0.28768207245178085
luckless,2,0.28768207245178085
lucky,4,-0.2231435513142097
lucrative,1,0.6931471805599453
lucy,1,0.6931471805599453
ludwigovna,1,0.6931471805599453
luge,1,0.6931471805599453
luggage,3,0.0
luigi,1,0.6931471805599453
luino,1,0.6931471805599453
luise,1,0.6931471805599453
lullaby,1,0.6931471805599453
lumber,1,0.6931471805599453
lump,1,0.6931471805599453
lumps,1,0.6931471805599453
lunatic,2,0.28768207245178085
lunch,3,0.0
luncheon,2,0.28768207245178085
lungs,2,0.28768207245178085
lurched,3,0.0
lure,1,0.6931471805599453
lured,1,0.6931471805599453
lurid,1,0.6931471805599453
lurking,2,0.28768207245178085
lust,2,0.28768207245178085
lustre,2,0.28768207245178085
lustreless,1,0.6931471805599453
lustrous,1,0.6931471805599453
lusts,1,0.6931471805599453
luxuriant,1,0.6931471805599453
luxuries,2,0.28768207245178085
luxurious,3,0.0
luxury,2,0.28768207245178085
luzhin,1,0.6931471805599453
luzhins,1,0.6931471805599453
lycurgus,1,0.6931471805599453
lydia,1,0.6931471805599453
lydias,1,0.6931471805599453
lying,4,-0.2231435513142097
lymph,1,0.6931471805599453
lyon,1,0.6931471805599453
lyrico,1,0.6931471805599453
lysander,1,0.6931471805599453
lysol,1,0.6931471805599453
lœuvre,1,0.6931471805599453
m,3,0.0
maam,2,0.28768207245178085
mac,1,0.6931471805599453
macaroni,1,0.6931471805599453
macedonias,1,0.6931471805599453
machine,2,0.28768207245178085
machinery,1,0.6931471805599453
machines,1,0.6931471805599453
mack,1,0.6931471805599453
mad,3,0.0
madam,3,0.0
madame,3,0.0
maddened,1,0.6931471805599453
maddening,1,0.6931471805599453
madder,1,0.6931471805599453
made,4,-0.2231435513142097
madeira,1,0.6931471805599453
mademoiselle,1,0.6931471805599453
mademoiselles,1,0.6931471805599453
madhouse,1,0.6931471805599453
madly,1,0.6931471805599453
madman,2,0.28768207245178085
madmen,1,0.6931471805599453
madness,3,0.0
madonna,1,0.6931471805599453
madonnas,1,0.6931471805599453
madre,1,0.6931471805599453
madwoman,1,0.6931471805599453
magazine,2,0.28768207245178085
magazines,2,0.28768207245178085
magenta,1,0.6931471805599453
maggie,1,0.6931471805599453
maggiore,1,0.6931471805599453
magician,1,0.6931471805599453
magistrate,2,0.28768207245178085
magistrates,1,0.6931471805599453
magnanimity,1,0.6931471805599453
magnanimous,1,0.6931471805599453
magnificent,3,0.0
magnifico,1,0.6931471805599453
magnifying,1,0.6931471805599453
magnitude,1,0.6931471805599453
magyars,1,0.6931471805599453
mahogany,2,0.28768207245178085
mahomet,1,0.6931471805599453
maid,4,-0.2231435513142097
maiden,3,0.0
maidish,1,0.6931471805599453
maids,1,0.6931471805599453
maidservants,1,0.6931471805599453
mail,2,0.28768207245178085
main,3,0.0
mainland,1,0.6931471805599453
maintain,2,0.28768207245178085
maintained,2,0.28768207245178085
maintaining,1,0.6931471805599453
maintenance,1,0.6931471805599453
majestic,1,0.6931471805599453
majesty,2,0.28768207245178085
majestys,1,0.6931471805599453
major,3,0.0
majority,1,0.6931471805599453
majors,1,0.6931471805599453
make,4,-0.2231435513142097
maker,2,0.28768207245178085
makers,1,0.6931471805599453
makes,4,-0.2231435513142097
making,4,-0.2231435513142097
makings,1,0.6931471805599453
malaria,1,0.6931471805599453
malay,1,0.6931471805599453
malaya,1,0.6931471805599453
male,3,0.0
malice,2,0.28768207245178085
malicious,2,0.28768207245178085
maliciously,1,0.6931471805599453
malignance,1,0.6931471805599453
malignant,2,0.28768207245178085
malignantly,1,0.6931471805599453
mall,1,0.6931471805599453
mama,1,0.6931471805599453
mamma,2,0.28768207245178085
mammas,1,0.6931471805599453
mammy,1,0.6931471805599453
man,4,-0.2231435513142097
manage,4,-0.2231435513142097
managed,3,0.0
management,2,0.28768207245178085
manager,3,0.0
manageress,1,0.6931471805599453
managing,2,0.28768207245178085
manera,1,0.6931471805599453
manes,1,0.6931471805599453
mangled,1,0.6931471805599453
mangot,1,0.6931471805599453
mangy,1,0.6931471805599453
mania,2,0.28768207245178085
maniac,1,0.6931471805599453
maniacs,1,0.6931471805599453
manifestations,2,0.28768207245178085
manifested,1,0.6931471805599453
manifold,2,0.28768207245178085
mankind,3,0.0
manly,1,0.6931471805599453
manner,4,-0.2231435513142097
mannered,2,0.28768207245178085
manners,4,-0.2231435513142097
manoeuvre,1,0.6931471805599453
manor,2,0.28768207245178085
mans,4,-0.2231435513142097
mansion,2,0.28768207245178085
mansions,1,0.6931471805599453
mantegna,1,0.6931471805599453
mantel,1,0.6931471805599453
mantelpiece,1,0.6931471805599453
mantle,1,0.6931471805599453
manual,1,0.6931471805599453
manuals,1,0.6931471805599453
manufactory,1,0.6931471805599453
manuscript,1,0.6931471805599453
manuscripts,1,0.6931471805599453
many,4,-0.2231435513142097
manzoni,1,0.6931471805599453
manœuvre,1,0.6931471805599453
map,1,0.6931471805599453
maps,1,0.6931471805599453
marbank,1,0.6931471805599453
marble,3,0.0
marbles,1,0.6931471805599453
marc,1,0.6931471805599453
march,4,-0.2231435513142097
marched,1,0.6931471805599453
marching,1,0.6931471805599453
mare,1,0.6931471805599453
marfa,1,0.6931471805599453
margaux,1,0.6931471805599453
margin,1,0.6931471805599453
margins,1,0.6931471805599453
maria,3,0.0
marias,1,0.6931471805599453
marines,1,0.6931471805599453
mark,4,-0.2231435513142097
marked,4,-0.2231435513142097
marker,1,0.6931471805599453
market,4,-0.2231435513142097
marking,1,0.6931471805599453
marks,4,-0.2231435513142097
marlborough,1,0.6931471805599453
marm,1,0.6931471805599453
marmeladov,1,0.6931471805599453
marmeladovs,1,0.6931471805599453
marriage,3,0.0
marriages,1,0.6931471805599453
married,4,-0.2231435513142097
marries,1,0.6931471805599453
marron,1,0.6931471805599453
marry,4,-0.2231435513142097
marrying,3,0.0
mars,1,0.6931471805599453
marsala,1,0.6931471805599453
marseilles,2,0.28768207245178085
marsh,1,0.6931471805599453
marshals,1,0.6931471805599453
marshes,1,0.6931471805599453
marshy,1,0.6931471805599453
martha,1,0.6931471805599453
martialled,1,0.6931471805599453
martini,1,0.6931471805599453
martinis,1,0.6931471805599453
martyrdom,2,0.28768207245178085
marvell,1,0.6931471805599453
marvelled,1,0.6931471805599453
mary,4,-0.2231435513142097
marys,1,0.6931471805599453
masculine,2,0.28768207245178085
mashers,1,0.6931471805599453
mask,3,0.0
masked,1,0.6931471805599453
masks,1,0.6931471805599453
masonry,1,0.6931471805599453
masons,1,0.6931471805599453
masquerader,1,0.6931471805599453
mass,3,0.0
massacre,1,0.6931471805599453
massage,1,0.6931471805599453
masses,2,0.28768207245178085
massive,2,0.28768207245178085
master,4,-0.2231435513142097
mastered,1,0.6931471805599453
masterful,1,0.6931471805599453
masterly,3,0.0
masters,2,0.28768207245178085
mastery,2,0.28768207245178085
mastiff,1,0.6931471805599453
mat,1,0.6931471805599453
match,3,0.0
matched,1,0.6931471805599453
matches,2,0.28768207245178085
material,4,-0.2231435513142097
materially,1,0.6931471805599453
materials,1,0.6931471805599453
maternal,1,0.6931471805599453
maternity,1,0.6931471805599453
mates,2,0.28768207245178085
mathematical,1,0.6931471805599453
mathematically,1,0.6931471805599453
mathematics,1,0.6931471805599453
matheson,1,0.6931471805599453
matlock,1,0.6931471805599453
matrimonial,1,0.6931471805599453
matrimoniale,1,0.6931471805599453
matrimony,1,0.6931471805599453
matron,1,0.6931471805599453
matronly,1,0.6931471805599453
mats,1,0.6931471805599453
mattarone,1,0.6931471805599453
matter,4,-0.2231435513142097
matters,3,0.0
matting,1,0.6931471805599453
mattings,1,0.6931471805599453
mattress,1,0.6931471805599453
mattresses,1,0.6931471805599453
mature,2,0.28768207245178085
matured,1,0.6931471805599453
maturer,1,0.6931471805599453
maturity,1,0.6931471805599453
matvey,1,0.6931471805599453
maudsley,1,0.6931471805599453
mauritius,1,0.6931471805599453
mauvais,1,0.6931471805599453
mawkish,1,0.6931471805599453
maxim,1,0.6931471805599453
may,4,-0.2231435513142097
maybe,3,0.0
maynt,1,0.6931471805599453
mayoralty,1,0.6931471805599453
mazurka,1,0.6931471805599453
maître,1,0.6931471805599453
mcadams,1,0.6931471805599453
mccarthy,1,0.6931471805599453
mccarthys,1,0.6931471805599453
mccauley,1,0.6931471805599453
mcfarlanes,1,0.6931471805599453
mcquires,1,0.6931471805599453
me,4,-0.2231435513142097
meadow,1,0.6931471805599453
meadows,4,-0.2231435513142097
meal,3,0.0
meals,2,0.28768207245178085
mean,4,-0.2231435513142097
meanest,1,0.6931471805599453
meaning,4,-0.2231435513142097
meaningless,1,0.6931471805599453
meanly,2,0.28768207245178085
meanness,2,0.28768207245178085
means,4,-0.2231435513142097
meant,4,-0.2231435513142097
meantime,4,-0.2231435513142097
meanwhile,3,0.0
measure,4,-0.2231435513142097
measured,2,0.28768207245178085
measurement,1,0.6931471805599453
measures,3,0.0
measuring,1,0.6931471805599453
meat,3,0.0
mechanic,1,0.6931471805599453
mechanical,1,0.6931471805599453
mechanically,2,0.28768207245178085
mechanics,2,0.28768207245178085
mechano,1,0.6931471805599453
medaglia,1,0.6931471805599453
medal,2,0.28768207245178085
medals,1,0.6931471805599453
meddle,2,0.28768207245178085
meddler,1,0.6931471805599453
meddling,1,0.6931471805599453
mediation,1,0.6931471805599453
medical,3,0.0
medically,1,0.6931471805599453
medicine,2,0.28768207245178085
mediocre,1,0.6931471805599453
mediocrity,1,0.6931471805599453
meditate,2,0.28768207245178085
meditated,1,0.6931471805599453
meditating,2,0.28768207245178085
meditation,3,0.0
meditations,1,0.6931471805599453
meditative,1,0.6931471805599453
meditatively,1,0.6931471805599453
medium,2,0.28768207245178085
meek,1,0.6931471805599453
meekly,1,0.6931471805599453
meekness,1,0.6931471805599453
meet,4,-0.2231435513142097
meeting,4,-0.2231435513142097
meetings,3,0.0
meets,3,0.0
mehr,1,0.6931471805599453
melancholy,2,0.28768207245178085
melbourne,1,0.6931471805599453
mell,1,0.6931471805599453
melodramatic,1,0.6931471805599453
melon,1,0.6931471805599453
melted,1,0.6931471805599453
melteth,1,0.6931471805599453
melting,1,0.6931471805599453
member,3,0.0
members,2,0.28768207245178085
membra,1,0.6931471805599453
memoir,1,0.6931471805599453
memoranda,1,0.6931471805599453
memorial,1,0.6931471805599453
memories,1,0.6931471805599453
memory,3,0.0
memorys,1,0.6931471805599453
men,4,-0.2231435513142097
menaced,1,0.6931471805599453
menacing,1,0.6931471805599453
menage,1,0.6931471805599453
mend,2,0.28768207245178085
mended,1,0.6931471805599453
mendicant,1,0.6931471805599453
mendicants,1,0.6931471805599453
mending,2,0.28768207245178085
meningen,1,0.6931471805599453
mens,1,0.6931471805599453
mental,2,0.28768207245178085
mentally,1,0.6931471805599453
mention,4,-0.2231435513142097
mentioned,4,-0.2231435513142097
mentioning,2,0.28768207245178085
mentions,1,0.6931471805599453
menu,1,0.6931471805599453
mercenary,1,0.6931471805599453
merchant,2,0.28768207245178085
merchants,1,0.6931471805599453
merciful,1,0.6931471805599453
mercifully,1,0.6931471805599453
merciless,1,0.6931471805599453
mercilessly,1,0.6931471805599453
mercurial,1,0.6931471805599453
mercury,1,0.6931471805599453
mercy,2,0.28768207245178085
mercys,1,0.6931471805599453
mere,3,0.0
meredith,1,0.6931471805599453
merely,4,-0.2231435513142097
merest,2,0.28768207245178085
merged,1,0.6931471805599453
merit,4,-0.2231435513142097
merited,1,0.6931471805599453
merits,1,0.6931471805599453
merriment,1,0.6931471805599453
merry,3,0.0
merryweather,1,0.6931471805599453
meryton,1,0.6931471805599453
meshes,1,0.6931471805599453
mesopotamia,1,0.6931471805599453
mess,4,-0.2231435513142097
message,3,0.0
messages,1,0.6931471805599453
messenger,2,0.28768207245178085
messes,1,0.6931471805599453
messiah,1,0.6931471805599453
messina,1,0.6931471805599453
mestre,1,0.6931471805599453
met,4,-0.2231435513142097
metal,3,0.0
metallic,2,0.28768207245178085
metaphysical,1,0.6931471805599453
metcalfes,1,0.6931471805599453
meter,1,0.6931471805599453
method,3,0.0
methods,2,0.28768207245178085
metres,1,0.6931471805599453
metropole,1,0.6931471805599453
metropolis,1,0.6931471805599453
metropolitan,1,0.6931471805599453
metternich,1,0.6931471805599453
mews,1,0.6931471805599453
mexico,1,0.6931471805599453
meyers,1,0.6931471805599453
mia,1,0.6931471805599453
mice,2,0.28768207245178085
michaelmas,1,0.6931471805599453
michigan,1,0.6931471805599453
microbes,1,0.6931471805599453
midday,2,0.28768207245178085
middle,4,-0.2231435513142097
middlesex,1,0.6931471805599453
midi,1,0.6931471805599453
midnight,3,0.0
midst,2,0.28768207245178085
midway,1,0.6931471805599453
midwives,1,0.6931471805599453
mien,1,0.6931471805599453
might,4,-0.2231435513142097
mightnt,1,0.6931471805599453
mighty,1,0.6931471805599453
mihailovitch,1,0.6931471805599453
mihailovsky,1,0.6931471805599453
mikolka,1,0.6931471805599453
mikolkas,1,0.6931471805599453
milan,1,0.6931471805599453
milano,1,0.6931471805599453
mild,2,0.28768207245178085
mildly,1,0.6931471805599453
mildness,1,0.6931471805599453
mile,4,-0.2231435513142097
miles,4,-0.2231435513142097
militarist,1,0.6931471805599453
military,4,-0.2231435513142097
militia,1,0.6931471805599453
milk,2,0.28768207245178085
milkman,1,0.6931471805599453
milksop,1,0.6931471805599453
milky,1,0.6931471805599453
mill,1,0.6931471805599453
millar,1,0.6931471805599453
millers,1,0.6931471805599453
milliner,1,0.6931471805599453
milliners,1,0.6931471805599453
million,3,0.0
millionaire,2,0.28768207245178085
millions,3,0.0
millionth,1,0.6931471805599453
mills,1,0.6931471805599453
mince,1,0.6931471805599453
mincing,1,0.6931471805599453
mind,4,-0.2231435513142097
minded,3,0.0
mindedly,1,0.6931471805599453
mindful,1,0.6931471805599453
minds,4,-0.2231435513142097
mine,4,-0.2231435513142097
mined,1,0.6931471805599453
mineral,1,0.6931471805599453
miners,1,0.6931471805599453
mines,1,0.6931471805599453
mingle,1,0.6931471805599453
mingled,2,0.28768207245178085
mingling,1,0.6931471805599453
miniature,1,0.6931471805599453
miniatures,1,0.6931471805599453
mining,1,0.6931471805599453
minister,1,0.6931471805599453
ministry,1,0.6931471805599453
minnenwerfer,1,0.6931471805599453
minnesota,1,0.6931471805599453
minor,2,0.28768207245178085
minute,4,-0.2231435513142097
minutely,3,0.0
minuteness,2,0.28768207245178085
minutes,4,-0.2231435513142097
minutest,2,0.28768207245178085
miracle,1,0.6931471805599453
miraculous,1,0.6931471805599453
mirage,1,0.6931471805599453
mire,1,0.6931471805599453
mirror,3,0.0
mirrors,1,0.6931471805599453
mirth,2,0.28768207245178085
mirthful,1,0.6931471805599453
mis,1,0.6931471805599453
mischance,3,0.0
mischief,3,0.0
mischievously,1,0.6931471805599453
misconduct,1,0.6931471805599453
misdeed,1,0.6931471805599453
miserable,3,0.0
miserably,2,0.28768207245178085
miseries,1,0.6931471805599453
miserly,1,0.6931471805599453
misery,2,0.28768207245178085
misfortune,3,0.0
misfortunes,2,0.28768207245178085
misgivings,2,0.28768207245178085
misjudged,1,0.6931471805599453
mislead,2,0.28768207245178085
misleading,1,0.6931471805599453
misleads,1,0.6931471805599453
misled,1,0.6931471805599453
mismanagement,1,0.6931471805599453
misrepresent,1,0.6931471805599453
misrepresentation,1,0.6931471805599453
misrepresented,1,0.6931471805599453
misrepresenting,1,0.6931471805599453
miss,4,-0.2231435513142097
missed,4,-0.2231435513142097
misses,2,0.28768207245178085
missing,3,0.0
mission,1,0.6931471805599453
missish,1,0.6931471805599453
missy,1,0.6931471805599453
mist,2,0.28768207245178085
mistake,4,-0.2231435513142097
mistaken,3,0.0
mistakenly,1,0.6931471805599453
mistakes,2,0.28768207245178085
mister,1,0.6931471805599453
mistiness,1,0.6931471805599453
mistook,2,0.28768207245178085
mistral,1,0.6931471805599453
mistress,3,0.0
mistrust,1,0.6931471805599453
mistrustful,1,0.6931471805599453
mistrustfully,1,0.6931471805599453
mistrusting,1,0.6931471805599453
mists,1,0.6931471805599453
misty,1,0.6931471805599453
misunderstand,3,0.0
misunderstanding,1,0.6931471805599453
misunderstandings,1,0.6931471805599453
misunderstood,1,0.6931471805599453
mitigation,1,0.6931471805599453
mitka,1,0.6931471805599453
mitrofanievsky,1,0.6931471805599453
mix,1,0.6931471805599453
mixed,4,-0.2231435513142097
mixing,3,0.0
mixture,2,0.28768207245178085
mm,1,0.6931471805599453
moan,1,0.6931471805599453
moaned,2,0.28768207245178085
moaning,2,0.28768207245178085
moans,1,0.6931471805599453
mobile,2,0.28768207245178085
mobility,1,0.6931471805599453
mock,1,0.6931471805599453
mocked,1,0.6931471805599453
mockery,1,0.6931471805599453
mocking,1,0.6931471805599453
mockingly,1,0.6931471805599453
mode,1,0.6931471805599453
model,1,0.6931471805599453
modena,1,0.6931471805599453
moderate,2,0.28768207245178085
moderately,1,0.6931471805599453
moderation,3,0.0
modern,3,0.0
modest,4,-0.2231435513142097
modestly,1,0.6931471805599453
modesty,2,0.28768207245178085
mohair,1,0.6931471805599453
moi,1,0.6931471805599453
moist,2,0.28768207245178085
moistened,1,0.6931471805599453
moisture,1,0.6931471805599453
mole,2,0.28768207245178085
moment,4,-0.2231435513142097
momentary,3,0.0
moments,4,-0.2231435513142097
momentum,1,0.6931471805599453
mon,1,0.6931471805599453
monarch,1,0.6931471805599453
monastery,1,0.6931471805599453
monday,2,0.28768207245178085
money,4,-0.2231435513142097
monfalcone,1,0.6931471805599453
monger,1,0.6931471805599453
monica,1,0.6931471805599453
monk,1,0.6931471805599453
monkey,1,0.6931471805599453
monogram,1,0.6931471805599453
monograph,1,0.6931471805599453
monologues,1,0.6931471805599453
monomania,1,0.6931471805599453
monomaniac,2,0.28768207245178085
monomaniacs,1,0.6931471805599453
monosyllable,2,0.28768207245178085
monosyllables,1,0.6931471805599453
monotonous,2,0.28768207245178085
monotony,1,0.6931471805599453
monsieur,1,0.6931471805599453
monster,1,0.6931471805599453
monstrous,1,0.6931471805599453
monstrously,1,0.6931471805599453
mont,1,0.6931471805599453
montague,1,0.6931471805599453
montana,1,0.6931471805599453
monte,1,0.6931471805599453
monter,1,0.6931471805599453
month,4,-0.2231435513142097
monthly,1,0.6931471805599453
months,4,-0.2231435513142097
montreux,1,0.6931471805599453
monumental,1,0.6931471805599453
monuments,1,0.6931471805599453
mood,2,0.28768207245178085
moodily,1,0.6931471805599453
moods,1,0.6931471805599453
moody,2,0.28768207245178085
moon,3,0.0
moonless,1,0.6931471805599453
moonlight,3,0.0
moonshine,1,0.6931471805599453
moored,1,0.6931471805599453
mopping,1,0.6931471805599453
moral,4,-0.2231435513142097
morality,2,0.28768207245178085
moralize,1,0.6931471805599453
morally,1,0.6931471805599453
morals,1,0.6931471805599453
moran,1,0.6931471805599453
morbid,1,0.6931471805599453
morbidly,1,0.6931471805599453
morcar,1,0.6931471805599453
morcars,1,0.6931471805599453
more,4,-0.2231435513142097
moreover,2,0.28768207245178085
moretti,1,0.6931471805599453
morgenfrüh,1,0.6931471805599453
morning,4,-0.2231435513142097
mornings,3,0.0
morocco,1,0.6931471805599453
morose,2,0.28768207245178085
morosely,1,0.6931471805599453
morris,2,0.28768207245178085
morrow,4,-0.2231435513142097
morsel,1,0.6931471805599453
mortal,3,0.0
mortals,1,0.6931471805599453
mortar,3,0.0
mortgage,1,0.6931471805599453
mortification,1,0.6931471805599453
mortifications,1,0.6931471805599453
mortified,2,0.28768207245178085
mortifies,1,0.6931471805599453
mortifying,1,0.6931471805599453
mortimers,1,0.6931471805599453
moscow,1,0.6931471805599453
mosquito,1,0.6931471805599453
moss,1,0.6931471805599453
most,4,-0.2231435513142097
mostly,4,-0.2231435513142097
mother,4,-0.2231435513142097
mothers,4,-0.2231435513142097
motion,2,0.28768207245178085
motioned,3,0.0
motioning,1,0.6931471805599453
motionless,2,0.28768207245178085
motive,3,0.0
motives,3,0.0
motor,1,0.6931471805599453
motorman,1,0.6931471805599453
mottled,1,0.6931471805599453
mould,1,0.6931471805599453
moulton,1,0.6931471805599453
mount,2,0.28768207245178085
mountain,2,0.28768207245178085
mountains,3,0.0
mounted,2,0.28768207245178085
mounting,2,0.28768207245178085
mournful,1,0.6931471805599453
mournfully,1,0.6931471805599453
mourning,1,0.6931471805599453
mouse,1,0.6931471805599453
mousseline,1,0.6931471805599453
moustache,2,0.28768207245178085
moustached,1,0.6931471805599453
moustaches,1,0.6931471805599453
mouth,4,-0.2231435513142097
mouthed,3,0.0
mouthful,1,0.6931471805599453
mouths,4,-0.2231435513142097
movables,1,0.6931471805599453
move,4,-0.2231435513142097
moved,4,-0.2231435513142097
movement,3,0.0
movements,1,0.6931471805599453
moves,2,0.28768207245178085
movies,1,0.6931471805599453
moving,4,-0.2231435513142097
mr,4,-0.2231435513142097
mrs,3,0.0
much,4,-0.2231435513142097
mud,4,-0.2231435513142097
muddle,1,0.6931471805599453
muddled,1,0.6931471805599453
muddles,1,0.6931471805599453
muddy,2,0.28768207245178085
muff,1,0.6931471805599453
muffin,1,0.6931471805599453
mufti,1,0.6931471805599453
mug,2,0.28768207245178085
mugs,1,0.6931471805599453
mulberry,1,0.6931471805599453
mule,1,0.6931471805599453
mules,1,0.6931471805599453
multiple,1,0.6931471805599453
multiply,1,0.6931471805599453
multitude,1,0.6931471805599453
mumbled,2,0.28768207245178085
mumbling,1,0.6931471805599453
munich,3,0.0
munificent,1,0.6931471805599453
munro,1,0.6931471805599453
murder,2,0.28768207245178085
murdered,2,0.28768207245178085
murderer,2,0.28768207245178085
murderers,2,0.28768207245178085
murdering,2,0.28768207245178085
murderous,1,0.6931471805599453
murders,2,0.28768207245178085
murky,1,0.6931471805599453
murmur,1,0.6931471805599453
murmured,2,0.28768207245178085
murmurs,2,0.28768207245178085
muscles,1,0.6931471805599453
mused,1,0.6931471805599453
musette,1,0.6931471805599453
musettes,1,0.6931471805599453
museum,1,0.6931471805599453
mushrooms,1,0.6931471805599453
music,3,0.0
musical,2,0.28768207245178085
musician,2,0.28768207245178085
musing,1,0.6931471805599453
muslin,2,0.28768207245178085
muslins,1,0.6931471805599453
musnt,1,0.6931471805599453
muss,1,0.6931471805599453
must,4,-0.2231435513142097
mustache,1,0.6931471805599453
mustaches,1,0.6931471805599453
mustard,2,0.28768207245178085
muster,1,0.6931471805599453
mustnt,2,0.28768207245178085
mute,1,0.6931471805599453
mutilated,1,0.6931471805599453
mutinied,1,0.6931471805599453
mutter,1,0.6931471805599453
muttered,2,0.28768207245178085
muttering,2,0.28768207245178085
mutton,1,0.6931471805599453
mutual,3,0.0
mutually,1,0.6931471805599453
muzzle,1,0.6931471805599453
muzzles,1,0.6931471805599453
my,4,-0.2231435513142097
myself,4,-0.2231435513142097
mysteries,1,0.6931471805599453
mysterious,3,0.0
mysteriously,1,0.6931471805599453
mystery,3,0.0
mystic,1,0.6931471805599453
mystification,1,0.6931471805599453
mystified,1,0.6931471805599453
mystify,1,0.6931471805599453
myth,1,0.6931471805599453
mädchen,1,0.6931471805599453
métier,1,0.6931471805599453
mürren,1,0.6931471805599453
n,1,0.6931471805599453
nag,1,0.6931471805599453
nags,1,0.6931471805599453
nail,3,0.0
nailed,2,0.28768207245178085
nails,3,0.0
naked,2,0.28768207245178085
name,4,-0.2231435513142097
named,4,-0.2231435513142097
names,4,-0.2231435513142097
naming,1,0.6931471805599453
nap,1,0.6931471805599453
nape,1,0.6931471805599453
napkin,1,0.6931471805599453
naples,2,0.28768207245178085
napoleon,2,0.28768207245178085
napoleons,2,0.28768207245178085
napoli,1,0.6931471805599453
narcissus,1,0.6931471805599453
narrated,1,0.6931471805599453
narrative,2,0.28768207245178085
narratives,1,0.6931471805599453
narrow,4,-0.2231435513142097
narrowed,1,0.6931471805599453
narrower,1,0.6931471805599453
narrowest,1,0.6931471805599453
narrowly,2,0.28768207245178085
nastasya,1,0.6931471805599453
nastasyas,1,0.6931471805599453
nastiness,1,0.6931471805599453
nasty,3,0.0
natalya,1,0.6931471805599453
nation,2,0.28768207245178085
national,3,0.0
nationality,1,0.6931471805599453
nations,1,0.6931471805599453
native,3,0.0
natural,4,-0.2231435513142097
naturally,4,-0.2231435513142097
naturalness,1,0.6931471805599453
nature,4,-0.2231435513142097
natured,3,0.0
naturedly,1,0.6931471805599453
naughty,1,0.6931471805599453
nauseated,1,0.6931471805599453
nautical,1,0.6931471805599453
naval,1,0.6931471805599453
navel,1,0.6931471805599453
navy,1,0.6931471805599453
navys,1,0.6931471805599453
nay,2,0.28768207245178085
naïve,1,0.6931471805599453
naïvely,1,0.6931471805599453
ne,1,0.6931471805599453
near,4,-0.2231435513142097
nearer,4,-0.2231435513142097
nearest,4,-0.2231435513142097
nearing,1,0.6931471805599453
nearly,4,-0.2231435513142097
nearness,1,0.6931471805599453
neat,2,0.28768207245178085
neatly,3,0.0
neatness,2,0.28768207245178085
necessarily,1,0.6931471805599453
necessary,4,-0.2231435513142097
necessitate,1,0.6931471805599453
necessity,3,0.0
neck,3,0.0
necked,2,0.28768207245178085
necks,1,0.6931471805599453
necktie,1,0.6931471805599453
nectarines,1,0.6931471805599453
ned,1,0.6931471805599453
need,4,-0.2231435513142097
needed,4,-0.2231435513142097
needful,1,0.6931471805599453
needle,2,0.28768207245178085
needless,1,0.6931471805599453
needlessly,1,0.6931471805599453
needlework,1,0.6931471805599453
neednt,1,0.6931471805599453
needs,2,0.28768207245178085
negative,2,0.28768207245178085
negatived,1,0.6931471805599453
neglect,2,0.28768207245178085
neglected,2,0.28768207245178085
neglecting,1,0.6931471805599453
negligence,1,0.6931471805599453
negligent,1,0.6931471805599453
negro,1,0.6931471805599453
negroes,1,0.6931471805599453
neighbour,3,0.0
neighbourhood,3,0.0
neighbourhoods,1,0.6931471805599453
neighbouring,3,0.0
neighbours,3,0.0
neither,4,-0.2231435513142097
nephew,1,0.6931471805599453
nephews,2,0.28768207245178085
nerve,2,0.28768207245178085
nerves,4,-0.2231435513142097
nervous,3,0.0
nervously,2,0.28768207245178085
nest,2,0.28768207245178085
nestled,1,0.6931471805599453
net,2,0.28768207245178085
netherfield,1,0.6931471805599453
nets,1,0.6931471805599453
netting,2,0.28768207245178085
nettled,1,0.6931471805599453
network,1,0.6931471805599453
neutral,1,0.6931471805599453
neva,1,0.6931471805599453
never,4,-0.2231435513142097
nevertheless,1,0.6931471805599453
neville,1,0.6931471805599453
nevsky,1,0.6931471805599453
new,4,-0.2231435513142097
newcastle,1,0.6931471805599453
newcomer,1,0.6931471805599453
newcomers,2,0.28768207245178085
newer,1,0.6931471805599453
newest,1,0.6931471805599453
newly,3,0.0
news,4,-0.2231435513142097
newspaper,4,-0.2231435513142097
newspapers,2,0.28768207245178085
newton,1,0.6931471805599453
next,4,-0.2231435513142097
nez,1,0.6931471805599453
nezhin,1,0.6931471805599453
niagara,1,0.6931471805599453
nice,4,-0.2231435513142097
nicely,3,0.0
niceness,1,0.6931471805599453
nicest,1,0.6931471805599453
nicety,1,0.6931471805599453
nicher,1,0.6931471805599453
nicholls,1,0.6931471805599453
nichols,1,0.6931471805599453
nick,1,0.6931471805599453
nickel,1,0.6931471805599453
nickels,1,0.6931471805599453
nickname,1,0.6931471805599453
niece,4,-0.2231435513142097
nieces,1,0.6931471805599453
nigger,2,0.28768207245178085
nigh,1,0.6931471805599453
night,4,-0.2231435513142097
nightcap,1,0.6931471805599453
nightgown,1,0.6931471805599453
nightingale,1,0.6931471805599453
nightmare,1,0.6931471805599453
nights,3,0.0
nihil,1,0.6931471805599453
nihilist,1,0.6931471805599453
nihilists,1,0.6931471805599453
nikiforovna,1,0.6931471805599453
nikodim,1,0.6931471805599453
nikolaevsky,1,0.6931471805599453
nikolay,1,0.6931471805599453
nikolayd,1,0.6931471805599453
nikolays,1,0.6931471805599453
nil,1,0.6931471805599453
nind,1,0.6931471805599453
nine,4,-0.2231435513142097
nines,1,0.6931471805599453
nineteen,1,0.6931471805599453
nineteenth,1,0.6931471805599453
ninety,2,0.28768207245178085
nip,1,0.6931471805599453
nipper,1,0.6931471805599453
nitrate,1,0.6931471805599453
nix,1,0.6931471805599453
no,4,-0.2231435513142097
noahs,1,0.6931471805599453
nobility,1,0.6931471805599453
noble,4,-0.2231435513142097
nobleman,2,0.28768207245178085
noblemen,1,0.6931471805599453
nobler,2,0.28768207245178085
noblest,2,0.28768207245178085
nobly,1,0.6931471805599453
nobody,4,-0.2231435513142097
nobodys,1,0.6931471805599453
nocturnal,1,0.6931471805599453
nod,1,0.6931471805599453
nodded,3,0.0
nodding,2,0.28768207245178085
nods,1,0.6931471805599453
nog,1,0.6931471805599453
noise,4,-0.2231435513142097
noised,1,0.6931471805599453
noiseless,2,0.28768207245178085
noiselessly,2,0.28768207245178085
noisily,1,0.6931471805599453
noisy,3,0.0
nomads,1,0.6931471805599453
nominal,1,0.6931471805599453
nominally,1,0.6931471805599453
nonchalance,1,0.6931471805599453
nonchalant,1,0.6931471805599453
nonconformist,1,0.6931471805599453
none,4,-0.2231435513142097
nonentity,2,0.28768207245178085
nonsense,4,-0.2231435513142097
nonsensical,2,0.28768207245178085
noon,2,0.28768207245178085
noose,2,0.28768207245178085
nor,4,-0.2231435513142097
normal,3,0.0
normally,1,0.6931471805599453
north,4,-0.2231435513142097
northern,1,0.6931471805599453
northumberland,1,0.6931471805599453
northward,1,0.6931471805599453
norton,1,0.6931471805599453
nose,4,-0.2231435513142097
nosed,3,0.0
nosegays,1,0.6931471805599453
noses,1,0.6931471805599453
nosing,1,0.6931471805599453
nostrils,1,0.6931471805599453
not,4,-0.2231435513142097
notable,1,0.6931471805599453
notably,1,0.6931471805599453
notched,2,0.28768207245178085
notches,1,0.6931471805599453
note,4,-0.2231435513142097
notebook,2,0.28768207245178085
notebooks,1,0.6931471805599453
noted,2,0.28768207245178085
notepaper,1,0.6931471805599453
notes,4,-0.2231435513142097
noteworthy,1,0.6931471805599453
nothing,4,-0.2231435513142097
nothingness,1,0.6931471805599453
nothings,2,0.28768207245178085
notice,4,-0.2231435513142097
noticeable,1,0.6931471805599453
noticeably,1,0.6931471805599453
noticed,4,-0.2231435513142097
notices,1,0.6931471805599453
noticing,2,0.28768207245178085
noting,1,0.6931471805599453
notion,3,0.0
notions,2,0.28768207245178085
notorious,2,0.28768207245178085
notoriously,1,0.6931471805599453
notre,1,0.6931471805599453
nou,1,0.6931471805599453
nourishes,1,0.6931471805599453
nous,1,0.6931471805599453
nova,1,0.6931471805599453
novel,2,0.28768207245178085
novels,2,0.28768207245178085
novelties,1,0.6931471805599453
novelty,1,0.6931471805599453
november,2,0.28768207245178085
novice,1,0.6931471805599453
novices,1,0.6931471805599453
now,4,-0.2231435513142097
nowadays,2,0.28768207245178085
nowhere,3,0.0
noxious,1,0.6931471805599453
nucleus,1,0.6931471805599453
nudging,1,0.6931471805599453
nuisance,2,0.28768207245178085
numb,1,0.6931471805599453
numbed,2,0.28768207245178085
number,4,-0.2231435513142097
numbers,3,0.0
numeral,1,0.6931471805599453
numerous,3,0.0
nun,1,0.6931471805599453
nunnery,1,0.6931471805599453
nuptials,1,0.6931471805599453
nurse,3,0.0
nursery,1,0.6931471805599453
nurses,1,0.6931471805599453
nursing,3,0.0
nurtured,1,0.6931471805599453
nut,2,0.28768207245178085
nuts,1,0.6931471805599453
nutshell,1,0.6931471805599453
née,1,0.6931471805599453
nêtes,1,0.6931471805599453
o,4,-0.2231435513142097
oak,2,0.28768207245178085
oakham,1,0.6931471805599453
oaks,1,0.6931471805599453
oakshott,1,0.6931471805599453
oar,1,0.6931471805599453
oarlocks,1,0.6931471805599453
oars,1,0.6931471805599453
oasis,1,0.6931471805599453
oath,2,0.28768207245178085
oaths,2,0.28768207245178085
obedience,2,0.28768207245178085
obedient,1,0.6931471805599453
obediently,1,0.6931471805599453
obeisance,1,0.6931471805599453
oberland,1,0.6931471805599453
obese,1,0.6931471805599453
obey,3,0.0
obeyed,3,0.0
obeying,1,0.6931471805599453
object,4,-0.2231435513142097
objected,1,0.6931471805599453
objecting,1,0.6931471805599453
objection,2,0.28768207245178085
objectionable,1,0.6931471805599453
objections,3,0.0
objectless,1,0.6931471805599453
objects,2,0.28768207245178085
obligated,1,0.6931471805599453
obligation,2,0.28768207245178085
obligations,4,-0.2231435513142097
oblige,1,0.6931471805599453
obliged,3,0.0
obliging,2,0.28768207245178085
obligingly,1,0.6931471805599453
oblivion,1,0.6931471805599453
oblivious,1,0.6931471805599453
oblong,1,0.6931471805599453
obscene,1,0.6931471805599453
obscure,1,0.6931471805599453
obscures,1,0.6931471805599453
obsequious,2,0.28768207245178085
obsequiousness,1,0.6931471805599453
observances,1,0.6931471805599453
observant,2,0.28768207245178085
observation,4,-0.2231435513142097
observations,2,0.28768207245178085
observe,3,0.0
observed,3,0.0
observer,2,0.28768207245178085
observes,1,0.6931471805599453
observing,3,0.0
obsession,1,0.6931471805599453
obstacle,1,0.6931471805599453
obstacles,3,0.0
obstinacy,3,0.0
obstinate,3,0.0
obstinately,1,0.6931471805599453
obstructing,1,0.6931471805599453
obtain,2,0.28768207245178085
obtainable,1,0.6931471805599453
obtained,3,0.0
obtaining,2,0.28768207245178085
obtruded,2,0.28768207245178085
obtuse,1,0.6931471805599453
obvious,3,0.0
obviously,3,0.0
occasion,3,0.0
occasional,4,-0.2231435513142097
occasionally,4,-0.2231435513142097
occasioned,1,0.6931471805599453
occasions,2,0.28768207245178085
occipital,1,0.6931471805599453
occupant,1,0.6931471805599453
occupants,1,0.6931471805599453
occupation,4,-0.2231435513142097
occupations,1,0.6931471805599453
occupied,4,-0.2231435513142097
occupies,1,0.6931471805599453
occupy,3,0.0
occur,3,0.0
occurred,4,-0.2231435513142097
occurrence,2,0.28768207245178085
occurrences,2,0.28768207245178085
occurring,1,0.6931471805599453
occurs,2,0.28768207245178085
ocean,2,0.28768207245178085
och,1,0.6931471805599453
ochs,1,0.6931471805599453
oclock,4,-0.2231435513142097
oct,1,0.6931471805599453
octagon,1,0.6931471805599453
octavo,1,0.6931471805599453
october,3,0.0
odd,4,-0.2231435513142097
oddities,2,0.28768207245178085
oddity,1,0.6931471805599453
oddly,2,0.28768207245178085
odds,1,0.6931471805599453
odessa,1,0.6931471805599453
odious,1,0.6931471805599453
odour,1,0.6931471805599453
odours,1,0.6931471805599453
of,4,-0.2231435513142097
off,4,-0.2231435513142097
offence,3,0.0
offences,1,0.6931471805599453
offend,3,0.0
offended,3,0.0
offending,2,0.28768207245178085
offensive,4,-0.2231435513142097
offer,4,-0.2231435513142097
offered,4,-0.2231435513142097
offering,3,0.0
offers,3,0.0
offhand,1,0.6931471805599453
office,4,-0.2231435513142097
officer,3,0.0
officers,4,-0.2231435513142097
offices,2,0.28768207245178085
official,3,0.0
officially,1,0.6931471805599453
officials,3,0.0
officious,1,0.6931471805599453
officiousness,1,0.6931471805599453
offshore,1,0.6931471805599453
often,4,-0.2231435513142097
oftener,2,0.28768207245178085
oh,4,-0.2231435513142097
oho,1,0.6931471805599453
oil,3,0.0
oiled,1,0.6931471805599453
oily,1,0.6931471805599453
ointment,1,0.6931471805599453
old,4,-0.2231435513142097
older,4,-0.2231435513142097
oldest,1,0.6931471805599453
olive,1,0.6931471805599453
olives,1,0.6931471805599453
omen,2,0.28768207245178085
ominous,1,0.6931471805599453
omit,2,0.28768207245178085
omitted,2,0.28768207245178085
omitting,1,0.6931471805599453
omne,1,0.6931471805599453
omniscient,1,0.6931471805599453
on,4,-0.2231435513142097
once,4,-0.2231435513142097
one,4,-0.2231435513142097
ones,4,-0.2231435513142097
oneself,1,0.6931471805599453
onion,1,0.6931471805599453
onions,1,0.6931471805599453
only,4,-0.2231435513142097
onto,2,0.28768207245178085
oozed,1,0.6931471805599453
opal,1,0.6931471805599453
open,4,-0.2231435513142097
opened,4,-0.2231435513142097
opening,4,-0.2231435513142097
openings,2,0.28768207245178085
openly,3,0.0
openness,3,0.0
openshaw,1,0.6931471805599453
openshaws,1,0.6931471805599453
opera,2,0.28768207245178085
operate,1,0.6931471805599453
operated,2,0.28768207245178085
operatic,1,0.6931471805599453
operating,1,0.6931471805599453
operation,3,0.0
operations,1,0.6931471805599453
opinion,4,-0.2231435513142097
opinions,2,0.28768207245178085
opium,1,0.6931471805599453
opponent,2,0.28768207245178085
opportunities,1,0.6931471805599453
opportunity,3,0.0
oppose,2,0.28768207245178085
opposed,3,0.0
opposing,2,0.28768207245178085
opposite,4,-0.2231435513142097
opposition,2,0.28768207245178085
oppress,1,0.6931471805599453
oppressed,3,0.0
oppression,1,0.6931471805599453
oppressive,1,0.6931471805599453
oppressively,2,0.28768207245178085
opulence,1,0.6931471805599453
or,4,-0.2231435513142097
oracle,1,0.6931471805599453
oraison,1,0.6931471805599453
orange,2,0.28768207245178085
orator,2,0.28768207245178085
orchard,1,0.6931471805599453
orchards,1,0.6931471805599453
ordained,1,0.6931471805599453
ordeal,1,0.6931471805599453
order,4,-0.2231435513142097
ordered,4,-0.2231435513142097
ordering,2,0.28768207245178085
orderly,2,0.28768207245178085
orders,4,-0.2231435513142097
ordinary,4,-0.2231435513142097
ordination,1,0.6931471805599453
ordnance,1,0.6931471805599453
organ,1,0.6931471805599453
organisation,2,0.28768207245178085
organise,1,0.6931471805599453
organised,1,0.6931471805599453
organism,1,0.6931471805599453
organization,1,0.6931471805599453
organized,1,0.6931471805599453
organizing,1,0.6931471805599453
orgies,1,0.6931471805599453
origin,2,0.28768207245178085
original,3,0.0
originality,2,0.28768207245178085
originally,1,0.6931471805599453
originate,1,0.6931471805599453
originated,2,0.28768207245178085
ormstein,1,0.6931471805599453
ornament,3,0.0
ornaments,2,0.28768207245178085
orphan,2,0.28768207245178085
orphanage,1,0.6931471805599453
orphans,1,0.6931471805599453
oscillated,1,0.6931471805599453
oscillates,1,0.6931471805599453
oscillation,1,0.6931471805599453
ospedale,1,0.6931471805599453
ostentation,1,0.6931471805599453
ostentatious,1,0.6931471805599453
ostlers,1,0.6931471805599453
ostrich,2,0.28768207245178085
ostrov,1,0.6931471805599453
othello,1,0.6931471805599453
other,4,-0.2231435513142097
others,4,-0.2231435513142097
otherwise,4,-0.2231435513142097
ouch,1,0.6931471805599453
ouchy,1,0.6931471805599453
oughf,1,0.6931471805599453
ought,4,-0.2231435513142097
oughtnt,1,0.6931471805599453
ounce,1,0.6931471805599453
ounces,1,0.6931471805599453
our,4,-0.2231435513142097
ours,4,-0.2231435513142097
ourselves,4,-0.2231435513142097
out,4,-0.2231435513142097
outbreak,2,0.28768207245178085
outbreaks,1,0.6931471805599453
outburst,1,0.6931471805599453
outbursts,1,0.6931471805599453
outcries,1,0.6931471805599453
outcry,2,0.28768207245178085
outdone,1,0.6931471805599453
outdoor,1,0.6931471805599453
outdoors,1,0.6931471805599453
outer,2,0.28768207245178085
outfit,2,0.28768207245178085
outgrown,1,0.6931471805599453
outhouse,1,0.6931471805599453
outlet,1,0.6931471805599453
outline,1,0.6931471805599453
outlined,1,0.6931471805599453
outlines,2,0.28768207245178085
outlived,2,0.28768207245178085
outrage,1,0.6931471805599453
outraged,1,0.6931471805599453
outrages,1,0.6931471805599453
outrun,1,0.6931471805599453
outré,1,0.6931471805599453
outs,1,0.6931471805599453
outset,1,0.6931471805599453
outside,3,0.0
outsider,1,0.6931471805599453
outsiders,1,0.6931471805599453
outsides,1,0.6931471805599453
outskirts,1,0.6931471805599453
outspoken,1,0.6931471805599453
outspread,2,0.28768207245178085
outstanding,1,0.6931471805599453
outstretched,2,0.28768207245178085
outstrip,1,0.6931471805599453
outstripped,1,0.6931471805599453
outward,2,0.28768207245178085
outwards,1,0.6931471805599453
outweigh,2,0.28768207245178085
oval,1,0.6931471805599453
ovens,1,0.6931471805599453
over,4,-0.2231435513142097
overawe,1,0.6931471805599453
overbalancing,1,0.6931471805599453
overbearing,2,0.28768207245178085
overburdened,1,0.6931471805599453
overcame,2,0.28768207245178085
overcoat,3,0.0
overcome,3,0.0
overcoming,1,0.6931471805599453
overdid,1,0.6931471805599453
overdo,1,0.6931471805599453
overdriven,1,0.6931471805599453
overflowed,1,0.6931471805599453
overflowing,2,0.28768207245178085
overflows,1,0.6931471805599453
overgrown,2,0.28768207245178085
overhauled,1,0.6931471805599453
overhead,2,0.28768207245178085
overhear,3,0.0
overheard,2,0.28768207245178085
overhearing,1,0.6931471805599453
overhearings,1,0.6931471805599453
overjoyed,3,0.0
overlook,3,0.0
overlooked,2,0.28768207245178085
overlooking,1,0.6931471805599453
overpower,1,0.6931471805599453
overpowered,1,0.6931471805599453
overpowering,2,0.28768207245178085
overrated,1,0.6931471805599453
overseen,1,0.6931471805599453
overset,1,0.6931471805599453
overshoes,1,0.6931471805599453
oversight,1,0.6931471805599453
oversleep,1,0.6931471805599453
overslept,1,0.6931471805599453
overspread,1,0.6931471805599453
overspreading,1,0.6931471805599453
overstep,1,0.6931471805599453
overstepped,1,0.6931471805599453
overstepping,1,0.6931471805599453
overstrained,1,0.6931471805599453
overstrung,1,0.6931471805599453
overtake,1,0.6931471805599453
overtaken,3,0.0
overtakes,1,0.6931471805599453
overthrow,1,0.6931471805599453
overthrowing,1,0.6931471805599453
overthrown,1,0.6931471805599453
overtook,3,0.0
overtopped,1,0.6931471805599453
overtures,1,0.6931471805599453
overturned,1,0.6931471805599453
overweening,1,0.6931471805599453
overwhelmed,2,0.28768207245178085
overwhelming,1,0.6931471805599453
overworked,1,0.6931471805599453
overwrought,1,0.6931471805599453
owe,3,0.0
owed,2,0.28768207245178085
owes,1,0.6931471805599453
owing,2,0.28768207245178085
owl,1,0.6931471805599453
own,4,-0.2231435513142097
owned,1,0.6931471805599453
owner,3,0.0
owning,1,0.6931471805599453
owns,1,0.6931471805599453
oxford,2,0.28768207245178085
oxfordshire,1,0.6931471805599453
p,3,0.0
pa,1,0.6931471805599453
pace,3,0.0
paced,2,0.28768207245178085
paces,3,0.0
pacific,2,0.28768207245178085
pacing,2,0.28768207245178085
pack,4,-0.2231435513142097
package,1,0.6931471805599453
packages,1,0.6931471805599453
packed,4,-0.2231435513142097
packet,1,0.6931471805599453
packing,2,0.28768207245178085
packs,1,0.6931471805599453
pad,1,0.6931471805599453
paddington,1,0.6931471805599453
paddock,2,0.28768207245178085
padlock,1,0.6931471805599453
padlocked,1,0.6931471805599453
page,3,0.0
pages,2,0.28768207245178085
pagoda,1,0.6931471805599453
paid,4,-0.2231435513142097
pail,2,0.28768207245178085
pailfuls,1,0.6931471805599453
pain,4,-0.2231435513142097
pained,1,0.6931471805599453
painful,4,-0.2231435513142097
painfully,3,0.0
paining,1,0.6931471805599453
pains,4,-0.2231435513142097
paint,4,-0.2231435513142097
painted,3,0.0
painter,2,0.28768207245178085
painters,1,0.6931471805599453
painting,2,0.28768207245178085
paintings,1,0.6931471805599453
paints,1,0.6931471805599453
pair,4,-0.2231435513142097
pajama,1,0.6931471805599453
pajamas,1,0.6931471805599453
pal,1,0.6931471805599453
palace,2,0.28768207245178085
palais,1,0.6931471805599453
palatable,1,0.6931471805599453
palate,1,0.6931471805599453
palates,1,0.6931471805599453
pale,4,-0.2231435513142097
paleness,2,0.28768207245178085
paler,2,0.28768207245178085
palermo,1,0.6931471805599453
pales,1,0.6931471805599453
paling,1,0.6931471805599453
pall,1,0.6931471805599453
pallanza,1,0.6931471805599453
pallet,1,0.6931471805599453
palliation,1,0.6931471805599453
pallor,2,0.28768207245178085
palm,1,0.6931471805599453
palmer,1,0.6931471805599453
palmerston,1,0.6931471805599453
palms,1,0.6931471805599453
palpitating,1,0.6931471805599453
pals,1,0.6931471805599453
paltry,2,0.28768207245178085
pamphlets,1,0.6931471805599453
pan,2,0.28768207245178085
pancake,1,0.6931471805599453
pancakes,1,0.6931471805599453
pancras,1,0.6931471805599453
pane,1,0.6931471805599453
panegyric,1,0.6931471805599453
panel,1,0.6931471805599453
panelled,1,0.6931471805599453
panelling,1,0.6931471805599453
panes,2,0.28768207245178085
pang,2,0.28768207245178085
pani,1,0.6931471805599453
panic,2,0.28768207245178085
panoply,1,0.6931471805599453
panted,2,0.28768207245178085
panting,2,0.28768207245178085
pantingly,1,0.6931471805599453
pants,1,0.6931471805599453
papa,2,0.28768207245178085
papas,1,0.6931471805599453
paper,4,-0.2231435513142097
papering,1,0.6931471805599453
papers,4,-0.2231435513142097
papier,1,0.6931471805599453
parabola,1,0.6931471805599453
parade,1,0.6931471805599453
parades,1,0.6931471805599453
parading,1,0.6931471805599453
paradol,1,0.6931471805599453
paradoxical,1,0.6931471805599453
paragraph,1,0.6931471805599453
paragraphs,1,0.6931471805599453
parallel,3,0.0
paralysed,1,0.6931471805599453
paralysis,1,0.6931471805599453
paramore,1,0.6931471805599453
paramount,1,0.6931471805599453
parapet,2,0.28768207245178085
parasha,1,0.6931471805599453
parasol,2,0.28768207245178085
parcel,2,0.28768207245178085
parcels,2,0.28768207245178085
parched,2,0.28768207245178085
pardon,4,-0.2231435513142097
pardonable,1,0.6931471805599453
pardoned,1,0.6931471805599453
pared,1,0.6931471805599453
parent,1,0.6931471805599453
parental,1,0.6931471805599453
parenthesis,1,0.6931471805599453
parents,3,0.0
pari,1,0.6931471805599453
parietal,1,0.6931471805599453
paris,3,0.0
parish,2,0.28768207245178085
parishioners,1,0.6931471805599453
park,4,-0.2231435513142097
parked,1,0.6931471805599453
parlance,1,0.6931471805599453
parley,1,0.6931471805599453
parlez,1,0.6931471805599453
parlor,1,0.6931471805599453
parlour,2,0.28768207245178085
paroxysm,1,0.6931471805599453
paroxysms,1,0.6931471805599453
parr,1,0.6931471805599453
parried,1,0.6931471805599453
parsimony,1,0.6931471805599453
parsonage,2,0.28768207245178085
part,4,-0.2231435513142097
partake,1,0.6931471805599453
parted,4,-0.2231435513142097
parti,1,0.6931471805599453
partial,3,0.0
partiality,1,0.6931471805599453
partially,1,0.6931471805599453
participated,1,0.6931471805599453
participation,1,0.6931471805599453
particular,3,0.0
particularly,4,-0.2231435513142097
particulars,3,0.0
partie,1,0.6931471805599453
parties,3,0.0
parting,2,0.28768207245178085
partitioned,1,0.6931471805599453
partly,4,-0.2231435513142097
partner,4,-0.2231435513142097
partners,1,0.6931471805599453
partnership,1,0.6931471805599453
partridges,1,0.6931471805599453
parts,4,-0.2231435513142097
party,3,0.0
pas,2,0.28768207245178085
pashenka,1,0.6931471805599453
pass,4,-0.2231435513142097
passage,3,0.0
passages,3,0.0
passed,4,-0.2231435513142097
passenger,1,0.6931471805599453
passengers,2,0.28768207245178085
passer,1,0.6931471805599453
passers,2,0.28768207245178085
passing,4,-0.2231435513142097
passini,1,0.6931471805599453
passinis,1,0.6931471805599453
passion,4,-0.2231435513142097
passionate,2,0.28768207245178085
passionately,2,0.28768207245178085
passions,2,0.28768207245178085
passively,1,0.6931471805599453
passport,2,0.28768207245178085
passports,2,0.28768207245178085
past,4,-0.2231435513142097
pasta,1,0.6931471805599453
pasted,1,0.6931471805599453
pasty,1,0.6931471805599453
patch,2,0.28768207245178085
patched,2,0.28768207245178085
patches,2,0.28768207245178085
patchwork,1,0.6931471805599453
patent,1,0.6931471805599453
patentee,1,0.6931471805599453
paternal,1,0.6931471805599453
patersons,1,0.6931471805599453
path,4,-0.2231435513142097
pathetic,1,0.6931471805599453
paths,2,0.28768207245178085
pathway,2,0.28768207245178085
patience,3,0.0
patient,4,-0.2231435513142097
patiently,1,0.6931471805599453
patients,3,0.0
patriarchal,1,0.6931471805599453
patriot,1,0.6931471805599453
patriotic,1,0.6931471805599453
patriots,1,0.6931471805599453
patron,2,0.28768207245178085
patronage,2,0.28768207245178085
patroness,2,0.28768207245178085
patronising,1,0.6931471805599453
patrons,1,0.6931471805599453
patted,3,0.0
pattered,3,0.0
pattern,1,0.6931471805599453
patterns,1,0.6931471805599453
patting,2,0.28768207245178085
paul,1,0.6931471805599453
pauls,1,0.6931471805599453
pauper,1,0.6931471805599453
pause,3,0.0
paused,4,-0.2231435513142097
pauses,1,0.6931471805599453
pausing,2,0.28768207245178085
paved,1,0.6931471805599453
pavement,4,-0.2231435513142097
paving,1,0.6931471805599453
pavlitch,1,0.6931471805599453
pavlovitch,1,0.6931471805599453
pavlovna,1,0.6931471805599453
pavlovnas,1,0.6931471805599453
pawn,1,0.6931471805599453
pawnbroker,2,0.28768207245178085
pawnbrokers,1,0.6931471805599453
pawned,1,0.6931471805599453
paws,2,0.28768207245178085
pay,4,-0.2231435513142097
paying,4,-0.2231435513142097
payment,4,-0.2231435513142097
pays,2,0.28768207245178085
pea,1,0.6931471805599453
peace,4,-0.2231435513142097
peaceably,1,0.6931471805599453
peaceful,2,0.28768207245178085
peacefully,1,0.6931471805599453
peaches,1,0.6931471805599453
peak,1,0.6931471805599453
peaked,1,0.6931471805599453
pear,1,0.6931471805599453
pearl,1,0.6931471805599453
pearls,1,0.6931471805599453
peas,1,0.6931471805599453
peasant,3,0.0
peasants,2,0.28768207245178085
pebbles,1,0.6931471805599453
pebbly,1,0.6931471805599453
pecking,1,0.6931471805599453
peculiar,3,0.0
peculiarities,3,0.0
peculiarity,2,0.28768207245178085
peculiarly,3,0.0
pecuniary,2,0.28768207245178085
pedantic,1,0.6931471805599453
pedestal,1,0.6931471805599453
pedestrians,1,0.6931471805599453
pedlar,1,0.6931471805599453
pedlars,1,0.6931471805599453
peduzzi,1,0.6931471805599453
peeked,1,0.6931471805599453
peel,1,0.6931471805599453
peeled,1,0.6931471805599453
peeling,2,0.28768207245178085
peep,3,0.0
peeped,2,0.28768207245178085
peeping,2,0.28768207245178085
peeress,1,0.6931471805599453
peering,2,0.28768207245178085
peevish,2,0.28768207245178085
peevishly,1,0.6931471805599453
peg,1,0.6931471805599453
pelisse,1,0.6931471805599453
pell,1,0.6931471805599453
pemberley,1,0.6931471805599453
pen,3,0.0
penal,2,0.28768207245178085
penance,1,0.6931471805599453
pence,1,0.6931471805599453
pencil,3,0.0
pencilled,1,0.6931471805599453
pencils,1,0.6931471805599453
pending,1,0.6931471805599453
penetrate,1,0.6931471805599453
penetrated,1,0.6931471805599453
penetrating,2,0.28768207245178085
penetration,2,0.28768207245178085
penitence,1,0.6931471805599453
penitent,2,0.28768207245178085
penitentiary,1,0.6931471805599453
pennant,1,0.6931471805599453
penned,1,0.6931471805599453
pennies,1,0.6931471805599453
pennsylvania,1,0.6931471805599453
penny,3,0.0
pens,3,0.0
pension,1,0.6931471805599453
pensioners,1,0.6931471805599453
pensive,1,0.6931471805599453
pentonville,1,0.6931471805599453
peony,1,0.6931471805599453
people,4,-0.2231435513142097
peoples,3,0.0
pepper,1,0.6931471805599453
per,4,-0.2231435513142097
perceive,3,0.0
perceived,3,0.0
perceiving,1,0.6931471805599453
percent,1,0.6931471805599453
percentage,1,0.6931471805599453
perceptible,2,0.28768207245178085
perceptibly,1,0.6931471805599453
perceptions,1,0.6931471805599453
perch,1,0.6931471805599453
perched,2,0.28768207245178085
percy,1,0.6931471805599453
peremptorily,1,0.6931471805599453
peremptory,1,0.6931471805599453
perfect,4,-0.2231435513142097
perfection,2,0.28768207245178085
perfections,1,0.6931471805599453
perfectly,4,-0.2231435513142097
perforce,1,0.6931471805599453
perform,3,0.0
performance,3,0.0
performances,1,0.6931471805599453
performed,3,0.0
performer,3,0.0
performers,1,0.6931471805599453
performing,1,0.6931471805599453
performs,1,0.6931471805599453
perhaps,4,-0.2231435513142097
perils,1,0.6931471805599453
period,2,0.28768207245178085
periodical,1,0.6931471805599453
periods,1,0.6931471805599453
perlen,1,0.6931471805599453
permanence,1,0.6931471805599453
permanent,4,-0.2231435513142097
permanently,1,0.6931471805599453
permissable,1,0.6931471805599453
permissible,1,0.6931471805599453
permission,4,-0.2231435513142097
permit,3,0.0
permitted,2,0.28768207245178085
pernicious,1,0.6931471805599453
perpetrated,1,0.6931471805599453
perpetration,1,0.6931471805599453
perpetrators,1,0.6931471805599453
perpetual,3,0.0
perpetually,1,0.6931471805599453
perpetuity,1,0.6931471805599453
perplexed,2,0.28768207245178085
perplexing,1,0.6931471805599453
perplexities,1,0.6931471805599453
perplexity,3,0.0
persecute,1,0.6931471805599453
persecuted,1,0.6931471805599453
persecuting,1,0.6931471805599453
persecution,2,0.28768207245178085
perseverance,1,0.6931471805599453
persevere,1,0.6931471805599453
persevered,1,0.6931471805599453
persevering,2,0.28768207245178085
perseveringly,1,0.6931471805599453
persia,1,0.6931471805599453
persian,1,0.6931471805599453
persist,2,0.28768207245178085
persisted,2,0.28768207245178085
persistence,1,0.6931471805599453
persistent,1,0.6931471805599453
persistently,2,0.28768207245178085
persisting,1,0.6931471805599453
persists,1,0.6931471805599453
person,4,-0.2231435513142097
personage,2,0.28768207245178085
personages,2,0.28768207245178085
personal,4,-0.2231435513142097
personality,1,0.6931471805599453
personally,3,0.0
personate,1,0.6931471805599453
personnel,1,0.6931471805599453
persons,3,0.0
perspiration,1,0.6931471805599453
perspired,2,0.28768207245178085
persuade,3,0.0
persuaded,3,0.0
persuading,1,0.6931471805599453
persuasion,1,0.6931471805599453
persuasions,2,0.28768207245178085
perturbation,2,0.28768207245178085
perturbed,3,0.0
perusal,1,0.6931471805599453
perusing,1,0.6931471805599453
perverse,1,0.6931471805599453
perverseness,1,0.6931471805599453
peski,1,0.6931471805599453
pessimism,1,0.6931471805599453
pester,1,0.6931471805599453
pestered,2,0.28768207245178085
pestering,2,0.28768207245178085
pestryakov,1,0.6931471805599453
pet,1,0.6931471805599453
petals,1,0.6931471805599453
petcock,1,0.6931471805599453
peter,2,0.28768207245178085
petered,1,0.6931471805599453
petersburg,1,0.6931471805599453
petersfield,1,0.6931471805599453
peterson,1,0.6931471805599453
petersons,1,0.6931471805599453
petition,2,0.28768207245178085
petitioned,1,0.6931471805599453
petrarch,1,0.6931471805599453
petrified,3,0.0
petrovitch,1,0.6931471805599453
petrovitchs,1,0.6931471805599453
petrovna,1,0.6931471805599453
petrovnas,1,0.6931471805599453
petrovsky,1,0.6931471805599453
pets,1,0.6931471805599453
petticoat,1,0.6931471805599453
petticoats,1,0.6931471805599453
pettifogging,1,0.6931471805599453
pettishly,1,0.6931471805599453
petty,2,0.28768207245178085
petulance,2,0.28768207245178085
pew,1,0.6931471805599453
pfoo,1,0.6931471805599453
phaeton,1,0.6931471805599453
phalanstery,1,0.6931471805599453
phantom,1,0.6931471805599453
phantoms,1,0.6931471805599453
pheasant,2,0.28768207245178085
phenomenal,1,0.6931471805599453
phenomenally,1,0.6931471805599453
phenomenon,1,0.6931471805599453
phew,1,0.6931471805599453
philadelphia,1,0.6931471805599453
philanthropist,1,0.6931471805599453
philip,1,0.6931471805599453
philips,2,0.28768207245178085
philipses,1,0.6931471805599453
philipss,1,0.6931471805599453
philosopher,2,0.28768207245178085
philosophers,1,0.6931471805599453
philosophic,1,0.6931471805599453
philosophy,3,0.0
phone,1,0.6931471805599453
phonograph,1,0.6931471805599453
photograph,1,0.6931471805599453
photographer,1,0.6931471805599453
photography,1,0.6931471805599453
phrase,1,0.6931471805599453
phrases,1,0.6931471805599453
physical,1,0.6931471805599453
physically,1,0.6931471805599453
physicians,1,0.6931471805599453
physiology,1,0.6931471805599453
piacenza,1,0.6931471805599453
piacenzas,1,0.6931471805599453
piani,1,0.6931471805599453
pianis,1,0.6931471805599453
piano,2,0.28768207245178085
pianoforte,2,0.28768207245178085
piave,1,0.6931471805599453
pick,3,0.0
picked,3,0.0
pickers,1,0.6931471805599453
picking,3,0.0
pickpocket,1,0.6931471805599453
picks,1,0.6931471805599453
picture,4,-0.2231435513142097
pictured,2,0.28768207245178085
pictures,4,-0.2231435513142097
picturesque,3,0.0
picturing,1,0.6931471805599453
piderits,1,0.6931471805599453
pidgin,1,0.6931471805599453
pie,2,0.28768207245178085
piece,4,-0.2231435513142097
pieces,4,-0.2231435513142097
pier,1,0.6931471805599453
pierce,1,0.6931471805599453
pierced,2,0.28768207245178085
piercing,1,0.6931471805599453
pies,2,0.28768207245178085
pig,2,0.28768207245178085
pigments,1,0.6931471805599453
pigs,1,0.6931471805599453
pikestaff,2,0.28768207245178085
pile,2,0.28768207245178085
piled,2,0.28768207245178085
piles,1,0.6931471805599453
piling,2,0.28768207245178085
pill,1,0.6931471805599453
pillars,1,0.6931471805599453
pillow,3,0.0
pillows,3,0.0
pilot,1,0.6931471805599453
pimple,1,0.6931471805599453
pin,4,-0.2231435513142097
pince,1,0.6931471805599453
pincers,1,0.6931471805599453
pinch,1,0.6931471805599453
pinched,3,0.0
pine,2,0.28768207245178085
pink,2,0.28768207245178085
pinnacles,1,0.6931471805599453
pinned,1,0.6931471805599453
pins,2,0.28768207245178085
pint,1,0.6931471805599453
pipe,3,0.0
pipes,3,0.0
piping,2,0.28768207245178085
pips,1,0.6931471805599453
piquant,1,0.6931471805599453
pique,1,0.6931471805599453
piqued,2,0.28768207245178085
piquet,1,0.6931471805599453
pirates,1,0.6931471805599453
pisa,1,0.6931471805599453
piste,1,0.6931471805599453
pistol,3,0.0
pistols,1,0.6931471805599453
piston,1,0.6931471805599453
pit,1,0.6931471805599453
pitch,2,0.28768207245178085
pitched,3,0.0
pitcher,1,0.6931471805599453
pitchers,1,0.6931471805599453
piteous,2,0.28768207245178085
piteously,1,0.6931471805599453
pith,1,0.6931471805599453
pitiable,2,0.28768207245178085
pitied,2,0.28768207245178085
pitiful,3,0.0
pitilessly,1,0.6931471805599453
pits,1,0.6931471805599453
pittance,1,0.6931471805599453
pittsburg,1,0.6931471805599453
pity,4,-0.2231435513142097
pitying,1,0.6931471805599453
pitys,1,0.6931471805599453
place,4,-0.2231435513142097
placed,4,-0.2231435513142097
places,4,-0.2231435513142097
placing,2,0.28768207245178085
plagiarists,1,0.6931471805599453
plague,2,0.28768207245178085
plaid,1,0.6931471805599453
plain,4,-0.2231435513142097
plainer,2,0.28768207245178085
plainly,4,-0.2231435513142097
plainness,1,0.6931471805599453
plains,1,0.6931471805599453
plaintive,1,0.6931471805599453
plaintively,1,0.6931471805599453
plaire,1,0.6931471805599453
plaisir,1,0.6931471805599453
plaited,1,0.6931471805599453
plan,4,-0.2231435513142097
plane,1,0.6931471805599453
planed,1,0.6931471805599453
planes,1,0.6931471805599453
planet,1,0.6931471805599453
plank,1,0.6931471805599453
planked,1,0.6931471805599453
planking,2,0.28768207245178085
planks,2,0.28768207245178085
planned,4,-0.2231435513142097
planning,3,0.0
plannings,1,0.6931471805599453
plans,3,0.0
plant,1,0.6931471805599453
plantagenet,1,0.6931471805599453
plantation,3,0.0
planted,2,0.28768207245178085
planter,1,0.6931471805599453
plants,1,0.6931471805599453
plaster,3,0.0
plat,1,0.6931471805599453
plate,4,-0.2231435513142097
plateau,1,0.6931471805599453
plates,2,0.28768207245178085
platform,2,0.28768207245178085
platitudes,1,0.6931471805599453
platoon,1,0.6931471805599453
platoons,1,0.6931471805599453
plausible,2,0.28768207245178085
plausibly,1,0.6931471805599453
plava,1,0.6931471805599453
play,4,-0.2231435513142097
played,4,-0.2231435513142097
player,2,0.28768207245178085
players,1,0.6931471805599453
playful,2,0.28768207245178085
playfulness,2,0.28768207245178085
playing,4,-0.2231435513142097
plays,2,0.28768207245178085
plaything,1,0.6931471805599453
plead,1,0.6931471805599453
pleaded,1,0.6931471805599453
pleading,1,0.6931471805599453
pleasant,4,-0.2231435513142097
pleasanter,1,0.6931471805599453
pleasantest,1,0.6931471805599453
pleasantly,2,0.28768207245178085
pleasantness,1,0.6931471805599453
pleasantry,1,0.6931471805599453
please,4,-0.2231435513142097
pleased,4,-0.2231435513142097
pleases,1,0.6931471805599453
pleasing,1,0.6931471805599453
pleasure,4,-0.2231435513142097
pleasures,3,0.0
pledge,2,0.28768207245178085
pledged,3,0.0
pledges,1,0.6931471805599453
plentiful,2,0.28768207245178085
plenty,4,-0.2231435513142097
pliancy,1,0.6931471805599453
plied,1,0.6931471805599453
plot,1,0.6931471805599453
plotted,1,0.6931471805599453
ploughed,1,0.6931471805599453
plovers,1,0.6931471805599453
pluck,1,0.6931471805599453
plucked,1,0.6931471805599453
plucking,1,0.6931471805599453
plugs,1,0.6931471805599453
plumber,1,0.6931471805599453
plumbers,1,0.6931471805599453
plume,1,0.6931471805599453
plumes,1,0.6931471805599453
plump,2,0.28768207245178085
plumped,1,0.6931471805599453
plunder,1,0.6931471805599453
plunge,1,0.6931471805599453
plunged,2,0.28768207245178085
plunging,1,0.6931471805599453
plush,2,0.28768207245178085
plying,1,0.6931471805599453
pneumonia,1,0.6931471805599453
pock,1,0.6931471805599453
pocket,4,-0.2231435513142097
pockets,3,0.0
poem,1,0.6931471805599453
poems,1,0.6931471805599453
poetic,1,0.6931471805599453
poetry,3,0.0
poets,1,0.6931471805599453
poignant,1,0.6931471805599453
point,4,-0.2231435513142097
pointed,4,-0.2231435513142097
pointedly,1,0.6931471805599453
pointing,4,-0.2231435513142097
points,4,-0.2231435513142097
poison,2,0.28768207245178085
poisoned,1,0.6931471805599453
poisoner,1,0.6931471805599453
poisoning,1,0.6931471805599453
poked,1,0.6931471805599453
poker,1,0.6931471805599453
pokers,1,0.6931471805599453
poking,1,0.6931471805599453
pokorev,1,0.6931471805599453
poky,1,0.6931471805599453
pole,1,0.6931471805599453
polenka,1,0.6931471805599453
poles,1,0.6931471805599453
police,3,0.0
policeman,2,0.28768207245178085
policemans,1,0.6931471805599453
policemen,1,0.6931471805599453
policy,3,0.0
polish,1,0.6931471805599453
polished,3,0.0
polite,3,0.0
politely,3,0.0
politeness,3,0.0
political,2,0.28768207245178085
politicians,1,0.6931471805599453
politics,1,0.6931471805599453
polluted,1,0.6931471805599453
pollution,1,0.6931471805599453
polya,1,0.6931471805599453
pomaded,1,0.6931471805599453
pomatum,1,0.6931471805599453
pomposity,1,0.6931471805599453
pompous,3,0.0
pon,1,0.6931471805599453
pondered,2,0.28768207245178085
pondering,1,0.6931471805599453
ponderous,1,0.6931471805599453
pondicherry,1,0.6931471805599453
ponies,1,0.6931471805599453
pontoon,1,0.6931471805599453
poof,1,0.6931471805599453
pooh,3,0.0
pool,3,0.0
pooled,1,0.6931471805599453
pools,2,0.28768207245178085
poor,4,-0.2231435513142097
poorer,1,0.6931471805599453
poorest,1,0.6931471805599453
poorly,2,0.28768207245178085
pop,1,0.6931471805599453
pope,2,0.28768207245178085
popes,1,0.6931471805599453
popped,1,0.6931471805599453
poppet,1,0.6931471805599453
popular,2,0.28768207245178085
popularity,1,0.6931471805599453
population,1,0.6931471805599453
populous,1,0.6931471805599453
porcelain,1,0.6931471805599453
porch,3,0.0
pordenone,1,0.6931471805599453
porfiry,1,0.6931471805599453
porfirys,1,0.6931471805599453
pork,1,0.6931471805599453
porridge,1,0.6931471805599453
port,2,0.28768207245178085
porta,1,0.6931471805599453
porter,3,0.0
porters,2,0.28768207245178085
portion,3,0.0
portly,2,0.28768207245178085
portogruaro,1,0.6931471805599453
portrait,2,0.28768207245178085
portraits,1,0.6931471805599453
portsdown,1,0.6931471805599453
pose,1,0.6931471805599453
posed,1,0.6931471805599453
poses,2,0.28768207245178085
posing,2,0.28768207245178085
position,4,-0.2231435513142097
positions,3,0.0
positive,4,-0.2231435513142097
positively,3,0.0
positiveness,1,0.6931471805599453
possess,2,0.28768207245178085
possessed,3,0.0
possesses,1,0.6931471805599453
possessing,1,0.6931471805599453
possession,3,0.0
possessions,1,0.6931471805599453
possessor,1,0.6931471805599453
possibilities,2,0.28768207245178085
possibility,3,0.0
possible,4,-0.2231435513142097
possibly,4,-0.2231435513142097
post,4,-0.2231435513142097
posted,3,0.0
posterior,1,0.6931471805599453
posterity,1,0.6931471805599453
postilions,1,0.6931471805599453
postman,1,0.6931471805599453
postmark,1,0.6931471805599453
postmarks,1,0.6931471805599453
postmaster,1,0.6931471805599453
postpone,1,0.6931471805599453
postponed,1,0.6931471805599453
posts,2,0.28768207245178085
postscript,1,0.6931471805599453
pot,1,0.6931471805599453
potanchikov,1,0.6931471805599453
potato,1,0.6931471805599453
potatoes,2,0.28768207245178085
potchinkovs,1,0.6931471805599453
pothouse,1,0.6931471805599453
pots,2,0.28768207245178085
poultry,2,0.28768207245178085
pounce,1,0.6931471805599453
pounced,1,0.6931471805599453
pound,2,0.28768207245178085
pounded,1,0.6931471805599453
pounds,3,0.0
pour,3,0.0
poured,4,-0.2231435513142097
pouring,4,-0.2231435513142097
pouting,1,0.6931471805599453
poverty,2,0.28768207245178085
powder,1,0.6931471805599453
powdered,1,0.6931471805599453
powdering,1,0.6931471805599453
powdery,1,0.6931471805599453
power,4,-0.2231435513142097
powerful,3,0.0
powers,3,0.0
practical,3,0.0
practicality,1,0.6931471805599453
practically,3,0.0
practice,4,-0.2231435513142097
practise,2,0.28768207245178085
practised,3,0.0
practises,1,0.6931471805599453
practising,2,0.28768207245178085
prague,1,0.6931471805599453
praise,2,0.28768207245178085
praised,2,0.28768207245178085
praises,2,0.28768207245178085
praiseworthy,1,0.6931471805599453
prank,1,0.6931471805599453
pranks,1,0.6931471805599453
praskovya,1,0.6931471805599453
pratt,1,0.6931471805599453
pray,4,-0.2231435513142097
prayed,2,0.28768207245178085
prayer,1,0.6931471805599453
prayers,2,0.28768207245178085
pre,2,0.28768207245178085
preach,2,0.28768207245178085
preached,1,0.6931471805599453
preaching,1,0.6931471805599453
precaution,2,0.28768207245178085
precautions,1,0.6931471805599453
preceded,2,0.28768207245178085
precedence,1,0.6931471805599453
precedent,1,0.6931471805599453
preceding,3,0.0
precious,4,-0.2231435513142097
precipice,1,0.6931471805599453
precipitance,2,0.28768207245178085
precipitate,1,0.6931471805599453
precise,3,0.0
precisely,3,0.0
precision,2,0.28768207245178085
precluding,1,0.6931471805599453
preconceived,1,0.6931471805599453
precursor,1,0.6931471805599453
predestined,1,0.6931471805599453
predict,1,0.6931471805599453
predicted,1,0.6931471805599453
prediction,1,0.6931471805599453
predictions,1,0.6931471805599453
predisposition,1,0.6931471805599453
predominance,1,0.6931471805599453
predominate,1,0.6931471805599453
predominated,2,0.28768207245178085
predominates,1,0.6931471805599453
preening,1,0.6931471805599453
prefaced,1,0.6931471805599453
prefer,3,0.0
preference,2,0.28768207245178085
preferment,1,0.6931471805599453
preferred,2,0.28768207245178085
prefers,2,0.28768207245178085
pregnancy,1,0.6931471805599453
pregnant,1,0.6931471805599453
prejudice,3,0.0
prejudiced,3,0.0
prejudices,2,0.28768207245178085
preliminary,2,0.28768207245178085
premature,1,0.6931471805599453
prematurely,1,0.6931471805599453
premeditated,1,0.6931471805599453
premeditation,1,0.6931471805599453
premises,2,0.28768207245178085
prendergast,1,0.6931471805599453
preoccupation,1,0.6931471805599453
preoccupations,1,0.6931471805599453
preoccupied,2,0.28768207245178085
preordained,1,0.6931471805599453
preparation,2,0.28768207245178085
preparations,4,-0.2231435513142097
preparatory,1,0.6931471805599453
prepare,4,-0.2231435513142097
prepared,3,0.0
preparing,3,0.0
preponderance,1,0.6931471805599453
prepossessing,1,0.6931471805599453
prepossession,1,0.6931471805599453
preposterous,1,0.6931471805599453
prescribes,1,0.6931471805599453
presence,3,0.0
present,4,-0.2231435513142097
presentable,1,0.6931471805599453
presentation,1,0.6931471805599453
presented,3,0.0
presentiment,1,0.6931471805599453
presentiments,1,0.6931471805599453
presenting,1,0.6931471805599453
presently,3,0.0
presents,4,-0.2231435513142097
preservation,1,0.6931471805599453
preservative,1,0.6931471805599453
preserve,3,0.0
preserved,3,0.0
preserver,1,0.6931471805599453
preserves,1,0.6931471805599453
preserving,2,0.28768207245178085
preside,2,0.28768207245178085
presided,1,0.6931471805599453
president,1,0.6931471805599453
presiding,1,0.6931471805599453
press,3,0.0
pressed,4,-0.2231435513142097
presses,1,0.6931471805599453
pressing,3,0.0
pressingly,1,0.6931471805599453
pressure,3,0.0
presumably,1,0.6931471805599453
presume,3,0.0
presumed,2,0.28768207245178085
presuming,2,0.28768207245178085
presumption,3,0.0
presupposes,1,0.6931471805599453
pretence,2,0.28768207245178085
pretend,3,0.0
pretended,4,-0.2231435513142097
pretending,2,0.28768207245178085
pretends,1,0.6931471805599453
pretension,1,0.6931471805599453
pretensions,2,0.28768207245178085
pretentious,1,0.6931471805599453
preternatural,1,0.6931471805599453
pretext,2,0.28768207245178085
prettier,1,0.6931471805599453
prettiest,1,0.6931471805599453
pretty,4,-0.2231435513142097
prettyish,1,0.6931471805599453
pretzels,1,0.6931471805599453
prevail,1,0.6931471805599453
prevailed,1,0.6931471805599453
prevailing,1,0.6931471805599453
prevaricate,1,0.6931471805599453
prevent,4,-0.2231435513142097
prevented,2,0.28768207245178085
preventing,1,0.6931471805599453
prevents,1,0.6931471805599453
previous,3,0.0
previously,1,0.6931471805599453
prey,3,0.0
price,4,-0.2231435513142097
prices,2,0.28768207245178085
prick,2,0.28768207245178085
pricked,1,0.6931471805599453
pride,3,0.0
prided,1,0.6931471805599453
priest,2,0.28768207245178085
priests,2,0.28768207245178085
prilukovs,1,0.6931471805599453
prima,1,0.6931471805599453
primarily,1,0.6931471805599453
prime,1,0.6931471805599453
primeval,1,0.6931471805599453
prince,2,0.28768207245178085
princess,2,0.28768207245178085
princesses,1,0.6931471805599453
principal,3,0.0
principally,3,0.0
principle,3,0.0
principles,3,0.0
prinking,1,0.6931471805599453
print,2,0.28768207245178085
printed,2,0.28768207245178085
printing,1,0.6931471805599453
prints,2,0.28768207245178085
prior,2,0.28768207245178085
prison,2,0.28768207245178085
prisoner,3,0.0
prisoners,3,0.0
prisons,1,0.6931471805599453
pritchard,1,0.6931471805599453
privacy,2,0.28768207245178085
private,4,-0.2231435513142097
privately,3,0.0
privation,1,0.6931471805599453
privations,1,0.6931471805599453
privilege,2,0.28768207245178085
privileged,3,0.0
privy,1,0.6931471805599453
prize,2,0.28768207245178085
prized,2,0.28768207245178085
prizes,2,0.28768207245178085
pro,2,0.28768207245178085
probabilities,1,0.6931471805599453
probability,3,0.0
probable,3,0.0
probably,4,-0.2231435513142097
probe,1,0.6931471805599453
probed,2,0.28768207245178085
probing,3,0.0
probity,1,0.6931471805599453
problem,2,0.28768207245178085
problems,3,0.0
procedure,1,0.6931471805599453
proceed,4,-0.2231435513142097
proceeded,3,0.0
proceeding,3,0.0
proceedings,3,0.0
process,3,0.0
processes,1,0.6931471805599453
procession,1,0.6931471805599453
proclaim,2,0.28768207245178085
proclaimed,1,0.6931471805599453
proclamations,1,0.6931471805599453
procure,1,0.6931471805599453
procured,1,0.6931471805599453
procuring,1,0.6931471805599453
prodded,1,0.6931471805599453
prodigious,1,0.6931471805599453
prodigiously,2,0.28768207245178085
produce,3,0.0
produced,3,0.0
producing,2,0.28768207245178085
product,3,0.0
productive,1,0.6931471805599453
profess,1,0.6931471805599453
professed,1,0.6931471805599453
professing,1,0.6931471805599453
profession,3,0.0
professional,2,0.28768207245178085
professionally,1,0.6931471805599453
professions,1,0.6931471805599453
professor,2,0.28768207245178085
professorship,1,0.6931471805599453
proffered,1,0.6931471805599453
proficiency,1,0.6931471805599453
proficient,2,0.28768207245178085
profile,1,0.6931471805599453
profiles,1,0.6931471805599453
profit,2,0.28768207245178085
profitable,1,0.6931471805599453
profited,1,0.6931471805599453
profligacy,1,0.6931471805599453
profligate,2,0.28768207245178085
profound,3,0.0
profoundest,1,0.6931471805599453
profoundly,1,0.6931471805599453
profuse,1,0.6931471805599453
profusion,1,0.6931471805599453
prognostics,1,0.6931471805599453
programme,2,0.28768207245178085
programmes,1,0.6931471805599453
progress,4,-0.2231435513142097
progressive,1,0.6931471805599453
progressively,1,0.6931471805599453
progressives,1,0.6931471805599453
prohibited,1,0.6931471805599453
prohibition,1,0.6931471805599453
project,2,0.28768207245178085
projected,3,0.0
projectile,1,0.6931471805599453
projecting,3,0.0
prokofitch,1,0.6931471805599453
prolong,1,0.6931471805599453
prolonged,2,0.28768207245178085
prominence,1,0.6931471805599453
prominent,1,0.6931471805599453
promise,4,-0.2231435513142097
promised,4,-0.2231435513142097
promises,3,0.0
promising,3,0.0
promote,2,0.28768207245178085
promoted,2,0.28768207245178085
promotes,1,0.6931471805599453
promoting,1,0.6931471805599453
prompt,2,0.28768207245178085
prompted,2,0.28768207245178085
prompting,1,0.6931471805599453
promptly,2,0.28768207245178085
prone,1,0.6931471805599453
pronounce,3,0.0
pronounced,2,0.28768207245178085
pronouncing,1,0.6931471805599453
proof,3,0.0
proofs,2,0.28768207245178085
proosia,1,0.6931471805599453
propaganda,1,0.6931471805599453
propagation,1,0.6931471805599453
propensities,1,0.6931471805599453
propensity,2,0.28768207245178085
proper,3,0.0
properly,3,0.0
property,4,-0.2231435513142097
prophet,1,0.6931471805599453
propitious,1,0.6931471805599453
proportion,3,0.0
proportionate,1,0.6931471805599453
proportionately,1,0.6931471805599453
proportioned,2,0.28768207245178085
proportions,2,0.28768207245178085
proposal,3,0.0
proposals,2,0.28768207245178085
propose,3,0.0
proposed,4,-0.2231435513142097
proposing,1,0.6931471805599453
proposition,3,0.0
propositions,1,0.6931471805599453
propound,1,0.6931471805599453
propounds,1,0.6931471805599453
propped,1,0.6931471805599453
propping,1,0.6931471805599453
proprietor,3,0.0
propriety,2,0.28768207245178085
prosecute,1,0.6931471805599453
prosecuted,1,0.6931471805599453
prosecution,2,0.28768207245178085
prosecutor,1,0.6931471805599453
prospect,3,0.0
prospecting,1,0.6931471805599453
prospective,1,0.6931471805599453
prospects,1,0.6931471805599453
prosper,1,0.6931471805599453
prosperity,2,0.28768207245178085
prosperous,4,-0.2231435513142097
prostrate,1,0.6931471805599453
protect,3,0.0
protected,2,0.28768207245178085
protecting,1,0.6931471805599453
protection,2,0.28768207245178085
protector,1,0.6931471805599453
protectors,1,0.6931471805599453
protest,3,0.0
protestation,1,0.6931471805599453
protested,3,0.0
protesting,3,0.0
protests,1,0.6931471805599453
protracted,1,0.6931471805599453
protruded,2,0.28768207245178085
protruding,1,0.6931471805599453
proud,4,-0.2231435513142097
proudest,1,0.6931471805599453
proudly,2,0.28768207245178085
prove,4,-0.2231435513142097
proved,4,-0.2231435513142097
proverb,2,0.28768207245178085
proves,2,0.28768207245178085
provide,3,0.0
provided,3,0.0
providence,1,0.6931471805599453
providential,1,0.6931471805599453
providing,2,0.28768207245178085
province,2,0.28768207245178085
provinces,2,0.28768207245178085
provincial,2,0.28768207245178085
proving,3,0.0
provision,2,0.28768207245178085
provisional,1,0.6931471805599453
provisions,1,0.6931471805599453
provocations,1,0.6931471805599453
provocative,1,0.6931471805599453
provoke,1,0.6931471805599453
provoked,2,0.28768207245178085
provoking,2,0.28768207245178085
proximity,1,0.6931471805599453
proxy,1,0.6931471805599453
prudence,2,0.28768207245178085
prudent,2,0.28768207245178085
prudential,1,0.6931471805599453
prudently,1,0.6931471805599453
pruning,1,0.6931471805599453
prussian,2,0.28768207245178085
pry,1,0.6931471805599453
prying,1,0.6931471805599453
pshaw,1,0.6931471805599453
psychological,1,0.6931471805599453
psychologically,1,0.6931471805599453
psychologist,1,0.6931471805599453
psychology,1,0.6931471805599453
pub,1,0.6931471805599453
public,3,0.0
publications,1,0.6931471805599453
publicity,2,0.28768207245178085
publicly,2,0.28768207245178085
publish,2,0.28768207245178085
published,1,0.6931471805599453
publisher,1,0.6931471805599453
publishers,1,0.6931471805599453
publishing,1,0.6931471805599453
puckered,2,0.28768207245178085
pudding,2,0.28768207245178085
puddle,1,0.6931471805599453
puddles,1,0.6931471805599453
puffed,2,0.28768207245178085
puffing,3,0.0
puffs,1,0.6931471805599453
puffy,1,0.6931471805599453
pulcheria,1,0.6931471805599453
pull,4,-0.2231435513142097
pulled,3,0.0
pulling,3,0.0
pulls,1,0.6931471805599453
pulp,1,0.6931471805599453
pulpy,1,0.6931471805599453
pulse,1,0.6931471805599453
pulsing,1,0.6931471805599453
punch,2,0.28768207245178085
punchinello,1,0.6931471805599453
punching,1,0.6931471805599453
punctiliousness,1,0.6931471805599453
punctual,1,0.6931471805599453
punctuality,1,0.6931471805599453
punctually,2,0.28768207245178085
puncture,1,0.6931471805599453
punctures,1,0.6931471805599453
pungent,1,0.6931471805599453
punish,3,0.0
punished,1,0.6931471805599453
punishing,1,0.6931471805599453
punishment,3,0.0
puny,1,0.6931471805599453
pupils,1,0.6931471805599453
puppy,2,0.28768207245178085
purchase,3,0.0
purchased,2,0.28768207245178085
purchases,2,0.28768207245178085
purchasing,2,0.28768207245178085
pure,4,-0.2231435513142097
purely,2,0.28768207245178085
purer,1,0.6931471805599453
purest,2,0.28768207245178085
purify,1,0.6931471805599453
purissimo,1,0.6931471805599453
purity,2,0.28768207245178085
purple,3,0.0
purplish,2,0.28768207245178085
purport,2,0.28768207245178085
purpose,4,-0.2231435513142097
purposely,2,0.28768207245178085
purposes,2,0.28768207245178085
purr,1,0.6931471805599453
purse,3,0.0
purses,2,0.28768207245178085
pursue,2,0.28768207245178085
pursued,3,0.0
pursuers,1,0.6931471805599453
pursuing,2,0.28768207245178085
pursuit,2,0.28768207245178085
pursuits,1,0.6931471805599453
purveyor,1,0.6931471805599453
purvis,1,0.6931471805599453
purée,1,0.6931471805599453
pus,1,0.6931471805599453
push,3,0.0
pushed,3,0.0
pushing,2,0.28768207245178085
pushkin,1,0.6931471805599453
put,4,-0.2231435513142097
puts,2,0.28768207245178085
puttee,1,0.6931471805599453
puttees,1,0.6931471805599453
putting,4,-0.2231435513142097
putty,1,0.6931471805599453
puzzle,2,0.28768207245178085
puzzled,4,-0.2231435513142097
puzzling,1,0.6931471805599453
pyotr,1,0.6931471805599453
pyramid,1,0.6931471805599453
pyramids,2,0.28768207245178085
pâté,1,0.6931471805599453
quadrangle,1,0.6931471805599453
quadrangular,1,0.6931471805599453
quadrilateral,1,0.6931471805599453
quadrille,1,0.6931471805599453
quaking,1,0.6931471805599453
qualifications,2,0.28768207245178085
qualified,1,0.6931471805599453
qualities,3,0.0
quality,4,-0.2231435513142097
quand,1,0.6931471805599453
quantities,1,0.6931471805599453
quantity,2,0.28768207245178085
quarrel,4,-0.2231435513142097
quarrelled,3,0.0
quarrelling,3,0.0
quarrels,1,0.6931471805599453
quarrelsome,2,0.28768207245178085
quart,1,0.6931471805599453
quarter,4,-0.2231435513142097
quartered,1,0.6931471805599453
quartering,1,0.6931471805599453
quarters,4,-0.2231435513142097
quavering,1,0.6931471805599453
quay,1,0.6931471805599453
queen,3,0.0
queer,2,0.28768207245178085
queerness,1,0.6931471805599453
quench,1,0.6931471805599453
quenching,1,0.6931471805599453
querulous,1,0.6931471805599453
quest,2,0.28768207245178085
question,4,-0.2231435513142097
questionable,1,0.6931471805599453
questioned,3,0.0
questioner,1,0.6931471805599453
questioners,1,0.6931471805599453
questioning,3,0.0
questions,4,-0.2231435513142097
quick,4,-0.2231435513142097
quicken,1,0.6931471805599453
quicker,2,0.28768207245178085
quickly,4,-0.2231435513142097
quickness,1,0.6931471805599453
quiet,4,-0.2231435513142097
quieted,1,0.6931471805599453
quieter,2,0.28768207245178085
quietest,1,0.6931471805599453
quieting,1,0.6931471805599453
quietly,4,-0.2231435513142097
quill,1,0.6931471805599453
quilt,1,0.6931471805599453
quinceys,1,0.6931471805599453
quinsy,1,0.6931471805599453
quit,1,0.6931471805599453
quite,4,-0.2231435513142097
quitted,2,0.28768207245178085
quitting,1,0.6931471805599453
quiver,1,0.6931471805599453
quivered,2,0.28768207245178085
quivering,2,0.28768207245178085
quote,2,0.28768207245178085
quoted,2,0.28768207245178085
quotes,2,0.28768207245178085
r,2,0.28768207245178085
rabbi,1,0.6931471805599453
rabbit,2,0.28768207245178085
rabbits,2,0.28768207245178085
race,4,-0.2231435513142097
races,2,0.28768207245178085
racing,1,0.6931471805599453
rack,3,0.0
racked,1,0.6931471805599453
racking,1,0.6931471805599453
racks,1,0.6931471805599453
radiance,2,0.28768207245178085
radiant,1,0.6931471805599453
radiator,1,0.6931471805599453
radical,1,0.6931471805599453
radish,1,0.6931471805599453
radishchev,1,0.6931471805599453
radius,1,0.6931471805599453
raff,1,0.6931471805599453
rafts,1,0.6931471805599453
rag,1,0.6931471805599453
rage,3,0.0
raged,1,0.6931471805599453
ragged,2,0.28768207245178085
raging,1,0.6931471805599453
ragout,1,0.6931471805599453
rags,1,0.6931471805599453
rail,3,0.0
railed,1,0.6931471805599453
railing,1,0.6931471805599453
railings,1,0.6931471805599453
railroad,1,0.6931471805599453
rails,2,0.28768207245178085
railway,3,0.0
railways,1,0.6931471805599453
rain,4,-0.2231435513142097
rainbow,1,0.6931471805599453
rained,2,0.28768207245178085
raining,1,0.6931471805599453
rains,1,0.6931471805599453
rainy,2,0.28768207245178085
raise,3,0.0
raised,4,-0.2231435513142097
raising,3,0.0
raisins,1,0.6931471805599453
rake,1,0.6931471805599453
rakishly,1,0.6931471805599453
rallied,1,0.6931471805599453
ralph,1,0.6931471805599453
ramble,1,0.6931471805599453
rambled,1,0.6931471805599453
rambling,1,0.6931471805599453
ramblings,1,0.6931471805599453
ramsgate,1,0.6931471805599453
ran,4,-0.2231435513142097
random,2,0.28768207245178085
rang,4,-0.2231435513142097
range,3,0.0
ranged,1,0.6931471805599453
ranges,1,0.6931471805599453
rank,4,-0.2231435513142097
ranks,1,0.6931471805599453
ransack,1,0.6931471805599453
ransacked,2,0.28768207245178085
ransacking,1,0.6931471805599453
rant,1,0.6931471805599453
rapacity,1,0.6931471805599453
raphael,1,0.6931471805599453
raphaels,1,0.6931471805599453
rapid,3,0.0
rapidity,3,0.0
rapidly,4,-0.2231435513142097
rapping,1,0.6931471805599453
rapt,1,0.6931471805599453
rapture,2,0.28768207245178085
raptures,1,0.6931471805599453
rapturous,1,0.6931471805599453
rapturously,1,0.6931471805599453
rare,2,0.28768207245178085
rarely,2,0.28768207245178085
rascal,1,0.6931471805599453
rascally,2,0.28768207245178085
rash,2,0.28768207245178085
rashers,1,0.6931471805599453
rashness,2,0.28768207245178085
raskolnikov,1,0.6931471805599453
raskolnikovs,1,0.6931471805599453
raspberries,1,0.6931471805599453
raspberry,1,0.6931471805599453
rat,1,0.6931471805599453
rate,4,-0.2231435513142097
rated,1,0.6931471805599453
rather,4,-0.2231435513142097
rational,2,0.28768207245178085
rationally,1,0.6931471805599453
rats,1,0.6931471805599453
rattan,1,0.6931471805599453
rattle,4,-0.2231435513142097
rattled,1,0.6931471805599453
rattling,1,0.6931471805599453
rave,1,0.6931471805599453
raved,1,0.6931471805599453
raving,1,0.6931471805599453
ravne,1,0.6931471805599453
raw,1,0.6931471805599453
rawness,1,0.6931471805599453
ray,3,0.0
rays,2,0.28768207245178085
razor,2,0.28768207245178085
razors,2,0.28768207245178085
razsudkin,1,0.6931471805599453
razumihin,1,0.6931471805599453
razumihins,1,0.6931471805599453
re,4,-0.2231435513142097
reabsorbed,1,0.6931471805599453
reach,4,-0.2231435513142097
reached,4,-0.2231435513142097
reaches,1,0.6931471805599453
reaching,3,0.0
reaction,2,0.28768207245178085
reactionaries,1,0.6931471805599453
reactionary,1,0.6931471805599453
read,4,-0.2231435513142097
reader,1,0.6931471805599453
readers,1,0.6931471805599453
readily,3,0.0
readiness,2,0.28768207245178085
reading,4,-0.2231435513142097
ready,4,-0.2231435513142097
real,4,-0.2231435513142097
realise,2,0.28768207245178085
realised,2,0.28768207245178085
realising,2,0.28768207245178085
realism,1,0.6931471805599453
realistic,1,0.6931471805599453
realities,2,0.28768207245178085
reality,1,0.6931471805599453
realize,1,0.6931471805599453
realized,2,0.28768207245178085
really,4,-0.2231435513142097
reap,2,0.28768207245178085
reaped,1,0.6931471805599453
reappear,1,0.6931471805599453
rear,1,0.6931471805599453
reared,1,0.6931471805599453
rearing,1,0.6931471805599453
rearranging,1,0.6931471805599453
reason,4,-0.2231435513142097
reasonable,3,0.0
reasonableness,1,0.6931471805599453
reasonably,1,0.6931471805599453
reasoned,1,0.6931471805599453
reasoner,1,0.6931471805599453
reasoning,3,0.0
reasons,3,0.0
reassure,1,0.6931471805599453
reassured,1,0.6931471805599453
reaumur,1,0.6931471805599453
rebellious,1,0.6931471805599453
rebounding,1,0.6931471805599453
rebuke,1,0.6931471805599453
recall,3,0.0
recalled,3,0.0
recalling,1,0.6931471805599453
recantation,1,0.6931471805599453
recede,1,0.6931471805599453
receded,1,0.6931471805599453
receipt,2,0.28768207245178085
receipts,2,0.28768207245178085
receive,3,0.0
received,4,-0.2231435513142097
receiver,2,0.28768207245178085
receiving,3,0.0
recent,3,0.0
recently,2,0.28768207245178085
reception,4,-0.2231435513142097
recess,1,0.6931471805599453
recesses,1,0.6931471805599453
recital,1,0.6931471805599453
reckless,2,0.28768207245178085
recklessly,1,0.6931471805599453
recklessness,1,0.6931471805599453
reckon,2,0.28768207245178085
reckoned,2,0.28768207245178085
reckoning,2,0.28768207245178085
reclaim,1,0.6931471805599453
recognise,2,0.28768207245178085
recognised,2,0.28768207245178085
recognising,2,0.28768207245178085
recognition,1,0.6931471805599453
recognize,1,0.6931471805599453
recognized,2,0.28768207245178085
recognizing,1,0.6931471805599453
recoil,1,0.6931471805599453
recoiled,2,0.28768207245178085
recollect,3,0.0
recollected,2,0.28768207245178085
recollecting,2,0.28768207245178085
recollection,2,0.28768207245178085
recollections,2,0.28768207245178085
recommence,1,0.6931471805599453
recommenced,1,0.6931471805599453
recommend,4,-0.2231435513142097
recommendation,2,0.28768207245178085
recommendations,1,0.6931471805599453
recommended,4,-0.2231435513142097
recommending,1,0.6931471805599453
recompense,1,0.6931471805599453
reconcile,1,0.6931471805599453
reconciled,2,0.28768207245178085
reconciliation,2,0.28768207245178085
reconciling,1,0.6931471805599453
reconsider,1,0.6931471805599453
reconsidered,1,0.6931471805599453
reconsidering,1,0.6931471805599453
reconstruction,1,0.6931471805599453
record,1,0.6931471805599453
recorded,1,0.6931471805599453
records,2,0.28768207245178085
recounted,1,0.6931471805599453
recourse,2,0.28768207245178085
recover,3,0.0
recovered,3,0.0
recovering,3,0.0
recovery,2,0.28768207245178085
recreation,1,0.6931471805599453
rectify,1,0.6931471805599453
rectitude,1,0.6931471805599453
rector,1,0.6931471805599453
rectory,1,0.6931471805599453
recurring,2,0.28768207245178085
red,4,-0.2231435513142097
redder,1,0.6931471805599453
reddish,1,0.6931471805599453
redecorated,1,0.6931471805599453
redeem,1,0.6931471805599453
redeemed,1,0.6931471805599453
redeemer,1,0.6931471805599453
redoubled,1,0.6931471805599453
redress,1,0.6931471805599453
reduce,1,0.6931471805599453
reduced,3,0.0
reducing,1,0.6931471805599453
reed,1,0.6931471805599453
reeds,1,0.6931471805599453
reeked,1,0.6931471805599453
reeking,1,0.6931471805599453
reel,1,0.6931471805599453
reeled,1,0.6931471805599453
refer,2,0.28768207245178085
reference,3,0.0
referred,3,0.0
referring,1,0.6931471805599453
refers,1,0.6931471805599453
refined,3,0.0
refinement,1,0.6931471805599453
refinements,1,0.6931471805599453
reflect,2,0.28768207245178085
reflected,3,0.0
reflecting,2,0.28768207245178085
reflection,2,0.28768207245178085
reflections,2,0.28768207245178085
reflects,1,0.6931471805599453
reflex,1,0.6931471805599453
reform,1,0.6931471805599453
reforms,1,0.6931471805599453
refrain,3,0.0
refrained,3,0.0
refreshed,2,0.28768207245178085
refreshing,2,0.28768207245178085
refreshingly,1,0.6931471805599453
refreshment,1,0.6931471805599453
refuge,1,0.6931471805599453
refund,1,0.6931471805599453
refusal,2,0.28768207245178085
refusals,1,0.6931471805599453
refuse,4,-0.2231435513142097
refused,4,-0.2231435513142097
refusing,2,0.28768207245178085
refute,2,0.28768207245178085
regain,3,0.0
regained,3,0.0
regaining,1,0.6931471805599453
regard,3,0.0
regarded,2,0.28768207245178085
regarding,1,0.6931471805599453
regardless,2,0.28768207245178085
regards,2,0.28768207245178085
regency,1,0.6931471805599453
regeneration,1,0.6931471805599453
regent,1,0.6931471805599453
regiment,3,0.0
regimental,1,0.6931471805599453
regimentals,1,0.6931471805599453
regiments,2,0.28768207245178085
region,1,0.6931471805599453
register,1,0.6931471805599453
registers,1,0.6931471805599453
registry,1,0.6931471805599453
regret,4,-0.2231435513142097
regretfully,1,0.6931471805599453
regrets,1,0.6931471805599453
regretted,3,0.0
regretting,2,0.28768207245178085
regular,4,-0.2231435513142097
regularity,1,0.6931471805599453
regularly,3,0.0
regulars,1,0.6931471805599453
regulate,1,0.6931471805599453
regulated,1,0.6931471805599453
regulation,2,0.28768207245178085
regulations,1,0.6931471805599453
regurgitation,1,0.6931471805599453
rehearsal,1,0.6931471805599453
rehearse,1,0.6931471805599453
reign,1,0.6931471805599453
reigned,1,0.6931471805599453
reigning,2,0.28768207245178085
reinforced,1,0.6931471805599453
reins,2,0.28768207245178085
reinstating,1,0.6931471805599453
reject,2,0.28768207245178085
rejected,3,0.0
rejecting,1,0.6931471805599453
rejection,1,0.6931471805599453
rejoice,2,0.28768207245178085
rejoiced,3,0.0
rejoicing,1,0.6931471805599453
rejoin,1,0.6931471805599453
rejoined,1,0.6931471805599453
rekindled,1,0.6931471805599453
relapse,1,0.6931471805599453
relapsed,2,0.28768207245178085
relapsing,2,0.28768207245178085
relate,2,0.28768207245178085
related,2,0.28768207245178085
relates,1,0.6931471805599453
relating,1,0.6931471805599453
relation,4,-0.2231435513142097
relations,3,0.0
relationship,2,0.28768207245178085
relative,3,0.0
relatives,2,0.28768207245178085
relaxed,2,0.28768207245178085
release,1,0.6931471805599453
released,2,0.28768207245178085
relentless,1,0.6931471805599453
relevant,1,0.6931471805599453
reliability,1,0.6931471805599453
reliable,1,0.6931471805599453
reliance,3,0.0
reliant,1,0.6931471805599453
relic,1,0.6931471805599453
relics,1,0.6931471805599453
relied,2,0.28768207245178085
relief,4,-0.2231435513142097
relies,1,0.6931471805599453
relieve,3,0.0
relieved,3,0.0
relieves,1,0.6931471805599453
religion,2,0.28768207245178085
religious,2,0.28768207245178085
religiously,1,0.6931471805599453
relinquish,1,0.6931471805599453
relish,2,0.28768207245178085
relished,2,0.28768207245178085
reload,1,0.6931471805599453
reluctance,2,0.28768207245178085
reluctant,2,0.28768207245178085
reluctantly,1,0.6931471805599453
rely,3,0.0
relying,1,0.6931471805599453
remain,4,-0.2231435513142097
remainder,2,0.28768207245178085
remained,3,0.0
remaining,3,0.0
remains,3,0.0
remanded,1,0.6931471805599453
remark,3,0.0
remarkable,3,0.0
remarkably,3,0.0
remarked,3,0.0
remarkedly,1,0.6931471805599453
remarking,2,0.28768207245178085
remarks,3,0.0
remedied,1,0.6931471805599453
remedy,1,0.6931471805599453
remember,4,-0.2231435513142097
remembered,4,-0.2231435513142097
remembering,2,0.28768207245178085
remembers,1,0.6931471805599453
remembrance,2,0.28768207245178085
remind,3,0.0
reminded,2,0.28768207245178085
reminding,2,0.28768207245178085
remit,1,0.6931471805599453
remittance,1,0.6931471805599453
remnants,1,0.6931471805599453
remonstrance,2,0.28768207245178085
remorse,3,0.0
remorseless,1,0.6931471805599453
remote,1,0.6931471805599453
remoteness,1,0.6931471805599453
removal,2,0.28768207245178085
remove,4,-0.2231435513142097
removed,4,-0.2231435513142097
removing,4,-0.2231435513142097
remunerative,1,0.6931471805599453
rend,1,0.6931471805599453
render,1,0.6931471805599453
rendered,2,0.28768207245178085
rendering,1,0.6931471805599453
rendezvous,1,0.6931471805599453
rending,2,0.28768207245178085
renew,2,0.28768207245178085
renewal,2,0.28768207245178085
renewed,3,0.0
renewing,1,0.6931471805599453
renews,1,0.6931471805599453
renounce,1,0.6931471805599453
renounced,1,0.6931471805599453
rent,2,0.28768207245178085
reopened,1,0.6931471805599453
reopening,1,0.6931471805599453
repaid,2,0.28768207245178085
repair,1,0.6931471805599453
repaired,2,0.28768207245178085
repairs,2,0.28768207245178085
reparation,1,0.6931471805599453
repartee,1,0.6931471805599453
repay,2,0.28768207245178085
repaying,1,0.6931471805599453
repeat,3,0.0
repeated,4,-0.2231435513142097
repeatedly,3,0.0
repeating,2,0.28768207245178085
repel,2,0.28768207245178085
repelled,2,0.28768207245178085
repellent,1,0.6931471805599453
repelling,1,0.6931471805599453
repent,2,0.28768207245178085
repentance,2,0.28768207245178085
repented,3,0.0
repetition,2,0.28768207245178085
repine,1,0.6931471805599453
repining,1,0.6931471805599453
repinings,1,0.6931471805599453
replace,1,0.6931471805599453
replaced,2,0.28768207245178085
replete,1,0.6931471805599453
replied,3,0.0
replies,1,0.6931471805599453
reply,3,0.0
replying,2,0.28768207245178085
report,4,-0.2231435513142097
reported,2,0.28768207245178085
reporter,1,0.6931471805599453
reporting,3,0.0
reports,4,-0.2231435513142097
repose,1,0.6931471805599453
reprehensible,1,0.6931471805599453
represent,3,0.0
representation,1,0.6931471805599453
representative,1,0.6931471805599453
represented,2,0.28768207245178085
representing,2,0.28768207245178085
represents,1,0.6931471805599453
repress,2,0.28768207245178085
repressed,1,0.6931471805599453
repressing,1,0.6931471805599453
reproach,3,0.0
reproached,2,0.28768207245178085
reproaches,2,0.28768207245178085
reproachfully,2,0.28768207245178085
reproduce,1,0.6931471805599453
reproduced,1,0.6931471805599453
reproducing,1,0.6931471805599453
reproof,2,0.28768207245178085
reproofs,1,0.6931471805599453
reptiles,1,0.6931471805599453
republican,1,0.6931471805599453
repugnance,2,0.28768207245178085
repugnant,2,0.28768207245178085
repulse,1,0.6931471805599453
repulsed,1,0.6931471805599453
repulsion,2,0.28768207245178085
repulsive,3,0.0
reputable,1,0.6931471805599453
reputation,3,0.0
repute,1,0.6931471805599453
reputed,2,0.28768207245178085
request,3,0.0
requested,3,0.0
requester,1,0.6931471805599453
requesting,1,0.6931471805599453
requests,1,0.6931471805599453
requiem,1,0.6931471805599453
require,1,0.6931471805599453
required,4,-0.2231435513142097
requirement,1,0.6931471805599453
requires,1,0.6931471805599453
requiring,2,0.28768207245178085
requisite,1,0.6931471805599453
requited,1,0.6931471805599453
rescue,3,0.0
rescued,2,0.28768207245178085
rescuing,1,0.6931471805599453
research,3,0.0
researches,1,0.6931471805599453
resemblance,2,0.28768207245178085
resembled,1,0.6931471805599453
resembling,2,0.28768207245178085
resent,2,0.28768207245178085
resented,2,0.28768207245178085
resentful,2,0.28768207245178085
resentfully,2,0.28768207245178085
resentment,2,0.28768207245178085
resentments,1,0.6931471805599453
reserve,3,0.0
reserved,2,0.28768207245178085
reserves,1,0.6931471805599453
resided,1,0.6931471805599453
residence,2,0.28768207245178085
resides,1,0.6931471805599453
residing,2,0.28768207245178085
resign,1,0.6931471805599453
resignation,1,0.6931471805599453
resigned,1,0.6931471805599453
resigning,1,0.6931471805599453
resist,3,0.0
resistance,3,0.0
resisted,2,0.28768207245178085
resisting,1,0.6931471805599453
resistless,1,0.6931471805599453
resists,1,0.6931471805599453
resolute,3,0.0
resolutely,2,0.28768207245178085
resolution,3,0.0
resolutions,2,0.28768207245178085
resolve,2,0.28768207245178085
resolved,3,0.0
resolving,1,0.6931471805599453
resort,2,0.28768207245178085
resorted,1,0.6931471805599453
resounded,2,0.28768207245178085
resounding,1,0.6931471805599453
resource,3,0.0
resourcefulness,1,0.6931471805599453
resources,2,0.28768207245178085
respect,4,-0.2231435513142097
respectability,2,0.28768207245178085
respectable,3,0.0
respected,3,0.0
respectful,2,0.28768207245178085
respectfully,2,0.28768207245178085
respecting,1,0.6931471805599453
respective,1,0.6931471805599453
respects,3,0.0
respirator,1,0.6931471805599453
respond,2,0.28768207245178085
responded,1,0.6931471805599453
responds,1,0.6931471805599453
response,1,0.6931471805599453
responses,1,0.6931471805599453
responsibility,3,0.0
responsible,2,0.28768207245178085
responsive,1,0.6931471805599453
resslich,1,0.6931471805599453
resslichs,1,0.6931471805599453
rest,4,-0.2231435513142097
restaurant,3,0.0
restaurants,2,0.28768207245178085
rested,4,-0.2231435513142097
restful,2,0.28768207245178085
resting,3,0.0
restive,2,0.28768207245178085
restless,4,-0.2231435513142097
restlessness,1,0.6931471805599453
restoration,1,0.6931471805599453
restore,2,0.28768207245178085
restored,3,0.0
restoring,1,0.6931471805599453
restrain,3,0.0
restrained,2,0.28768207245178085
restraining,1,0.6931471805599453
restraint,3,0.0
rests,2,0.28768207245178085
result,4,-0.2231435513142097
results,2,0.28768207245178085
resume,2,0.28768207245178085
resumed,1,0.6931471805599453
resuming,2,0.28768207245178085
resurrection,1,0.6931471805599453
retail,1,0.6931471805599453
retailing,1,0.6931471805599453
retain,3,0.0
retained,3,0.0
retaining,2,0.28768207245178085
retains,1,0.6931471805599453
retaliate,1,0.6931471805599453
retire,1,0.6931471805599453
retired,4,-0.2231435513142097
retirement,1,0.6931471805599453
retiring,2,0.28768207245178085
retort,3,0.0
retorted,2,0.28768207245178085
retract,1,0.6931471805599453
retreat,3,0.0
retreated,2,0.28768207245178085
retreating,2,0.28768207245178085
retrograde,1,0.6931471805599453
retrogression,1,0.6931471805599453
retrospections,1,0.6931471805599453
retrospective,1,0.6931471805599453
return,4,-0.2231435513142097
returned,4,-0.2231435513142097
returning,4,-0.2231435513142097
returns,2,0.28768207245178085
reveal,2,0.28768207245178085
revealed,3,0.0
revealing,2,0.28768207245178085
revellers,2,0.28768207245178085
revenge,3,0.0
revenging,2,0.28768207245178085
revenue,1,0.6931471805599453
revered,1,0.6931471805599453
reverence,1,0.6931471805599453
reverently,1,0.6931471805599453
reverie,3,0.0
reverse,3,0.0
reverting,2,0.28768207245178085
reviendra,1,0.6931471805599453
review,2,0.28768207245178085
reviling,1,0.6931471805599453
revival,1,0.6931471805599453
revive,2,0.28768207245178085
revived,2,0.28768207245178085
revolt,2,0.28768207245178085
revolted,1,0.6931471805599453
revolting,1,0.6931471805599453
revolution,2,0.28768207245178085
revolved,1,0.6931471805599453
revolver,2,0.28768207245178085
revolving,2,0.28768207245178085
revulsion,1,0.6931471805599453
reward,2,0.28768207245178085
rewarded,1,0.6931471805599453
reynolds,1,0.6931471805599453
rhone,1,0.6931471805599453
rhymes,1,0.6931471805599453
rhythmically,1,0.6931471805599453
rib,1,0.6931471805599453
ribbed,1,0.6931471805599453
ribbons,2,0.28768207245178085
ribs,2,0.28768207245178085
rice,1,0.6931471805599453
rich,4,-0.2231435513142097
richard,1,0.6931471805599453
richer,1,0.6931471805599453
richest,1,0.6931471805599453
richly,1,0.6931471805599453
richness,1,0.6931471805599453
rickety,2,0.28768207245178085
rid,4,-0.2231435513142097
riddle,1,0.6931471805599453
riddles,1,0.6931471805599453
ride,2,0.28768207245178085
rides,1,0.6931471805599453
ridge,2,0.28768207245178085
ridges,1,0.6931471805599453
ridicule,2,0.28768207245178085
ridiculing,1,0.6931471805599453
ridiculous,3,0.0
ridiculously,1,0.6931471805599453
ridiculousness,1,0.6931471805599453
riding,2,0.28768207245178085
rien,1,0.6931471805599453
riff,1,0.6931471805599453
rifle,2,0.28768207245178085
rifled,1,0.6931471805599453
rifles,1,0.6931471805599453
rift,1,0.6931471805599453
rifts,1,0.6931471805599453
rig,1,0.6931471805599453
rigamarole,1,0.6931471805599453
right,4,-0.2231435513142097
righteous,1,0.6931471805599453
righteousness,1,0.6931471805599453
rightful,1,0.6931471805599453
rightly,2,0.28768207245178085
rights,3,0.0
rigid,2,0.28768207245178085
rigidity,1,0.6931471805599453
rigueur,1,0.6931471805599453
rim,1,0.6931471805599453
rimmed,1,0.6931471805599453
rinaldi,1,0.6931471805599453
rinaldis,1,0.6931471805599453
rinaldo,1,0.6931471805599453
ring,4,-0.2231435513142097
ringing,2,0.28768207245178085
ringleaders,1,0.6931471805599453
rings,4,-0.2231435513142097
rinin,1,0.6931471805599453
rinse,1,0.6931471805599453
rinsing,2,0.28768207245178085
rioting,1,0.6931471805599453
riotous,1,0.6931471805599453
riots,1,0.6931471805599453
rip,1,0.6931471805599453
riparto,1,0.6931471805599453
ripped,1,0.6931471805599453
rise,4,-0.2231435513142097
risen,3,0.0
riser,1,0.6931471805599453
risers,1,0.6931471805599453
rises,1,0.6931471805599453
rising,4,-0.2231435513142097
risk,3,0.0
risked,1,0.6931471805599453
risks,1,0.6931471805599453
risky,1,0.6931471805599453
rite,1,0.6931471805599453
rites,1,0.6931471805599453
rival,2,0.28768207245178085
rivals,1,0.6931471805599453
rivederci,1,0.6931471805599453
rivederla,1,0.6931471805599453
river,4,-0.2231435513142097
rivers,2,0.28768207245178085
riverside,1,0.6931471805599453
riveted,2,0.28768207245178085
ro,1,0.6931471805599453
road,4,-0.2231435513142097
roadbed,1,0.6931471805599453
roads,4,-0.2231435513142097
roadside,1,0.6931471805599453
roadway,1,0.6931471805599453
roam,1,0.6931471805599453
roar,3,0.0
roared,3,0.0
roaring,2,0.28768207245178085
roasted,2,0.28768207245178085
roasting,1,0.6931471805599453
rob,2,0.28768207245178085
robbed,1,0.6931471805599453
robber,2,0.28768207245178085
robberies,1,0.6931471805599453
robbery,2,0.28768207245178085
robbing,1,0.6931471805599453
robert,1,0.6931471805599453
robinson,2,0.28768207245178085
robinsons,1,0.6931471805599453
rocca,1,0.6931471805599453
rock,2,0.28768207245178085
rocked,2,0.28768207245178085
rocket,1,0.6931471805599453
rockets,1,0.6931471805599453
rockies,1,0.6931471805599453
rocks,2,0.28768207245178085
rocky,1,0.6931471805599453
rod,1,0.6931471805599453
rode,2,0.28768207245178085
rodgers,1,0.6931471805599453
rodion,1,0.6931471805599453
rodionovitch,1,0.6931471805599453
rods,1,0.6931471805599453
rodya,1,0.6931471805599453
rodyas,1,0.6931471805599453
rogue,2,0.28768207245178085
role,1,0.6931471805599453
roll,3,0.0
rolled,3,0.0
rolling,2,0.28768207245178085
rolls,2,0.28768207245178085
roma,1,0.6931471805599453
romanovitch,1,0.6931471805599453
romanovna,1,0.6931471805599453
romanovnas,1,0.6931471805599453
romantic,2,0.28768207245178085
rome,1,0.6931471805599453
romeo,1,0.6931471805599453
romper,1,0.6931471805599453
romulus,1,0.6931471805599453
roof,3,0.0
roofed,1,0.6931471805599453
roofs,2,0.28768207245178085
room,4,-0.2231435513142097
roommate,1,0.6931471805599453
rooms,4,-0.2231435513142097
roosters,1,0.6931471805599453
root,1,0.6931471805599453
rooted,2,0.28768207245178085
roots,2,0.28768207245178085
rope,2,0.28768207245178085
roped,1,0.6931471805599453
ropes,1,0.6931471805599453
rose,4,-0.2231435513142097
roses,2,0.28768207245178085
rosings,1,0.6931471805599453
ross,1,0.6931471805599453
rossa,1,0.6931471805599453
rosy,1,0.6931471805599453
rot,1,0.6931471805599453
rotten,2,0.28768207245178085
rotterdam,1,0.6931471805599453
rouble,1,0.6931471805599453
roubles,1,0.6931471805599453
rough,4,-0.2231435513142097
roughly,2,0.28768207245178085
roughs,1,0.6931471805599453
round,4,-0.2231435513142097
roundabout,1,0.6931471805599453
rounded,2,0.28768207245178085
rounder,1,0.6931471805599453
rounds,1,0.6931471805599453
rouse,2,0.28768207245178085
roused,3,0.0
rousing,1,0.6931471805599453
rousseau,1,0.6931471805599453
route,1,0.6931471805599453
routine,2,0.28768207245178085
row,3,0.0
rowed,1,0.6931471805599453
rowing,1,0.6931471805599453
rows,2,0.28768207245178085
royal,1,0.6931471805599453
royally,1,0.6931471805599453
roylott,1,0.6931471805599453
roylotts,1,0.6931471805599453
rs,1,0.6931471805599453
rubbed,3,0.0
rubber,3,0.0
rubbing,2,0.28768207245178085
rubbish,1,0.6931471805599453
rubbishly,1,0.6931471805599453
rubble,1,0.6931471805599453
rubens,1,0.6931471805599453
rubinstein,1,0.6931471805599453
ruby,1,0.6931471805599453
rucastle,1,0.6931471805599453
rucastles,1,0.6931471805599453
rucksack,1,0.6931471805599453
ruddy,2,0.28768207245178085
rude,4,-0.2231435513142097
rudely,1,0.6931471805599453
rudeness,2,0.28768207245178085
ruder,1,0.6931471805599453
rudest,1,0.6931471805599453
rueful,1,0.6931471805599453
ruefully,1,0.6931471805599453
ruffian,2,0.28768207245178085
ruffians,1,0.6931471805599453
ruffled,1,0.6931471805599453
rug,2,0.28768207245178085
rugs,1,0.6931471805599453
ruin,4,-0.2231435513142097
ruined,3,0.0
ruining,2,0.28768207245178085
ruins,2,0.28768207245178085
rule,3,0.0
ruled,2,0.28768207245178085
rules,3,0.0
rum,2,0.28768207245178085
rumble,1,0.6931471805599453
rummaged,2,0.28768207245178085
rummaging,1,0.6931471805599453
rumour,1,0.6931471805599453
rumours,2,0.28768207245178085
run,4,-0.2231435513142097
rung,1,0.6931471805599453
runners,1,0.6931471805599453
running,4,-0.2231435513142097
runs,2,0.28768207245178085
runway,1,0.6931471805599453
rupture,2,0.28768207245178085
rural,1,0.6931471805599453
ruse,1,0.6931471805599453
rush,3,0.0
rushed,3,0.0
rushes,1,0.6931471805599453
rushing,3,0.0
russells,1,0.6931471805599453
russia,2,0.28768207245178085
russian,2,0.28768207245178085
russians,2,0.28768207245178085
rustic,1,0.6931471805599453
rustle,1,0.6931471805599453
rustled,1,0.6931471805599453
rusty,3,0.0
rut,1,0.6931471805599453
ruth,1,0.6931471805599453
ruthless,1,0.6931471805599453
ruthlessly,1,0.6931471805599453
ruts,1,0.6931471805599453
ryazan,1,0.6931471805599453
ryder,1,0.6931471805599453
ryders,1,0.6931471805599453
répertoire,1,0.6931471805599453
rôle,1,0.6931471805599453
rôles,1,0.6931471805599453
s,3,0.0
sable,1,0.6931471805599453
sabre,2,0.28768207245178085
sack,2,0.28768207245178085
sacking,1,0.6931471805599453
sacks,1,0.6931471805599453
sacrament,1,0.6931471805599453
sacred,2,0.28768207245178085
sacrifice,4,-0.2231435513142097
sacrificed,2,0.28768207245178085
sacrifices,2,0.28768207245178085
sacrificing,2,0.28768207245178085
sacrilegious,1,0.6931471805599453
sad,4,-0.2231435513142097
saddest,1,0.6931471805599453
saddle,1,0.6931471805599453
saddles,2,0.28768207245178085
sadly,4,-0.2231435513142097
sadness,1,0.6931471805599453
sadovy,1,0.6931471805599453
safe,4,-0.2231435513142097
safeguard,1,0.6931471805599453
safely,3,0.0
safer,2,0.28768207245178085
safes,1,0.6931471805599453
safest,1,0.6931471805599453
safety,4,-0.2231435513142097
sagacity,1,0.6931471805599453
sage,1,0.6931471805599453
said,4,-0.2231435513142097
sail,1,0.6931471805599453
sailed,2,0.28768207245178085
sailing,1,0.6931471805599453
sailor,1,0.6931471805599453
sails,1,0.6931471805599453
saint,2,0.28768207245178085
sait,1,0.6931471805599453
saith,1,0.6931471805599453
sake,4,-0.2231435513142097
sakes,2,0.28768207245178085
salad,2,0.28768207245178085
salary,2,0.28768207245178085
salesman,2,0.28768207245178085
sallied,1,0.6931471805599453
sallies,1,0.6931471805599453
sallow,1,0.6931471805599453
sally,3,0.0
saloon,2,0.28768207245178085
salt,3,0.0
salted,1,0.6931471805599453
salty,1,0.6931471805599453
salutation,1,0.6931471805599453
salute,1,0.6931471805599453
saluted,2,0.28768207245178085
salvarsan,1,0.6931471805599453
salve,1,0.6931471805599453
same,4,-0.2231435513142097
sameness,1,0.6931471805599453
samovar,1,0.6931471805599453
samovars,1,0.6931471805599453
sample,1,0.6931471805599453
san,2,0.28768207245178085
sanction,2,0.28768207245178085
sanctioned,1,0.6931471805599453
sand,3,0.0
sandbags,1,0.6931471805599453
sandwich,1,0.6931471805599453
sandwiched,1,0.6931471805599453
sandwiches,1,0.6931471805599453
sang,3,0.0
sanguine,1,0.6931471805599453
sanitary,1,0.6931471805599453
sank,2,0.28768207245178085
sarah,1,0.6931471805599453
sarasate,1,0.6931471805599453
sarcasm,1,0.6931471805599453
sarcastic,2,0.28768207245178085
sarcastically,2,0.28768207245178085
sardonic,1,0.6931471805599453
sash,2,0.28768207245178085
sasso,1,0.6931471805599453
sat,4,-0.2231435513142097
satin,4,-0.2231435513142097
satire,1,0.6931471805599453
satirical,1,0.6931471805599453
satisfaction,3,0.0
satisfactions,1,0.6931471805599453
satisfactorily,1,0.6931471805599453
satisfactory,4,-0.2231435513142097
satisfied,4,-0.2231435513142097
satisfy,3,0.0
satisfying,2,0.28768207245178085
saturated,1,0.6931471805599453
saturday,3,0.0
saturdays,1,0.6931471805599453
sauce,1,0.6931471805599453
saucer,3,0.0
saucers,1,0.6931471805599453
saucy,1,0.6931471805599453
sauerkraut,1,0.6931471805599453
saunders,1,0.6931471805599453
sausage,2,0.28768207245178085
savage,3,0.0
savagely,1,0.6931471805599453
savannah,1,0.6931471805599453
save,4,-0.2231435513142097
saved,4,-0.2231435513142097
saving,4,-0.2231435513142097
savings,1,0.6931471805599453
saviour,2,0.28768207245178085
saviours,1,0.6931471805599453
savoia,1,0.6931471805599453
savouries,1,0.6931471805599453
savours,1,0.6931471805599453
savoury,1,0.6931471805599453
saw,4,-0.2231435513142097
saxe,1,0.6931471805599453
saxon,2,0.28768207245178085
say,4,-0.2231435513142097
saying,4,-0.2231435513142097
says,4,-0.2231435513142097
scaffold,1,0.6931471805599453
scaffolding,2,0.28768207245178085
scala,2,0.28768207245178085
scale,3,0.0
scales,1,0.6931471805599453
scallops,1,0.6931471805599453
scalp,1,0.6931471805599453
scalpel,1,0.6931471805599453
scamp,1,0.6931471805599453
scampering,1,0.6931471805599453
scandal,2,0.28768207245178085
scandalising,1,0.6931471805599453
scandalous,2,0.28768207245178085
scandals,2,0.28768207245178085
scandinavia,1,0.6931471805599453
scanned,1,0.6931471805599453
scanning,1,0.6931471805599453
scantiness,1,0.6931471805599453
scar,2,0.28768207245178085
scarborough,1,0.6931471805599453
scarce,2,0.28768207245178085
scarcely,2,0.28768207245178085
scarcity,1,0.6931471805599453
scare,2,0.28768207245178085
scared,3,0.0
scarf,1,0.6931471805599453
scaring,1,0.6931471805599453
scarlet,2,0.28768207245178085
scattered,2,0.28768207245178085
scattering,1,0.6931471805599453
scene,3,0.0
scenery,1,0.6931471805599453
scenes,3,0.0
scent,2,0.28768207245178085
scented,1,0.6931471805599453
sceptic,2,0.28768207245178085
sceptical,1,0.6931471805599453
sceptics,1,0.6931471805599453
schegolskoy,1,0.6931471805599453
scheme,1,0.6931471805599453
schemer,1,0.6931471805599453
schemes,1,0.6931471805599453
scheming,2,0.28768207245178085
schiller,1,0.6931471805599453
schilleresque,1,0.6931471805599453
schleswig,1,0.6931471805599453
school,4,-0.2231435513142097
schoolboy,1,0.6931471805599453
schoolhouse,1,0.6931471805599453
schoolmaster,1,0.6931471805599453
schools,1,0.6931471805599453
schutzen,1,0.6931471805599453
schwach,1,0.6931471805599453
schönsten,1,0.6931471805599453
science,3,0.0
scientific,1,0.6931471805599453
scientifically,1,0.6931471805599453
scintillating,1,0.6931471805599453
scissors,1,0.6931471805599453
scoffers,1,0.6931471805599453
scold,1,0.6931471805599453
scolded,2,0.28768207245178085
scolding,2,0.28768207245178085
scope,1,0.6931471805599453
scorches,1,0.6931471805599453
score,2,0.28768207245178085
scored,1,0.6931471805599453
scores,2,0.28768207245178085
scorn,2,0.28768207245178085
scorned,1,0.6931471805599453
scornful,2,0.28768207245178085
scornfully,1,0.6931471805599453
scotch,3,0.0
scotia,1,0.6931471805599453
scotland,3,0.0
scott,1,0.6931471805599453
scoundrel,2,0.28768207245178085
scoundrelly,1,0.6931471805599453
scoundrels,1,0.6931471805599453
scowl,1,0.6931471805599453
scowled,1,0.6931471805599453
scowling,1,0.6931471805599453
scrape,2,0.28768207245178085
scraped,2,0.28768207245178085
scraping,1,0.6931471805599453
scraps,1,0.6931471805599453
scratch,2,0.28768207245178085
scratched,1,0.6931471805599453
scratching,2,0.28768207245178085
scrawl,2,0.28768207245178085
scrawled,1,0.6931471805599453
scream,2,0.28768207245178085
screamed,3,0.0
screaming,3,0.0
screams,2,0.28768207245178085
screeched,1,0.6931471805599453
screen,4,-0.2231435513142097
screened,1,0.6931471805599453
screening,3,0.0
screens,2,0.28768207245178085
screwed,1,0.6931471805599453
screwing,1,0.6931471805599453
screws,1,0.6931471805599453
scribble,2,0.28768207245178085
scribbled,2,0.28768207245178085
scripture,1,0.6931471805599453
scrofulous,1,0.6931471805599453
scrotum,1,0.6931471805599453
scrubbed,1,0.6931471805599453
scrubbing,1,0.6931471805599453
scrubs,1,0.6931471805599453
scruple,1,0.6931471805599453
scrupled,1,0.6931471805599453
scruples,2,0.28768207245178085
scrupulous,2,0.28768207245178085
scrupulously,1,0.6931471805599453
scrutinised,1,0.6931471805599453
scrutinising,1,0.6931471805599453
scrutinizing,1,0.6931471805599453
scrutiny,2,0.28768207245178085
scuffle,1,0.6931471805599453
scuffling,1,0.6931471805599453
sculpture,1,0.6931471805599453
scum,1,0.6931471805599453
scummed,1,0.6931471805599453
scuttling,1,0.6931471805599453
se,1,0.6931471805599453
sea,4,-0.2231435513142097
seal,2,0.28768207245178085
sealed,2,0.28768207245178085
sealing,1,0.6931471805599453
seaman,1,0.6931471805599453
seamed,1,0.6931471805599453
seaports,1,0.6931471805599453
search,4,-0.2231435513142097
searched,2,0.28768207245178085
searching,3,0.0
searchlight,1,0.6931471805599453
seared,1,0.6931471805599453
season,3,0.0
seasonable,2,0.28768207245178085
seasons,1,0.6931471805599453
seat,4,-0.2231435513142097
seated,3,0.0
seating,1,0.6931471805599453
seats,3,0.0
secluded,3,0.0
seclusion,1,0.6931471805599453
second,4,-0.2231435513142097
secondary,2,0.28768207245178085
seconded,2,0.28768207245178085
secondhand,1,0.6931471805599453
seconding,1,0.6931471805599453
secondly,2,0.28768207245178085
seconds,2,0.28768207245178085
secrecy,2,0.28768207245178085
secret,3,0.0
secretary,2,0.28768207245178085
secreted,1,0.6931471805599453
secreting,1,0.6931471805599453
secretive,1,0.6931471805599453
secretly,3,0.0
secrets,3,0.0
sections,1,0.6931471805599453
sector,1,0.6931471805599453
secure,3,0.0
secured,2,0.28768207245178085
securer,1,0.6931471805599453
securing,1,0.6931471805599453
securities,1,0.6931471805599453
security,3,0.0
sedate,2,0.28768207245178085
sedately,1,0.6931471805599453
sedateness,1,0.6931471805599453
sedentary,2,0.28768207245178085
seduced,1,0.6931471805599453
seducers,1,0.6931471805599453
seduction,1,0.6931471805599453
seductive,1,0.6931471805599453
seductively,1,0.6931471805599453
see,4,-0.2231435513142097
seed,1,0.6931471805599453
seeds,1,0.6931471805599453
seedy,2,0.28768207245178085
seeing,4,-0.2231435513142097
seek,4,-0.2231435513142097
seeking,3,0.0
seem,4,-0.2231435513142097
seemed,4,-0.2231435513142097
seeming,2,0.28768207245178085
seemingly,1,0.6931471805599453
seems,4,-0.2231435513142097
seen,4,-0.2231435513142097
sees,4,-0.2231435513142097
sein,1,0.6931471805599453
seize,3,0.0
seized,3,0.0
seizing,2,0.28768207245178085
seldom,2,0.28768207245178085
select,1,0.6931471805599453
selected,2,0.28768207245178085
selecting,1,0.6931471805599453
selection,1,0.6931471805599453
selections,1,0.6931471805599453
self,4,-0.2231435513142097
selfish,3,0.0
selfishness,3,0.0
sell,4,-0.2231435513142097
selling,2,0.28768207245178085
selves,1,0.6931471805599453
semblance,1,0.6931471805599453
semi,1,0.6931471805599453
semicircle,1,0.6931471805599453
seminaries,1,0.6931471805599453
seminarists,1,0.6931471805599453
semyon,1,0.6931471805599453
semyonovas,1,0.6931471805599453
semyonovitch,1,0.6931471805599453
semyonovna,1,0.6931471805599453
semyonovnas,1,0.6931471805599453
sen,1,0.6931471805599453
senate,1,0.6931471805599453
send,4,-0.2231435513142097
senders,1,0.6931471805599453
sending,4,-0.2231435513142097
sends,3,0.0
senility,1,0.6931471805599453
senior,1,0.6931471805599453
seniority,1,0.6931471805599453
sennight,1,0.6931471805599453
sensation,4,-0.2231435513142097
sensational,1,0.6931471805599453
sensationalism,1,0.6931471805599453
sensations,4,-0.2231435513142097
sense,4,-0.2231435513142097
senseless,2,0.28768207245178085
senses,3,0.0
sensibility,1,0.6931471805599453
sensible,4,-0.2231435513142097
sensibly,2,0.28768207245178085
sensitive,3,0.0
sensitiveness,1,0.6931471805599453
sensual,1,0.6931471805599453
sensualist,1,0.6931471805599453
sensuality,1,0.6931471805599453
sent,4,-0.2231435513142097
sentence,4,-0.2231435513142097
sentenced,1,0.6931471805599453
sentences,2,0.28768207245178085
sententiously,1,0.6931471805599453
sentiment,2,0.28768207245178085
sentimental,3,0.0
sentimentality,1,0.6931471805599453
sentiments,2,0.28768207245178085
sentinel,3,0.0
sentry,2,0.28768207245178085
separate,4,-0.2231435513142097
separated,4,-0.2231435513142097
separately,2,0.28768207245178085
separates,1,0.6931471805599453
separating,1,0.6931471805599453
separation,3,0.0
sept,1,0.6931471805599453
september,3,0.0
sequel,2,0.28768207245178085
sequence,1,0.6931471805599453
sera,1,0.6931471805599453
serenaded,1,0.6931471805599453
serenely,1,0.6931471805599453
serenity,2,0.28768207245178085
serf,1,0.6931471805599453
serfdom,1,0.6931471805599453
serfs,1,0.6931471805599453
sergeant,1,0.6931471805599453
sergeants,1,0.6931471805599453
series,1,0.6931471805599453
serious,4,-0.2231435513142097
seriously,4,-0.2231435513142097
seriousness,1,0.6931471805599453
sermon,1,0.6931471805599453
sermons,1,0.6931471805599453
serpent,1,0.6931471805599453
serpentine,1,0.6931471805599453
servant,3,0.0
servants,4,-0.2231435513142097
serve,4,-0.2231435513142097
served,3,0.0
server,1,0.6931471805599453
serves,2,0.28768207245178085
service,4,-0.2231435513142097
serviceable,2,0.28768207245178085
services,4,-0.2231435513142097
servile,1,0.6931471805599453
servility,1,0.6931471805599453
serving,4,-0.2231435513142097
servitude,2,0.28768207245178085
set,4,-0.2231435513142097
sets,1,0.6931471805599453
settee,1,0.6931471805599453
setter,1,0.6931471805599453
setting,3,0.0
settle,4,-0.2231435513142097
settled,4,-0.2231435513142097
settlement,1,0.6931471805599453
settlements,1,0.6931471805599453
settles,1,0.6931471805599453
settling,3,0.0
sevastopol,1,0.6931471805599453
seven,4,-0.2231435513142097
sevens,1,0.6931471805599453
seventeen,2,0.28768207245178085
seventh,2,0.28768207245178085
seventy,3,0.0
several,4,-0.2231435513142097
severe,3,0.0
severed,1,0.6931471805599453
severely,2,0.28768207245178085
severest,1,0.6931471805599453
severing,1,0.6931471805599453
severity,2,0.28768207245178085
severn,1,0.6931471805599453
sew,2,0.28768207245178085
sewed,2,0.28768207245178085
sewing,3,0.0
sewn,1,0.6931471805599453
sex,3,0.0
sexes,1,0.6931471805599453
sh,1,0.6931471805599453
shabbily,1,0.6931471805599453
shabbiness,1,0.6931471805599453
shabby,2,0.28768207245178085
shade,3,0.0
shaded,1,0.6931471805599453
shades,3,0.0
shading,1,0.6931471805599453
shadow,3,0.0
shadows,2,0.28768207245178085
shady,1,0.6931471805599453
shaft,1,0.6931471805599453
shafts,2,0.28768207245178085
shag,1,0.6931471805599453
shake,4,-0.2231435513142097
shaken,3,0.0
shakes,1,0.6931471805599453
shaking,3,0.0
shall,4,-0.2231435513142097
shallow,2,0.28768207245178085
shallows,1,0.6931471805599453
shambles,1,0.6931471805599453
shame,3,0.0
shamefaced,2,0.28768207245178085
shameful,2,0.28768207245178085
shamefully,1,0.6931471805599453
shameless,2,0.28768207245178085
shamelessly,1,0.6931471805599453
shant,3,0.0
shanties,1,0.6931471805599453
shape,3,0.0
shaped,3,0.0
shapeless,1,0.6931471805599453
shapes,1,0.6931471805599453
share,3,0.0
shared,4,-0.2231435513142097
sharers,1,0.6931471805599453
shares,1,0.6931471805599453
sharing,3,0.0
sharmers,1,0.6931471805599453
sharp,4,-0.2231435513142097
sharpened,2,0.28768207245178085
sharper,1,0.6931471805599453
sharpers,1,0.6931471805599453
sharpest,1,0.6931471805599453
sharply,3,0.0
shattered,3,0.0
shave,2,0.28768207245178085
shaved,2,0.28768207245178085
shaven,2,0.28768207245178085
shaving,2,0.28768207245178085
shawl,3,0.0
shawls,2,0.28768207245178085
she,4,-0.2231435513142097
sheaf,1,0.6931471805599453
shed,4,-0.2231435513142097
shedding,1,0.6931471805599453
sheds,2,0.28768207245178085
sheen,1,0.6931471805599453
sheep,1,0.6931471805599453
sheepish,1,0.6931471805599453
sheer,2,0.28768207245178085
sheet,4,-0.2231435513142097
sheeting,1,0.6931471805599453
sheets,4,-0.2231435513142097
shelf,1,0.6931471805599453
shell,2,0.28768207245178085
shelled,1,0.6931471805599453
shelling,1,0.6931471805599453
shells,2,0.28768207245178085
shelopaev,1,0.6931471805599453
shelter,3,0.0
sheltered,2,0.28768207245178085
shelves,2,0.28768207245178085
shepherds,1,0.6931471805599453
sherlock,1,0.6931471805599453
sherry,2,0.28768207245178085
shes,2,0.28768207245178085
shh,1,0.6931471805599453
shield,1,0.6931471805599453
shift,3,0.0
shifting,2,0.28768207245178085
shilling,1,0.6931471805599453
shillings,2,0.28768207245178085
shils,1,0.6931471805599453
shimmering,1,0.6931471805599453
shin,1,0.6931471805599453
shine,2,0.28768207245178085
shines,1,0.6931471805599453
shining,3,0.0
shins,1,0.6931471805599453
shiny,2,0.28768207245178085
ship,2,0.28768207245178085
shipping,1,0.6931471805599453
ships,1,0.6931471805599453
shipwreck,1,0.6931471805599453
shire,1,0.6931471805599453
shirking,1,0.6931471805599453
shirt,3,0.0
shirts,2,0.28768207245178085
shiver,2,0.28768207245178085
shivered,2,0.28768207245178085
shivering,2,0.28768207245178085
shivers,1,0.6931471805599453
shock,4,-0.2231435513142097
shocked,3,0.0
shocking,2,0.28768207245178085
shocks,1,0.6931471805599453
shod,1,0.6931471805599453
shoe,4,-0.2231435513142097
shoes,4,-0.2231435513142097
sholto,1,0.6931471805599453
sholtos,1,0.6931471805599453
shone,3,0.0
shook,4,-0.2231435513142097
shoot,3,0.0
shooting,4,-0.2231435513142097
shoots,2,0.28768207245178085
shop,4,-0.2231435513142097
shopboy,1,0.6931471805599453
shopkeeper,1,0.6931471805599453
shopmen,1,0.6931471805599453
shopping,2,0.28768207245178085
shops,4,-0.2231435513142097
shopworn,1,0.6931471805599453
shore,2,0.28768207245178085
short,4,-0.2231435513142097
shortcoming,1,0.6931471805599453
shortcomings,1,0.6931471805599453
shorten,1,0.6931471805599453
shortened,1,0.6931471805599453
shorter,3,0.0
shortest,1,0.6931471805599453
shortly,3,0.0
shortness,1,0.6931471805599453
shot,3,0.0
shots,2,0.28768207245178085
should,4,-0.2231435513142097
shoulder,3,0.0
shoulders,4,-0.2231435513142097
shouldest,1,0.6931471805599453
shouldnt,3,0.0
shout,2,0.28768207245178085
shouted,3,0.0
shouting,3,0.0
shouts,2,0.28768207245178085
shove,1,0.6931471805599453
shoved,1,0.6931471805599453
shoves,1,0.6931471805599453
shoving,1,0.6931471805599453
show,4,-0.2231435513142097
showed,4,-0.2231435513142097
shower,2,0.28768207245178085
showered,1,0.6931471805599453
showing,4,-0.2231435513142097
shown,3,0.0
shows,4,-0.2231435513142097
shrapnel,1,0.6931471805599453
shreds,1,0.6931471805599453
shrewish,1,0.6931471805599453
shriek,3,0.0
shrieked,2,0.28768207245178085
shrieking,1,0.6931471805599453
shrieks,1,0.6931471805599453
shrill,1,0.6931471805599453
shrilly,2,0.28768207245178085
shrimp,1,0.6931471805599453
shrine,1,0.6931471805599453
shrink,2,0.28768207245178085
shrinking,1,0.6931471805599453
shroud,1,0.6931471805599453
shrubbery,1,0.6931471805599453
shrug,2,0.28768207245178085
shrugged,3,0.0
shrunk,1,0.6931471805599453
shudder,2,0.28768207245178085
shuddered,2,0.28768207245178085
shuddering,1,0.6931471805599453
shuffled,1,0.6931471805599453
shut,4,-0.2231435513142097
shuts,1,0.6931471805599453
shutter,1,0.6931471805599453
shuttered,1,0.6931471805599453
shutters,3,0.0
shutting,1,0.6931471805599453
shy,4,-0.2231435513142097
shyness,2,0.28768207245178085
si,1,0.6931471805599453
siberia,1,0.6931471805599453
sicily,1,0.6931471805599453
sick,4,-0.2231435513142097
sickening,1,0.6931471805599453
sickly,2,0.28768207245178085
sickness,2,0.28768207245178085
side,4,-0.2231435513142097
sideboard,2,0.28768207245178085
sided,1,0.6931471805599453
sidelights,1,0.6931471805599453
sidelong,2,0.28768207245178085
sides,4,-0.2231435513142097
sidetracked,1,0.6931471805599453
sidewalk,1,0.6931471805599453
sideways,3,0.0
sidled,1,0.6931471805599453
siege,1,0.6931471805599453
sigh,4,-0.2231435513142097
sighed,2,0.28768207245178085
sighing,2,0.28768207245178085
sighs,1,0.6931471805599453
sight,4,-0.2231435513142097
sighted,3,0.0
sightedly,1,0.6931471805599453
sigismond,1,0.6931471805599453
sign,4,-0.2231435513142097
signal,4,-0.2231435513142097
signalled,2,0.28768207245178085
signalling,1,0.6931471805599453
signature,2,0.28768207245178085
signatures,1,0.6931471805599453
signboards,1,0.6931471805599453
signed,2,0.28768207245178085
signet,1,0.6931471805599453
significance,1,0.6931471805599453
significant,3,0.0
significantly,1,0.6931471805599453
signify,1,0.6931471805599453
signing,1,0.6931471805599453
signor,1,0.6931471805599453
signorino,1,0.6931471805599453
signs,4,-0.2231435513142097
silence,3,0.0
silenced,1,0.6931471805599453
silent,4,-0.2231435513142097
silently,3,0.0
silhouette,1,0.6931471805599453
silhouetted,1,0.6931471805599453
silhouettes,1,0.6931471805599453
silk,2,0.28768207245178085
silky,1,0.6931471805599453
sill,2,0.28768207245178085
sillies,1,0.6931471805599453
silliest,2,0.28768207245178085
sills,1,0.6931471805599453
silly,4,-0.2231435513142097
silver,3,0.0
silvered,1,0.6931471805599453
silversmiths,1,0.6931471805599453
sim,1,0.6931471805599453
similar,4,-0.2231435513142097
similarity,1,0.6931471805599453
simmons,1,0.6931471805599453
simon,1,0.6931471805599453
simons,1,0.6931471805599453
simpered,1,0.6931471805599453
simpers,1,0.6931471805599453
simple,4,-0.2231435513142097
simpler,3,0.0
simplest,2,0.28768207245178085
simpleton,2,0.28768207245178085
simpletons,1,0.6931471805599453
simplicity,2,0.28768207245178085
simplifies,1,0.6931471805599453
simplify,1,0.6931471805599453
simply,4,-0.2231435513142097
sims,1,0.6931471805599453
sin,2,0.28768207245178085
since,4,-0.2231435513142097
sincere,2,0.28768207245178085
sincerely,2,0.28768207245178085
sincerest,1,0.6931471805599453
sincerity,2,0.28768207245178085
sinewy,1,0.6931471805599453
sinful,2,0.28768207245178085
sing,3,0.0
singer,1,0.6931471805599453
singers,2,0.28768207245178085
singing,3,0.0
single,3,0.0
singled,1,0.6931471805599453
singling,1,0.6931471805599453
sings,3,0.0
singular,3,0.0
singularity,1,0.6931471805599453
singularly,1,0.6931471805599453
sinister,2,0.28768207245178085
sink,3,0.0
sinker,1,0.6931471805599453
sinking,3,0.0
sinks,1,0.6931471805599453
sinless,1,0.6931471805599453
sinned,3,0.0
sinner,1,0.6931471805599453
sins,2,0.28768207245178085
sip,1,0.6931471805599453
sipped,1,0.6931471805599453
sipping,2,0.28768207245178085
sir,4,-0.2231435513142097
siro,1,0.6931471805599453
sister,4,-0.2231435513142097
sisterly,1,0.6931471805599453
sisters,4,-0.2231435513142097
sistine,1,0.6931471805599453
sit,4,-0.2231435513142097
site,1,0.6931471805599453
sits,2,0.28768207245178085
sitting,4,-0.2231435513142097
situated,2,0.28768207245178085
situation,3,0.0
six,4,-0.2231435513142097
sixpence,1,0.6931471805599453
sixteen,4,-0.2231435513142097
sixth,2,0.28768207245178085
sixthly,1,0.6931471805599453
sixty,2,0.28768207245178085
size,4,-0.2231435513142097
sized,4,-0.2231435513142097
sketch,2,0.28768207245178085
sketched,1,0.6931471805599453
sketchily,1,0.6931471805599453
ski,1,0.6931471805599453
skiing,1,0.6931471805599453
skilful,1,0.6931471805599453
skilfully,1,0.6931471805599453
skill,3,0.0
skimmed,1,0.6931471805599453
skin,3,0.0
skinned,3,0.0
skinny,1,0.6931471805599453
skip,1,0.6931471805599453
skipped,1,0.6931471805599453
skipping,2,0.28768207245178085
skirmishes,1,0.6931471805599453
skirt,2,0.28768207245178085
skirted,2,0.28768207245178085
skirts,2,0.28768207245178085
skoda,1,0.6931471805599453
skulk,1,0.6931471805599453
skull,3,0.0
sky,3,0.0
skylight,1,0.6931471805599453
slab,1,0.6931471805599453
slabs,2,0.28768207245178085
slack,1,0.6931471805599453
slacken,1,0.6931471805599453
slackened,1,0.6931471805599453
slackers,1,0.6931471805599453
slacking,1,0.6931471805599453
slam,2,0.28768207245178085
slammed,2,0.28768207245178085
slander,1,0.6931471805599453
slandered,1,0.6931471805599453
slanderer,1,0.6931471805599453
slandering,1,0.6931471805599453
slang,1,0.6931471805599453
slanted,1,0.6931471805599453
slanting,2,0.28768207245178085
slapped,3,0.0
slapping,1,0.6931471805599453
slaps,1,0.6931471805599453
slashed,1,0.6931471805599453
slate,1,0.6931471805599453
slave,3,0.0
slavey,1,0.6931471805599453
slavish,1,0.6931471805599453
slavishly,1,0.6931471805599453
slay,1,0.6931471805599453
sled,1,0.6931471805599453
sledges,1,0.6931471805599453
sleds,1,0.6931471805599453
sleep,4,-0.2231435513142097
sleeper,1,0.6931471805599453
sleepers,1,0.6931471805599453
sleepily,2,0.28768207245178085
sleeping,4,-0.2231435513142097
sleepless,3,0.0
sleeps,3,0.0
sleepy,3,0.0
sleeve,3,0.0
sleeved,1,0.6931471805599453
sleeves,3,0.0
slept,4,-0.2231435513142097
sleuth,1,0.6931471805599453
slice,2,0.28768207245178085
sliced,2,0.28768207245178085
slicked,1,0.6931471805599453
slid,1,0.6931471805599453
slide,2,0.28768207245178085
sliding,1,0.6931471805599453
slight,4,-0.2231435513142097
slighted,3,0.0
slighter,1,0.6931471805599453
slightest,3,0.0
slightingly,1,0.6931471805599453
slightly,3,0.0
slim,2,0.28768207245178085
sling,1,0.6931471805599453
slings,1,0.6931471805599453
slink,1,0.6931471805599453
slip,3,0.0
slipped,3,0.0
slipper,1,0.6931471805599453
slippers,2,0.28768207245178085
slippery,3,0.0
slipping,3,0.0
slips,1,0.6931471805599453
slit,3,0.0
slits,1,0.6931471805599453
slitting,1,0.6931471805599453
slop,1,0.6931471805599453
slope,2,0.28768207245178085
sloped,1,0.6931471805599453
slopes,2,0.28768207245178085
sloping,3,0.0
slopping,1,0.6931471805599453
sloppy,2,0.28768207245178085
slots,1,0.6931471805599453
slovaks,1,0.6931471805599453
sloven,1,0.6931471805599453
slovenly,1,0.6931471805599453
slow,4,-0.2231435513142097
slowed,1,0.6931471805599453
slower,1,0.6931471805599453
slowly,4,-0.2231435513142097
sluggishly,1,0.6931471805599453
slumber,1,0.6931471805599453
slums,1,0.6931471805599453
slung,2,0.28768207245178085
slurred,1,0.6931471805599453
slurring,1,0.6931471805599453
slush,1,0.6931471805599453
slushy,1,0.6931471805599453
slut,2,0.28768207245178085
sly,3,0.0
slyly,1,0.6931471805599453
slyness,2,0.28768207245178085
smack,1,0.6931471805599453
small,4,-0.2231435513142097
smaller,3,0.0
smallest,3,0.0
smallness,1,0.6931471805599453
smart,4,-0.2231435513142097
smartened,1,0.6931471805599453
smarter,1,0.6931471805599453
smartest,1,0.6931471805599453
smarting,1,0.6931471805599453
smartly,1,0.6931471805599453
smartness,1,0.6931471805599453
smashed,3,0.0
smasher,1,0.6931471805599453
smashing,1,0.6931471805599453
smear,1,0.6931471805599453
smeared,1,0.6931471805599453
smearing,2,0.28768207245178085
smell,3,0.0
smelled,1,0.6931471805599453
smelling,3,0.0
smells,2,0.28768207245178085
smelt,2,0.28768207245178085
smile,4,-0.2231435513142097
smiled,4,-0.2231435513142097
smiles,4,-0.2231435513142097
smiling,4,-0.2231435513142097
smilingly,1,0.6931471805599453
smirched,1,0.6931471805599453
smirks,1,0.6931471805599453
smistimento,1,0.6931471805599453
smiting,1,0.6931471805599453
smitten,1,0.6931471805599453
smoke,3,0.0
smoked,2,0.28768207245178085
smokeless,1,0.6931471805599453
smokes,1,0.6931471805599453
smoking,3,0.0
smoky,1,0.6931471805599453
smoldering,1,0.6931471805599453
smooth,3,0.0
smoothed,2,0.28768207245178085
smoother,2,0.28768207245178085
smoothing,1,0.6931471805599453
smoothly,3,0.0
smoothness,1,0.6931471805599453
smote,1,0.6931471805599453
smudge,1,0.6931471805599453
smutty,1,0.6931471805599453
snake,3,0.0
snakish,1,0.6931471805599453
snap,3,0.0
snapped,3,0.0
snapping,2,0.28768207245178085
snare,1,0.6931471805599453
snarl,1,0.6931471805599453
snarled,1,0.6931471805599453
snatch,1,0.6931471805599453
snatched,2,0.28768207245178085
snatches,1,0.6931471805599453
snatching,1,0.6931471805599453
sneak,1,0.6931471805599453
sneakiness,1,0.6931471805599453
sneaking,1,0.6931471805599453
sneaky,1,0.6931471805599453
sneer,3,0.0
sneering,2,0.28768207245178085
sneeze,1,0.6931471805599453
sneezing,1,0.6931471805599453
sniffed,1,0.6931471805599453
snigger,2,0.28768207245178085
sniggered,1,0.6931471805599453
sniggering,1,0.6931471805599453
snipers,1,0.6931471805599453
snipped,1,0.6931471805599453
snipping,1,0.6931471805599453
snooty,1,0.6931471805599453
snoring,2,0.28768207245178085
snow,3,0.0
snowing,1,0.6931471805599453
snowy,1,0.6931471805599453
snub,1,0.6931471805599453
snuff,1,0.6931471805599453
snuffbox,1,0.6931471805599453
snug,3,0.0
so,4,-0.2231435513142097
soaked,3,0.0
soaking,1,0.6931471805599453
soap,2,0.28768207245178085
soars,1,0.6931471805599453
sob,2,0.28768207245178085
sobbed,3,0.0
sobbing,2,0.28768207245178085
sobbingly,1,0.6931471805599453
sober,2,0.28768207245178085
sobered,1,0.6931471805599453
sobering,1,0.6931471805599453
soberly,1,0.6931471805599453
sobs,1,0.6931471805599453
social,4,-0.2231435513142097
socialist,2,0.28768207245178085
socialists,2,0.28768207245178085
societies,1,0.6931471805599453
society,3,0.0
societys,1,0.6931471805599453
sock,1,0.6931471805599453
socket,2,0.28768207245178085
sockets,1,0.6931471805599453
socks,3,0.0
soda,2,0.28768207245178085
sodden,1,0.6931471805599453
sofa,2,0.28768207245178085
sofas,2,0.28768207245178085
soft,3,0.0
soften,1,0.6931471805599453
softened,4,-0.2231435513142097
softer,2,0.28768207245178085
softly,3,0.0
softness,2,0.28768207245178085
sofya,1,0.6931471805599453
soggy,1,0.6931471805599453
soie,1,0.6931471805599453
soil,1,0.6931471805599453
sojourning,1,0.6931471805599453
solace,1,0.6931471805599453
solaced,1,0.6931471805599453
sold,3,0.0
solder,1,0.6931471805599453
soldier,3,0.0
soldiering,1,0.6931471805599453
soldierly,1,0.6931471805599453
soldiers,4,-0.2231435513142097
sole,3,0.0
soled,1,0.6931471805599453
solely,3,0.0
solemn,3,0.0
solemnity,2,0.28768207245178085
solemnly,2,0.28768207245178085
soles,3,0.0
solicit,1,0.6931471805599453
solicitation,1,0.6931471805599453
soliciting,1,0.6931471805599453
solicitor,1,0.6931471805599453
solicitude,2,0.28768207245178085
solid,4,-0.2231435513142097
solidity,1,0.6931471805599453
solitary,2,0.28768207245178085
solitude,3,0.0
solon,1,0.6931471805599453
solution,2,0.28768207245178085
solve,1,0.6931471805599453
solved,2,0.28768207245178085
sombre,2,0.28768207245178085
some,4,-0.2231435513142097
somebody,3,0.0
somebodys,2,0.28768207245178085
somehow,4,-0.2231435513142097
someone,2,0.28768207245178085
someones,2,0.28768207245178085
something,4,-0.2231435513142097
sometime,1,0.6931471805599453
sometimes,4,-0.2231435513142097
someway,1,0.6931471805599453
somewhat,4,-0.2231435513142097
somewhere,4,-0.2231435513142097
somme,1,0.6931471805599453
son,4,-0.2231435513142097
song,2,0.28768207245178085
songs,3,0.0
sonia,1,0.6931471805599453
sonias,1,0.6931471805599453
sonnet,1,0.6931471805599453
sons,4,-0.2231435513142097
soon,4,-0.2231435513142097
sooner,4,-0.2231435513142097
soothe,2,0.28768207245178085
soothed,3,0.0
soothing,2,0.28768207245178085
soothingly,1,0.6931471805599453
sophy,1,0.6931471805599453
sorcery,1,0.6931471805599453
sore,4,-0.2231435513142097
sorella,1,0.6931471805599453
sorely,2,0.28768207245178085
sorrel,1,0.6931471805599453
sorrow,3,0.0
sorrowful,1,0.6931471805599453
sorry,4,-0.2231435513142097
sort,4,-0.2231435513142097
sorted,1,0.6931471805599453
sorts,2,0.28768207245178085
soto,1,0.6931471805599453
sots,1,0.6931471805599453
sottish,1,0.6931471805599453
soufflet,1,0.6931471805599453
soufflé,1,0.6931471805599453
sought,3,0.0
soul,4,-0.2231435513142097
souls,1,0.6931471805599453
sound,4,-0.2231435513142097
sounded,3,0.0
sounding,1,0.6931471805599453
soundly,1,0.6931471805599453
sounds,4,-0.2231435513142097
soup,3,0.0
sour,3,0.0
source,2,0.28768207245178085
sources,2,0.28768207245178085
sourly,1,0.6931471805599453
sous,1,0.6931471805599453
sousing,1,0.6931471805599453
south,3,0.0
southampton,1,0.6931471805599453
southern,1,0.6931471805599453
southertons,1,0.6931471805599453
souvenir,2,0.28768207245178085
sovereign,2,0.28768207245178085
sovereigns,1,0.6931471805599453
sox,1,0.6931471805599453
space,4,-0.2231435513142097
spaced,1,0.6931471805599453
spacious,2,0.28768207245178085
spaghetti,1,0.6931471805599453
spain,1,0.6931471805599453
span,3,0.0
spanish,2,0.28768207245178085
spare,4,-0.2231435513142097
spared,3,0.0
sparing,1,0.6931471805599453
spark,2,0.28768207245178085
sparked,1,0.6931471805599453
sparkled,2,0.28768207245178085
sparkles,1,0.6931471805599453
sparrow,1,0.6931471805599453
sparrows,1,0.6931471805599453
spars,1,0.6931471805599453
spasm,1,0.6931471805599453
spasms,1,0.6931471805599453
spat,2,0.28768207245178085
spattered,2,0.28768207245178085
spaulding,1,0.6931471805599453
speak,4,-0.2231435513142097
speaker,2,0.28768207245178085
speaking,4,-0.2231435513142097
speaks,4,-0.2231435513142097
special,4,-0.2231435513142097
specialist,2,0.28768207245178085
specially,1,0.6931471805599453
specialty,1,0.6931471805599453
species,1,0.6931471805599453
specimen,2,0.28768207245178085
specimens,1,0.6931471805599453
speciously,1,0.6931471805599453
speck,1,0.6931471805599453
speckled,1,0.6931471805599453
speckles,1,0.6931471805599453
specks,1,0.6931471805599453
spectacle,2,0.28768207245178085
spectacles,3,0.0
spectator,1,0.6931471805599453
spectators,2,0.28768207245178085
speculation,1,0.6931471805599453
speculator,1,0.6931471805599453
speech,3,0.0
speeches,2,0.28768207245178085
speechifying,1,0.6931471805599453
speechless,1,0.6931471805599453
speed,2,0.28768207245178085
speediest,1,0.6931471805599453
speedily,2,0.28768207245178085
speeding,1,0.6931471805599453
speedy,3,0.0
spell,2,0.28768207245178085
spellbound,1,0.6931471805599453
spelling,1,0.6931471805599453
spence,1,0.6931471805599453
spend,4,-0.2231435513142097
spending,2,0.28768207245178085
spent,4,-0.2231435513142097
spermaceti,1,0.6931471805599453
sphere,1,0.6931471805599453
spherical,1,0.6931471805599453
spices,1,0.6931471805599453
spick,1,0.6931471805599453
spider,1,0.6931471805599453
spiders,1,0.6931471805599453
spies,1,0.6931471805599453
spiles,1,0.6931471805599453
spilled,1,0.6931471805599453
spilling,1,0.6931471805599453
spilt,1,0.6931471805599453
spine,2,0.28768207245178085
spinner,1,0.6931471805599453
spinning,2,0.28768207245178085
spinster,1,0.6931471805599453
spiral,1,0.6931471805599453
spirit,4,-0.2231435513142097
spirited,2,0.28768207245178085
spiritless,1,0.6931471805599453
spirits,3,0.0
spiritual,1,0.6931471805599453
spit,2,0.28768207245178085
spite,3,0.0
spiteful,2,0.28768207245178085
spitting,1,0.6931471805599453
splash,2,0.28768207245178085
splashed,2,0.28768207245178085
splashing,2,0.28768207245178085
spleen,2,0.28768207245178085
splendid,4,-0.2231435513142097
splendidly,2,0.28768207245178085
splendor,1,0.6931471805599453
splendors,1,0.6931471805599453
splendour,2,0.28768207245178085
splinter,1,0.6931471805599453
splintered,1,0.6931471805599453
splinters,1,0.6931471805599453
split,1,0.6931471805599453
splutter,1,0.6931471805599453
spluttering,1,0.6931471805599453
spoil,2,0.28768207245178085
spoiled,3,0.0
spoils,1,0.6931471805599453
spoilt,1,0.6931471805599453
spoke,4,-0.2231435513142097
spoken,4,-0.2231435513142097
spokesman,1,0.6931471805599453
sponge,1,0.6931471805599453
sponged,1,0.6931471805599453
spongy,1,0.6931471805599453
spontaneous,1,0.6931471805599453
spontaneously,1,0.6931471805599453
spoon,1,0.6931471805599453
spoonful,1,0.6931471805599453
spoonfuls,1,0.6931471805599453
spoons,2,0.28768207245178085
sporadic,1,0.6931471805599453
sporchissimo,1,0.6931471805599453
sport,4,-0.2231435513142097
sportive,1,0.6931471805599453
sports,2,0.28768207245178085
sportsman,1,0.6931471805599453
sportsmen,1,0.6931471805599453
spot,3,0.0
spotless,1,0.6931471805599453
spots,3,0.0
spotted,1,0.6931471805599453
spotty,1,0.6931471805599453
spouse,1,0.6931471805599453
spouting,1,0.6931471805599453
sprained,1,0.6931471805599453
sprang,3,0.0
spread,4,-0.2231435513142097
spreading,3,0.0
spree,1,0.6931471805599453
sprig,1,0.6931471805599453
spring,4,-0.2231435513142097
springing,3,0.0
springs,4,-0.2231435513142097
sprinkled,1,0.6931471805599453
sprung,2,0.28768207245178085
spun,2,0.28768207245178085
spur,1,0.6931471805599453
spurned,1,0.6931471805599453
spy,1,0.6931471805599453
squabbled,1,0.6931471805599453
squabbles,1,0.6931471805599453
squabbling,1,0.6931471805599453
squalid,1,0.6931471805599453
squander,1,0.6931471805599453
squandering,1,0.6931471805599453
square,3,0.0
squares,1,0.6931471805599453
squat,1,0.6931471805599453
squatted,2,0.28768207245178085
squatting,1,0.6931471805599453
squeaked,1,0.6931471805599453
squealed,1,0.6931471805599453
squealing,1,0.6931471805599453
squeals,1,0.6931471805599453
squeamish,1,0.6931471805599453
squeeze,1,0.6931471805599453
squeezed,3,0.0
squeezing,1,0.6931471805599453
squire,1,0.6931471805599453
st,4,-0.2231435513142097
stabbed,2,0.28768207245178085
stabbing,1,0.6931471805599453
stability,1,0.6931471805599453
stable,3,0.0
stables,3,0.0
staccato,1,0.6931471805599453
staff,2,0.28768207245178085
stage,3,0.0
stages,2,0.28768207245178085
stagger,1,0.6931471805599453
staggered,3,0.0
staggering,2,0.28768207245178085
stagnant,2,0.28768207245178085
stagnating,1,0.6931471805599453
stain,1,0.6931471805599453
stained,2,0.28768207245178085
staining,1,0.6931471805599453
stains,2,0.28768207245178085
stair,1,0.6931471805599453
staircase,2,0.28768207245178085
staircases,2,0.28768207245178085
stairs,4,-0.2231435513142097
stairway,1,0.6931471805599453
stake,3,0.0
stakes,1,0.6931471805599453
stale,3,0.0
stalk,1,0.6931471805599453
stalked,1,0.6931471805599453
stalks,1,0.6931471805599453
stall,1,0.6931471805599453
stalled,1,0.6931471805599453
stalls,1,0.6931471805599453
stammer,1,0.6931471805599453
stammered,2,0.28768207245178085
stammering,1,0.6931471805599453
stammers,1,0.6931471805599453
stamp,3,0.0
stamped,2,0.28768207245178085
stamping,3,0.0
stand,4,-0.2231435513142097
standard,2,0.28768207245178085
standi,1,0.6931471805599453
standing,4,-0.2231435513142097
standpoint,1,0.6931471805599453
stands,4,-0.2231435513142097
standstill,1,0.6931471805599453
stanzas,1,0.6931471805599453
staples,1,0.6931471805599453
star,2,0.28768207245178085
starched,1,0.6931471805599453
stare,2,0.28768207245178085
stared,4,-0.2231435513142097
stares,1,0.6931471805599453
staring,2,0.28768207245178085
stark,1,0.6931471805599453
stars,2,0.28768207245178085
start,4,-0.2231435513142097
started,4,-0.2231435513142097
starter,1,0.6931471805599453
starting,4,-0.2231435513142097
startled,3,0.0
startling,1,0.6931471805599453
starts,1,0.6931471805599453
starvation,1,0.6931471805599453
starve,2,0.28768207245178085
starved,2,0.28768207245178085
starving,2,0.28768207245178085
state,4,-0.2231435513142097
stated,3,0.0
stateliness,1,0.6931471805599453
stately,2,0.28768207245178085
statement,4,-0.2231435513142097
statements,1,0.6931471805599453
states,3,0.0
statesman,1,0.6931471805599453
stating,1,0.6931471805599453
station,4,-0.2231435513142097
stationary,1,0.6931471805599453
stationed,2,0.28768207245178085
stations,1,0.6931471805599453
statue,1,0.6931471805599453
status,2,0.28768207245178085
stay,4,-0.2231435513142097
stayed,3,0.0
staying,4,-0.2231435513142097
stays,2,0.28768207245178085
stazione,1,0.6931471805599453
steadfast,1,0.6931471805599453
steadfastly,1,0.6931471805599453
steadily,4,-0.2231435513142097
steadiness,1,0.6931471805599453
steadings,1,0.6931471805599453
steady,2,0.28768207245178085
steak,2,0.28768207245178085
steal,2,0.28768207245178085
stealing,1,0.6931471805599453
steals,1,0.6931471805599453
stealthily,2,0.28768207245178085
steam,2,0.28768207245178085
steamboats,1,0.6931471805599453
steamed,2,0.28768207245178085
steamer,2,0.28768207245178085
steaming,2,0.28768207245178085
steed,1,0.6931471805599453
steel,3,0.0
steely,1,0.6931471805599453
steep,3,0.0
steeple,1,0.6931471805599453
steeplechase,1,0.6931471805599453
steeply,1,0.6931471805599453
steer,1,0.6931471805599453
stem,1,0.6931471805599453
stench,1,0.6931471805599453
step,4,-0.2231435513142097
stepdaughter,2,0.28768207245178085
stepdaughters,1,0.6931471805599453
stepfather,1,0.6931471805599453
stepfathers,1,0.6931471805599453
stepmother,2,0.28768207245178085
steppe,1,0.6931471805599453
stepped,4,-0.2231435513142097
stepping,4,-0.2231435513142097
steps,4,-0.2231435513142097
stern,3,0.0
sterner,2,0.28768207245178085
sternly,2,0.28768207245178085
stethoscope,1,0.6931471805599453
stevedore,1,0.6931471805599453
stevenson,1,0.6931471805599453
stew,2,0.28768207245178085
steward,1,0.6931471805599453
stick,3,0.0
sticking,2,0.28768207245178085
sticks,2,0.28768207245178085
sticky,2,0.28768207245178085
stiff,3,0.0
stiffen,1,0.6931471805599453
stiffened,1,0.6931471805599453
stiffly,3,0.0
stiffness,2,0.28768207245178085
stifle,1,0.6931471805599453
stifled,1,0.6931471805599453
stifling,1,0.6931471805599453
stile,1,0.6931471805599453
stiles,1,0.6931471805599453
still,4,-0.2231435513142097
stillness,2,0.28768207245178085
stimulant,2,0.28768207245178085
stimulated,1,0.6931471805599453
stimulating,1,0.6931471805599453
stimulus,1,0.6931471805599453
sting,2,0.28768207245178085
stinginess,1,0.6931471805599453
stinging,1,0.6931471805599453
stinketh,1,0.6931471805599453
stinking,1,0.6931471805599453
stinks,1,0.6931471805599453
stir,2,0.28768207245178085
stirred,3,0.0
stirring,4,-0.2231435513142097
stirs,1,0.6931471805599453
stitches,1,0.6931471805599453
stock,3,0.0
stocked,1,0.6931471805599453
stockingless,1,0.6931471805599453
stockings,3,0.0
stocks,1,0.6931471805599453
stockyards,1,0.6931471805599453
stoke,2,0.28768207245178085
stole,3,0.0
stolen,3,0.0
stolidly,1,0.6931471805599453
stomach,2,0.28768207245178085
stomachs,1,0.6931471805599453
stone,4,-0.2231435513142097
stoner,1,0.6931471805599453
stones,2,0.28768207245178085
stony,1,0.6931471805599453
stood,4,-0.2231435513142097
stool,2,0.28768207245178085
stoop,2,0.28768207245178085
stooped,3,0.0
stooping,2,0.28768207245178085
stop,4,-0.2231435513142097
stoper,1,0.6931471805599453
stopped,4,-0.2231435513142097
stoppered,1,0.6931471805599453
stopping,4,-0.2231435513142097
stops,1,0.6931471805599453
store,2,0.28768207245178085
stored,2,0.28768207245178085
stores,1,0.6931471805599453
storey,1,0.6931471805599453
storeys,1,0.6931471805599453
storied,2,0.28768207245178085
stories,2,0.28768207245178085
storing,1,0.6931471805599453
storm,4,-0.2231435513142097
stormed,2,0.28768207245178085
storms,1,0.6931471805599453
stormy,2,0.28768207245178085
story,4,-0.2231435513142097
stout,3,0.0
stoutly,3,0.0
stove,2,0.28768207245178085
stoves,1,0.6931471805599453
stragglers,1,0.6931471805599453
straggling,1,0.6931471805599453
straight,3,0.0
straighten,2,0.28768207245178085
straightened,2,0.28768207245178085
straightforward,1,0.6931471805599453
strain,3,0.0
strained,2,0.28768207245178085
straining,2,0.28768207245178085
strand,1,0.6931471805599453
stranded,1,0.6931471805599453
strands,1,0.6931471805599453
strange,4,-0.2231435513142097
strangely,3,0.0
strangeness,2,0.28768207245178085
stranger,3,0.0
strangers,3,0.0
strangest,2,0.28768207245178085
strangle,1,0.6931471805599453
strangled,1,0.6931471805599453
stratagem,1,0.6931471805599453
stratagems,1,0.6931471805599453
strategical,1,0.6931471805599453
straw,3,0.0
strawberries,1,0.6931471805599453
straws,2,0.28768207245178085
stray,1,0.6931471805599453
strayed,2,0.28768207245178085
streak,1,0.6931471805599453
streaked,2,0.28768207245178085
stream,4,-0.2231435513142097
streamed,2,0.28768207245178085
streaming,2,0.28768207245178085
streams,1,0.6931471805599453
streatham,1,0.6931471805599453
street,4,-0.2231435513142097
streets,4,-0.2231435513142097
strega,1,0.6931471805599453
strength,4,-0.2231435513142097
strengthen,1,0.6931471805599453
strengthened,1,0.6931471805599453
strenuously,2,0.28768207245178085
stresa,1,0.6931471805599453
stress,3,0.0
stretch,3,0.0
stretched,4,-0.2231435513142097
stretcher,1,0.6931471805599453
stretchers,1,0.6931471805599453
stretches,1,0.6931471805599453
stretching,2,0.28768207245178085
strewn,1,0.6931471805599453
stricken,2,0.28768207245178085
strict,1,0.6931471805599453
strictest,1,0.6931471805599453
strictly,2,0.28768207245178085
strictures,1,0.6931471805599453
stride,1,0.6931471805599453
striding,2,0.28768207245178085
strike,4,-0.2231435513142097
strikes,2,0.28768207245178085
striking,4,-0.2231435513142097
strikingly,2,0.28768207245178085
string,1,0.6931471805599453
strip,2,0.28768207245178085
stripe,1,0.6931471805599453
striped,2,0.28768207245178085
stripes,3,0.0
stripped,1,0.6931471805599453
strips,1,0.6931471805599453
strive,1,0.6931471805599453
striving,3,0.0
strode,2,0.28768207245178085
stroke,4,-0.2231435513142097
stroked,1,0.6931471805599453
strokes,1,0.6931471805599453
stroll,2,0.28768207245178085
strolled,2,0.28768207245178085
strong,4,-0.2231435513142097
stronger,4,-0.2231435513142097
strongest,2,0.28768207245178085
strongly,3,0.0
stroud,1,0.6931471805599453
strove,1,0.6931471805599453
struck,4,-0.2231435513142097
struggle,3,0.0
struggled,3,0.0
struggles,1,0.6931471805599453
struggling,3,0.0
strum,1,0.6931471805599453
stubbly,1,0.6931471805599453
stubborn,1,0.6931471805599453
stubbornly,1,0.6931471805599453
stubbornness,1,0.6931471805599453
stuck,3,0.0
stud,1,0.6931471805599453
studded,1,0.6931471805599453
student,1,0.6931471805599453
students,1,0.6931471805599453
studied,4,-0.2231435513142097
studier,1,0.6931471805599453
studies,3,0.0
studious,1,0.6931471805599453
studiously,1,0.6931471805599453
study,4,-0.2231435513142097
studying,4,-0.2231435513142097
stuff,3,0.0
stuffed,3,0.0
stuffing,1,0.6931471805599453
stuffs,1,0.6931471805599453
stuffy,3,0.0
stumbled,2,0.28768207245178085
stumbling,2,0.28768207245178085
stump,2,0.28768207245178085
stumps,1,0.6931471805599453
stung,1,0.6931471805599453
stunned,1,0.6931471805599453
stunning,1,0.6931471805599453
stupefaction,1,0.6931471805599453
stupefied,1,0.6931471805599453
stupefying,1,0.6931471805599453
stupid,4,-0.2231435513142097
stupider,2,0.28768207245178085
stupidity,4,-0.2231435513142097
stupidly,1,0.6931471805599453
stupids,1,0.6931471805599453
sturdy,1,0.6931471805599453
style,3,0.0
stylish,1,0.6931471805599453
suavely,1,0.6931471805599453
sub,1,0.6931471805599453
subdue,1,0.6931471805599453
subdued,2,0.28768207245178085
subduing,1,0.6931471805599453
subject,3,0.0
subjected,1,0.6931471805599453
subjection,2,0.28768207245178085
subjects,3,0.0
subjoin,1,0.6931471805599453
submission,1,0.6931471805599453
submissive,1,0.6931471805599453
submissively,1,0.6931471805599453
submissiveness,1,0.6931471805599453
submit,3,0.0
submitted,2,0.28768207245178085
submitting,1,0.6931471805599453
subscribing,1,0.6931471805599453
subscription,1,0.6931471805599453
subsequent,1,0.6931471805599453
subside,1,0.6931471805599453
subsided,2,0.28768207245178085
subsist,1,0.6931471805599453
subsisted,1,0.6931471805599453
subsisting,1,0.6931471805599453
substance,1,0.6931471805599453
substantial,2,0.28768207245178085
substitute,1,0.6931471805599453
substitution,1,0.6931471805599453
subtle,1,0.6931471805599453
suburb,1,0.6931471805599453
suburban,1,0.6931471805599453
succeed,3,0.0
succeeded,3,0.0
succeeding,1,0.6931471805599453
succeeds,1,0.6931471805599453
success,4,-0.2231435513142097
successes,1,0.6931471805599453
successful,4,-0.2231435513142097
successfully,3,0.0
succession,3,0.0
successive,2,0.28768207245178085
successively,1,0.6931471805599453
successor,1,0.6931471805599453
successors,1,0.6931471805599453
succinct,1,0.6931471805599453
succour,1,0.6931471805599453
succumbed,1,0.6931471805599453
such,4,-0.2231435513142097
suck,1,0.6931471805599453
sucked,2,0.28768207245178085
sucking,2,0.28768207245178085
suckling,1,0.6931471805599453
sudden,4,-0.2231435513142097
suddenly,4,-0.2231435513142097
suddenness,1,0.6931471805599453
suffer,4,-0.2231435513142097
suffered,3,0.0
sufferer,2,0.28768207245178085
sufferers,1,0.6931471805599453
suffering,4,-0.2231435513142097
sufferings,2,0.28768207245178085
suffers,1,0.6931471805599453
sufficed,1,0.6931471805599453
sufficiency,2,0.28768207245178085
sufficient,4,-0.2231435513142097
sufficiently,1,0.6931471805599453
suffocating,1,0.6931471805599453
sugar,1,0.6931471805599453
suggest,4,-0.2231435513142097
suggested,3,0.0
suggesting,2,0.28768207245178085
suggestion,2,0.28768207245178085
suggestions,1,0.6931471805599453
suggestive,1,0.6931471805599453
suggestiveness,1,0.6931471805599453
suggests,2,0.28768207245178085
suicide,3,0.0
suicides,1,0.6931471805599453
suit,4,-0.2231435513142097
suitable,2,0.28768207245178085
suitableness,1,0.6931471805599453
suitably,1,0.6931471805599453
suitcase,1,0.6931471805599453
suitcases,1,0.6931471805599453
suite,1,0.6931471805599453
suited,3,0.0
suiting,1,0.6931471805599453
suitor,2,0.28768207245178085
suits,2,0.28768207245178085
sulkiness,1,0.6931471805599453
sulking,1,0.6931471805599453
sulky,1,0.6931471805599453
sullen,2,0.28768207245178085
sullenly,2,0.28768207245178085
sum,3,0.0
summarily,2,0.28768207245178085
summarise,1,0.6931471805599453
summer,4,-0.2231435513142097
summon,2,0.28768207245178085
summoned,3,0.0
summoning,1,0.6931471805599453
summons,3,0.0
summonses,1,0.6931471805599453
sumptuous,1,0.6931471805599453
sums,2,0.28768207245178085
sun,3,0.0
sunbeam,1,0.6931471805599453
sunburnt,1,0.6931471805599453
sunday,3,0.0
sundays,1,0.6931471805599453
sundial,1,0.6931471805599453
sundials,1,0.6931471805599453
sung,2,0.28768207245178085
sunk,4,-0.2231435513142097
sunken,2,0.28768207245178085
sunlight,3,0.0
sunny,1,0.6931471805599453
sunrise,1,0.6931471805599453
sunset,3,0.0
sunshine,2,0.28768207245178085
super,1,0.6931471805599453
superb,1,0.6931471805599453
supercilious,1,0.6931471805599453
superciliously,1,0.6931471805599453
superciliousness,2,0.28768207245178085
superficial,1,0.6931471805599453
superficially,1,0.6931471805599453
superfluous,1,0.6931471805599453
superintend,1,0.6931471805599453
superintended,1,0.6931471805599453
superintendence,1,0.6931471805599453
superintendent,2,0.28768207245178085
superintends,1,0.6931471805599453
superior,4,-0.2231435513142097
superiority,2,0.28768207245178085
superiors,1,0.6931471805599453
superlatively,1,0.6931471805599453
superman,1,0.6931471805599453
supernaturally,1,0.6931471805599453
superscribed,1,0.6931471805599453
superscription,1,0.6931471805599453
superseded,1,0.6931471805599453
superstition,1,0.6931471805599453
superstitious,1,0.6931471805599453
superstitiously,1,0.6931471805599453
supper,4,-0.2231435513142097
supplementing,1,0.6931471805599453
suppliant,1,0.6931471805599453
supplication,2,0.28768207245178085
supplications,1,0.6931471805599453
supplied,2,0.28768207245178085
supplier,1,0.6931471805599453
suppliers,1,0.6931471805599453
supply,2,0.28768207245178085
supplying,1,0.6931471805599453
support,3,0.0
supported,2,0.28768207245178085
supporters,1,0.6931471805599453
supporting,2,0.28768207245178085
suppose,4,-0.2231435513142097
supposed,4,-0.2231435513142097
supposedly,1,0.6931471805599453
supposing,3,0.0
supposition,3,0.0
suppositions,2,0.28768207245178085
suppress,1,0.6931471805599453
suppressed,2,0.28768207245178085
suppressing,2,0.28768207245178085
sure,4,-0.2231435513142097
surely,3,0.0
surer,1,0.6931471805599453
surest,2,0.28768207245178085
surface,3,0.0
surged,1,0.6931471805599453
surgeon,2,0.28768207245178085
surgeons,2,0.28768207245178085
surgery,1,0.6931471805599453
surging,1,0.6931471805599453
surly,1,0.6931471805599453
surmise,3,0.0
surmises,2,0.28768207245178085
surmount,1,0.6931471805599453
surname,1,0.6931471805599453
surpass,1,0.6931471805599453
surpassing,1,0.6931471805599453
surpliced,1,0.6931471805599453
surprise,4,-0.2231435513142097
surprised,4,-0.2231435513142097
surprises,1,0.6931471805599453
surprising,1,0.6931471805599453
surrender,1,0.6931471805599453
surrendered,1,0.6931471805599453
surrey,1,0.6931471805599453
surrounded,3,0.0
surrounding,2,0.28768207245178085
surroundings,2,0.28768207245178085
surrounds,1,0.6931471805599453
survey,2,0.28768207245178085
surveyed,1,0.6931471805599453
surveying,1,0.6931471805599453
survive,1,0.6931471805599453
survived,2,0.28768207245178085
survivor,2,0.28768207245178085
susceptibility,1,0.6931471805599453
suspect,3,0.0
suspected,3,0.0
suspecting,2,0.28768207245178085
suspects,2,0.28768207245178085
suspend,1,0.6931471805599453
suspended,2,0.28768207245178085
suspense,2,0.28768207245178085
suspicion,3,0.0
suspicions,3,0.0
suspicious,4,-0.2231435513142097
suspiciously,1,0.6931471805599453
suspiciousness,1,0.6931471805599453
sussex,1,0.6931471805599453
sustained,1,0.6931471805599453
sutherland,1,0.6931471805599453
sutherlands,1,0.6931471805599453
svidrigaïlov,1,0.6931471805599453
svidrigaïlovs,1,0.6931471805599453
svirbey,1,0.6931471805599453
swag,1,0.6931471805599453
swain,1,0.6931471805599453
swallow,2,0.28768207245178085
swallowed,3,0.0
swallowing,1,0.6931471805599453
swallows,1,0.6931471805599453
swam,2,0.28768207245178085
swamp,1,0.6931471805599453
swamps,1,0.6931471805599453
swan,2,0.28768207245178085
swandam,1,0.6931471805599453
swans,1,0.6931471805599453
swarm,1,0.6931471805599453
swarmed,2,0.28768207245178085
swarming,1,0.6931471805599453
swash,1,0.6931471805599453
swayed,1,0.6931471805599453
swaying,2,0.28768207245178085
swear,3,0.0
swearing,2,0.28768207245178085
sweat,3,0.0
sweating,2,0.28768207245178085
sweaty,1,0.6931471805599453
sweep,2,0.28768207245178085
sweeping,3,0.0
sweeps,1,0.6931471805599453
sweet,4,-0.2231435513142097
sweeter,2,0.28768207245178085
sweetest,1,0.6931471805599453
sweetheart,3,0.0
sweethearts,1,0.6931471805599453
sweetie,1,0.6931471805599453
sweetly,2,0.28768207245178085
sweetmeat,1,0.6931471805599453
sweetness,2,0.28768207245178085
swell,1,0.6931471805599453
swelled,2,0.28768207245178085
swelling,2,0.28768207245178085
swept,3,0.0
swift,1,0.6931471805599453
swiftly,2,0.28768207245178085
swim,3,0.0
swimmer,1,0.6931471805599453
swimming,2,0.28768207245178085
swindler,1,0.6931471805599453
swindon,1,0.6931471805599453
swine,1,0.6931471805599453
swing,3,0.0
swinging,2,0.28768207245178085
swinishness,1,0.6931471805599453
swirl,1,0.6931471805599453
swirled,1,0.6931471805599453
swirling,1,0.6931471805599453
swish,1,0.6931471805599453
swished,1,0.6931471805599453
swishing,1,0.6931471805599453
swiss,1,0.6931471805599453
switch,1,0.6931471805599453
switches,1,0.6931471805599453
switzerland,2,0.28768207245178085
swollen,3,0.0
swoon,1,0.6931471805599453
swooning,1,0.6931471805599453
sword,1,0.6931471805599453
swords,1,0.6931471805599453
swordsman,1,0.6931471805599453
swore,3,0.0
sworn,2,0.28768207245178085
swum,1,0.6931471805599453
swung,3,0.0
syllable,2,0.28768207245178085
syllables,2,0.28768207245178085
symbol,1,0.6931471805599453
symbolism,1,0.6931471805599453
symmetry,1,0.6931471805599453
sympathetic,2,0.28768207245178085
sympathetically,1,0.6931471805599453
sympathise,1,0.6931471805599453
sympathize,1,0.6931471805599453
sympathy,2,0.28768207245178085
symptom,3,0.0
symptoms,2,0.28768207245178085
synonymously,1,0.6931471805599453
synovial,1,0.6931471805599453
synthesis,1,0.6931471805599453
syphilis,1,0.6931471805599453
system,3,0.0
systematic,2,0.28768207245178085
systems,1,0.6931471805599453
t,2,0.28768207245178085
table,4,-0.2231435513142097
tablecloth,1,0.6931471805599453
tablecloths,1,0.6931471805599453
tables,3,0.0
tacit,1,0.6931471805599453
tacitly,1,0.6931471805599453
taciturn,1,0.6931471805599453
tack,1,0.6931471805599453
tackle,2,0.28768207245178085
tactically,1,0.6931471805599453
tactics,1,0.6931471805599453
tagliamento,1,0.6931471805599453
tags,1,0.6931471805599453
tail,3,0.0
tailboard,1,0.6931471805599453
tailed,1,0.6931471805599453
tailing,1,0.6931471805599453
tailless,1,0.6931471805599453
tailor,2,0.28768207245178085
tailors,1,0.6931471805599453
tails,1,0.6931471805599453
take,4,-0.2231435513142097
taken,4,-0.2231435513142097
takes,4,-0.2231435513142097
taketh,1,0.6931471805599453
taking,4,-0.2231435513142097
takings,1,0.6931471805599453
tale,2,0.28768207245178085
talent,3,0.0
talents,2,0.28768207245178085
tales,2,0.28768207245178085
talk,4,-0.2231435513142097
talkative,1,0.6931471805599453
talked,4,-0.2231435513142097
talker,3,0.0
talking,4,-0.2231435513142097
talks,3,0.0
tall,4,-0.2231435513142097
taller,3,0.0
tallest,1,0.6931471805599453
tallied,1,0.6931471805599453
tallish,1,0.6931471805599453
tallow,2,0.28768207245178085
tamara,1,0.6931471805599453
tambourine,1,0.6931471805599453
tamping,1,0.6931471805599453
tangible,2,0.28768207245178085
tangle,2,0.28768207245178085
tangled,2,0.28768207245178085
tankerville,1,0.6931471805599453
tanned,2,0.28768207245178085
tanneries,1,0.6931471805599453
tannic,1,0.6931471805599453
tantalising,1,0.6931471805599453
taormina,1,0.6931471805599453
tap,2,0.28768207245178085
tape,1,0.6931471805599453
tapes,1,0.6931471805599453
tapped,3,0.0
tapping,2,0.28768207245178085
taradiddle,1,0.6931471805599453
taranto,1,0.6931471805599453
target,1,0.6931471805599453
tarred,1,0.6931471805599453
task,2,0.28768207245178085
tassel,1,0.6931471805599453
taste,4,-0.2231435513142097
tasted,2,0.28768207245178085
tastes,2,0.28768207245178085
tasting,1,0.6931471805599453
tattered,2,0.28768207245178085
tatters,1,0.6931471805599453
tattoo,1,0.6931471805599453
tattooed,1,0.6931471805599453
taught,2,0.28768207245178085
taut,1,0.6931471805599453
tavern,1,0.6931471805599453
taverns,1,0.6931471805599453
tawny,2,0.28768207245178085
tax,2,0.28768207245178085
taxi,1,0.6931471805599453
tchebarov,1,0.6931471805599453
tchecos,1,0.6931471805599453
te,1,0.6931471805599453
tea,4,-0.2231435513142097
teach,4,-0.2231435513142097
teacher,1,0.6931471805599453
teachers,1,0.6931471805599453
teaches,1,0.6931471805599453
teaching,2,0.28768207245178085
teapot,1,0.6931471805599453
tear,4,-0.2231435513142097
tearful,1,0.6931471805599453
tearfully,1,0.6931471805599453
tearing,2,0.28768207245178085
tears,4,-0.2231435513142097
tease,3,0.0
teased,2,0.28768207245178085
teasing,3,0.0
teaspoon,1,0.6931471805599453
technical,2,0.28768207245178085
technically,1,0.6931471805599453
tedious,2,0.28768207245178085
teeth,4,-0.2231435513142097
teetotaler,1,0.6931471805599453
telegram,1,0.6931471805599453
telegraph,1,0.6931471805599453
telephone,2,0.28768207245178085
telephoned,1,0.6931471805599453
telescope,1,0.6931471805599453
tell,4,-0.2231435513142097
teller,1,0.6931471805599453
telling,4,-0.2231435513142097
tells,4,-0.2231435513142097
temper,3,0.0
temperament,2,0.28768207245178085
temperate,1,0.6931471805599453
temperature,1,0.6931471805599453
temperatures,1,0.6931471805599453
tempered,3,0.0
tempers,1,0.6931471805599453
tempest,1,0.6931471805599453
temple,2,0.28768207245178085
temples,1,0.6931471805599453
temporary,3,0.0
tempt,1,0.6931471805599453
temptation,3,0.0
temptations,1,0.6931471805599453
tempted,3,0.0
ten,4,-0.2231435513142097
tenable,1,0.6931471805599453
tenacious,1,0.6931471805599453
tenant,2,0.28768207245178085
tenants,1,0.6931471805599453
tend,2,0.28768207245178085
tended,1,0.6931471805599453
tendencies,2,0.28768207245178085
tendency,3,0.0
tender,3,0.0
tenderly,1,0.6931471805599453
tenderness,1,0.6931471805599453
tending,1,0.6931471805599453
tendons,1,0.6931471805599453
tenements,1,0.6931471805599453
tenente,1,0.6931471805599453
tenez,1,0.6931471805599453
tenfold,1,0.6931471805599453
tennessee,1,0.6931471805599453
tenor,1,0.6931471805599453
tenors,1,0.6931471805599453
tenour,1,0.6931471805599453
tens,1,0.6931471805599453
tense,1,0.6931471805599453
tension,1,0.6931471805599453
tent,2,0.28768207245178085
tentative,1,0.6931471805599453
tentatively,2,0.28768207245178085
tenth,1,0.6931471805599453
tents,3,0.0
terebyeva,1,0.6931471805599453
term,3,0.0
termed,1,0.6931471805599453
terminated,1,0.6931471805599453
termination,2,0.28768207245178085
terms,3,0.0
ternova,1,0.6931471805599453
terns,1,0.6931471805599453
terrace,1,0.6931471805599453
terraced,2,0.28768207245178085
terrible,3,0.0
terribly,3,0.0
terrific,2,0.28768207245178085
terrifically,1,0.6931471805599453
terrified,2,0.28768207245178085
terrifying,1,0.6931471805599453
terror,2,0.28768207245178085
terrorising,1,0.6931471805599453
terrors,1,0.6931471805599453
terse,1,0.6931471805599453
test,4,-0.2231435513142097
testament,2,0.28768207245178085
tested,1,0.6931471805599453
testified,1,0.6931471805599453
testifies,1,0.6931471805599453
testifying,1,0.6931471805599453
testimony,2,0.28768207245178085
tetanus,1,0.6931471805599453
texas,1,0.6931471805599453
text,2,0.28768207245178085
texture,1,0.6931471805599453
tfoo,1,0.6931471805599453
thames,1,0.6931471805599453
than,4,-0.2231435513142097
thank,4,-0.2231435513142097
thanked,3,0.0
thankful,2,0.28768207245178085
thankfully,1,0.6931471805599453
thankfulness,1,0.6931471805599453
thanking,3,0.0
thanks,4,-0.2231435513142097
thanksgiving,1,0.6931471805599453
that,4,-0.2231435513142097
thatll,1,0.6931471805599453
thats,3,0.0
thaws,1,0.6931471805599453
the,4,-0.2231435513142097
theatre,1,0.6931471805599453
theatres,1,0.6931471805599453
theatrical,1,0.6931471805599453
thee,2,0.28768207245178085
theft,1,0.6931471805599453
their,4,-0.2231435513142097
theirs,3,0.0
them,4,-0.2231435513142097
theme,1,0.6931471805599453
themes,1,0.6931471805599453
thems,1,0.6931471805599453
themselves,4,-0.2231435513142097
then,4,-0.2231435513142097
thence,1,0.6931471805599453
theological,1,0.6931471805599453
theoretical,1,0.6931471805599453
theories,2,0.28768207245178085
theorise,1,0.6931471805599453
theory,2,0.28768207245178085
therapy,1,0.6931471805599453
there,4,-0.2231435513142097
thereafter,1,0.6931471805599453
thereby,3,0.0
thered,1,0.6931471805599453
therefore,3,0.0
therein,2,0.28768207245178085
therell,2,0.28768207245178085
theres,4,-0.2231435513142097
thereupon,1,0.6931471805599453
thermometer,1,0.6931471805599453
these,4,-0.2231435513142097
they,4,-0.2231435513142097
theyd,2,0.28768207245178085
theyll,2,0.28768207245178085
theyre,2,0.28768207245178085
theyve,2,0.28768207245178085
thick,3,0.0
thickening,1,0.6931471805599453
thickest,1,0.6931471805599453
thicket,1,0.6931471805599453
thickly,3,0.0
thickness,2,0.28768207245178085
thicknesses,1,0.6931471805599453
thief,2,0.28768207245178085
thieves,2,0.28768207245178085
thigh,1,0.6931471805599453
thighs,1,0.6931471805599453
thin,4,-0.2231435513142097
thing,4,-0.2231435513142097
things,4,-0.2231435513142097
think,4,-0.2231435513142097
thinkable,1,0.6931471805599453
thinker,2,0.28768207245178085
thinking,4,-0.2231435513142097
thinks,4,-0.2231435513142097
thinner,2,0.28768207245178085
thinness,2,0.28768207245178085
third,4,-0.2231435513142097
thirdly,2,0.28768207245178085
thirst,2,0.28768207245178085
thirsting,1,0.6931471805599453
thirsty,1,0.6931471805599453
thirteen,2,0.28768207245178085
thirteenth,1,0.6931471805599453
thirty,4,-0.2231435513142097
this,4,-0.2231435513142097
thither,2,0.28768207245178085
thoreaus,1,0.6931471805599453
thorough,2,0.28768207245178085
thoroughfare,2,0.28768207245178085
thoroughfares,1,0.6931471805599453
thoroughly,3,0.0
those,4,-0.2231435513142097
thou,1,0.6931471805599453
though,4,-0.2231435513142097
thought,4,-0.2231435513142097
thoughtful,3,0.0
thoughtfully,2,0.28768207245178085
thoughtfulness,1,0.6931471805599453
thoughtless,2,0.28768207245178085
thoughtlessness,1,0.6931471805599453
thoughts,4,-0.2231435513142097
thousand,4,-0.2231435513142097
thousands,2,0.28768207245178085
thrash,1,0.6931471805599453
thrashed,2,0.28768207245178085
thrashing,2,0.28768207245178085
thread,2,0.28768207245178085
threadbare,2,0.28768207245178085
threadneedle,1,0.6931471805599453
threads,1,0.6931471805599453
threat,2,0.28768207245178085
threaten,1,0.6931471805599453
threatened,3,0.0
threatening,2,0.28768207245178085
threatens,1,0.6931471805599453
threats,3,0.0
three,4,-0.2231435513142097
threshold,2,0.28768207245178085
thresholds,1,0.6931471805599453
threw,4,-0.2231435513142097
thrice,1,0.6931471805599453
thrill,2,0.28768207245178085
thrilling,1,0.6931471805599453
throat,4,-0.2231435513142097
throats,2,0.28768207245178085
throb,1,0.6931471805599453
throbbed,3,0.0
throbbing,2,0.28768207245178085
throng,1,0.6931471805599453
thronged,1,0.6931471805599453
thronging,1,0.6931471805599453
through,4,-0.2231435513142097
throughout,3,0.0
throw,4,-0.2231435513142097
throwing,4,-0.2231435513142097
thrown,4,-0.2231435513142097
throws,2,0.28768207245178085
thrust,3,0.0
thrusting,1,0.6931471805599453
thud,2,0.28768207245178085
thudding,2,0.28768207245178085
thuds,1,0.6931471805599453
thumb,2,0.28768207245178085
thumbs,1,0.6931471805599453
thumped,1,0.6931471805599453
thumping,1,0.6931471805599453
thunder,1,0.6931471805599453
thunderbolt,1,0.6931471805599453
thunderclap,1,0.6931471805599453
thunderstorm,1,0.6931471805599453
thunderstruck,1,0.6931471805599453
thursday,3,0.0
thus,3,0.0
thwarted,1,0.6931471805599453
thy,1,0.6931471805599453
théorie,1,0.6931471805599453
tiara,1,0.6931471805599453
tiber,1,0.6931471805599453
ticket,3,0.0
tickets,4,-0.2231435513142097
ticking,2,0.28768207245178085
tickled,1,0.6931471805599453
tickling,1,0.6931471805599453
ticklish,1,0.6931471805599453
tide,2,0.28768207245178085
tidings,2,0.28768207245178085
tidy,2,0.28768207245178085
tie,3,0.0
tied,3,0.0
ties,1,0.6931471805599453
tiger,1,0.6931471805599453
tight,3,0.0
tightened,1,0.6931471805599453
tightly,3,0.0
tile,1,0.6931471805599453
tiled,1,0.6931471805599453
till,4,-0.2231435513142097
tilted,2,0.28768207245178085
timber,1,0.6931471805599453
timbered,1,0.6931471805599453
time,4,-0.2231435513142097
timed,1,0.6931471805599453
timely,1,0.6931471805599453
times,4,-0.2231435513142097
timid,2,0.28768207245178085
timidity,1,0.6931471805599453
timidly,1,0.6931471805599453
timing,1,0.6931471805599453
timorous,1,0.6931471805599453
tin,3,0.0
tinge,2,0.28768207245178085
tinged,1,0.6931471805599453
tiniest,2,0.28768207245178085
tinkers,1,0.6931471805599453
tinkle,1,0.6931471805599453
tinkled,1,0.6931471805599453
tinkling,1,0.6931471805599453
tinned,1,0.6931471805599453
tins,1,0.6931471805599453
tint,1,0.6931471805599453
tinted,1,0.6931471805599453
tiny,3,0.0
tion,1,0.6931471805599453
tip,3,0.0
tipped,1,0.6931471805599453
tipping,1,0.6931471805599453
tips,2,0.28768207245178085
tipsily,1,0.6931471805599453
tipsy,1,0.6931471805599453
tiptoe,1,0.6931471805599453
tiptoed,1,0.6931471805599453
tiptoes,1,0.6931471805599453
tirade,1,0.6931471805599453
tire,1,0.6931471805599453
tired,4,-0.2231435513142097
tires,2,0.28768207245178085
tiresome,2,0.28768207245178085
tis,1,0.6931471805599453
tissue,2,0.28768207245178085
tit,1,0.6931471805599453
tithes,1,0.6931471805599453
titian,1,0.6931471805599453
title,3,0.0
titles,1,0.6931471805599453
tittered,1,0.6931471805599453
titular,1,0.6931471805599453
to,4,-0.2231435513142097
toast,2,0.28768207245178085
tobacco,3,0.0
tobacconist,1,0.6931471805599453
tobaccos,1,0.6931471805599453
toboggan,1,0.6931471805599453
tobogganing,1,0.6931471805599453
toboggans,1,0.6931471805599453
today,1,0.6931471805599453
toe,1,0.6931471805599453
toes,1,0.6931471805599453
together,4,-0.2231435513142097
toilet,1,0.6931471805599453
toilette,1,0.6931471805599453
token,2,0.28768207245178085
told,4,-0.2231435513142097
tolerable,1,0.6931471805599453
tolerably,1,0.6931471805599453
tolerance,1,0.6931471805599453
toller,1,0.6931471805599453
tollers,1,0.6931471805599453
tolstyakov,1,0.6931471805599453
tomato,1,0.6931471805599453
tomb,1,0.6931471805599453
tomboy,1,0.6931471805599453
tomfoolery,1,0.6931471805599453
ton,1,0.6931471805599453
tone,3,0.0
tones,3,0.0
tongs,2,0.28768207245178085
tongue,4,-0.2231435513142097
tongues,2,0.28768207245178085
tonnage,1,0.6931471805599453
tons,1,0.6931471805599453
tonsils,1,0.6931471805599453
too,4,-0.2231435513142097
took,4,-0.2231435513142097
tool,2,0.28768207245178085
tools,1,0.6931471805599453
tooth,2,0.28768207245178085
toothbrush,1,0.6931471805599453
toothbrushing,1,0.6931471805599453
top,4,-0.2231435513142097
topic,2,0.28768207245178085
topics,1,0.6931471805599453
topped,2,0.28768207245178085
tops,3,0.0
topsy,1,0.6931471805599453
tore,2,0.28768207245178085
torino,1,0.6931471805599453
torment,2,0.28768207245178085
tormented,1,0.6931471805599453
tormenting,2,0.28768207245178085
tormentor,1,0.6931471805599453
torn,3,0.0
torrent,1,0.6931471805599453
tortoise,1,0.6931471805599453
torture,1,0.6931471805599453
tortured,3,0.0
torturer,1,0.6931471805599453
torturing,1,0.6931471805599453
tosca,1,0.6931471805599453
tossed,2,0.28768207245178085
tossing,1,0.6931471805599453
total,3,0.0
totally,1,0.6931471805599453
tottenham,1,0.6931471805599453
tottered,1,0.6931471805599453
tottering,1,0.6931471805599453
touch,3,0.0
touched,4,-0.2231435513142097
touches,1,0.6931471805599453
touching,3,0.0
touchingly,1,0.6931471805599453
tough,2,0.28768207245178085
toughest,1,0.6931471805599453
toulon,1,0.6931471805599453
tour,1,0.6931471805599453
tourists,1,0.6931471805599453
tourniquet,1,0.6931471805599453
tout,2,0.28768207245178085
toutes,1,0.6931471805599453
toward,1,0.6931471805599453
towards,3,0.0
towel,2,0.28768207245178085
tower,3,0.0
town,4,-0.2231435513142097
towns,2,0.28768207245178085
townspeople,1,0.6931471805599453
toy,2,0.28768207245178085
trace,3,0.0
traced,2,0.28768207245178085
traces,3,0.0
track,3,0.0
tracking,1,0.6931471805599453
tracks,3,0.0
tractable,1,0.6931471805599453
tractors,1,0.6931471805599453
trade,3,0.0
trades,1,0.6931471805599453
tradesman,3,0.0
tradesmans,1,0.6931471805599453
tradesmen,1,0.6931471805599453
tradesmens,1,0.6931471805599453
tradespeople,1,0.6931471805599453
trading,1,0.6931471805599453
tradition,1,0.6931471805599453
traditional,1,0.6931471805599453
traditions,2,0.28768207245178085
trafalgar,1,0.6931471805599453
traffic,3,0.0
tragedy,1,0.6931471805599453
tragic,2,0.28768207245178085
trail,2,0.28768207245178085
trailed,1,0.6931471805599453
trails,1,0.6931471805599453
train,4,-0.2231435513142097
trained,2,0.28768207245178085
training,2,0.28768207245178085
trains,1,0.6931471805599453
trait,1,0.6931471805599453
trajectory,1,0.6931471805599453
tram,1,0.6931471805599453
tramp,1,0.6931471805599453
tramped,1,0.6931471805599453
trample,1,0.6931471805599453
trampled,2,0.28768207245178085
tramps,1,0.6931471805599453
tramway,1,0.6931471805599453
tranquil,1,0.6931471805599453
tranquillity,1,0.6931471805599453
tranquilly,1,0.6931471805599453
transaction,1,0.6931471805599453
transactions,1,0.6931471805599453
transferred,2,0.28768207245178085
transferring,1,0.6931471805599453
transfigured,1,0.6931471805599453
transform,2,0.28768207245178085
transformed,2,0.28768207245178085
transformer,1,0.6931471805599453
transgress,1,0.6931471805599453
transgressed,1,0.6931471805599453
transient,1,0.6931471805599453
transition,2,0.28768207245178085
translated,1,0.6931471805599453
translating,1,0.6931471805599453
translation,2,0.28768207245178085
transmit,1,0.6931471805599453
transparent,3,0.0
transpired,2,0.28768207245178085
transport,3,0.0
transports,1,0.6931471805599453
transverse,1,0.6931471805599453
tranzano,1,0.6931471805599453
trap,3,0.0
trapped,2,0.28768207245178085
trash,1,0.6931471805599453
trashy,1,0.6931471805599453
travel,3,0.0
travelled,2,0.28768207245178085
traveller,1,0.6931471805599453
travellers,2,0.28768207245178085
travelling,4,-0.2231435513142097
travels,3,0.0
tray,3,0.0
trays,1,0.6931471805599453
treachery,3,0.0
treacle,1,0.6931471805599453
tread,2,0.28768207245178085
treason,1,0.6931471805599453
treasure,3,0.0
treasured,1,0.6931471805599453
treat,3,0.0
treated,4,-0.2231435513142097
treating,3,0.0
treatise,1,0.6931471805599453
treatises,1,0.6931471805599453
treatment,4,-0.2231435513142097
treatments,1,0.6931471805599453
treble,1,0.6931471805599453
tree,3,0.0
trees,4,-0.2231435513142097
trellis,1,0.6931471805599453
trellised,1,0.6931471805599453
tremble,2,0.28768207245178085
trembled,2,0.28768207245178085
trembling,3,0.0
tremblings,1,0.6931471805599453
tremendous,1,0.6931471805599453
tremendously,1,0.6931471805599453
tremor,2,0.28768207245178085
tremulously,1,0.6931471805599453
trench,1,0.6931471805599453
trenches,1,0.6931471805599453
trentino,1,0.6931471805599453
trepidation,2,0.28768207245178085
trepoff,1,0.6931471805599453
trespass,1,0.6931471805599453
trespasser,1,0.6931471805599453
tresses,1,0.6931471805599453
trial,2,0.28768207245178085
trials,3,0.0
triangle,1,0.6931471805599453
triangular,1,0.6931471805599453
tribulation,1,0.6931471805599453
tribute,1,0.6931471805599453
trick,3,0.0
tricked,1,0.6931471805599453
trickled,1,0.6931471805599453
tricks,4,-0.2231435513142097
tricky,1,0.6931471805599453
tried,4,-0.2231435513142097
tries,2,0.28768207245178085
trieste,1,0.6931471805599453
trifle,3,0.0
trifled,1,0.6931471805599453
trifles,2,0.28768207245178085
trifling,3,0.0
trigger,2,0.28768207245178085
trilled,1,0.6931471805599453
trim,2,0.28768207245178085
trimly,1,0.6931471805599453
trimmed,2,0.28768207245178085
trimming,1,0.6931471805599453
trincomalee,1,0.6931471805599453
trinity,1,0.6931471805599453
trinket,1,0.6931471805599453
trinkets,1,0.6931471805599453
trip,2,0.28768207245178085
tripped,1,0.6931471805599453
trips,1,0.6931471805599453
tripwires,1,0.6931471805599453
trite,1,0.6931471805599453
triumph,3,0.0
triumphant,3,0.0
triumphantly,2,0.28768207245178085
triumphed,1,0.6931471805599453
triumphing,1,0.6931471805599453
triumphs,1,0.6931471805599453
trivial,2,0.28768207245178085
trivialities,1,0.6931471805599453
trodden,1,0.6931471805599453
troll,1,0.6931471805599453
trolled,1,0.6931471805599453
trolling,1,0.6931471805599453
troop,1,0.6931471805599453
trooped,1,0.6931471805599453
troopers,1,0.6931471805599453
troops,1,0.6931471805599453
trophy,1,0.6931471805599453
tropics,1,0.6931471805599453
trouble,4,-0.2231435513142097
troubled,2,0.28768207245178085
troubles,2,0.28768207245178085
troublesome,2,0.28768207245178085
troubling,3,0.0
trough,2,0.28768207245178085
trouser,2,0.28768207245178085
trousers,3,0.0
trousseau,1,0.6931471805599453
trout,3,0.0
trove,1,0.6931471805599453
truant,1,0.6931471805599453
truck,1,0.6931471805599453
trucks,1,0.6931471805599453
trudging,1,0.6931471805599453
true,4,-0.2231435513142097
truer,1,0.6931471805599453
truest,1,0.6931471805599453
truly,4,-0.2231435513142097
trumpet,2,0.28768207245178085
trunk,4,-0.2231435513142097
trunks,4,-0.2231435513142097
truss,1,0.6931471805599453
trust,4,-0.2231435513142097
trusted,3,0.0
trustees,1,0.6931471805599453
trustful,1,0.6931471805599453
trusting,1,0.6931471805599453
trusts,2,0.28768207245178085
trusty,1,0.6931471805599453
truth,4,-0.2231435513142097
truthful,1,0.6931471805599453
try,4,-0.2231435513142097
trying,4,-0.2231435513142097
tryst,1,0.6931471805599453
tsar,1,0.6931471805599453
tub,1,0.6931471805599453
tube,2,0.28768207245178085
tubercles,1,0.6931471805599453
tubes,1,0.6931471805599453
tucked,3,0.0
tudor,1,0.6931471805599453
tuesday,2,0.28768207245178085
tuft,1,0.6931471805599453
tug,1,0.6931471805599453
tugged,2,0.28768207245178085
tugging,2,0.28768207245178085
tumbled,1,0.6931471805599453
tumbler,2,0.28768207245178085
tummy,1,0.6931471805599453
tumult,1,0.6931471805599453
tumultuously,1,0.6931471805599453
tune,2,0.28768207245178085
tunes,1,0.6931471805599453
tunic,1,0.6931471805599453
tunnel,2,0.28768207245178085
tunnels,1,0.6931471805599453
turban,1,0.6931471805599453
turf,2,0.28768207245178085
turgenev,1,0.6931471805599453
turin,1,0.6931471805599453
turk,1,0.6931471805599453
turkey,1,0.6931471805599453
turkish,2,0.28768207245178085
turmoil,1,0.6931471805599453
turn,4,-0.2231435513142097
turned,4,-0.2231435513142097
turner,1,0.6931471805599453
turners,1,0.6931471805599453
turning,4,-0.2231435513142097
turnpike,1,0.6931471805599453
turnpikes,1,0.6931471805599453
turns,4,-0.2231435513142097
turvy,1,0.6931471805599453
tut,2,0.28768207245178085
tweed,1,0.6931471805599453
twelfth,1,0.6931471805599453
twelve,4,-0.2231435513142097
twelvemonth,1,0.6931471805599453
twenties,1,0.6931471805599453
twentieth,1,0.6931471805599453
twenty,4,-0.2231435513142097
twice,4,-0.2231435513142097
twig,1,0.6931471805599453
twigs,1,0.6931471805599453
twilight,2,0.28768207245178085
twinge,1,0.6931471805599453
twinkle,1,0.6931471805599453
twinkled,1,0.6931471805599453
twinkling,2,0.28768207245178085
twins,1,0.6931471805599453
twirl,1,0.6931471805599453
twist,2,0.28768207245178085
twisted,3,0.0
twisting,2,0.28768207245178085
twitch,2,0.28768207245178085
twitched,2,0.28768207245178085
twitching,3,0.0
twitter,1,0.6931471805599453
two,4,-0.2231435513142097
twopence,1,0.6931471805599453
tying,1,0.6931471805599453
type,3,0.0
typed,1,0.6931471805599453
types,1,0.6931471805599453
typewrite,1,0.6931471805599453
typewriter,1,0.6931471805599453
typewriting,1,0.6931471805599453
typewritist,1,0.6931471805599453
typewritten,1,0.6931471805599453
typhus,1,0.6931471805599453
tyranny,1,0.6931471805599453
tyrant,1,0.6931471805599453
tyrolese,1,0.6931471805599453
tête,2,0.28768207245178085
u,2,0.28768207245178085
udine,1,0.6931471805599453
uffa,1,0.6931471805599453
ufficiali,1,0.6931471805599453
ugh,1,0.6931471805599453
uglier,1,0.6931471805599453
ugliness,2,0.28768207245178085
ugly,4,-0.2231435513142097
ulster,1,0.6931471805599453
ulsters,1,0.6931471805599453
ulterior,1,0.6931471805599453
ultimate,1,0.6931471805599453
ultimately,1,0.6931471805599453
um,1,0.6931471805599453
umbrella,2,0.28768207245178085
umsonst,1,0.6931471805599453
un,2,0.28768207245178085
unabashed,1,0.6931471805599453
unabated,1,0.6931471805599453
unable,4,-0.2231435513142097
unaccountable,2,0.28768207245178085
unacknowledged,1,0.6931471805599453
unacquainted,2,0.28768207245178085
unadorned,1,0.6931471805599453
unaffected,2,0.28768207245178085
unaffectedly,1,0.6931471805599453
unallied,1,0.6931471805599453
unalloyed,2,0.28768207245178085
unalterable,1,0.6931471805599453
unanswerable,1,0.6931471805599453
unappeasable,1,0.6931471805599453
unapproachable,1,0.6931471805599453
unasked,1,0.6931471805599453
unassailed,1,0.6931471805599453
unassuming,1,0.6931471805599453
unattainable,1,0.6931471805599453
unattended,1,0.6931471805599453
unattractive,1,0.6931471805599453
unavailing,1,0.6931471805599453
unavenged,1,0.6931471805599453
unavoidable,2,0.28768207245178085
unavoidably,1,0.6931471805599453
unaware,2,0.28768207245178085
unawares,1,0.6931471805599453
unbearable,1,0.6931471805599453
unbecoming,1,0.6931471805599453
unbelieving,1,0.6931471805599453
unbending,2,0.28768207245178085
unblemished,1,0.6931471805599453
unbounded,1,0.6931471805599453
unbreakable,1,0.6931471805599453
unburned,1,0.6931471805599453
unbuttoned,3,0.0
uncanny,1,0.6931471805599453
uncarpeted,1,0.6931471805599453
unceremonious,1,0.6931471805599453
unceremoniously,1,0.6931471805599453
uncertain,3,0.0
uncertainly,1,0.6931471805599453
uncertainties,1,0.6931471805599453
uncertainty,2,0.28768207245178085
unchanged,1,0.6931471805599453
unchaperoned,1,0.6931471805599453
unchildish,1,0.6931471805599453
unchildlike,1,0.6931471805599453
uncivil,1,0.6931471805599453
unclasping,2,0.28768207245178085
unclaspings,1,0.6931471805599453
uncle,4,-0.2231435513142097
uncleanliness,1,0.6931471805599453
uncleanness,1,0.6931471805599453
uncles,3,0.0
uncomfortable,4,-0.2231435513142097
uncommon,2,0.28768207245178085
uncommonly,1,0.6931471805599453
uncompanionable,1,0.6931471805599453
uncompromising,1,0.6931471805599453
unconcealed,1,0.6931471805599453
unconcern,1,0.6931471805599453
unconcerned,2,0.28768207245178085
uncongenial,1,0.6931471805599453
unconnected,1,0.6931471805599453
unconscious,3,0.0
unconsciously,2,0.28768207245178085
unconsciousness,1,0.6931471805599453
uncontrollable,2,0.28768207245178085
uncontrolled,1,0.6931471805599453
uncorked,1,0.6931471805599453
uncourteous,1,0.6931471805599453
uncouth,2,0.28768207245178085
uncovered,2,0.28768207245178085
uncritically,1,0.6931471805599453
und,1,0.6931471805599453
undated,1,0.6931471805599453
undeceive,1,0.6931471805599453
undecided,1,0.6931471805599453
under,4,-0.2231435513142097
underclothes,1,0.6931471805599453
underclothing,1,0.6931471805599453
undergo,1,0.6931471805599453
undergoing,1,0.6931471805599453
undergone,2,0.28768207245178085
underground,2,0.28768207245178085
underlip,1,0.6931471805599453
underneath,3,0.0
undershirt,1,0.6931471805599453
understand,4,-0.2231435513142097
understanding,3,0.0
understands,1,0.6931471805599453
understood,4,-0.2231435513142097
undertake,2,0.28768207245178085
undertaken,2,0.28768207245178085
undertaking,3,0.0
undertone,1,0.6931471805599453
undertook,1,0.6931471805599453
undervalued,1,0.6931471805599453
undervaluing,1,0.6931471805599453
underwear,1,0.6931471805599453
undeserved,1,0.6931471805599453
undeservedly,1,0.6931471805599453
undeserving,1,0.6931471805599453
undetermined,1,0.6931471805599453
undid,3,0.0
undiminished,1,0.6931471805599453
undisguised,1,0.6931471805599453
undismayed,1,0.6931471805599453
undo,3,0.0
undoing,2,0.28768207245178085
undone,1,0.6931471805599453
undoubted,2,0.28768207245178085
undoubtedly,3,0.0
undress,1,0.6931471805599453
undressed,2,0.28768207245178085
undressing,2,0.28768207245178085
undue,1,0.6931471805599453
undutiful,1,0.6931471805599453
une,1,0.6931471805599453
unearthed,1,0.6931471805599453
uneasily,1,0.6931471805599453
uneasiness,3,0.0
uneasy,3,0.0
uneducated,1,0.6931471805599453
unembarrassed,1,0.6931471805599453
unendurable,1,0.6931471805599453
unequal,2,0.28768207245178085
unequally,1,0.6931471805599453
unexampled,1,0.6931471805599453
unexpected,3,0.0
unexpectedly,2,0.28768207245178085
unfailing,1,0.6931471805599453
unfailingly,1,0.6931471805599453
unfair,1,0.6931471805599453
unfairly,1,0.6931471805599453
unfaithful,1,0.6931471805599453
unfamiliar,1,0.6931471805599453
unfastened,1,0.6931471805599453
unfavourable,2,0.28768207245178085
unfavourably,1,0.6931471805599453
unfeeling,1,0.6931471805599453
unfeigned,2,0.28768207245178085
unfelt,1,0.6931471805599453
unfenced,1,0.6931471805599453
unfettered,1,0.6931471805599453
unfinished,1,0.6931471805599453
unfit,1,0.6931471805599453
unfold,2,0.28768207245178085
unfolded,2,0.28768207245178085
unfolding,2,0.28768207245178085
unforeseen,2,0.28768207245178085
unforgiving,1,0.6931471805599453
unfortunate,3,0.0
unfortunately,3,0.0
unfrequently,1,0.6931471805599453
ungainly,1,0.6931471805599453
ungenerous,1,0.6931471805599453
ungenerously,1,0.6931471805599453
ungentlemanly,1,0.6931471805599453
ungovernable,3,0.0
ungracious,1,0.6931471805599453
ungraciousness,1,0.6931471805599453
ungrateful,2,0.28768207245178085
unguarded,2,0.28768207245178085
unhappier,1,0.6931471805599453
unhappily,2,0.28768207245178085
unhappiness,1,0.6931471805599453
unhappy,4,-0.2231435513142097
unhealthy,2,0.28768207245178085
unheard,2,0.28768207245178085
unheeded,2,0.28768207245178085
unhewn,1,0.6931471805599453
unhinged,1,0.6931471805599453
unholy,1,0.6931471805599453
unhooked,1,0.6931471805599453
unhooking,1,0.6931471805599453
unhurried,1,0.6931471805599453
uniform,4,-0.2231435513142097
uniformity,1,0.6931471805599453
uniformly,2,0.28768207245178085
uniforms,1,0.6931471805599453
unimpaired,1,0.6931471805599453
unimpeachable,1,0.6931471805599453
unimportant,2,0.28768207245178085
uninfluenced,1,0.6931471805599453
uninformed,1,0.6931471805599453
uninhabited,1,0.6931471805599453
unintelligible,1,0.6931471805599453
unintentional,1,0.6931471805599453
unintentionally,1,0.6931471805599453
uninterrupted,1,0.6931471805599453
uninvited,1,0.6931471805599453
union,2,0.28768207245178085
unique,2,0.28768207245178085
unison,1,0.6931471805599453
unit,1,0.6931471805599453
unite,1,0.6931471805599453
united,3,0.0
uniting,1,0.6931471805599453
units,1,0.6931471805599453
universal,2,0.28768207245178085
universally,1,0.6931471805599453
universities,1,0.6931471805599453
university,1,0.6931471805599453
unjust,2,0.28768207245178085
unjustifiable,1,0.6931471805599453
unjustly,1,0.6931471805599453
unkempt,2,0.28768207245178085
unkindness,1,0.6931471805599453
unknowing,1,0.6931471805599453
unknowingly,1,0.6931471805599453
unknown,3,0.0
unlaced,1,0.6931471805599453
unlatched,1,0.6931471805599453
unless,4,-0.2231435513142097
unlike,3,0.0
unlikely,2,0.28768207245178085
unloaded,1,0.6931471805599453
unlocked,3,0.0
unlocking,2,0.28768207245178085
unlooked,1,0.6931471805599453
unloosed,1,0.6931471805599453
unluckily,1,0.6931471805599453
unlucky,1,0.6931471805599453
unmarked,1,0.6931471805599453
unmarried,2,0.28768207245178085
unmasked,1,0.6931471805599453
unmerited,1,0.6931471805599453
unmistakable,2,0.28768207245178085
unmistakably,1,0.6931471805599453
unmitigated,1,0.6931471805599453
unmixed,1,0.6931471805599453
unmoved,2,0.28768207245178085
unnatural,3,0.0
unnaturally,1,0.6931471805599453
unnecessarily,2,0.28768207245178085
unnecessary,3,0.0
unnoticed,2,0.28768207245178085
unobservant,1,0.6931471805599453
unobserved,2,0.28768207245178085
unofficial,1,0.6931471805599453
unopened,2,0.28768207245178085
unpack,1,0.6931471805599453
unpacked,2,0.28768207245178085
unpacking,1,0.6931471805599453
unpainted,1,0.6931471805599453
unpapered,1,0.6931471805599453
unpardonable,2,0.28768207245178085
unpardonably,1,0.6931471805599453
unpleasant,4,-0.2231435513142097
unpleasantly,2,0.28768207245178085
unpleasantness,3,0.0
unpleasing,2,0.28768207245178085
unpractised,1,0.6931471805599453
unprecedented,2,0.28768207245178085
unprepared,1,0.6931471805599453
unpretending,1,0.6931471805599453
unprincipled,2,0.28768207245178085
unprofitable,2,0.28768207245178085
unprotected,1,0.6931471805599453
unpunctual,1,0.6931471805599453
unqualified,1,0.6931471805599453
unquestionably,1,0.6931471805599453
unravel,1,0.6931471805599453
unravelled,1,0.6931471805599453
unravelling,1,0.6931471805599453
unreal,2,0.28768207245178085
unreasonable,2,0.28768207245178085
unreasonably,3,0.0
unreasoning,2,0.28768207245178085
unrecognised,1,0.6931471805599453
unredeemed,1,0.6931471805599453
unrepaired,1,0.6931471805599453
unreserve,1,0.6931471805599453
unreserved,2,0.28768207245178085
unrestrained,2,0.28768207245178085
unsafe,1,0.6931471805599453
unsatisfactory,2,0.28768207245178085
unscrew,1,0.6931471805599453
unscrewed,1,0.6931471805599453
unscrupulous,1,0.6931471805599453
unseat,1,0.6931471805599453
unseemly,2,0.28768207245178085
unseen,1,0.6931471805599453
unsettled,2,0.28768207245178085
unshackled,1,0.6931471805599453
unshaken,1,0.6931471805599453
unshaven,2,0.28768207245178085
unsocial,1,0.6931471805599453
unsolved,2,0.28768207245178085
unspeakable,1,0.6931471805599453
unspoken,1,0.6931471805599453
unsteadier,1,0.6931471805599453
unsteadily,1,0.6931471805599453
unstudied,1,0.6931471805599453
unsubdued,1,0.6931471805599453
unsuccessful,2,0.28768207245178085
unsuccessfully,1,0.6931471805599453
unsuitable,1,0.6931471805599453
unsuspicious,1,0.6931471805599453
unsystematic,1,0.6931471805599453
untamed,2,0.28768207245178085
untenanted,1,0.6931471805599453
unthinkable,2,0.28768207245178085
untidy,1,0.6931471805599453
untie,1,0.6931471805599453
untied,1,0.6931471805599453
until,4,-0.2231435513142097
untimely,1,0.6931471805599453
untinctured,1,0.6931471805599453
untitled,1,0.6931471805599453
unto,1,0.6931471805599453
untouched,2,0.28768207245178085
untried,1,0.6931471805599453
untrustworthy,1,0.6931471805599453
untying,1,0.6931471805599453
unusual,2,0.28768207245178085
unusually,1,0.6931471805599453
unutterable,1,0.6931471805599453
unvarying,1,0.6931471805599453
unveil,1,0.6931471805599453
unwarily,1,0.6931471805599453
unwashed,1,0.6931471805599453
unwearying,1,0.6931471805599453
unwelcome,3,0.0
unwell,2,0.28768207245178085
unwhitewashed,1,0.6931471805599453
unwilling,2,0.28768207245178085
unwillingly,2,0.28768207245178085
unwillingness,1,0.6931471805599453
unwise,1,0.6931471805599453
unwittingly,1,0.6931471805599453
unworthily,1,0.6931471805599453
unworthy,2,0.28768207245178085
unwound,2,0.28768207245178085
unwounded,1,0.6931471805599453
unwrapped,1,0.6931471805599453
unwritten,1,0.6931471805599453
up,4,-0.2231435513142097
upbraided,2,0.28768207245178085
upbraiding,2,0.28768207245178085
uphill,1,0.6931471805599453
upholstered,1,0.6931471805599453
upholsterers,1,0.6931471805599453
upon,3,0.0
upper,4,-0.2231435513142097
uppermost,3,0.0
upraised,1,0.6931471805599453
upright,2,0.28768207245178085
uproar,3,0.0
uproarious,1,0.6931471805599453
uproot,1,0.6931471805599453
ups,1,0.6931471805599453
upset,3,0.0
upsetting,1,0.6931471805599453
upshot,1,0.6931471805599453
upstairs,4,-0.2231435513142097
upstart,1,0.6931471805599453
upturned,1,0.6931471805599453
upward,2,0.28768207245178085
upwards,1,0.6931471805599453
urge,1,0.6931471805599453
urged,3,0.0
urgency,1,0.6931471805599453
urgent,3,0.0
urging,2,0.28768207245178085
us,4,-0.2231435513142097
usage,2,0.28768207245178085
use,4,-0.2231435513142097
used,4,-0.2231435513142097
useful,4,-0.2231435513142097
usefulness,1,0.6931471805599453
useless,3,0.0
uselessly,2,0.28768207245178085
uses,1,0.6931471805599453
ushered,1,0.6931471805599453
ushering,1,0.6931471805599453
using,4,-0.2231435513142097
usual,3,0.0
usually,4,-0.2231435513142097
utilise,1,0.6931471805599453
utmost,3,0.0
utter,3,0.0
uttered,3,0.0
uttering,2,0.28768207245178085
utterly,3,0.0
v,2,0.28768207245178085
va,2,0.28768207245178085
vacancies,1,0.6931471805599453
vacancy,2,0.28768207245178085
vacant,2,0.28768207245178085
vacantly,2,0.28768207245178085
vacuous,1,0.6931471805599453
vagabond,2,0.28768207245178085
vagabonds,1,0.6931471805599453
vague,4,-0.2231435513142097
vaguely,1,0.6931471805599453
vagueness,1,0.6931471805599453
vahrushin,1,0.6931471805599453
vain,4,-0.2231435513142097
vainly,1,0.6931471805599453
vale,1,0.6931471805599453
valentini,1,0.6931471805599453
valet,1,0.6931471805599453
valid,2,0.28768207245178085
valise,1,0.6931471805599453
valley,3,0.0
valleys,1,0.6931471805599453
valor,1,0.6931471805599453
valorous,1,0.6931471805599453
valuable,4,-0.2231435513142097
value,4,-0.2231435513142097
valued,2,0.28768207245178085
valueless,1,0.6931471805599453
values,1,0.6931471805599453
van,3,0.0
vanish,2,0.28768207245178085
vanished,3,0.0
vanishes,1,0.6931471805599453
vanishing,2,0.28768207245178085
vanities,1,0.6931471805599453
vanity,2,0.28768207245178085
vans,1,0.6931471805599453
varellas,1,0.6931471805599453
varents,1,0.6931471805599453
variable,1,0.6931471805599453
variance,1,0.6931471805599453
variation,1,0.6931471805599453
varied,3,0.0
varieties,2,0.28768207245178085
variety,3,0.0
varini,1,0.6931471805599453
various,4,-0.2231435513142097
varnished,1,0.6931471805599453
vary,2,0.28768207245178085
varying,1,0.6931471805599453
vaselined,1,0.6931471805599453
vassilitch,1,0.6931471805599453
vassily,1,0.6931471805599453
vassilyevsky,1,0.6931471805599453
vast,2,0.28768207245178085
vastly,1,0.6931471805599453
vasya,1,0.6931471805599453
vater,1,0.6931471805599453
vault,1,0.6931471805599453
vauxhall,1,0.6931471805599453
veal,2,0.28768207245178085
vegetable,1,0.6931471805599453
vegetables,1,0.6931471805599453
vegetarian,1,0.6931471805599453
vehemence,3,0.0
vehicle,1,0.6931471805599453
vehicles,1,0.6931471805599453
veil,1,0.6931471805599453
veiled,1,0.6931471805599453
veins,3,0.0
velvet,2,0.28768207245178085
venerable,1,0.6931471805599453
veneration,1,0.6931471805599453
venetian,2,0.28768207245178085
vengeance,1,0.6931471805599453
venice,1,0.6931471805599453
venison,1,0.6931471805599453
venner,1,0.6931471805599453
venomous,2,0.28768207245178085
vent,2,0.28768207245178085
ventilate,1,0.6931471805599453
ventilator,1,0.6931471805599453
ventilators,1,0.6931471805599453
venting,1,0.6931471805599453
venture,3,0.0
ventured,3,0.0
venturing,2,0.28768207245178085
veracity,1,0.6931471805599453
verandahs,1,0.6931471805599453
verb,1,0.6931471805599453
verbal,1,0.6931471805599453
verbatim,1,0.6931471805599453
verbs,1,0.6931471805599453
verdict,2,0.28768207245178085
verdure,1,0.6931471805599453
vere,1,0.6931471805599453
verge,1,0.6931471805599453
verging,1,0.6931471805599453
verify,1,0.6931471805599453
verily,1,0.6931471805599453
vermouth,1,0.6931471805599453
vermouths,1,0.6931471805599453
verona,1,0.6931471805599453
verrons,1,0.6931471805599453
verse,1,0.6931471805599453
versed,1,0.6931471805599453
verses,1,0.6931471805599453
version,1,0.6931471805599453
versts,1,0.6931471805599453
vertu,1,0.6931471805599453
very,4,-0.2231435513142097
vessel,1,0.6931471805599453
vessels,1,0.6931471805599453
vestal,1,0.6931471805599453
vestas,1,0.6931471805599453
vestibule,1,0.6931471805599453
vestige,1,0.6931471805599453
vestry,1,0.6931471805599453
vevey,1,0.6931471805599453
vex,2,0.28768207245178085
vexation,2,0.28768207245178085
vexations,1,0.6931471805599453
vexatious,1,0.6931471805599453
vexed,2,0.28768207245178085
vexing,1,0.6931471805599453
vi,1,0.6931471805599453
via,1,0.6931471805599453
viazemskys,1,0.6931471805599453
vibrating,1,0.6931471805599453
vice,4,-0.2231435513142097
vicenza,1,0.6931471805599453
vices,1,0.6931471805599453
vicinity,1,0.6931471805599453
vicious,2,0.28768207245178085
victim,3,0.0
victims,1,0.6931471805599453
victor,1,0.6931471805599453
victoria,1,0.6931471805599453
victories,1,0.6931471805599453
victory,3,0.0
view,3,0.0
viewed,1,0.6931471805599453
viewing,1,0.6931471805599453
views,3,0.0
vigil,1,0.6931471805599453
vigilant,1,0.6931471805599453
vigorous,1,0.6931471805599453
vigorously,4,-0.2231435513142097
vigour,2,0.28768207245178085
vile,3,0.0
vileness,1,0.6931471805599453
viler,1,0.6931471805599453
vilest,1,0.6931471805599453
villa,3,0.0
village,4,-0.2231435513142097
villagers,2,0.28768207245178085
villages,3,0.0
villain,2,0.28768207245178085
villainous,1,0.6931471805599453
villains,1,0.6931471805599453
villainy,1,0.6931471805599453
villas,2,0.28768207245178085
vilna,1,0.6931471805599453
vin,1,0.6931471805599453
vincent,1,0.6931471805599453
vincenza,1,0.6931471805599453
vindication,1,0.6931471805599453
vindictive,1,0.6931471805599453
vindictively,1,0.6931471805599453
vine,1,0.6931471805599453
vines,1,0.6931471805599453
vineyards,1,0.6931471805599453
vingt,1,0.6931471805599453
violated,1,0.6931471805599453
violates,1,0.6931471805599453
violation,1,0.6931471805599453
violence,3,0.0
violent,4,-0.2231435513142097
violently,2,0.28768207245178085
violet,2,0.28768207245178085
violin,2,0.28768207245178085
virgin,2,0.28768207245178085
virgins,1,0.6931471805599453
virtue,3,0.0
virtues,2,0.28768207245178085
virtuous,1,0.6931471805599453
vis,1,0.6931471805599453
visa,1,0.6931471805599453
visas,1,0.6931471805599453
vise,1,0.6931471805599453
vishera,1,0.6931471805599453
visible,4,-0.2231435513142097
vision,1,0.6931471805599453
visions,1,0.6931471805599453
visit,4,-0.2231435513142097
visitations,1,0.6931471805599453
visited,4,-0.2231435513142097
visiting,4,-0.2231435513142097
visitor,4,-0.2231435513142097
visitors,3,0.0
visits,3,0.0
visor,1,0.6931471805599453
vital,2,0.28768207245178085
vito,1,0.6931471805599453
vitriol,1,0.6931471805599453
vittorio,1,0.6931471805599453
viva,1,0.6931471805599453
vivacity,1,0.6931471805599453
vive,2,0.28768207245178085
vivid,2,0.28768207245178085
vividly,1,0.6931471805599453
vividness,1,0.6931471805599453
vivisecting,1,0.6931471805599453
vocation,1,0.6931471805599453
vodka,1,0.6931471805599453
vogue,1,0.6931471805599453
voice,4,-0.2231435513142097
voices,2,0.28768207245178085
void,1,0.6931471805599453
voilà,1,0.6931471805599453
volatility,1,0.6931471805599453
volcanic,1,0.6931471805599453
volley,1,0.6931471805599453
volubility,1,0.6931471805599453
voluble,1,0.6931471805599453
volume,2,0.28768207245178085
volumes,1,0.6931471805599453
voluntarily,1,0.6931471805599453
voluntary,2,0.28768207245178085
volunteered,2,0.28768207245178085
voluptuous,1,0.6931471805599453
vomited,1,0.6931471805599453
von,1,0.6931471805599453
voraciously,1,0.6931471805599453
voskresensky,1,0.6931471805599453
vote,2,0.28768207245178085
voters,1,0.6931471805599453
vouch,1,0.6931471805599453
vouching,1,0.6931471805599453
vouchsafe,1,0.6931471805599453
vouchsafed,2,0.28768207245178085
vous,1,0.6931471805599453
vow,1,0.6931471805599453
vowed,1,0.6931471805599453
vows,2,0.28768207245178085
voznesensky,1,0.6931471805599453
vrazumihin,1,0.6931471805599453
vulgar,4,-0.2231435513142097
vulgarise,1,0.6931471805599453
vulgarity,2,0.28768207245178085
vulnerable,1,0.6931471805599453
vérité,1,0.6931471805599453
w,1,0.6931471805599453
wadded,1,0.6931471805599453
wadding,1,0.6931471805599453
waddling,1,0.6931471805599453
wade,1,0.6931471805599453
wading,1,0.6931471805599453
wager,1,0.6931471805599453
wages,1,0.6931471805599453
wagging,1,0.6931471805599453
waggled,1,0.6931471805599453
waggon,1,0.6931471805599453
wagners,1,0.6931471805599453
wagon,1,0.6931471805599453
wagons,2,0.28768207245178085
wail,1,0.6931471805599453
wailed,1,0.6931471805599453
wailing,1,0.6931471805599453
waist,2,0.28768207245178085
waistcoat,2,0.28768207245178085
waisted,1,0.6931471805599453
wait,4,-0.2231435513142097
waited,4,-0.2231435513142097
waiter,4,-0.2231435513142097
waiters,2,0.28768207245178085
waiting,4,-0.2231435513142097
waits,1,0.6931471805599453
waived,1,0.6931471805599453
wake,3,0.0
waked,2,0.28768207245178085
wakened,1,0.6931471805599453
waking,3,0.0
walk,4,-0.2231435513142097
walked,4,-0.2231435513142097
walker,2,0.28768207245178085
walkers,1,0.6931471805599453
walking,4,-0.2231435513142097
walks,4,-0.2231435513142097
wall,3,0.0
wallahs,1,0.6931471805599453
walled,1,0.6931471805599453
wallenstein,1,0.6931471805599453
wallet,1,0.6931471805599453
wallowed,1,0.6931471805599453
walls,3,0.0
walnut,1,0.6931471805599453
walsall,1,0.6931471805599453
walsingham,1,0.6931471805599453
wander,3,0.0
wandered,3,0.0
wanderers,1,0.6931471805599453
wandering,3,0.0
wanderings,1,0.6931471805599453
waned,1,0.6931471805599453
want,4,-0.2231435513142097
wanted,4,-0.2231435513142097
wanting,4,-0.2231435513142097
wantonly,1,0.6931471805599453
wantonness,1,0.6931471805599453
wants,4,-0.2231435513142097
war,3,0.0
warburtons,1,0.6931471805599453
ward,3,0.0
warded,1,0.6931471805599453
warder,1,0.6931471805599453
wardrobe,2,0.28768207245178085
warehouse,1,0.6931471805599453
warehouses,1,0.6931471805599453
wares,1,0.6931471805599453
warhorse,1,0.6931471805599453
warm,4,-0.2231435513142097
warmed,2,0.28768207245178085
warmer,1,0.6931471805599453
warmest,2,0.28768207245178085
warming,1,0.6931471805599453
warmly,3,0.0
warmth,3,0.0
warn,3,0.0
warned,3,0.0
warning,2,0.28768207245178085
warnings,1,0.6931471805599453
warrant,2,0.28768207245178085
warren,1,0.6931471805599453
wars,1,0.6931471805599453
warsaw,1,0.6931471805599453
warwick,1,0.6931471805599453
was,4,-0.2231435513142097
wash,3,0.0
washbowl,1,0.6931471805599453
washbowls,1,0.6931471805599453
washed,2,0.28768207245178085
washing,3,0.0
washstand,1,0.6931471805599453
wasnt,3,0.0
wasp,1,0.6931471805599453
waste,3,0.0
wasted,3,0.0
wasteful,1,0.6931471805599453
wastes,1,0.6931471805599453
wasting,2,0.28768207245178085
watch,4,-0.2231435513142097
watched,4,-0.2231435513142097
watches,1,0.6931471805599453
watchful,1,0.6931471805599453
watchfulness,1,0.6931471805599453
watching,4,-0.2231435513142097
watchman,1,0.6931471805599453
water,4,-0.2231435513142097
watered,1,0.6931471805599453
waterfall,1,0.6931471805599453
waterfront,1,0.6931471805599453
watering,2,0.28768207245178085
waterloo,2,0.28768207245178085
waterproof,1,0.6931471805599453
waters,2,0.28768207245178085
watery,1,0.6931471805599453
watson,1,0.6931471805599453
watsons,1,0.6931471805599453
wave,4,-0.2231435513142097
waved,3,0.0
wavered,1,0.6931471805599453
wavering,2,0.28768207245178085
waves,2,0.28768207245178085
waving,3,0.0
wax,3,0.0
waxed,2,0.28768207245178085
waxy,1,0.6931471805599453
way,4,-0.2231435513142097
waylaid,1,0.6931471805599453
ways,4,-0.2231435513142097
wayside,1,0.6931471805599453
wayward,1,0.6931471805599453
we,4,-0.2231435513142097
weak,4,-0.2231435513142097
weaken,1,0.6931471805599453
weakened,2,0.28768207245178085
weakening,1,0.6931471805599453
weaker,2,0.28768207245178085
weakest,1,0.6931471805599453
weakly,1,0.6931471805599453
weakness,4,-0.2231435513142097
weaknesses,3,0.0
wealth,4,-0.2231435513142097
wealthy,2,0.28768207245178085
weapon,2,0.28768207245178085
wear,4,-0.2231435513142097
wearer,1,0.6931471805599453
wearied,1,0.6931471805599453
wearily,1,0.6931471805599453
weariness,1,0.6931471805599453
wearing,3,0.0
wearisome,2,0.28768207245178085
wears,3,0.0
weary,3,0.0
weather,3,0.0
weave,2,0.28768207245178085
weaver,1,0.6931471805599453
weaving,1,0.6931471805599453
web,2,0.28768207245178085
webbs,1,0.6931471805599453
wed,2,0.28768207245178085
wedding,4,-0.2231435513142097
wedged,1,0.6931471805599453
wedgelike,1,0.6931471805599453
wedlock,2,0.28768207245178085
wednesday,2,0.28768207245178085
wee,1,0.6931471805599453
weed,1,0.6931471805599453
weedy,1,0.6931471805599453
week,4,-0.2231435513142097
weekly,2,0.28768207245178085
weeks,4,-0.2231435513142097
weep,2,0.28768207245178085
weeping,1,0.6931471805599453
weigh,3,0.0
weighed,3,0.0
weighing,2,0.28768207245178085
weighs,1,0.6931471805599453
weight,4,-0.2231435513142097
weighted,1,0.6931471805599453
weights,1,0.6931471805599453
weighty,2,0.28768207245178085
weird,1,0.6931471805599453
welcome,4,-0.2231435513142097
welcomed,2,0.28768207245178085
welcoming,2,0.28768207245178085
welfare,2,0.28768207245178085
well,4,-0.2231435513142097
wellington,1,0.6931471805599453
welted,1,0.6931471805599453
wench,1,0.6931471805599453
wenches,1,0.6931471805599453
wengen,1,0.6931471805599453
went,4,-0.2231435513142097
wept,1,0.6931471805599453
were,4,-0.2231435513142097
werent,2,0.28768207245178085
west,3,0.0
westaway,1,0.6931471805599453
westaways,1,0.6931471805599453
westbury,1,0.6931471805599453
westerham,1,0.6931471805599453
western,2,0.28768207245178085
westhouse,1,0.6931471805599453
westphail,1,0.6931471805599453
westward,1,0.6931471805599453
wet,4,-0.2231435513142097
wetted,1,0.6931471805599453
wetting,1,0.6931471805599453
weve,3,0.0
whacked,1,0.6931471805599453
whales,1,0.6931471805599453
wharf,1,0.6931471805599453
wharves,1,0.6931471805599453
what,4,-0.2231435513142097
whatever,4,-0.2231435513142097
whats,4,-0.2231435513142097
whatsoever,1,0.6931471805599453
wheal,1,0.6931471805599453
wheel,3,0.0
wheeled,3,0.0
wheeler,1,0.6931471805599453
wheels,3,0.0
when,4,-0.2231435513142097
whence,2,0.28768207245178085
whenever,4,-0.2231435513142097
whens,1,0.6931471805599453
where,4,-0.2231435513142097
whereabouts,2,0.28768207245178085
wheres,3,0.0
wherever,4,-0.2231435513142097
whether,4,-0.2231435513142097
which,4,-0.2231435513142097
whichever,1,0.6931471805599453
while,4,-0.2231435513142097
whilst,2,0.28768207245178085
whim,1,0.6931471805599453
whimper,1,0.6931471805599453
whimpering,1,0.6931471805599453
whims,3,0.0
whimsical,2,0.28768207245178085
whine,1,0.6931471805599453
whined,2,0.28768207245178085
whip,3,0.0
whipcord,1,0.6931471805599453
whipped,2,0.28768207245178085
whipping,1,0.6931471805599453
whips,1,0.6931471805599453
whirl,1,0.6931471805599453
whirled,1,0.6931471805599453
whirling,2,0.28768207245178085
whishing,2,0.28768207245178085
whisked,1,0.6931471805599453
whiskered,2,0.28768207245178085
whiskers,2,0.28768207245178085
whiskey,1,0.6931471805599453
whisky,1,0.6931471805599453
whisper,3,0.0
whispered,4,-0.2231435513142097
whispering,4,-0.2231435513142097
whispers,1,0.6931471805599453
whist,1,0.6931471805599453
whistle,2,0.28768207245178085
whistled,2,0.28768207245178085
whistles,1,0.6931471805599453
whistling,1,0.6931471805599453
white,4,-0.2231435513142097
whitely,1,0.6931471805599453
whiten,1,0.6931471805599453
whiter,1,0.6931471805599453
whites,1,0.6931471805599453
whitewashed,1,0.6931471805599453
whither,2,0.28768207245178085
whitish,1,0.6931471805599453
whitney,1,0.6931471805599453
whitneys,1,0.6931471805599453
whittington,1,0.6931471805599453
who,4,-0.2231435513142097
whoa,1,0.6931471805599453
whoever,2,0.28768207245178085
whole,4,-0.2231435513142097
wholesome,1,0.6931471805599453
wholl,1,0.6931471805599453
wholly,2,0.28768207245178085
whom,4,-0.2231435513142097
whore,1,0.6931471805599453
whorehound,1,0.6931471805599453
whorehouse,1,0.6931471805599453
whos,2,0.28768207245178085
whose,4,-0.2231435513142097
whoso,1,0.6931471805599453
whosoever,1,0.6931471805599453
whove,1,0.6931471805599453
why,4,-0.2231435513142097
wicked,2,0.28768207245178085
wickedest,1,0.6931471805599453
wickedness,2,0.28768207245178085
wicker,2,0.28768207245178085
wicket,1,0.6931471805599453
wickham,1,0.6931471805599453
wickhams,1,0.6931471805599453
wide,4,-0.2231435513142097
widely,1,0.6931471805599453
widened,2,0.28768207245178085
wider,2,0.28768207245178085
widespread,1,0.6931471805599453
widest,1,0.6931471805599453
widow,3,0.0
widower,2,0.28768207245178085
widows,1,0.6931471805599453
widths,1,0.6931471805599453
wife,4,-0.2231435513142097
wifes,3,0.0
wig,1,0.6931471805599453
wight,1,0.6931471805599453
wigmore,1,0.6931471805599453
wigs,1,0.6931471805599453
wild,4,-0.2231435513142097
wilderness,3,0.0
wildly,2,0.28768207245178085
wildness,1,0.6931471805599453
wiles,1,0.6931471805599453
wilful,2,0.28768207245178085
wilfully,1,0.6931471805599453
wilhelm,1,0.6931471805599453
will,4,-0.2231435513142097
willed,1,0.6931471805599453
william,2,0.28768207245178085
williams,1,0.6931471805599453
willing,3,0.0
willingly,2,0.28768207245178085
willingness,1,0.6931471805599453
willow,2,0.28768207245178085
willows,2,0.28768207245178085
willst,1,0.6931471805599453
wilson,2,0.28768207245178085
wilsons,1,0.6931471805599453
wilt,1,0.6931471805599453
wilton,1,0.6931471805599453
wily,1,0.6931471805599453
wimpole,1,0.6931471805599453
win,4,-0.2231435513142097
winced,2,0.28768207245178085
winchester,1,0.6931471805599453
wincing,1,0.6931471805599453
wind,4,-0.2231435513142097
winded,1,0.6931471805599453
windfall,1,0.6931471805599453
windibank,1,0.6931471805599453
windigate,1,0.6931471805599453
winding,4,-0.2231435513142097
windings,1,0.6931471805599453
window,4,-0.2231435513142097
windows,4,-0.2231435513142097
windowsill,1,0.6931471805599453
winds,1,0.6931471805599453
wine,4,-0.2231435513142097
winefully,1,0.6931471805599453
wineglassful,1,0.6931471805599453
wines,3,0.0
wing,1,0.6931471805599453
wings,1,0.6931471805599453
wingèd,1,0.6931471805599453
wink,3,0.0
winked,2,0.28768207245178085
winking,3,0.0
winner,1,0.6931471805599453
winners,1,0.6931471805599453
winning,1,0.6931471805599453
wins,1,0.6931471805599453
winter,4,-0.2231435513142097
wintry,2,0.28768207245178085
wipe,1,0.6931471805599453
wiped,2,0.28768207245178085
wiping,2,0.28768207245178085
wire,2,0.28768207245178085
wired,1,0.6931471805599453
wires,1,0.6931471805599453
wiring,1,0.6931471805599453
wiry,1,0.6931471805599453
wisconsin,1,0.6931471805599453
wisdom,3,0.0
wise,3,0.0
wisely,2,0.28768207245178085
wiser,4,-0.2231435513142097
wisest,1,0.6931471805599453
wish,4,-0.2231435513142097
wished,4,-0.2231435513142097
wisher,1,0.6931471805599453
wishes,4,-0.2231435513142097
wishing,3,0.0
wisp,1,0.6931471805599453
wistaria,1,0.6931471805599453
wit,3,0.0
witch,1,0.6931471805599453
with,4,-0.2231435513142097
withdraw,2,0.28768207245178085
withdrawing,2,0.28768207245178085
withdrawn,3,0.0
withdrew,2,0.28768207245178085
withered,1,0.6931471805599453
withheld,1,0.6931471805599453
within,4,-0.2231435513142097
without,4,-0.2231435513142097
withstood,1,0.6931471805599453
witness,3,0.0
witnessed,1,0.6931471805599453
witnesses,2,0.28768207245178085
witnessing,1,0.6931471805599453
wits,3,0.0
witted,2,0.28768207245178085
witticism,1,0.6931471805599453
witticisms,1,0.6931471805599453
wittier,1,0.6931471805599453
wittily,1,0.6931471805599453
witty,2,0.28768207245178085
wives,4,-0.2231435513142097
woe,1,0.6931471805599453
woes,1,0.6931471805599453
woke,3,0.0
woman,4,-0.2231435513142097
womanhood,1,0.6931471805599453
womanish,1,0.6931471805599453
womanly,2,0.28768207245178085
womans,3,0.0
women,4,-0.2231435513142097
womens,2,0.28768207245178085
won,4,-0.2231435513142097
wonder,4,-0.2231435513142097
wondered,4,-0.2231435513142097
wonderful,4,-0.2231435513142097
wonderfully,4,-0.2231435513142097
wondering,4,-0.2231435513142097
wonderingly,1,0.6931471805599453
wonders,2,0.28768207245178085
wont,4,-0.2231435513142097
wood,4,-0.2231435513142097
woodcock,2,0.28768207245178085
woodcutters,1,0.6931471805599453
wooded,2,0.28768207245178085
wooden,3,0.0
woods,3,0.0
woody,1,0.6931471805599453
wooing,1,0.6931471805599453
wool,1,0.6931471805599453
woollen,1,0.6931471805599453
woolworth,1,0.6931471805599453
wop,1,0.6931471805599453
word,4,-0.2231435513142097
words,4,-0.2231435513142097
wore,4,-0.2231435513142097
work,4,-0.2231435513142097
workbags,1,0.6931471805599453
worked,4,-0.2231435513142097
worker,1,0.6931471805599453
workers,1,0.6931471805599453
working,3,0.0
workman,1,0.6931471805599453
workmen,2,0.28768207245178085
workmens,1,0.6931471805599453
works,2,0.28768207245178085
workshop,1,0.6931471805599453
workshops,1,0.6931471805599453
world,4,-0.2231435513142097
worldly,2,0.28768207245178085
worlds,3,0.0
worm,2,0.28768207245178085
worms,1,0.6931471805599453
worn,4,-0.2231435513142097
worried,2,0.28768207245178085
worries,2,0.28768207245178085
worry,3,0.0
worrying,3,0.0
worse,4,-0.2231435513142097
worship,2,0.28768207245178085
worst,3,0.0
worth,4,-0.2231435513142097
worthless,3,0.0
worthlessness,1,0.6931471805599453
worthy,3,0.0
would,4,-0.2231435513142097
wouldest,1,0.6931471805599453
wouldnt,3,0.0
wound,4,-0.2231435513142097
wounded,4,-0.2231435513142097
wounding,1,0.6931471805599453
wounds,1,0.6931471805599453
woven,2,0.28768207245178085
wrack,1,0.6931471805599453
wrap,1,0.6931471805599453
wrapped,3,0.0
wrappers,1,0.6931471805599453
wrapping,2,0.28768207245178085
wraps,1,0.6931471805599453
wrath,1,0.6931471805599453
wrathful,1,0.6931471805599453
wrathfully,1,0.6931471805599453
wreath,2,0.28768207245178085
wreathed,1,0.6931471805599453
wreaths,2,0.28768207245178085
wreck,2,0.28768207245178085
wrecked,1,0.6931471805599453
wrenching,1,0.6931471805599453
wretch,2,0.28768207245178085
wretched,3,0.0
wretchedly,1,0.6931471805599453
wretchedness,2,0.28768207245178085
wretches,1,0.6931471805599453
wriggled,1,0.6931471805599453
wriggling,1,0.6931471805599453
wringing,1,0.6931471805599453
wrinkled,3,0.0
wrinkles,2,0.28768207245178085
wrist,2,0.28768207245178085
wrists,1,0.6931471805599453
writ,2,0.28768207245178085
write,4,-0.2231435513142097
writer,2,0.28768207245178085
writers,2,0.28768207245178085
writes,3,0.0
writhe,1,0.6931471805599453
writhed,1,0.6931471805599453
writhing,2,0.28768207245178085
writing,3,0.0
writings,1,0.6931471805599453
written,4,-0.2231435513142097
wrong,4,-0.2231435513142097
wrongdoing,1,0.6931471805599453
wronged,2,0.28768207245178085
wrongfully,1,0.6931471805599453
wrongly,1,0.6931471805599453
wrongs,1,0.6931471805599453
wrote,4,-0.2231435513142097
wrung,3,0.0
wäsche,1,0.6931471805599453
x,2,0.28768207245178085
y,1,0.6931471805599453
yard,3,0.0
yards,4,-0.2231435513142097
yawn,3,0.0
yawned,2,0.28768207245178085
yawning,3,0.0
ye,2,0.28768207245178085
yea,1,0.6931471805599453
year,4,-0.2231435513142097
years,4,-0.2231435513142097
yegorovna,1,0.6931471805599453
yell,1,0.6931471805599453
yelled,2,0.28768207245178085
yellow,3,0.0
yellowish,1,0.6931471805599453
yes,4,-0.2231435513142097
yesterday,4,-0.2231435513142097
yesterdays,2,0.28768207245178085
yet,4,-0.2231435513142097
yield,1,0.6931471805599453
yielded,2,0.28768207245178085
yielding,2,0.28768207245178085
yodelling,1,0.6931471805599453
yonder,2,0.28768207245178085
york,2,0.28768207245178085
you,4,-0.2231435513142097
youd,3,0.0
youll,4,-0.2231435513142097
young,4,-0.2231435513142097
younge,1,0.6931471805599453
younger,4,-0.2231435513142097
youngest,2,0.28768207245178085
youngster,2,0.28768207245178085
your,4,-0.2231435513142097
youre,3,0.0
yours,4,-0.2231435513142097
yourself,4,-0.2231435513142097
yourselves,3,0.0
youth,3,0.0
youthful,1,0.6931471805599453
youths,1,0.6931471805599453
youve,3,0.0
yushin,1,0.6931471805599453
yusupov,1,0.6931471805599453
zabaione,1,0.6931471805599453
zag,1,0.6931471805599453
zaharovitch,1,0.6931471805599453
zametov,1,0.6931471805599453
zametovs,1,0.6931471805599453
zaraïsk,1,0.6931471805599453
zaraïsky,1,0.6931471805599453
zarnitsyn,1,0.6931471805599453
zeal,1,0.6931471805599453
zealand,1,0.6931471805599453
zero,1,0.6931471805599453
zest,2,0.28768207245178085
zeus,1,0.6931471805599453
zig,1,0.6931471805599453
zigzag,1,0.6931471805599453
zigzags,1,0.6931471805599453
zimmermans,1,0.6931471805599453
zinc,1,0.6931471805599453
zona,1,0.6931471805599453
zone,1,0.6931471805599453
zossimov,1,0.6931471805599453
zurich,1,0.6931471805599453
à,2,0.28768207245178085
æsthetic,1,0.6931471805599453
æsthetically,1,0.6931471805599453
æsthetics,1,0.6931471805599453
ça,1,0.6931471805599453
éclat,1,0.6931471805599453
éternelle,1,0.6931471805599453
