word,cap,fta,prpr,sh
a,0.02245445904498731,0.020500652242364265,0.01598899118639625,0.025076638930672707
aback,1.9598044115197302e-05,0.0,0.0,0.0
abandon,1.4698533086397977e-05,0.0,0.0,0.0
abandoned,4.899511028799326e-05,6.747334802752913e-05,0.0,2.8561092176164816e-05
abandoning,4.8995110287993256e-06,0.0,0.0,0.0
abandons,0.0,0.0,0.0,9.520364058721605e-06
abasement,4.8995110287993256e-06,0.0,0.0,0.0
abatement,0.0,0.0,8.191081550407916e-06,0.0
abbastanza,0.0,1.1245558004588187e-05,0.0,0.0
abbots,0.0,0.0,0.0,9.520364058721605e-06
abdominal,0.0,1.1245558004588187e-05,0.0,0.0
aberdeen,0.0,0.0,0.0,1.904072811744321e-05
aberration,9.799022057598651e-06,0.0,0.0,0.0
abhorrence,0.0,0.0,4.91464893024475e-05,0.0
abhorrent,0.0,0.0,8.191081550407916e-06,9.520364058721605e-06
abide,0.0,0.0,8.191081550407916e-06,0.0
abiding,9.799022057598651e-06,0.0,8.191081550407916e-06,9.520364058721605e-06
abilities,0.0,0.0,4.91464893024475e-05,0.0
ability,9.799022057598651e-06,0.0,0.0,0.0
abject,4.8995110287993256e-06,0.0,0.0,0.0
abjectly,4.8995110287993256e-06,0.0,0.0,0.0
abjectness,4.8995110287993256e-06,0.0,0.0,0.0
abjure,4.8995110287993256e-06,0.0,0.0,9.520364058721605e-06
able,0.00022047799629596967,0.00014619225405964643,0.00044231840372202746,0.0002951312858203698
ablution,0.0,0.0,8.191081550407916e-06,0.0
abnegation,4.8995110287993256e-06,0.0,0.0,0.0
abnormal,1.9598044115197302e-05,0.0,0.0,9.520364058721605e-06
abnormality,4.8995110287993256e-06,0.0,0.0,0.0
abnormally,0.0,0.0,0.0,9.520364058721605e-06
aboard,0.0,1.1245558004588187e-05,0.0,0.0
abode,0.0,0.0,6.552865240326333e-05,9.520364058721605e-06
abolition,4.8995110287993256e-06,0.0,0.0,0.0
abominable,0.0,0.0,4.91464893024475e-05,9.520364058721605e-06
abominably,4.8995110287993256e-06,0.0,3.2764326201631665e-05,0.0
abominate,0.0,0.0,1.6382163100815833e-05,0.0
abomination,0.0,0.0,0.0,9.520364058721605e-06
abortions,4.8995110287993256e-06,0.0,0.0,0.0
abound,0.0,0.0,8.191081550407916e-06,9.520364058721605e-06
about,0.002586941823206044,0.002339076064954343,0.0010075030307001736,0.0015994211618652297
above,0.00014208581983518045,0.00029238450811929287,0.00017201271255856622,0.00025704982958548334
abraham,4.8995110287993256e-06,0.0,0.0,0.0
abroad,4.4095599259193934e-05,0.0,3.2764326201631665e-05,1.904072811744321e-05
abrupt,4.8995110287993256e-06,0.0,8.191081550407916e-06,9.520364058721605e-06
abruptly,7.349266543198989e-05,0.0,1.6382163100815833e-05,1.904072811744321e-05
abruptness,0.0,0.0,1.6382163100815833e-05,0.0
abruzzi,0.0,0.00011245558004588187,0.0,0.0
abscess,9.799022057598651e-06,0.0,0.0,0.0
absence,2.449755514399663e-05,0.0,0.00022115920186101373,3.808145623488642e-05
absent,3.429657720159528e-05,0.0,3.2764326201631665e-05,9.520364058721605e-06
absolute,9.799022057598651e-06,0.0,3.2764326201631665e-05,0.0001428054608808241
absolutely,8.329168748958855e-05,2.2491116009176375e-05,0.00014743946790734248,0.00025704982958548334
absolved,0.0,0.0,0.0,9.520364058721605e-06
absorb,0.0,0.0,0.0,9.520364058721605e-06
absorbed,3.9196088230394604e-05,0.0,0.0,9.520364058721605e-06
absorbing,0.0,0.0,0.0,9.520364058721605e-06
abstain,9.799022057598651e-06,0.0,0.0,0.0
abstract,1.4698533086397977e-05,1.1245558004588187e-05,0.0,0.0
abstracted,0.0,0.0,0.0,3.808145623488642e-05
absurd,8.329168748958855e-05,0.0,4.095540775203958e-05,3.808145623488642e-05
absurdities,0.0,0.0,1.6382163100815833e-05,0.0
absurdity,1.9598044115197302e-05,0.0,8.191081550407916e-06,0.0
absurdly,9.799022057598651e-06,0.0,0.0,1.904072811744321e-05
abundant,4.8995110287993256e-06,0.0,8.191081550407916e-06,0.0
abundantly,0.0,0.0,2.457324465122375e-05,0.0
abuse,4.899511028799326e-05,0.0,1.6382163100815833e-05,9.520364058721605e-06
abused,4.8995110287993256e-06,0.0,1.6382163100815833e-05,0.0
abusing,9.799022057598651e-06,0.0,2.457324465122375e-05,0.0
abusive,0.0,0.0,1.6382163100815833e-05,9.520364058721605e-06
abutted,0.0,0.0,0.0,1.904072811744321e-05
abyss,4.8995110287993256e-06,0.0,0.0,0.0
abyssinia,0.0,1.1245558004588187e-05,0.0,0.0
academy,4.8995110287993256e-06,0.0,0.0,0.0
accede,0.0,0.0,8.191081550407916e-06,0.0
acceded,0.0,0.0,8.191081550407916e-06,0.0
acceding,0.0,0.0,8.191081550407916e-06,0.0
accelerate,4.8995110287993256e-06,0.0,0.0,0.0
accent,4.8995110287993256e-06,2.2491116009176375e-05,3.2764326201631665e-05,1.904072811744321e-05
accents,0.0,0.0,1.6382163100815833e-05,0.0
accept,0.00010288973160478584,0.0,0.00013924838635693458,3.808145623488642e-05
acceptable,0.0,0.0,4.91464893024475e-05,0.0
acceptance,4.8995110287993256e-06,0.0,3.2764326201631665e-05,9.520364058721605e-06
accepted,9.799022057598651e-06,2.2491116009176375e-05,0.00013105730480652666,1.904072811744321e-05
accepting,0.0,0.0,3.2764326201631665e-05,0.0
accessory,0.0,0.0,0.0,9.520364058721605e-06
accident,4.899511028799326e-05,3.3736674013764564e-05,4.91464893024475e-05,4.760182029360803e-05
accidental,0.0,0.0,2.457324465122375e-05,9.520364058721605e-06
accidentally,2.449755514399663e-05,0.0,2.457324465122375e-05,0.0
accidents,0.0,0.0,0.0,9.520364058721605e-06
accommodate,0.0,0.0,0.0,9.520364058721605e-06
accommodating,9.799022057598651e-06,0.0,0.0,0.0
accompanied,3.9196088230394604e-05,1.1245558004588187e-05,4.91464893024475e-05,9.520364058721605e-06
accompaniment,4.8995110287993256e-06,0.0,0.0,0.0
accompany,0.0,0.0,2.457324465122375e-05,9.520364058721605e-06
accompanying,4.8995110287993256e-06,0.0,1.6382163100815833e-05,9.520364058721605e-06
accompli,0.0,0.0,0.0,9.520364058721605e-06
accomplice,4.8995110287993256e-06,0.0,0.0,9.520364058721605e-06
accomplices,0.0,0.0,0.0,9.520364058721605e-06
accomplish,0.0,0.0,0.0,9.520364058721605e-06
accomplished,4.8995110287993256e-06,0.0,9.8292978604895e-05,1.904072811744321e-05
accomplishment,0.0,0.0,2.457324465122375e-05,9.520364058721605e-06
accomplishments,0.0,0.0,4.095540775203958e-05,1.904072811744321e-05
accord,2.449755514399663e-05,0.0,0.0,0.0
accordance,9.799022057598651e-06,0.0,0.0,0.0
according,4.4095599259193934e-05,0.0,6.552865240326333e-05,1.904072811744321e-05
accordingly,0.0,0.0,4.91464893024475e-05,0.0
accosted,0.0,0.0,1.6382163100815833e-05,0.0
account,0.00019598044115197303,1.1245558004588187e-05,0.0003112610989155008,0.00019040728117443212
accountant,0.0,0.0,0.0,9.520364058721605e-06
accounted,4.8995110287993256e-06,1.1245558004588187e-05,1.6382163100815833e-05,0.0
accounting,0.0,0.0,2.457324465122375e-05,0.0
accounts,1.4698533086397977e-05,0.0,2.457324465122375e-05,2.8561092176164816e-05
accumulated,4.8995110287993256e-06,0.0,0.0,9.520364058721605e-06
accumulation,0.0,0.0,0.0,9.520364058721605e-06
accuracy,0.0,1.1245558004588187e-05,8.191081550407916e-06,0.0
accurate,0.0,0.0,8.191081550407916e-06,9.520364058721605e-06
accurately,4.8995110287993256e-06,0.0,0.0,9.520364058721605e-06
accursed,2.9397066172795955e-05,0.0,0.0,0.0
accusation,1.4698533086397977e-05,0.0,8.191081550407916e-06,0.0
accusations,9.799022057598651e-06,0.0,2.457324465122375e-05,0.0
accuse,1.9598044115197302e-05,0.0,3.2764326201631665e-05,0.0
accused,2.449755514399663e-05,0.0,1.6382163100815833e-05,3.808145623488642e-05
accuser,0.0,0.0,0.0,9.520364058721605e-06
accusing,4.8995110287993256e-06,0.0,8.191081550407916e-06,0.0
accustomed,2.449755514399663e-05,0.0,1.6382163100815833e-05,6.664254841105123e-05
acetones,0.0,0.0,0.0,9.520364058721605e-06
ach,0.00014698533086397977,0.0,0.0,0.0
ache,9.799022057598651e-06,1.1245558004588187e-05,0.0,0.0
ached,2.9397066172795955e-05,2.2491116009176375e-05,8.191081550407916e-06,0.0
aches,1.4698533086397977e-05,0.0,0.0,0.0
achieved,0.0,0.0,0.0,9.520364058721605e-06
achieving,0.0,0.0,8.191081550407916e-06,0.0
achilles,2.449755514399663e-05,0.0,0.0,0.0
aching,9.799022057598651e-06,0.0,0.0,0.0
acid,0.0,0.0,0.0,1.904072811744321e-05
acknowledge,9.799022057598651e-06,0.0,6.552865240326333e-05,9.520364058721605e-06
acknowledged,0.0,0.0,0.00016382163100815833,0.0
acknowledges,0.0,0.0,0.0,9.520364058721605e-06
acknowledging,0.0,0.0,8.191081550407916e-06,0.0
acknowledgment,0.0,0.0,2.457324465122375e-05,0.0
acknowledgments,4.8995110287993256e-06,0.0,1.6382163100815833e-05,0.0
acquaint,0.0,0.0,1.6382163100815833e-05,0.0
acquaintance,0.00010778924263358517,1.1245558004588187e-05,0.0005078470561252908,0.00010472400464593766
acquaintances,2.449755514399663e-05,0.0,8.191081550407916e-06,0.0
acquainted,9.799022057598651e-06,0.0,0.00019658595720979,0.0
acquainting,0.0,0.0,8.191081550407916e-06,0.0
acquiesce,4.8995110287993256e-06,0.0,8.191081550407916e-06,9.520364058721605e-06
acquiescence,0.0,0.0,1.6382163100815833e-05,0.0
acquire,0.0,0.0,8.191081550407916e-06,9.520364058721605e-06
acquired,9.799022057598651e-06,0.0,1.6382163100815833e-05,9.520364058721605e-06
acquirement,0.0,0.0,0.0,9.520364058721605e-06
acquirements,4.8995110287993256e-06,0.0,0.0,0.0
acquiring,9.799022057598651e-06,0.0,0.0,0.0
acquisition,0.0,0.0,8.191081550407916e-06,0.0
acquit,0.0,0.0,1.6382163100815833e-05,0.0
acquitted,4.8995110287993256e-06,0.0,0.0,9.520364058721605e-06
acres,0.0,0.0,0.0,1.904072811744321e-05
acrimony,0.0,0.0,8.191081550407916e-06,0.0
across,8.819119851838787e-05,0.0009333813143808196,4.91464893024475e-05,0.0003522534701726994
act,4.899511028799326e-05,3.3736674013764564e-05,7.371973395367124e-05,5.712218435232963e-05
acted,2.9397066172795955e-05,2.2491116009176375e-05,4.91464893024475e-05,5.712218435232963e-05
acting,9.799022057598651e-06,0.0,2.457324465122375e-05,3.808145623488642e-05
action,7.349266543198989e-05,3.3736674013764564e-05,8.191081550407916e-06,0.00011424436870465926
actionable,0.0,0.0,0.0,1.904072811744321e-05
actions,2.9397066172795955e-05,0.0,4.91464893024475e-05,3.808145623488642e-05
active,1.4698533086397977e-05,0.0,3.2764326201631665e-05,1.904072811744321e-05
actively,4.8995110287993256e-06,0.0,0.0,0.0
activity,1.4698533086397977e-05,0.0,3.2764326201631665e-05,9.520364058721605e-06
actor,0.0,0.0,0.0,1.904072811744321e-05
actors,4.8995110287993256e-06,0.0,0.0,0.0
actress,0.0,0.0,0.0,9.520364058721605e-06
acts,4.8995110287993256e-06,0.0,0.0,9.520364058721605e-06
actual,3.429657720159528e-05,1.1245558004588187e-05,4.095540775203958e-05,9.520364058721605e-06
actuality,4.8995110287993256e-06,0.0,0.0,0.0
actually,8.819119851838787e-05,0.0,9.8292978604895e-05,6.664254841105123e-05
actuated,0.0,0.0,8.191081550407916e-06,0.0
acute,1.4698533086397977e-05,0.0,1.6382163100815833e-05,2.8561092176164816e-05
acutely,4.8995110287993256e-06,0.0,3.2764326201631665e-05,0.0
acutest,0.0,0.0,8.191081550407916e-06,0.0
adams,0.0,1.1245558004588187e-05,0.0,0.0
adapt,0.0,0.0,0.0,9.520364058721605e-06
adaptable,9.799022057598651e-06,0.0,0.0,0.0
adapted,0.0,0.0,2.457324465122375e-05,9.520364058721605e-06
add,5.879413234559191e-05,0.0,9.8292978604895e-05,2.8561092176164816e-05
added,0.000421357948476742,1.1245558004588187e-05,0.000581566790078962,2.8561092176164816e-05
adder,0.0,0.0,0.0,9.520364058721605e-06
addicted,0.0,0.0,0.0,9.520364058721605e-06
adding,4.8995110287993256e-06,0.0,4.095540775203958e-05,9.520364058721605e-06
addition,4.8995110287993256e-06,0.0,6.552865240326333e-05,1.904072811744321e-05
additional,0.0,0.0,1.6382163100815833e-05,0.0
additions,4.8995110287993256e-06,0.0,8.191081550407916e-06,0.0
addled,4.8995110287993256e-06,0.0,0.0,0.0
address,0.00010778924263358517,6.747334802752913e-05,0.0001556305494577504,0.00023800910146804015
addressed,7.349266543198989e-05,0.0,0.00013924838635693458,1.904072811744321e-05
addresses,0.0,1.1245558004588187e-05,4.91464893024475e-05,0.0
addressing,0.0001665833749791771,0.0,2.457324465122375e-05,1.904072811744321e-05
adds,4.8995110287993256e-06,0.0,2.457324465122375e-05,9.520364058721605e-06
adept,0.0,0.0,8.191081550407916e-06,0.0
adequate,0.0,0.0,8.191081550407916e-06,0.0
adhered,4.8995110287993256e-06,0.0,8.191081550407916e-06,0.0
adheres,4.8995110287993256e-06,0.0,0.0,0.0
adhering,0.0,0.0,8.191081550407916e-06,0.0
adhesive,0.0,0.0,0.0,9.520364058721605e-06
adieu,4.8995110287993256e-06,0.0,4.095540775203958e-05,0.0
adieus,0.0,0.0,1.6382163100815833e-05,0.0
adjective,0.0,0.0,0.0,9.520364058721605e-06
adjoined,4.8995110287993256e-06,0.0,0.0,0.0
adjoining,9.799022057598651e-06,0.0,0.0,0.0
adjusted,0.0,0.0,0.0,1.904072811744321e-05
adjusting,0.0,0.0,8.191081550407916e-06,0.0
adjutant,0.0,4.498223201835275e-05,0.0,0.0
adler,0.0,0.0,0.0,0.00015232582493954569
administration,0.0,1.1245558004588187e-05,0.0,9.520364058721605e-06
administrative,9.799022057598651e-06,0.0,0.0,0.0
admirable,0.0,1.1245558004588187e-05,2.457324465122375e-05,2.8561092176164816e-05
admirably,0.0,0.0,0.0,3.808145623488642e-05
admiration,4.8995110287993256e-06,1.1245558004588187e-05,0.00020477703876019789,1.904072811744321e-05
admire,1.9598044115197302e-05,0.0,0.00014743946790734248,1.904072811744321e-05
admired,1.9598044115197302e-05,2.2491116009176375e-05,9.8292978604895e-05,0.0
admirer,0.0,0.0,2.457324465122375e-05,0.0
admirers,0.0,0.0,0.0,9.520364058721605e-06
admires,0.0,0.0,1.6382163100815833e-05,0.0
admiring,4.8995110287993256e-06,0.0,1.6382163100815833e-05,1.904072811744321e-05
admission,4.8995110287993256e-06,0.0,8.191081550407916e-06,0.0
admit,0.00014698533086397977,0.0,4.91464893024475e-05,1.904072811744321e-05
admittance,0.0,0.0,8.191081550407916e-06,0.0
admitted,4.4095599259193934e-05,1.1245558004588187e-05,7.371973395367124e-05,9.520364058721605e-06
admitting,1.4698533086397977e-05,0.0,8.191081550407916e-06,0.0
admonishes,4.8995110287993256e-06,0.0,0.0,0.0
admonishing,4.8995110287993256e-06,0.0,0.0,0.0
admonition,4.8995110287993256e-06,0.0,0.0,0.0
ado,0.0,0.0,0.0,9.520364058721605e-06
adopt,4.8995110287993256e-06,0.0,2.457324465122375e-05,0.0
adopted,4.8995110287993256e-06,0.0,8.191081550407916e-06,1.904072811744321e-05
adoration,0.0,0.0,8.191081550407916e-06,0.0
adores,4.8995110287993256e-06,0.0,0.0,0.0
adoring,1.4698533086397977e-05,0.0,0.0,0.0
adorned,4.8995110287993256e-06,0.0,2.457324465122375e-05,0.0
adornment,4.8995110287993256e-06,0.0,0.0,0.0
adrianople,4.8995110287993256e-06,0.0,0.0,0.0
adriatic,0.0,1.1245558004588187e-05,0.0,0.0
adrift,4.8995110287993256e-06,0.0,0.0,0.0
advance,4.4095599259193934e-05,4.498223201835275e-05,2.457324465122375e-05,5.712218435232963e-05
advanced,1.9598044115197302e-05,0.0,4.095540775203958e-05,1.904072811744321e-05
advancement,0.0,0.0,8.191081550407916e-06,0.0
advances,0.0,0.0,8.191081550407916e-06,0.0
advancing,0.0,1.1245558004588187e-05,0.0,9.520364058721605e-06
advantage,5.879413234559191e-05,1.1245558004588187e-05,0.00027849677271386917,5.712218435232963e-05
advantageous,4.8995110287993256e-06,0.0,1.6382163100815833e-05,0.0
advantageously,0.0,0.0,1.6382163100815833e-05,0.0
advantages,9.799022057598651e-06,0.0,6.552865240326333e-05,3.808145623488642e-05
adventure,9.799022057598651e-06,0.0,1.6382163100815833e-05,6.664254841105123e-05
adventures,4.8995110287993256e-06,2.2491116009176375e-05,0.0,4.760182029360803e-05
adventuress,0.0,0.0,0.0,9.520364058721605e-06
adventuresses,4.8995110287993256e-06,0.0,0.0,0.0
advertise,0.0,0.0,0.0,1.904072811744321e-05
advertised,0.0,0.0,8.191081550407916e-06,2.8561092176164816e-05
advertisement,0.0,0.0,0.0,0.00019040728117443212
advertisements,0.0,1.1245558004588187e-05,0.0,9.520364058721605e-06
advertising,4.8995110287993256e-06,0.0,0.0,1.904072811744321e-05
advice,3.429657720159528e-05,1.1245558004588187e-05,0.00013105730480652666,0.0001808869171157105
advisability,4.8995110287993256e-06,0.0,0.0,0.0
advisable,0.0,0.0,4.91464893024475e-05,0.0
advise,1.4698533086397977e-05,2.2491116009176375e-05,6.552865240326333e-05,6.664254841105123e-05
advised,0.0,1.1245558004588187e-05,2.457324465122375e-05,9.520364058721605e-06
adviser,0.0,0.0,0.0,1.904072811744321e-05
advising,0.0,0.0,8.191081550407916e-06,0.0
advocate,0.0,0.0,0.0,9.520364058721605e-06
advocating,4.8995110287993256e-06,0.0,0.0,0.0
afanasy,3.9196088230394604e-05,0.0,0.0,0.0
afanasyvitch,9.799022057598651e-06,0.0,0.0,0.0
afar,4.8995110287993256e-06,0.0,0.0,0.0
affability,0.0,0.0,3.2764326201631665e-05,0.0
affable,4.8995110287993256e-06,0.0,8.191081550407916e-06,0.0
affably,1.9598044115197302e-05,0.0,0.0,0.0
affair,5.879413234559191e-05,1.1245558004588187e-05,0.00014743946790734248,0.00013328509682210247
affaire,0.0,0.0,0.0,9.520364058721605e-06
affairs,5.389462131679259e-05,0.0,5.7337570852855414e-05,9.520364058721606e-05
affect,1.4698533086397977e-05,0.0,3.2764326201631665e-05,1.904072811744321e-05
affectation,9.799022057598651e-06,0.0,2.457324465122375e-05,9.520364058721605e-06
affected,3.9196088230394604e-05,0.0,0.00016382163100815833,1.904072811744321e-05
affecting,2.449755514399663e-05,0.0,0.0,9.520364058721605e-06
affection,9.799022057598651e-06,1.1245558004588187e-05,0.0004750827299236591,1.904072811744321e-05
affectionate,0.0,2.2491116009176375e-05,0.00013924838635693458,1.904072811744321e-05
affectionately,0.0,0.0,3.2764326201631665e-05,0.0
affections,0.0,0.0,3.2764326201631665e-05,9.520364058721605e-06
affinity,0.0,0.0,1.6382163100815833e-05,0.0
affirmative,0.0,0.0,1.6382163100815833e-05,0.0
afflicting,0.0,0.0,8.191081550407916e-06,0.0
affliction,0.0,0.0,8.191081550407916e-06,9.520364058721605e-06
afford,4.8995110287993256e-06,1.1245558004588187e-05,5.7337570852855414e-05,1.904072811744321e-05
afforded,4.8995110287993256e-06,0.0,4.095540775203958e-05,9.520364058721605e-06
affording,0.0,0.0,1.6382163100815833e-05,0.0
affords,0.0,0.0,8.191081550407916e-06,0.0
affront,9.799022057598651e-06,0.0,3.2764326201631665e-05,0.0
affronted,1.4698533086397977e-05,0.0,1.6382163100815833e-05,0.0
afghan,0.0,0.0,0.0,9.520364058721605e-06
afghanistan,0.0,0.0,0.0,9.520364058721605e-06
afraid,0.00044095599259193934,0.0005172956682110567,0.0003030700173650929,0.00019992764523315372
afresh,4.8995110287993256e-06,0.0,8.191081550407916e-06,0.0
africa,4.8995110287993256e-06,0.0,0.0,0.0
africana,0.0,1.1245558004588187e-05,0.0,0.0
afrosinya,4.8995110287993256e-06,0.0,0.0,0.0
after,0.0011072894925086476,0.0012932391705276416,0.001638216310081583,0.0009425160418134389
afternoon,1.4698533086397977e-05,0.00023615671809635195,2.457324465122375e-05,0.00016184618899826728
afternoons,0.0,3.3736674013764564e-05,0.0,0.0
afterward,0.0,0.0002698933921101165,0.0,0.0
afterwards,0.0002841716396703609,0.0,0.0002621146096130533,0.0001713665530569889
again,0.0020087995218077237,0.0012257658225001125,0.0014498214344222011,0.0006569051200517908
against,0.00037236283818874877,0.0004948045522018803,0.0004259362406212116,0.0004950589310535235
age,5.389462131679259e-05,4.498223201835275e-05,0.00012286622325611874,0.00013328509682210247
aged,4.8995110287993256e-06,1.1245558004588187e-05,0.0,3.808145623488642e-05
agency,0.0,0.0,0.0,3.808145623488642e-05
agent,0.0,0.0,0.0,7.616291246977284e-05
ages,4.8995110287993256e-06,0.0,0.0,0.0
aggrieved,2.449755514399663e-05,0.0,0.0,0.0
agitated,4.899511028799326e-05,0.0,3.2764326201631665e-05,1.904072811744321e-05
agitating,0.0,0.0,8.191081550407916e-06,0.0
agitation,3.429657720159528e-05,0.0,4.91464893024475e-05,4.760182029360803e-05
agitations,0.0,0.0,8.191081550407916e-06,0.0
agitators,4.8995110287993256e-06,1.1245558004588187e-05,0.0,0.0
aglow,4.8995110287993256e-06,0.0,0.0,0.0
ago,0.0003527647940735515,2.2491116009176375e-05,0.0002129681203106058,0.00026657019364420494
agonies,2.449755514399663e-05,0.0,8.191081550407916e-06,9.520364058721605e-06
agonised,4.8995110287993256e-06,0.0,0.0,0.0
agonising,5.389462131679259e-05,0.0,0.0,0.0
agonisingly,9.799022057598651e-06,0.0,0.0,0.0
agony,4.4095599259193934e-05,0.0,8.191081550407916e-06,2.8561092176164816e-05
agra,0.0,0.0,0.0,9.520364058721605e-06
agree,0.0001126887536623845,1.1245558004588187e-05,4.91464893024475e-05,1.904072811744321e-05
agreeable,4.4095599259193934e-05,0.0,0.0003685986697683562,0.0
agreeably,0.0,0.0,2.457324465122375e-05,0.0
agreed,5.879413234559191e-05,2.2491116009176375e-05,9.8292978604895e-05,0.0
agreeing,0.0,0.0,2.457324465122375e-05,0.0
agreement,1.4698533086397977e-05,0.0,2.457324465122375e-05,0.0
agrees,0.0,0.0,0.0,9.520364058721605e-06
agricultural,0.0,0.0,0.0,1.904072811744321e-05
ah,0.0004703530587647353,1.1245558004588187e-05,4.095540775203958e-05,0.00030465164987909137
aha,9.799022057598651e-06,0.0,0.0,0.0
ahead,9.799022057598651e-06,0.0005735234582339976,0.0,0.0
aid,4.8995110287993256e-06,1.1245558004588187e-05,8.191081550407916e-06,6.664254841105123e-05
aided,0.0,1.1245558004588187e-05,0.0,9.520364058721605e-06
aie,9.799022057598651e-06,0.0,0.0,0.0
ailing,4.8995110287993256e-06,0.0,0.0,0.0
aim,2.449755514399663e-05,0.0,0.0,0.0
aimed,2.449755514399663e-05,2.2491116009176375e-05,8.191081550407916e-06,0.0
aimlessly,2.449755514399663e-05,0.0,0.0,0.0
aims,1.9598044115197302e-05,0.0,0.0,0.0
aint,0.0,3.3736674013764564e-05,0.0,0.0
air,0.00023027701835356832,0.00014619225405964643,0.0002457324465122375,0.00025704982958548334
aircraft,0.0,1.1245558004588187e-05,0.0,0.0
airing,0.0,0.0,8.191081550407916e-06,0.0
airlessness,4.8995110287993256e-06,0.0,0.0,0.0
airplanes,0.0,2.2491116009176375e-05,0.0,0.0
airs,0.0,0.0,8.191081550407916e-06,0.0
aisle,0.0,1.1245558004588187e-05,0.0,9.520364058721605e-06
ajar,9.799022057598651e-06,0.0,0.0,9.520364058721605e-06
akimbo,0.0,0.0,0.0,9.520364058721605e-06
akin,4.8995110287993256e-06,0.0,0.0,2.8561092176164816e-05
alabaster,4.8995110287993256e-06,0.0,0.0,0.0
alacrity,0.0,0.0,4.095540775203958e-05,0.0
alarm,0.0001126887536623845,0.0,0.00011467514170571083,8.568327652849445e-05
alarmed,5.879413234559191e-05,0.0,6.552865240326333e-05,0.0
alarming,1.4698533086397977e-05,0.0,4.095540775203958e-05,0.0
alarms,0.0,0.0,8.191081550407916e-06,0.0
alas,4.8995110287993256e-06,0.0,1.6382163100815833e-05,2.8561092176164816e-05
albert,0.0,0.0,0.0,2.8561092176164816e-05
album,4.8995110287993256e-06,0.0,0.0,0.0
alcohol,4.8995110287993256e-06,1.1245558004588187e-05,0.0,0.0
alcoholism,0.0,2.2491116009176375e-05,0.0,0.0
aldersgate,0.0,0.0,0.0,9.520364058721605e-06
aldershot,0.0,0.0,0.0,9.520364058721605e-06
aldo,0.0,2.2491116009176375e-05,0.0,0.0
alert,0.0,0.0,0.0,9.520364058721605e-06
alexander,0.0,0.0,0.0,9.520364058721605e-06
alexandr,9.799022057598651e-06,0.0,0.0,0.0
alexandrovna,0.0005781423013983205,0.0,0.0,0.0
alexandrovnas,2.449755514399663e-05,0.0,0.0,0.0
alexey,4.8995110287993256e-06,0.0,0.0,0.0
algebra,4.8995110287993256e-06,0.0,0.0,0.0
alias,0.0,0.0,0.0,9.520364058721605e-06
alice,0.0,0.0,0.0,0.00010472400464593766
alices,0.0,0.0,0.0,9.520364058721605e-06
alicia,0.0,0.0,0.0,9.520364058721605e-06
alienated,0.0,0.0,8.191081550407916e-06,0.0
alighted,0.0,0.0,8.191081550407916e-06,0.0
alike,4.8995110287993256e-06,6.747334802752913e-05,1.6382163100815833e-05,9.520364058721605e-06
alive,5.879413234559191e-05,2.2491116009176375e-05,1.6382163100815833e-05,0.00011424436870465926
all,0.006384062870525522,0.005870181278395034,0.005127617050555355,0.0037319827110188692
allah,4.8995110287993256e-06,0.0,0.0,0.0
allayed,4.8995110287993256e-06,0.0,8.191081550407916e-06,0.0
alleging,0.0,0.0,0.0,9.520364058721605e-06
allegorical,4.8995110287993256e-06,0.0,0.0,0.0
allegro,0.0,0.0,0.0,1.904072811744321e-05
alleviate,0.0,0.0,8.191081550407916e-06,0.0
alleviated,0.0,0.0,8.191081550407916e-06,0.0
alley,4.8995110287993256e-06,0.0,0.0,1.904072811744321e-05
alleys,9.799022057598651e-06,0.0,0.0,9.520364058721605e-06
alleyway,0.0,1.1245558004588187e-05,0.0,0.0
alliance,0.0,0.0,2.457324465122375e-05,9.520364058721605e-06
allied,0.0,1.1245558004588187e-05,0.0,9.520364058721605e-06
allies,0.0,1.1245558004588187e-05,0.0,0.0
allow,0.00020087995218077235,0.0,0.0002539235280626454,6.664254841105123e-05
allowable,0.0,0.0,8.191081550407916e-06,0.0
allowance,0.0,0.0,1.6382163100815833e-05,2.8561092176164816e-05
allowances,0.0,0.0,8.191081550407916e-06,0.0
allowed,3.429657720159528e-05,2.2491116009176375e-05,0.0002129681203106058,8.568327652849445e-05
allowing,4.8995110287993256e-06,0.0,6.552865240326333e-05,9.520364058721605e-06
allows,0.0,0.0,0.0,9.520364058721605e-06
alls,4.8995110287993256e-06,0.0,0.0,0.0
allude,4.8995110287993256e-06,0.0,8.191081550407916e-06,9.520364058721605e-06
alluded,4.8995110287993256e-06,0.0,4.91464893024475e-05,9.520364058721605e-06
alluding,4.8995110287993256e-06,0.0,8.191081550407916e-06,0.0
allurement,4.8995110287993256e-06,0.0,0.0,0.0
allurements,0.0,0.0,8.191081550407916e-06,0.0
alluring,4.8995110287993256e-06,0.0,0.0,0.0
allusion,0.0,0.0,4.095540775203958e-05,3.808145623488642e-05
allusions,1.4698533086397977e-05,0.0,8.191081550407916e-06,9.520364058721605e-06
ally,0.0,1.1245558004588187e-05,0.0,9.520364058721605e-06
alma,4.8995110287993256e-06,0.0,0.0,0.0
almanac,0.0,1.1245558004588187e-05,0.0,0.0
almighty,4.8995110287993256e-06,0.0,0.0,0.0
almonds,0.0,2.2491116009176375e-05,0.0,0.0
almost,0.001053394871191855,0.00030363006612388105,0.000483273811474067,0.0001713665530569889
alms,9.799022057598651e-06,0.0,0.0,0.0
alone,0.00046545354773593593,0.0003711034141514102,0.0002457324465122375,0.00024752946552676175
along,0.00025967408452636426,0.0012707480545184652,8.191081550407916e-05,0.0001713665530569889
alongside,0.0,2.2491116009176375e-05,0.0,0.0
aloof,9.799022057598651e-06,0.0,1.6382163100815833e-05,0.0
aloud,0.00014208581983518045,0.0,9.010189705448707e-05,1.904072811744321e-05
aloysius,0.0,0.0,0.0,4.760182029360803e-05
alpha,0.0,0.0,0.0,6.664254841105123e-05
alpini,0.0,2.2491116009176375e-05,0.0,0.0
already,0.00046055403670713663,0.00013494669605505826,0.00022935028341142166,0.00044745711075991546
also,0.00017638239703677574,0.00012370113805047008,0.00027849677271386917,0.0004950589310535235
altar,0.0,0.0,8.191081550407916e-06,5.712218435232963e-05
altars,4.8995110287993256e-06,0.0,0.0,0.0
alter,4.8995110287993256e-06,0.0,8.191081550407916e-06,9.520364058721605e-06
alteration,0.0,0.0,5.7337570852855414e-05,0.0
alterations,0.0,0.0,8.191081550407916e-06,9.520364058721605e-06
altered,4.8995110287993256e-06,0.0,5.7337570852855414e-05,9.520364058721605e-06
alternate,0.0,0.0,8.191081550407916e-06,0.0
alternately,0.0,0.0,0.0,1.904072811744321e-05
alternating,4.8995110287993256e-06,0.0,0.0,9.520364058721605e-06
alternation,0.0,0.0,0.0,9.520364058721605e-06
alternative,0.0,0.0,2.457324465122375e-05,0.0
alternatives,9.799022057598651e-06,0.0,0.0,0.0
alters,4.8995110287993256e-06,0.0,0.0,0.0
although,0.0001322867977775818,8.99644640367055e-05,8.191081550407916e-06,9.520364058721606e-05
alto,0.0,1.1245558004588187e-05,0.0,0.0
altogether,0.00010778924263358517,1.1245558004588187e-05,6.552865240326333e-05,3.808145623488642e-05
always,0.000661433988887909,0.0008771535243578786,0.00098292978604895,0.0005521811154058532
alyona,7.839217646078921e-05,0.0,0.0,0.0
alyoshka,4.8995110287993256e-06,0.0,0.0,0.0
am,0.002675133021724432,0.0009333813143808196,0.0026047639330297172,0.001761267350863497
amalfi,0.0,3.3736674013764564e-05,0.0,0.0
amalgam,0.0,0.0,0.0,9.520364058721605e-06
amalgamated,4.8995110287993256e-06,0.0,0.0,0.0
amalia,0.0003331667499583542,0.0,0.0,0.0
amassed,4.8995110287993256e-06,0.0,0.0,0.0
amassing,9.799022057598651e-06,0.0,0.0,0.0
amateur,4.8995110287993256e-06,0.0,0.0,1.904072811744321e-05
amaze,4.8995110287993256e-06,0.0,8.191081550407916e-06,0.0
amazed,3.9196088230394604e-05,0.0,4.095540775203958e-05,0.0
amazement,5.389462131679259e-05,0.0,8.191081550407916e-05,9.520364058721605e-06
amazes,0.0,0.0,8.191081550407916e-06,0.0
amazing,4.8995110287993256e-06,0.0,1.6382163100815833e-05,9.520364058721605e-06
ambassador,0.0,1.1245558004588187e-05,0.0,0.0
ambiguous,1.9598044115197302e-05,0.0,0.0,0.0
ambition,0.0,0.0,8.191081550407916e-06,9.520364058721605e-06
ambitious,0.0,0.0,0.0,9.520364058721605e-06
ambulance,0.0,0.00024740227610094015,0.0,0.0
ambulances,0.0,8.99644640367055e-05,0.0,0.0
amendment,0.0,0.0,1.6382163100815833e-05,0.0
amends,0.0,0.0,4.095540775203958e-05,0.0
america,4.4095599259193934e-05,0.00013494669605505826,0.0,9.520364058721606e-05
american,9.799022057598651e-06,0.0004385767621789393,0.0,9.520364058721606e-05
americans,0.0,5.6227790022940935e-05,0.0,9.520364058721605e-06
amethyst,0.0,0.0,0.0,9.520364058721605e-06
ami,4.8995110287993256e-06,0.0,0.0,0.0
amiable,4.8995110287993256e-06,0.0,0.00029487893581468496,5.712218435232963e-05
amiably,9.799022057598651e-06,0.0,0.0,0.0
amid,4.8995110287993256e-06,0.0,8.191081550407916e-06,0.00013328509682210247
amidst,4.8995110287993256e-06,0.0,3.2764326201631665e-05,0.0
amiss,1.4698533086397977e-05,0.0,8.191081550407916e-06,1.904072811744321e-05
ammunition,0.0,1.1245558004588187e-05,0.0,0.0
among,0.00016168386395037774,1.1245558004588187e-05,0.00020477703876019789,0.0003332127420552562
amongst,1.9598044115197302e-05,0.0,9.8292978604895e-05,0.0
amorous,4.8995110287993256e-06,0.0,0.0,0.0
amount,2.449755514399663e-05,5.6227790022940935e-05,1.6382163100815833e-05,5.712218435232963e-05
amounting,4.8995110287993256e-06,0.0,8.191081550407916e-06,0.0
amounts,4.8995110287993256e-06,0.0,0.0,0.0
amoy,0.0,0.0,0.0,9.520364058721605e-06
amphitheatre,0.0,1.1245558004588187e-05,0.0,0.0
ample,0.0,0.0,1.6382163100815833e-05,1.904072811744321e-05
amplifying,0.0,0.0,0.0,9.520364058721605e-06
amply,4.8995110287993256e-06,0.0,1.6382163100815833e-05,9.520364058721605e-06
amputated,4.8995110287993256e-06,0.0,0.0,0.0
amuse,2.449755514399663e-05,0.0,4.095540775203958e-05,9.520364058721605e-06
amused,1.4698533086397977e-05,1.1245558004588187e-05,4.91464893024475e-05,1.904072811744321e-05
amusement,1.4698533086397977e-05,0.0,9.8292978604895e-05,1.904072811744321e-05
amusements,4.8995110287993256e-06,0.0,2.457324465122375e-05,0.0
amuses,4.8995110287993256e-06,0.0,0.0,0.0
amusing,9.799022057598651e-06,0.0,3.2764326201631665e-05,1.904072811744321e-05
an,0.002675133021724432,0.0018105348387386982,0.0029569804396972574,0.0031512405034368513
analyse,4.8995110287993256e-06,0.0,0.0,0.0
analysed,9.799022057598651e-06,0.0,0.0,0.0
analysis,9.799022057598651e-06,0.0,0.0,3.808145623488642e-05
analytical,0.0,0.0,0.0,1.904072811744321e-05
anarchist,0.0,4.498223201835275e-05,0.0,0.0
anarchists,0.0,2.2491116009176375e-05,0.0,0.0
anatomy,1.4698533086397977e-05,0.0,0.0,9.520364058721605e-06
ancestors,4.8995110287993256e-06,0.0,0.0,0.0
ancestral,0.0,0.0,0.0,9.520364058721605e-06
anchorage,4.8995110287993256e-06,0.0,0.0,0.0
anchovy,0.0,1.1245558004588187e-05,0.0,0.0
ancient,1.4698533086397977e-05,0.0,8.191081550407916e-06,9.520364058721605e-06
ancle,0.0,0.0,8.191081550407916e-06,0.0
ancles,0.0,0.0,1.6382163100815833e-05,0.0
ancona,0.0,1.1245558004588187e-05,0.0,0.0
and,0.033973209473694525,0.035648418874544556,0.029381409521313195,0.028722938365163084
anderson,0.0,0.0,0.0,9.520364058721605e-06
andiamo,0.0,1.1245558004588187e-05,0.0,0.0
andover,0.0,0.0,0.0,9.520364058721605e-06
andrey,0.00010288973160478584,0.0,0.0,0.0
anecdote,0.0,0.0,1.6382163100815833e-05,0.0
anecdotes,9.799022057598651e-06,0.0,8.191081550407916e-06,0.0
anew,4.8995110287993256e-06,0.0,8.191081550407916e-06,0.0
angel,3.429657720159528e-05,0.0,2.457324465122375e-05,0.00019040728117443212
angelic,0.0,0.0,8.191081550407916e-06,0.0
angels,0.0,0.0,0.0,9.520364058721605e-06
anger,9.799022057598651e-05,1.1245558004588187e-05,0.0001064840601553029,8.568327652849445e-05
angered,9.799022057598651e-06,0.0,0.0,0.0
angers,4.8995110287993256e-06,0.0,0.0,0.0
angle,1.4698533086397977e-05,2.2491116009176375e-05,0.0,6.664254841105123e-05
anglo,0.0,3.3736674013764564e-05,0.0,0.0
angrily,6.859315440319056e-05,0.0,8.191081550407916e-06,0.0
angry,0.00024007604041116696,8.99644640367055e-05,0.00013924838635693458,9.520364058721606e-05
anguish,9.799022057598651e-05,0.0,1.6382163100815833e-05,0.0
angular,9.799022057598651e-06,0.0,0.0,0.0
animal,1.4698533086397977e-05,0.0,8.191081550407916e-06,3.808145623488642e-05
animals,0.0,0.0,0.0,9.520364058721605e-06
animate,4.8995110287993256e-06,0.0,0.0,0.0
animated,1.4698533086397977e-05,0.0,2.457324465122375e-05,1.904072811744321e-05
animating,0.0,0.0,8.191081550407916e-06,0.0
animation,1.4698533086397977e-05,0.0,3.2764326201631665e-05,0.0
aniska,9.799022057598651e-06,0.0,0.0,0.0
ankles,0.0,0.0,0.0,9.520364058721605e-06
anna,4.8995110287993256e-06,0.0,0.0,0.0
anne,0.0,0.0,3.2764326201631665e-05,0.0
annes,0.0,0.0,8.191081550407916e-06,0.0
annesley,0.0,0.0,2.457324465122375e-05,0.0
annexed,0.0,0.0,8.191081550407916e-06,0.0
annihilate,4.8995110287993256e-06,0.0,0.0,0.0
annihilated,1.4698533086397977e-05,0.0,0.0,0.0
announce,0.0,0.0,3.2764326201631665e-05,1.904072811744321e-05
announced,1.9598044115197302e-05,0.0,2.457324465122375e-05,4.760182029360803e-05
announcement,0.0,0.0,0.0,2.8561092176164816e-05
announcing,4.8995110287993256e-06,0.0,0.0,0.0
annoy,1.4698533086397977e-05,0.0,0.0,0.0
annoyance,4.899511028799326e-05,0.0,0.0,2.8561092176164816e-05
annoyed,2.9397066172795955e-05,0.0,8.191081550407916e-06,1.904072811744321e-05
annoying,1.4698533086397977e-05,0.0,0.0,0.0
annoys,4.8995110287993256e-06,0.0,0.0,0.0
annual,0.0,0.0,8.191081550407916e-06,9.520364058721605e-06
annum,0.0,0.0,1.6382163100815833e-05,0.0
anoints,0.0,0.0,0.0,9.520364058721605e-06
another,0.0009652036726734671,0.000899644640367055,0.0004668916483732512,0.00039985529046630743
anothers,4.8995110287993256e-06,1.1245558004588187e-05,0.0,0.0
anstruther,0.0,0.0,0.0,9.520364058721605e-06
answer,0.00027437261761276225,6.747334802752913e-05,0.0005324203007765145,0.0001428054608808241
answerable,0.0,0.0,1.6382163100815833e-05,0.0
answered,0.0005487452352255245,2.2491116009176375e-05,0.00027849677271386917,0.0005331403872884099
answering,1.9598044115197302e-05,0.0,2.457324465122375e-05,3.808145623488642e-05
answers,1.9598044115197302e-05,0.0,8.191081550407916e-06,1.904072811744321e-05
ant,4.8995110287993256e-06,0.0,0.0,0.0
antagonist,0.0,0.0,8.191081550407916e-06,9.520364058721605e-06
antecedents,0.0,0.0,0.0,9.520364058721605e-06
antechamber,0.0,0.0,8.191081550407916e-06,0.0
anteroom,0.0,0.0,0.0,9.520364058721605e-06
anthony,0.0,5.6227790022940935e-05,0.0,0.0
anthonys,0.0,1.1245558004588187e-05,0.0,0.0
anti,0.0,3.3736674013764564e-05,0.0,0.0
anticipate,4.8995110287993256e-06,0.0,8.191081550407916e-06,0.0
anticipated,9.799022057598651e-06,0.0,3.2764326201631665e-05,0.0
anticipating,9.799022057598651e-06,0.0,1.6382163100815833e-05,0.0
anticipation,1.4698533086397977e-05,0.0,8.191081550407916e-06,0.0
anticipations,4.8995110287993256e-06,0.0,0.0,0.0
antics,0.0,0.0,0.0,9.520364058721605e-06
ants,0.0,4.498223201835275e-05,0.0,0.0
anxieties,1.4698533086397977e-05,0.0,0.0,0.0
anxiety,0.00013718630880638113,0.0,0.0001556305494577504,4.760182029360803e-05
anxious,0.00014698533086397977,4.498223201835275e-05,0.0002129681203106058,8.568327652849445e-05
anxiously,2.449755514399663e-05,0.0,1.6382163100815833e-05,9.520364058721605e-06
any,0.0006957305660895042,0.0018442715127524629,0.002203400937059729,0.0012186065995163655
anybody,1.4698533086397977e-05,0.00010121002204129369,0.00020477703876019789,9.520364058721605e-06
anybodys,0.0,0.0,1.6382163100815833e-05,0.0
anyhow,9.799022057598651e-06,1.1245558004588187e-05,8.191081550407916e-06,2.8561092176164816e-05
anyone,0.00032826723892955483,0.0,0.00018839487565938207,0.00022848873740931853
anyones,2.449755514399663e-05,0.0,0.0,0.0
anything,0.0007104290991759022,0.0011133102424542305,0.0006552865240326333,0.0004855385669948019
anyway,0.00017148288600797641,0.0002698933921101165,0.0,0.0
anywhere,2.9397066172795955e-05,5.6227790022940935e-05,8.191081550407916e-06,1.904072811744321e-05
anæmic,4.8995110287993256e-06,0.0,0.0,0.0
anæsthetic,0.0,3.3736674013764564e-05,0.0,0.0
anæsthetics,0.0,1.1245558004588187e-05,0.0,0.0
anæsthetized,0.0,1.1245558004588187e-05,0.0,0.0
aosta,0.0,1.1245558004588187e-05,0.0,0.0
apace,0.0,0.0,8.191081550407916e-06,0.0
apache,0.0,0.0,0.0,9.520364058721605e-06
apaches,0.0,0.0,0.0,9.520364058721605e-06
apart,4.899511028799326e-05,4.498223201835275e-05,0.0,1.904072811744321e-05
apartment,0.0,0.0,3.2764326201631665e-05,3.808145623488642e-05
apartments,4.8995110287993256e-06,0.0,1.6382163100815833e-05,0.0
apathy,1.4698533086397977e-05,0.0,0.0,0.0
ape,0.0,1.1245558004588187e-05,0.0,0.0
aperture,0.0,0.0,0.0,2.8561092176164816e-05
apiece,0.0,5.6227790022940935e-05,0.0,3.808145623488642e-05
apologetically,4.8995110287993256e-06,0.0,0.0,0.0
apologies,1.4698533086397977e-05,0.0,1.6382163100815833e-05,0.0
apologise,1.9598044115197302e-05,0.0,0.0,9.520364058721605e-06
apologised,9.799022057598651e-06,0.0,0.0,0.0
apologising,4.8995110287993256e-06,0.0,0.0,0.0
apologize,0.0,0.0,4.095540775203958e-05,0.0
apologized,0.0,0.0,1.6382163100815833e-05,0.0
apologizing,0.0,0.0,3.2764326201631665e-05,0.0
apology,0.0,0.0,6.552865240326333e-05,6.664254841105123e-05
apoplexy,4.8995110287993256e-06,0.0,0.0,0.0
apothecary,0.0,0.0,1.6382163100815833e-05,0.0
appalled,4.8995110287993256e-06,0.0,0.0,0.0
appallingly,4.8995110287993256e-06,0.0,0.0,0.0
apparel,0.0,0.0,8.191081550407916e-06,0.0
apparelled,0.0,0.0,0.0,9.520364058721605e-06
apparent,4.4095599259193934e-05,0.0,2.457324465122375e-05,9.520364058721605e-06
apparently,0.00013718630880638113,0.0,1.6382163100815833e-05,4.760182029360803e-05
apparition,0.0,0.0,0.0,9.520364058721605e-06
apparitions,4.8995110287993256e-06,0.0,0.0,0.0
appeal,3.429657720159528e-05,0.0,1.6382163100815833e-05,9.520364058721605e-06
appealed,4.8995110287993256e-06,0.0,0.0,0.0
appeals,0.0,0.0,8.191081550407916e-06,9.520364058721605e-06
appear,6.369364337439124e-05,0.0,0.0002457324465122375,7.616291246977284e-05
appearance,0.00013718630880638113,0.0,0.00027030569116346124,0.00015232582493954569
appearances,1.4698533086397977e-05,0.0,8.191081550407916e-06,0.0
appeared,0.00011758826469118382,0.0,0.0002621146096130533,0.00025704982958548334
appearing,0.0,0.0,4.91464893024475e-05,0.0
appears,4.8995110287993256e-06,0.0,2.457324465122375e-05,0.00016184618899826728
appease,0.0,0.0,8.191081550407916e-06,0.0
appeased,0.0,0.0,8.191081550407916e-06,0.0
appendix,0.0,1.1245558004588187e-05,0.0,0.0
appertain,0.0,0.0,8.191081550407916e-06,0.0
appetite,1.9598044115197302e-05,1.1245558004588187e-05,1.6382163100815833e-05,0.0
apple,0.0,4.498223201835275e-05,0.0,0.0
apples,0.0,2.2491116009176375e-05,0.0,0.0
applicant,0.0,0.0,0.0,9.520364058721605e-06
application,0.0,0.0,9.8292978604895e-05,0.0
applied,9.799022057598651e-06,0.0,9.8292978604895e-05,0.0
applies,0.0,0.0,8.191081550407916e-06,0.0
apply,4.8995110287993256e-06,0.0,2.457324465122375e-05,6.664254841105123e-05
applying,0.0,0.0,2.457324465122375e-05,1.904072811744321e-05
appointed,0.0,0.0,8.191081550407916e-06,0.0
appointment,0.0,0.0,8.191081550407916e-06,8.568327652849445e-05
appreciate,0.0,4.498223201835275e-05,0.0,0.0
appreciative,0.0,1.1245558004588187e-05,0.0,0.0
apprehended,0.0,0.0,8.191081550407916e-06,0.0
apprehending,0.0,0.0,8.191081550407916e-06,0.0
apprehension,9.799022057598651e-06,0.0,9.8292978604895e-05,0.0
apprehensions,4.8995110287993256e-06,0.0,1.6382163100815833e-05,0.0
apprehensive,0.0,0.0,8.191081550407916e-06,0.0
apprehensively,0.0,1.1245558004588187e-05,0.0,0.0
apprenticed,0.0,0.0,0.0,9.520364058721605e-06
approach,1.4698533086397977e-05,0.0,5.7337570852855414e-05,3.808145623488642e-05
approached,3.9196088230394604e-05,0.0,4.91464893024475e-05,6.664254841105123e-05
approaching,4.899511028799326e-05,0.0,9.8292978604895e-05,3.808145623488642e-05
approbation,0.0,0.0,5.7337570852855414e-05,0.0
appropriate,9.799022057598651e-06,0.0,0.0,9.520364058721605e-06
appropriately,4.8995110287993256e-06,0.0,0.0,0.0
approval,4.8995110287993256e-06,0.0,0.0,0.0
approve,4.8995110287993256e-06,0.0,4.095540775203958e-05,0.0
approved,4.8995110287993256e-06,0.0,2.457324465122375e-05,0.0
approvingly,4.8995110287993256e-06,0.0,0.0,9.520364058721605e-06
approximate,4.8995110287993256e-06,0.0,0.0,0.0
approximately,9.799022057598651e-06,0.0,0.0,0.0
april,0.0,0.0,8.191081550407916e-06,1.904072811744321e-05
apron,0.0,3.3736674013764564e-05,0.0,0.0
aproned,0.0,0.0,0.0,9.520364058721605e-06
apropos,2.9397066172795955e-05,0.0,0.0,0.0
apt,1.9598044115197302e-05,1.1245558004588187e-05,8.191081550407916e-06,9.520364058721605e-06
aptly,4.8995110287993256e-06,0.0,0.0,0.0
aquila,0.0,1.1245558004588187e-05,0.0,0.0
aquiline,0.0,0.0,0.0,1.904072811744321e-05
arabian,0.0,0.0,0.0,9.520364058721605e-06
arat,0.0,0.0,0.0,9.520364058721605e-06
arbiter,4.8995110287993256e-06,0.0,0.0,0.0
arbitrary,4.8995110287993256e-06,0.0,0.0,0.0
arc,0.0,0.0,0.0,9.520364058721605e-06
arcade,0.0,2.2491116009176375e-05,0.0,0.0
arch,0.0,1.1245558004588187e-05,8.191081550407916e-06,0.0
archbishop,0.0,1.1245558004588187e-05,8.191081550407916e-06,0.0
arched,4.8995110287993256e-06,2.2491116009176375e-05,0.0,0.0
archery,0.0,0.0,0.0,9.520364058721605e-06
archie,0.0,0.0,0.0,9.520364058721605e-06
architect,0.0,1.1245558004588187e-05,0.0,0.0
architects,0.0,0.0,0.0,9.520364058721605e-06
architecture,0.0,2.2491116009176375e-05,0.0,9.520364058721605e-06
archly,0.0,0.0,1.6382163100815833e-05,0.0
archness,0.0,0.0,8.191081550407916e-06,0.0
archway,0.0,4.498223201835275e-05,0.0,0.0
ardent,4.8995110287993256e-06,0.0,8.191081550407916e-06,0.0
ardently,0.0,0.0,1.6382163100815833e-05,0.0
ardour,4.8995110287993256e-06,0.0,0.0,0.0
arduous,0.0,0.0,0.0,9.520364058721605e-06
are,0.004154785352421828,0.003643560793486573,0.002793158808689099,0.0031893219596717376
area,0.0,1.1245558004588187e-05,0.0,9.520364058721605e-06
arent,5.879413234559191e-05,0.0002698933921101165,0.0,0.0
argue,4.8995110287993256e-06,1.1245558004588187e-05,0.0,9.520364058721605e-06
argued,4.8995110287993256e-06,2.2491116009176375e-05,8.191081550407916e-06,0.0
arguing,4.8995110287993256e-06,0.0,8.191081550407916e-06,0.0
argument,1.9598044115197302e-05,1.1245558004588187e-05,4.095540775203958e-05,1.904072811744321e-05
arguments,1.9598044115197302e-05,0.0,4.095540775203958e-05,9.520364058721605e-06
aright,0.0,0.0,0.0,9.520364058721605e-06
arise,1.4698533086397977e-05,0.0,5.7337570852855414e-05,9.520364058721605e-06
arisen,0.0,0.0,4.095540775203958e-05,0.0
arises,4.8995110287993256e-06,0.0,0.0,0.0
arising,0.0,0.0,4.095540775203958e-05,0.0
aristocratic,2.9397066172795955e-05,0.0,0.0,2.8561092176164816e-05
arithmetic,9.799022057598651e-06,0.0,0.0,0.0
arizona,0.0,0.0,0.0,9.520364058721605e-06
ark,4.8995110287993256e-06,0.0,0.0,0.0
arkady,5.389462131679259e-05,0.0,0.0,0.0
arm,0.00010778924263358517,0.00032612118213305746,3.2764326201631665e-05,0.00010472400464593766
armchair,0.0,0.0,0.0,0.0001428054608808241
armchairs,0.0,0.0,0.0,9.520364058721605e-06
armed,4.8995110287993256e-06,1.1245558004588187e-05,0.0,1.904072811744321e-05
armhole,9.799022057598651e-06,0.0,0.0,0.0
armies,9.799022057598651e-06,2.2491116009176375e-05,0.0,0.0
armitage,0.0,0.0,0.0,2.8561092176164816e-05
armoire,0.0,7.871890603211732e-05,0.0,0.0
armorers,0.0,1.1245558004588187e-05,0.0,0.0
armour,0.0,0.0,0.0,9.520364058721605e-06
arms,0.00017638239703677574,0.00013494669605505826,0.0,0.00015232582493954569
army,1.4698533086397977e-05,0.000359857856146822,2.457324465122375e-05,1.904072811744321e-05
arnsworth,0.0,0.0,0.0,9.520364058721605e-06
arose,1.4698533086397977e-05,0.0,4.095540775203958e-05,0.0
around,2.9397066172795955e-05,0.0008209257343349377,1.6382163100815833e-05,2.8561092176164816e-05
arouse,4.8995110287993256e-06,0.0,0.0,0.0
aroused,2.449755514399663e-05,0.0,0.0,2.8561092176164816e-05
arrange,2.9397066172795955e-05,1.1245558004588187e-05,8.191081550407916e-06,9.520364058721605e-06
arranged,4.4095599259193934e-05,3.3736674013764564e-05,1.6382163100815833e-05,4.760182029360803e-05
arrangement,1.4698533086397977e-05,0.0,6.552865240326333e-05,0.0
arrangements,3.9196088230394604e-05,0.0,8.191081550407916e-06,2.8561092176164816e-05
arranges,0.0,0.0,8.191081550407916e-06,0.0
arranging,0.0,0.0,1.6382163100815833e-05,0.0
array,0.0,0.0,0.0,9.520364058721605e-06
arrear,0.0,0.0,8.191081550407916e-06,0.0
arrest,5.879413234559191e-05,0.00013494669605505826,0.0,4.760182029360803e-05
arrested,2.449755514399663e-05,7.871890603211732e-05,1.6382163100815833e-05,8.568327652849445e-05
arresting,0.0,0.0,0.0,9.520364058721605e-06
arrival,4.4095599259193934e-05,0.0,0.00023754136496182955,1.904072811744321e-05
arrivals,4.8995110287993256e-06,0.0,0.0,0.0
arrive,9.799022057598651e-06,1.1245558004588187e-05,1.6382163100815833e-05,1.904072811744321e-05
arrived,6.859315440319056e-05,2.2491116009176375e-05,0.00012286622325611874,0.00015232582493954569
arriving,9.799022057598651e-06,0.0,8.191081550407916e-06,0.0
arrogance,4.8995110287993256e-06,0.0,8.191081550407916e-06,0.0
arrogant,4.8995110287993256e-06,0.0,8.191081550407916e-06,0.0
arrow,9.799022057598651e-06,0.0,0.0,0.0
arrows,0.0,0.0,0.0,9.520364058721605e-06
arson,4.8995110287993256e-06,0.0,0.0,0.0
art,1.9598044115197302e-05,3.3736674013764564e-05,2.457324465122375e-05,4.760182029360803e-05
arteries,0.0,0.0,0.0,9.520364058721605e-06
artful,0.0,0.0,8.191081550407916e-06,0.0
artfully,9.799022057598651e-06,0.0,8.191081550407916e-06,0.0
arthur,0.0,0.0,0.0,0.00016184618899826728
arthurs,0.0,0.0,0.0,2.8561092176164816e-05
article,0.00017148288600797641,1.1245558004588187e-05,2.457324465122375e-05,3.808145623488642e-05
articles,1.9598044115197302e-05,0.0,1.6382163100815833e-05,3.808145623488642e-05
articulate,9.799022057598651e-06,0.0,0.0,0.0
articulated,4.899511028799326e-05,0.0,0.0,0.0
articulately,4.8995110287993256e-06,0.0,0.0,0.0
articulating,9.799022057598651e-06,0.0,0.0,0.0
articulation,0.0,4.498223201835275e-05,0.0,0.0
artificial,9.799022057598651e-06,0.0,8.191081550407916e-06,9.520364058721605e-06
artillery,0.0,7.871890603211732e-05,0.0,9.520364058721605e-06
artisan,9.799022057598651e-06,0.0,0.0,0.0
artist,1.4698533086397977e-05,0.0,0.0,9.520364058721605e-06
artistic,0.0,0.0,0.0,1.904072811744321e-05
artistically,4.8995110287993256e-06,0.0,0.0,0.0
arts,0.0,0.0,3.2764326201631665e-05,0.0
as,0.005879413234559191,0.002575232783050695,0.00970643163723338,0.008092309449913364
ascend,0.0,0.0,0.0,1.904072811744321e-05
ascended,0.0,0.0,2.457324465122375e-05,2.8561092176164816e-05
ascending,9.799022057598651e-06,0.0,0.0,0.0
ascent,4.8995110287993256e-06,0.0,0.0,0.0
ascertain,1.4698533086397977e-05,0.0,1.6382163100815833e-05,9.520364058721605e-06
ascertained,0.0,0.0,0.0,9.520364058721605e-06
ascertaining,4.8995110287993256e-06,0.0,8.191081550407916e-06,2.8561092176164816e-05
ascetic,4.8995110287993256e-06,0.0,0.0,0.0
asciutta,0.0,2.2491116009176375e-05,0.0,0.0
ascribed,1.9598044115197302e-05,0.0,0.0,0.0
ash,9.799022057598651e-06,0.0,0.0,1.904072811744321e-05
ashamed,0.00018618141909437438,4.498223201835275e-05,0.00013105730480652666,4.760182029360803e-05
ashamedly,0.0,1.1245558004588187e-05,0.0,0.0
ashen,0.0,0.0,0.0,1.904072811744321e-05
ashes,1.4698533086397977e-05,3.3736674013764564e-05,0.0,3.808145623488642e-05
ashore,0.0,2.2491116009176375e-05,0.0,0.0
ashworth,0.0,0.0,8.191081550407916e-06,0.0
asia,9.799022057598651e-06,0.0,0.0,0.0
aside,6.369364337439124e-05,1.1245558004588187e-05,3.2764326201631665e-05,6.664254841105123e-05
ask,0.0004801520808223339,0.00023615671809635195,0.0002621146096130533,0.0003332127420552562
askance,1.4698533086397977e-05,0.0,0.0,9.520364058721605e-06
asked,0.000916208562385474,0.0017205703747019928,0.00032764326201631665,0.0008377920371675012
askew,4.8995110287993256e-06,0.0,0.0,0.0
asking,0.00015678435292157842,6.747334802752913e-05,0.00011467514170571083,5.712218435232963e-05
asks,2.449755514399663e-05,0.0,0.0,9.520364058721605e-06
aslant,4.8995110287993256e-06,0.0,0.0,0.0
asleep,0.0001665833749791771,0.000179928928073411,8.191081550407916e-06,4.760182029360803e-05
asparagus,4.8995110287993256e-06,0.0,0.0,0.0
aspect,9.799022057598651e-06,1.1245558004588187e-05,4.91464893024475e-05,1.904072811744321e-05
aspects,4.8995110287993256e-06,0.0,0.0,0.0
asperity,0.0,0.0,8.191081550407916e-06,0.0
aspirations,4.8995110287993256e-06,0.0,0.0,0.0
aspire,0.0,0.0,8.191081550407916e-06,0.0
aspired,0.0,0.0,0.0,9.520364058721605e-06
aspirin,0.0,1.1245558004588187e-05,0.0,0.0
ass,2.9397066172795955e-05,0.0,0.0,0.0
assailant,9.799022057598651e-06,0.0,0.0,0.0
assailants,0.0,0.0,0.0,9.520364058721605e-06
assault,4.8995110287993256e-06,0.0,0.0,9.520364058721605e-06
assaulted,0.0,0.0,0.0,9.520364058721605e-06
assaults,4.8995110287993256e-06,0.0,0.0,0.0
assembled,4.8995110287993256e-06,0.0,4.91464893024475e-05,9.520364058721605e-06
assemblies,0.0,0.0,1.6382163100815833e-05,0.0
assembly,0.0,0.0,7.371973395367124e-05,0.0
assent,0.0,0.0,8.191081550407916e-06,0.0
assented,2.449755514399663e-05,0.0,1.6382163100815833e-05,0.0
assents,0.0,0.0,8.191081550407916e-06,0.0
assert,4.8995110287993256e-06,0.0,4.095540775203958e-05,9.520364058721605e-06
asserted,4.8995110287993256e-06,0.0,8.191081550407916e-06,9.520364058721605e-06
asserting,0.0,0.0,8.191081550407916e-06,0.0
assertion,0.0,0.0,2.457324465122375e-05,9.520364058721605e-06
assertions,0.0,0.0,2.457324465122375e-05,0.0
assessor,4.8995110287993256e-06,0.0,0.0,0.0
asset,4.8995110287993256e-06,0.0,0.0,0.0
assets,4.8995110287993256e-06,0.0,0.0,0.0
assez,9.799022057598651e-06,0.0,0.0,0.0
assiduous,0.0,0.0,8.191081550407916e-06,0.0
assiduously,0.0,0.0,8.191081550407916e-06,0.0
assigned,4.8995110287993256e-06,0.0,0.0,0.0
assist,3.429657720159528e-05,0.0,5.7337570852855414e-05,1.904072811744321e-05
assistance,3.9196088230394604e-05,0.0,0.0001064840601553029,9.520364058721606e-05
assistant,6.369364337439124e-05,0.0,8.191081550407916e-06,0.00013328509682210247
assistants,0.0,0.0,0.0,1.904072811744321e-05
assisted,0.0,0.0,3.2764326201631665e-05,9.520364058721605e-06
assisting,4.8995110287993256e-06,0.0,1.6382163100815833e-05,1.904072811744321e-05
assizes,0.0,0.0,0.0,6.664254841105123e-05
associate,9.799022057598651e-06,0.0,0.0,3.808145623488642e-05
associated,9.799022057598651e-06,0.0,0.0,3.808145623488642e-05
associating,0.0,0.0,8.191081550407916e-06,0.0
association,0.0,0.0,0.0,9.520364058721605e-06
associations,4.8995110287993256e-06,0.0,0.0,0.0
assume,1.9598044115197302e-05,0.0,2.457324465122375e-05,1.904072811744321e-05
assumed,2.449755514399663e-05,0.0,8.191081550407916e-06,1.904072811744321e-05
assumes,4.8995110287993256e-06,0.0,0.0,0.0
assuming,1.4698533086397977e-05,1.1245558004588187e-05,0.0,0.0
assumption,4.8995110287993256e-06,0.0,0.0,0.0
assurance,0.0,0.0,0.00011467514170571083,9.520364058721605e-06
assurances,0.0,0.0,7.371973395367124e-05,0.0
assure,0.00014698533086397977,0.0,0.0003194521804659087,6.664254841105123e-05
assured,3.429657720159528e-05,1.1245558004588187e-05,0.00022935028341142166,4.760182029360803e-05
assuredly,0.0,0.0,0.0,9.520364058721605e-06
assures,0.0,0.0,0.0,9.520364058721605e-06
assuring,4.8995110287993256e-06,0.0,3.2764326201631665e-05,9.520364058721605e-06
astern,0.0,1.1245558004588187e-05,0.0,0.0
asti,0.0,1.1245558004588187e-05,0.0,0.0
astir,0.0,0.0,0.0,9.520364058721605e-06
astonish,0.0,0.0,1.6382163100815833e-05,0.0
astonished,3.9196088230394604e-05,0.0,0.00011467514170571083,1.904072811744321e-05
astonishing,1.4698533086397977e-05,0.0,0.0,0.0
astonishment,4.4095599259193934e-05,0.0,0.0002457324465122375,9.520364058721606e-05
astounded,9.799022057598651e-06,0.0,0.0,0.0
astra,0.0,1.1245558004588187e-05,0.0,0.0
astrakhan,0.0,0.0,0.0,9.520364058721605e-06
astride,0.0,2.2491116009176375e-05,0.0,0.0
astronomy,0.0,0.0,0.0,9.520364058721605e-06
astute,4.8995110287993256e-06,0.0,0.0,9.520364058721605e-06
astuteness,0.0,0.0,0.0,9.520364058721605e-06
asylum,4.8995110287993256e-06,0.0,0.0,9.520364058721605e-06
asylums,4.8995110287993256e-06,0.0,0.0,0.0
at,0.01011259076344181,0.005634024560298682,0.0064218079355198064,0.007321159961156914
ate,2.9397066172795955e-05,0.00025864783410552833,2.457324465122375e-05,1.904072811744321e-05
atheist,0.0,1.1245558004588187e-05,0.0,0.0
atheists,4.8995110287993256e-06,1.1245558004588187e-05,0.0,0.0
atkinson,0.0,0.0,0.0,9.520364058721605e-06
atlantic,0.0,0.0,0.0,1.904072811744321e-05
atmosphere,2.449755514399663e-05,0.0,0.0,9.520364058721605e-06
atone,4.8995110287993256e-06,0.0,1.6382163100815833e-05,9.520364058721605e-06
atoned,0.0,0.0,8.191081550407916e-06,0.0
atonement,4.8995110287993256e-06,0.0,1.6382163100815833e-05,0.0
atrocious,9.799022057598651e-06,0.0,0.0,0.0
attach,4.8995110287993256e-06,0.0,2.457324465122375e-05,0.0
attached,4.8995110287993256e-06,1.1245558004588187e-05,9.010189705448707e-05,1.904072811744321e-05
attachment,0.0,0.0,0.00022115920186101373,0.0
attachments,0.0,0.0,8.191081550407916e-06,0.0
attack,2.449755514399663e-05,0.00038234897215599835,3.2764326201631665e-05,9.520364058721605e-06
attacked,2.449755514399663e-05,0.0,8.191081550407916e-06,2.8561092176164816e-05
attacking,2.9397066172795955e-05,2.2491116009176375e-05,0.0,0.0
attacks,1.4698533086397977e-05,0.0,2.457324465122375e-05,0.0
attain,1.4698533086397977e-05,0.0,0.0,1.904072811744321e-05
attained,4.8995110287993256e-06,0.0,8.191081550407916e-06,9.520364058721605e-06
attainments,0.0,0.0,0.0,9.520364058721605e-06
attempt,5.389462131679259e-05,0.0,0.00018020379410897414,9.520364058721606e-05
attempted,1.9598044115197302e-05,0.0,4.095540775203958e-05,2.8561092176164816e-05
attempting,1.4698533086397977e-05,0.0,3.2764326201631665e-05,9.520364058721605e-06
attempts,0.0,0.0,0.0,4.760182029360803e-05
attend,1.9598044115197302e-05,0.0,4.095540775203958e-05,2.8561092176164816e-05
attendance,4.8995110287993256e-06,1.1245558004588187e-05,3.2764326201631665e-05,0.0
attendant,1.4698533086397977e-05,0.0,8.191081550407916e-06,2.8561092176164816e-05
attendants,0.0,0.0,8.191081550407916e-06,0.0
attended,4.8995110287993256e-06,0.0,0.00019658595720979,9.520364058721605e-06
attending,1.9598044115197302e-05,0.0,7.371973395367124e-05,0.0
attends,4.8995110287993256e-06,0.0,0.0,0.0
attention,0.00017148288600797641,3.3736674013764564e-05,0.0005733757085285541,0.00022848873740931853
attentions,4.8995110287993256e-06,0.0,0.0002129681203106058,2.8561092176164816e-05
attentive,1.4698533086397977e-05,0.0,8.191081550407916e-05,0.0
attentively,9.799022057598651e-05,0.0,2.457324465122375e-05,0.0
attested,4.8995110287993256e-06,0.0,0.0,0.0
attic,9.799022057598651e-06,0.0,0.0,3.808145623488642e-05
attica,0.0,0.0,0.0,9.520364058721605e-06
attics,0.0,0.0,8.191081550407916e-06,9.520364058721605e-06
attire,2.449755514399663e-05,0.0,0.0,0.0
attired,0.0,0.0,0.0,9.520364058721605e-06
attitude,2.449755514399663e-05,1.1245558004588187e-05,8.191081550407916e-06,1.904072811744321e-05
attorney,4.8995110287993256e-06,0.0,2.457324465122375e-05,0.0
attract,1.4698533086397977e-05,1.1245558004588187e-05,0.0,9.520364058721605e-06
attracted,4.4095599259193934e-05,0.0,2.457324465122375e-05,4.760182029360803e-05
attracting,9.799022057598651e-06,1.1245558004588187e-05,0.0,0.0
attraction,9.799022057598651e-06,0.0,1.6382163100815833e-05,0.0
attractions,9.799022057598651e-06,0.0,4.095540775203958e-05,9.520364058721605e-06
attractive,1.9598044115197302e-05,4.498223201835275e-05,0.0,0.0
attribute,4.8995110287993256e-06,0.0,3.2764326201631665e-05,0.0
attributed,1.4698533086397977e-05,0.0,4.095540775203958e-05,0.0
attributing,0.0,0.0,8.191081550407916e-06,0.0
auckland,0.0,0.0,0.0,9.520364058721605e-06
audible,1.4698533086397977e-05,0.0,8.191081550407916e-06,9.520364058721605e-06
audibly,1.9598044115197302e-05,0.0,0.0,0.0
audience,9.799022057598651e-06,0.0,1.6382163100815833e-05,0.0
augen,4.8995110287993256e-06,0.0,0.0,0.0
aught,0.0,0.0,8.191081550407916e-06,0.0
augment,0.0,0.0,8.191081550407916e-06,0.0
augmented,0.0,0.0,8.191081550407916e-06,0.0
august,0.0,1.1245558004588187e-05,8.191081550407916e-06,9.520364058721605e-06
augustine,0.0,0.0,0.0,9.520364058721605e-06
aunt,9.799022057598651e-06,0.0,0.0006307132793814095,1.904072811744321e-05
aunts,0.0,0.0,5.7337570852855414e-05,9.520364058721605e-06
aureole,4.8995110287993256e-06,0.0,0.0,0.0
aus,1.4698533086397977e-05,0.0,0.0,0.0
austerity,0.0,0.0,8.191081550407916e-06,0.0
australia,0.0,0.0,0.0,1.904072811744321e-05
australian,0.0,0.0,0.0,2.8561092176164816e-05
australians,0.0,0.0,0.0,9.520364058721605e-06
austria,0.0,7.871890603211732e-05,0.0,0.0
austrian,4.8995110287993256e-06,0.00020242004408258738,0.0,0.0
austrians,0.0,0.00038234897215599835,0.0,0.0
authentic,4.8995110287993256e-06,0.0,0.0,0.0
authenticity,0.0,0.0,0.0,9.520364058721605e-06
author,2.449755514399663e-05,0.0,0.0,0.0
authoritative,0.0,0.0,1.6382163100815833e-05,9.520364058721605e-06
authorities,9.799022057598651e-06,0.0,0.0,2.8561092176164816e-05
authority,2.449755514399663e-05,1.1245558004588187e-05,7.371973395367124e-05,9.520364058721605e-06
authorize,0.0,0.0,8.191081550407916e-06,0.0
authorized,0.0,0.0,2.457324465122375e-05,0.0
authorizing,0.0,0.0,8.191081550407916e-06,0.0
authors,1.4698533086397977e-05,0.0,0.0,0.0
auto,0.0,2.2491116009176375e-05,0.0,0.0
automatic,0.0,1.1245558004588187e-05,0.0,0.0
autre,4.8995110287993256e-06,0.0,0.0,0.0
autumn,9.799022057598651e-06,2.2491116009176375e-05,0.0,9.520364058721605e-06
autumnal,0.0,0.0,0.0,1.904072811744321e-05
avail,0.0,0.0,8.191081550407916e-06,9.520364058721605e-06
availed,0.0,0.0,8.191081550407916e-06,0.0
avants,0.0,1.1245558004588187e-05,0.0,0.0
avarice,0.0,0.0,8.191081550407916e-06,0.0
avdotya,0.0005634437683119225,0.0,0.0,0.0
ave,4.8995110287993256e-06,0.0,0.0,0.0
avenge,4.8995110287993256e-06,0.0,0.0,0.0
avenging,4.8995110287993256e-06,0.0,0.0,0.0
avenue,9.799022057598651e-06,1.1245558004588187e-05,8.191081550407916e-06,5.712218435232963e-05
average,9.799022057598651e-06,1.1245558004588187e-05,0.0,2.8561092176164816e-05
averse,0.0,0.0,0.0,4.760182029360803e-05
aversion,2.9397066172795955e-05,0.0,0.0,1.904072811744321e-05
avert,0.0,0.0,0.0,2.8561092176164816e-05
averted,4.8995110287993256e-06,0.0,0.0,9.520364058721605e-06
aviators,0.0,2.2491116009176375e-05,0.0,0.0
avoid,8.329168748958855e-05,1.1245558004588187e-05,0.00014743946790734248,2.8561092176164816e-05
avoidance,0.0,0.0,8.191081550407916e-06,0.0
avoided,3.9196088230394604e-05,3.3736674013764564e-05,8.191081550407916e-06,1.904072811744321e-05
avoiding,1.4698533086397977e-05,0.0,1.6382163100815833e-05,9.520364058721605e-06
avowal,0.0,0.0,2.457324465122375e-05,0.0
avowed,0.0,0.0,2.457324465122375e-05,0.0
await,9.799022057598651e-06,0.0,0.0,9.520364058721605e-06
awaited,1.4698533086397977e-05,0.0,8.191081550407916e-06,9.520364058721605e-06
awaiting,2.9397066172795955e-05,0.0,0.0,9.520364058721605e-06
awake,3.9196088230394604e-05,0.00015743781206423464,1.6382163100815833e-05,3.808145623488642e-05
awaken,9.799022057598651e-06,0.0,0.0,0.0
awakened,0.0,0.0,3.2764326201631665e-05,2.8561092176164816e-05
awakening,4.8995110287993256e-06,0.0,0.0,0.0
aware,0.00011758826469118382,0.0,0.00011467514170571083,9.520364058721606e-05
away,0.0012885714005742227,0.0015293958886239934,0.000966547622948134,0.0010091585902244902
awe,4.8995110287993256e-06,0.0,2.457324465122375e-05,0.0
awed,0.0,0.0,1.6382163100815833e-05,0.0
awful,0.0001518848418927791,7.871890603211732e-05,1.6382163100815833e-05,2.8561092176164816e-05
awfully,7.839217646078921e-05,0.00033736674013764564,0.0,0.0
awhile,0.0,8.99644640367055e-05,0.0,0.0
awkward,2.449755514399663e-05,0.0,8.191081550407916e-05,2.8561092176164816e-05
awkwardly,1.4698533086397977e-05,0.0,0.0,0.0
awkwardness,4.8995110287993256e-06,0.0,2.457324465122375e-05,0.0
awoke,0.0,1.1245558004588187e-05,8.191081550407916e-06,9.520364058721605e-06
awry,4.8995110287993256e-06,0.0,0.0,0.0
axe,0.0002841716396703609,0.0,0.0,0.0
axes,4.8995110287993256e-06,0.0,0.0,0.0
axiom,4.8995110287993256e-06,0.0,0.0,9.520364058721605e-06
ay,0.0,0.0,4.91464893024475e-05,1.904072811744321e-05
aymo,0.0,0.0006297512482569386,0.0,0.0
aymos,0.0,3.3736674013764564e-05,0.0,0.0
azure,0.0,0.0,0.0,9.520364058721605e-06
aïe,4.8995110287993256e-06,0.0,0.0,0.0
b,4.8995110287993256e-06,1.1245558004588187e-05,8.191081550407916e-06,4.760182029360803e-05
babbiting,0.0,1.1245558004588187e-05,0.0,0.0
babble,4.8995110287993256e-06,0.0,0.0,0.0
babbled,4.8995110287993256e-06,0.0,0.0,0.0
babbling,4.8995110287993256e-06,0.0,0.0,0.0
babe,4.8995110287993256e-06,1.1245558004588187e-05,0.0,0.0
babies,4.8995110287993256e-06,7.871890603211732e-05,0.0,0.0
baboon,0.0,0.0,0.0,3.808145623488642e-05
babushkins,9.799022057598651e-06,0.0,0.0,0.0
baby,1.9598044115197302e-05,0.0006634879222707031,0.0,1.904072811744321e-05
bacchus,4.8995110287993256e-06,8.99644640367055e-05,0.0,0.0
bachelor,4.8995110287993256e-06,0.0,0.0,5.712218435232963e-05
bachelors,0.0,0.0,0.0,9.520364058721605e-06
back,0.0009309070954718719,0.003058791777247987,0.0003358343435667246,0.0013233306041623033
backed,4.8995110287993256e-06,5.6227790022940935e-05,8.191081550407916e-06,3.808145623488642e-05
backgammon,0.0,0.0,1.6382163100815833e-05,9.520364058721605e-06
background,0.0,1.1245558004588187e-05,0.0,9.520364058721605e-06
backing,4.8995110287993256e-06,3.3736674013764564e-05,0.0,0.0
backs,4.8995110287993256e-06,4.498223201835275e-05,0.0,0.0
backward,0.0,2.2491116009176375e-05,8.191081550407916e-06,6.664254841105123e-05
backwards,9.799022057598651e-06,0.0,8.191081550407916e-06,0.0
backwater,0.0,0.0,0.0,1.904072811744321e-05
backwaters,0.0,0.0,0.0,9.520364058721605e-06
bad,0.0001665833749791771,0.0006634879222707031,0.00012286622325611874,0.00013328509682210247
bade,9.799022057598651e-06,0.0,0.0,1.904072811744321e-05
badge,0.0,0.0,0.0,9.520364058721605e-06
badly,6.369364337439124e-05,0.00020242004408258738,0.0,1.904072811744321e-05
baffled,0.0,0.0,0.0,2.8561092176164816e-05
bag,0.0,0.00014619225405964643,0.0,9.520364058721606e-05
baggage,4.8995110287993256e-06,3.3736674013764564e-05,0.0,0.0
baggy,0.0,0.0,0.0,1.904072811744321e-05
bags,9.799022057598651e-06,0.00019117448607799918,0.0,9.520364058721605e-06
bah,5.879413234559191e-05,0.0,0.0,0.0
bail,0.0,2.2491116009176375e-05,0.0,0.0
bailer,0.0,1.1245558004588187e-05,0.0,0.0
bailing,0.0,1.1245558004588187e-05,0.0,0.0
bains,0.0,2.2491116009176375e-05,0.0,0.0
bainsizza,0.0,0.00014619225405964643,0.0,0.0
bait,0.0,1.1245558004588187e-05,0.0,0.0
baited,0.0,1.1245558004588187e-05,0.0,0.0
baiters,0.0,1.1245558004588187e-05,0.0,0.0
baiting,0.0,3.3736674013764564e-05,0.0,0.0
baits,0.0,0.0,0.0,9.520364058721605e-06
bakaleyevs,3.9196088230394604e-05,0.0,0.0,0.0
baked,4.8995110287993256e-06,0.0,0.0,0.0
baker,0.0,0.0,0.0,0.00039985529046630743
bakers,0.0,0.0,0.0,1.904072811744321e-05
bakewell,0.0,0.0,8.191081550407916e-06,0.0
baking,4.8995110287993256e-06,1.1245558004588187e-05,0.0,0.0
balalaïka,4.8995110287993256e-06,0.0,0.0,0.0
balance,1.4698533086397977e-05,0.0,0.0,9.520364058721605e-06
balanced,0.0,0.0,0.0,9.520364058721605e-06
balancing,4.8995110287993256e-06,0.0,0.0,1.904072811744321e-05
balconies,4.8995110287993256e-06,0.0,0.0,0.0
balcony,9.799022057598651e-06,0.00013494669605505826,0.0,0.0
bald,4.8995110287993256e-06,1.1245558004588187e-05,0.0,1.904072811744321e-05
baleful,0.0,0.0,0.0,9.520364058721605e-06
ball,1.9598044115197302e-05,3.3736674013764564e-05,0.00029487893581468496,4.760182029360803e-05
ballarat,0.0,0.0,0.0,5.712218435232963e-05
balloon,1.9598044115197302e-05,0.0,0.0,0.0
balloons,0.0,1.1245558004588187e-05,0.0,0.0
balls,4.8995110287993256e-06,3.3736674013764564e-05,6.552865240326333e-05,9.520364058721605e-06
balm,0.0,0.0,8.191081550407916e-06,0.0
balmoral,0.0,0.0,0.0,3.808145623488642e-05
balustraded,0.0,0.0,0.0,9.520364058721605e-06
balzac,0.0,0.0,0.0,9.520364058721605e-06
band,0.0,0.0,8.191081550407916e-06,0.00012376473276338087
bandage,4.8995110287993256e-06,3.3736674013764564e-05,0.0,9.520364058721605e-06
bandaged,0.0,3.3736674013764564e-05,0.0,9.520364058721605e-06
bandages,0.0,5.6227790022940935e-05,0.0,9.520364058721605e-06
bandaging,0.0,1.1245558004588187e-05,0.0,0.0
bands,0.0,0.0,0.0,1.904072811744321e-05
bandy,0.0,0.0,0.0,9.520364058721605e-06
bang,0.0,0.0,0.0,1.904072811744321e-05
banged,0.0,0.0,0.0,9.520364058721605e-06
banging,1.4698533086397977e-05,0.0,0.0,0.0
banish,0.0,0.0,2.457324465122375e-05,0.0
banished,0.0,0.0,2.457324465122375e-05,0.0
banishment,4.8995110287993256e-06,0.0,0.0,0.0
bank,9.799022057598651e-05,0.0003148756241284693,0.0,0.00013328509682210247
banker,0.0,0.0,0.0,9.520364058721606e-05
bankers,0.0,0.0,0.0,2.8561092176164816e-05
banking,0.0,0.0,0.0,2.8561092176164816e-05
banknotes,4.8995110287993256e-06,0.0,0.0,0.0
bankrupt,4.8995110287993256e-06,0.0,0.0,0.0
banks,2.449755514399663e-05,1.1245558004588187e-05,1.6382163100815833e-05,1.904072811744321e-05
banquets,4.8995110287993256e-06,0.0,0.0,0.0
banter,4.8995110287993256e-06,0.0,0.0,0.0
bantering,4.8995110287993256e-06,0.0,0.0,0.0
baptized,0.0,1.1245558004588187e-05,0.0,0.0
bar,2.449755514399663e-05,0.00021366560208717556,0.0,9.520364058721606e-05
barbarians,0.0,1.1245558004588187e-05,0.0,0.0
barbaric,0.0,0.0,0.0,9.520364058721605e-06
barbarous,0.0,0.0,8.191081550407916e-06,0.0
barbarously,0.0,0.0,8.191081550407916e-06,0.0
barber,0.0,6.747334802752913e-05,0.0,9.520364058721605e-06
barbera,0.0,4.498223201835275e-05,0.0,0.0
barbers,4.8995110287993256e-06,0.0,0.0,0.0
barbusse,0.0,1.1245558004588187e-05,0.0,0.0
bare,5.389462131679259e-05,0.00024740227610094015,8.191081550407916e-06,3.808145623488642e-05
bared,4.8995110287993256e-06,0.0,0.0,0.0
barefaced,0.0,0.0,8.191081550407916e-06,0.0
barefoot,1.4698533086397977e-05,1.1245558004588187e-05,0.0,0.0
barefooted,4.8995110287993256e-06,0.0,0.0,0.0
bareheaded,9.799022057598651e-06,0.0,0.0,0.0
barely,4.8995110287993256e-06,0.0,8.191081550407916e-06,0.0
bargain,9.799022057598651e-06,0.0,0.0,9.520364058721605e-06
bargained,4.8995110287993256e-06,0.0,0.0,0.0
barge,9.799022057598651e-06,0.0,0.0,0.0
bark,0.0,0.0,0.0,1.904072811744321e-05
barking,4.8995110287993256e-06,0.0,0.0,0.0
barkley,0.0,0.0004610678781881157,0.0,0.0
barkleys,0.0,2.2491116009176375e-05,0.0,0.0
barmaid,0.0,1.1245558004588187e-05,0.0,2.8561092176164816e-05
barman,0.0,0.0002698933921101165,0.0,0.0
barmans,0.0,1.1245558004588187e-05,0.0,0.0
barmherzige,4.8995110287993256e-06,0.0,0.0,0.0
barn,4.8995110287993256e-06,0.00010121002204129369,0.0,0.0
barnet,0.0,0.0,1.6382163100815833e-05,0.0
barns,0.0,1.1245558004588187e-05,0.0,0.0
barometric,0.0,0.0,0.0,9.520364058721605e-06
barouche,0.0,0.0,8.191081550407916e-06,0.0
barque,0.0,0.0,0.0,2.8561092176164816e-05
barracks,9.799022057598651e-06,0.0,0.0,0.0
barred,4.8995110287993256e-06,1.1245558004588187e-05,0.0,6.664254841105123e-05
barrel,1.4698533086397977e-05,4.498223201835275e-05,0.0,9.520364058721605e-06
barrels,0.0,1.1245558004588187e-05,0.0,0.0
barricade,4.8995110287993256e-06,0.0,0.0,9.520364058721605e-06
barricaded,0.0,0.0,0.0,9.520364058721605e-06
barrier,4.8995110287993256e-06,1.1245558004588187e-05,0.0,0.0
barriers,9.799022057598651e-06,0.0,0.0,0.0
barrow,0.0,0.0,0.0,9.520364058721605e-06
barrows,4.8995110287993256e-06,0.0,0.0,0.0
bars,0.0,1.1245558004588187e-05,0.0,3.808145623488642e-05
bartender,0.0,1.1245558004588187e-05,0.0,0.0
barter,9.799022057598651e-06,0.0,0.0,0.0
barto,0.0,8.99644640367055e-05,0.0,0.0
bartolomeo,0.0,6.747334802752913e-05,0.0,0.0
barton,0.0,0.0,0.0,9.520364058721605e-06
bartos,0.0,1.1245558004588187e-05,0.0,0.0
baryta,0.0,0.0,0.0,9.520364058721605e-06
base,6.369364337439124e-05,1.1245558004588187e-05,0.0,9.520364058721605e-06
baseball,0.0,2.2491116009176375e-05,0.0,0.0
basely,4.8995110287993256e-06,0.0,0.0,0.0
basement,4.8995110287993256e-06,0.0,0.0,0.0
basements,4.8995110287993256e-06,0.0,0.0,0.0
baseness,9.799022057598651e-06,0.0,0.0,0.0
baser,4.8995110287993256e-06,0.0,0.0,0.0
basest,4.8995110287993256e-06,0.0,0.0,0.0
bashful,1.4698533086397977e-05,0.0,8.191081550407916e-06,9.520364058721605e-06
bashfulness,9.799022057598651e-06,0.0,0.0,0.0
basilicata,0.0,1.1245558004588187e-05,0.0,0.0
basin,1.9598044115197302e-05,8.99644640367055e-05,0.0,1.904072811744321e-05
basins,0.0,2.2491116009176375e-05,0.0,0.0
basis,4.8995110287993256e-06,0.0,8.191081550407916e-06,9.520364058721605e-06
basket,4.8995110287993256e-06,0.0,0.0,2.8561092176164816e-05
basketful,0.0,0.0,0.0,9.520364058721605e-06
basque,4.8995110287993256e-06,0.0,0.0,0.0
bass,4.8995110287993256e-06,0.0,8.191081550407916e-06,0.0
bassi,0.0,6.747334802752913e-05,0.0,0.0
basso,0.0,1.1245558004588187e-05,0.0,0.0
bastards,0.0,2.2491116009176375e-05,0.0,0.0
bat,0.0,2.2491116009176375e-05,0.0,0.0
bath,9.799022057598651e-06,1.1245558004588187e-05,8.191081550407916e-06,1.904072811744321e-05
bathe,4.8995110287993256e-06,0.0,0.0,0.0
bathed,4.8995110287993256e-06,0.0,0.0,0.0
bathing,9.799022057598651e-06,0.0,1.6382163100815833e-05,0.0
bathroom,0.0,6.747334802752913e-05,0.0,9.520364058721605e-06
baths,4.8995110287993256e-06,1.1245558004588187e-05,0.0,0.0
bathtub,0.0,1.1245558004588187e-05,0.0,0.0
bats,0.0,3.3736674013764564e-05,0.0,0.0
battalion,0.0,1.1245558004588187e-05,0.0,0.0
battalions,0.0,1.1245558004588187e-05,0.0,0.0
battered,2.9397066172795955e-05,0.0,0.0,2.8561092176164816e-05
batteries,0.0,1.1245558004588187e-05,0.0,0.0
battery,4.8995110287993256e-06,4.498223201835275e-05,0.0,0.0
battle,9.799022057598651e-06,4.498223201835275e-05,0.0,9.520364058721605e-06
battled,0.0,0.0,8.191081550407916e-06,0.0
bawdy,0.0,2.2491116009176375e-05,0.0,0.0
bawled,4.8995110287993256e-06,0.0,0.0,0.0
bawling,1.4698533086397977e-05,0.0,0.0,0.0
baxters,0.0,0.0,0.0,9.520364058721605e-06
bay,9.799022057598651e-06,1.1245558004588187e-05,0.0,0.0
baying,0.0,0.0,0.0,9.520364058721605e-06
bayonet,0.0,1.1245558004588187e-05,0.0,0.0
bazaar,4.8995110287993256e-06,0.0,0.0,0.0
be,0.005492351863284044,0.00515046556610139,0.010140558959404999,0.0059692682648184465
beaded,4.8995110287993256e-06,0.0,0.0,0.0
beads,9.799022057598651e-06,0.0,0.0,9.520364058721605e-06
beakers,0.0,1.1245558004588187e-05,0.0,0.0
beam,4.8995110287993256e-06,2.2491116009176375e-05,0.0,9.520364058721605e-06
beamed,0.0,0.0,0.0,9.520364058721605e-06
beams,0.0,2.2491116009176375e-05,0.0,0.0
bean,0.0,0.0,0.0,9.520364058721605e-06
beans,0.0,2.2491116009176375e-05,0.0,0.0
bear,0.00014698533086397977,5.6227790022940935e-05,0.00020477703876019789,6.664254841105123e-05
beard,3.429657720159528e-05,0.000179928928073411,0.0,2.8561092176164816e-05
bearded,0.0,3.3736674013764564e-05,0.0,9.520364058721605e-06
beards,0.0,2.2491116009176375e-05,0.0,0.0
bearers,0.0,0.00010121002204129369,0.0,0.0
bearing,1.4698533086397977e-05,0.0,1.6382163100815833e-05,7.616291246977284e-05
bearings,0.0,0.0,0.0,9.520364058721605e-06
bears,0.0,1.1245558004588187e-05,1.6382163100815833e-05,3.808145623488642e-05
beast,4.4095599259193934e-05,0.0,0.0,9.520364058721605e-06
beastliness,4.8995110287993256e-06,0.0,0.0,0.0
beastly,0.0,1.1245558004588187e-05,0.0,0.0
beasts,0.0,0.0,0.0,9.520364058721605e-06
beat,0.00014208581983518045,3.3736674013764564e-05,0.0,4.760182029360803e-05
beaten,2.449755514399663e-05,5.6227790022940935e-05,0.0,5.712218435232963e-05
beating,0.0001322867977775818,3.3736674013764564e-05,0.0,2.8561092176164816e-05
beatings,0.0,0.0,8.191081550407916e-06,0.0
beats,9.799022057598651e-06,0.0,0.0,0.0
beauteous,0.0,0.0,8.191081550407916e-06,0.0
beauties,0.0,0.0,3.2764326201631665e-05,9.520364058721605e-06
beautiful,3.429657720159528e-05,0.0003935945301605866,0.00012286622325611874,0.00010472400464593766
beautifully,0.0,4.498223201835275e-05,0.0,3.808145623488642e-05
beauty,3.429657720159528e-05,0.0,0.00022115920186101373,7.616291246977284e-05
beaux,0.0,0.0,8.191081550407916e-06,0.0
became,0.0001518848418927791,3.3736674013764564e-05,0.00013105730480652666,0.0002951312858203698
because,0.0007496251874062968,0.0009221357563762314,0.0005078470561252908,0.00021896837335059693
becher,0.0,0.0,0.0,1.904072811744321e-05
bechers,0.0,0.0,0.0,9.520364058721605e-06
beckon,9.799022057598651e-06,0.0,0.0,0.0
beckoned,0.0,0.0,0.0,9.520364058721605e-06
beckoning,4.8995110287993256e-06,0.0,0.0,1.904072811744321e-05
become,0.00020087995218077235,0.00012370113805047008,7.371973395367124e-05,9.520364058721606e-05
becomes,1.4698533086397977e-05,1.1245558004588187e-05,3.2764326201631665e-05,6.664254841105123e-05
becoming,2.9397066172795955e-05,1.1245558004588187e-05,2.457324465122375e-05,9.520364058721605e-06
bed,0.00028907115069916025,0.0015968692366515227,4.91464893024475e-05,0.0003712941982901426
bedclothes,9.799022057598651e-06,0.0,0.0,0.0
bedded,0.0,0.0,0.0,1.904072811744321e-05
bedecked,4.8995110287993256e-06,0.0,0.0,0.0
bedlam,4.8995110287993256e-06,0.0,0.0,0.0
bedpan,0.0,1.1245558004588187e-05,0.0,0.0
bedroom,4.4095599259193934e-05,3.3736674013764564e-05,0.0,0.0001713665530569889
bedrooms,0.0,0.0,0.0,2.8561092176164816e-05
beds,1.4698533086397977e-05,0.00010121002204129369,0.0,1.904072811744321e-05
bedside,4.8995110287993256e-06,0.0,0.0,9.520364058721605e-06
bedstead,1.9598044115197302e-05,0.0,0.0,0.0
bedtime,4.8995110287993256e-06,0.0,0.0,9.520364058721605e-06
bee,0.0,0.0,0.0,9.520364058721605e-06
beech,0.0,0.0,0.0,9.520364058721605e-06
beeches,0.0,0.0,0.0,9.520364058721606e-05
beef,2.449755514399663e-05,0.0,0.0,2.8561092176164816e-05
been,0.002822118352588412,0.0020804282308488145,0.004218406998460077,0.003741503075077591
beer,6.859315440319056e-05,0.00022491116009176374,0.0,2.8561092176164816e-05
beetle,4.8995110287993256e-06,0.0,0.0,0.0
beetles,4.8995110287993256e-06,0.0,0.0,0.0
befall,0.0,0.0,1.6382163100815833e-05,1.904072811744321e-05
befallen,4.8995110287993256e-06,0.0,0.0,9.520364058721605e-06
befogged,4.8995110287993256e-06,0.0,0.0,0.0
before,0.0015384464630429882,0.0008771535243578786,0.001859375511942597,0.0015613397056303433
beforehand,0.00011758826469118382,0.0,8.191081550407916e-06,9.520364058721605e-06
befriend,4.8995110287993256e-06,0.0,0.0,0.0
befriended,0.0,0.0,8.191081550407916e-06,0.0
befriending,4.8995110287993256e-06,0.0,0.0,0.0
beg,0.00014208581983518045,3.3736674013764564e-05,0.00013924838635693458,0.00011424436870465926
began,0.0012983704226318213,8.99644640367055e-05,0.000483273811474067,0.00023800910146804015
beget,0.0,0.0,0.0,9.520364058721605e-06
beggar,3.429657720159528e-05,0.0,0.0,4.760182029360803e-05
beggarly,9.799022057598651e-06,0.0,0.0,0.0
beggarman,0.0,0.0,0.0,9.520364058721605e-06
beggary,2.9397066172795955e-05,0.0,0.0,9.520364058721605e-06
begged,7.839217646078921e-05,0.0,6.552865240326333e-05,2.8561092176164816e-05
begging,3.9196088230394604e-05,0.0,1.6382163100815833e-05,3.808145623488642e-05
begin,0.00024007604041116696,2.2491116009176375e-05,0.0001064840601553029,5.712218435232963e-05
beginning,0.00018128190806557506,6.747334802752913e-05,9.8292978604895e-05,5.712218435232963e-05
beginnings,4.8995110287993256e-06,0.0,0.0,9.520364058721605e-06
begins,1.9598044115197302e-05,0.0,3.2764326201631665e-05,9.520364058721605e-06
begs,4.8995110287993256e-06,0.0,8.191081550407916e-06,0.0
begun,0.00014208581983518045,0.0,1.6382163100815833e-05,3.808145623488642e-05
behalf,0.0,0.0,3.2764326201631665e-05,0.0
behave,2.9397066172795955e-05,1.1245558004588187e-05,1.6382163100815833e-05,0.0
behaved,1.9598044115197302e-05,0.0,6.552865240326333e-05,0.0
behaves,4.8995110287993256e-06,0.0,1.6382163100815833e-05,0.0
behavior,9.799022057598651e-06,1.1245558004588187e-05,0.0,0.0
behaviour,5.389462131679259e-05,0.0,0.0004505094852724354,0.0
beheld,0.0,0.0,1.6382163100815833e-05,0.0
behind,0.00022047799629596967,0.0004385767621789393,0.00011467514170571083,0.0004760182029360803
behold,1.4698533086397977e-05,0.0,0.0,0.0
beholding,0.0,0.0,2.457324465122375e-05,0.0
beige,0.0,0.0,0.0,9.520364058721605e-06
being,0.0004948506139087319,0.00032612118213305746,0.0014416303528717932,0.00042841638264247227
beings,4.8995110287993256e-06,0.0,0.0,9.520364058721605e-06
belated,0.0,0.0,0.0,9.520364058721605e-06
belauded,4.8995110287993256e-06,0.0,0.0,0.0
belfry,9.799022057598651e-06,0.0,0.0,0.0
belief,9.799022057598651e-06,0.0,0.00012286622325611874,5.712218435232963e-05
beliefs,4.8995110287993256e-06,0.0,0.0,0.0
believe,0.0008084193197518888,0.0006072601322477621,0.0007208151764358966,0.0003332127420552562
believed,6.859315440319056e-05,2.2491116009176375e-05,0.0003030700173650929,2.8561092176164816e-05
believer,4.8995110287993256e-06,0.0,0.0,0.0
believes,9.799022057598651e-06,0.0,8.191081550407916e-06,0.0
believest,4.8995110287993256e-06,0.0,0.0,0.0
believeth,9.799022057598651e-06,0.0,0.0,0.0
believing,3.429657720159528e-05,0.0,9.8292978604895e-05,9.520364058721605e-06
bell,0.00012248777571998316,0.00010121002204129369,4.91464893024475e-05,0.00023800910146804015
bella,0.0,2.2491116009176375e-05,0.0,0.0
bellow,0.0,1.1245558004588187e-05,0.0,0.0
bellows,0.0,3.3736674013764564e-05,0.0,0.0
bells,1.4698533086397977e-05,0.0,0.0,0.0
belly,0.0,2.2491116009176375e-05,0.0,0.0
belong,9.799022057598651e-06,0.0,2.457324465122375e-05,0.0
belonged,3.429657720159528e-05,3.3736674013764564e-05,2.457324465122375e-05,1.904072811744321e-05
belonging,9.799022057598651e-06,0.0,8.191081550407916e-06,1.904072811744321e-05
belongings,4.8995110287993256e-06,0.0,0.0,0.0
belongs,1.4698533086397977e-05,0.0,1.6382163100815833e-05,2.8561092176164816e-05
beloved,9.799022057598651e-06,0.0,1.6382163100815833e-05,9.520364058721605e-06
below,5.879413234559191e-05,0.00025864783410552833,4.095540775203958e-05,4.760182029360803e-05
belt,4.8995110287993256e-06,3.3736674013764564e-05,0.0,1.904072811744321e-05
belts,0.0,2.2491116009176375e-05,0.0,0.0
bench,4.4095599259193934e-05,6.747334802752913e-05,0.0,0.0
benches,0.0,8.99644640367055e-05,8.191081550407916e-06,0.0
bend,9.799022057598651e-06,1.1245558004588187e-05,0.0,9.520364058721605e-06
bending,4.4095599259193934e-05,3.3736674013764564e-05,0.0,2.8561092176164816e-05
bene,0.0,1.1245558004588187e-05,0.0,0.0
beneath,4.8995110287993256e-06,0.0,4.095540775203958e-05,9.520364058721606e-05
benefactor,2.9397066172795955e-05,0.0,0.0,2.8561092176164816e-05
benefactors,1.4698533086397977e-05,0.0,0.0,0.0
beneficence,0.0,0.0,8.191081550407916e-06,0.0
beneficent,4.8995110287993256e-06,0.0,0.0,0.0
beneficial,9.799022057598651e-06,0.0,8.191081550407916e-06,0.0
benefit,6.859315440319056e-05,1.1245558004588187e-05,4.095540775203958e-05,0.0
benefited,0.0,0.0,3.2764326201631665e-05,0.0
benefiting,0.0,0.0,8.191081550407916e-06,0.0
benefits,9.799022057598651e-06,0.0,8.191081550407916e-06,0.0
benevolence,1.9598044115197302e-05,0.0,2.457324465122375e-05,0.0
benevolent,1.4698533086397977e-05,0.0,8.191081550407916e-06,9.520364058721605e-06
bengal,0.0,0.0,0.0,9.520364058721605e-06
bennet,0.0,0.0,0.0024163690573703353,0.0
bennets,0.0,0.0,0.0003194521804659087,0.0
bent,9.799022057598651e-05,0.00012370113805047008,2.457324465122375e-05,0.00013328509682210247
bequeathed,4.8995110287993256e-06,0.0,8.191081550407916e-06,9.520364058721605e-06
bequest,0.0,0.0,8.191081550407916e-06,9.520364058721605e-06
bereaved,4.8995110287993256e-06,0.0,0.0,0.0
berg,9.799022057598651e-06,0.0,0.0,0.0
berkshire,0.0,0.0,0.0,3.808145623488642e-05
berlin,1.4698533086397977e-05,0.0,0.0,0.0
bermuda,0.0,0.0,0.0,9.520364058721605e-06
bernois,0.0,1.1245558004588187e-05,0.0,0.0
bersaglieri,0.0,7.871890603211732e-05,0.0,0.0
berth,0.0,0.0,0.0,9.520364058721605e-06
berths,0.0,0.0,0.0,1.904072811744321e-05
beryl,0.0,0.0,0.0,1.904072811744321e-05
beryls,0.0,0.0,0.0,3.808145623488642e-05
beseech,9.799022057598651e-06,0.0,0.0,0.0
beseeching,9.799022057598651e-06,0.0,0.0,0.0
beside,0.00024007604041116696,0.0005285412262156448,8.191081550407916e-06,0.00023800910146804015
besides,0.00029397066172795954,0.00010121002204129369,9.010189705448707e-05,0.00012376473276338087
besought,9.799022057598651e-06,0.0,0.0,0.0
bespattered,4.8995110287993256e-06,0.0,0.0,0.0
best,0.00012738728674878248,0.000179928928073411,0.00034402542511713244,0.0002951312858203698
bestow,0.0,0.0,5.7337570852855414e-05,0.0
bestowed,4.8995110287993256e-06,0.0,6.552865240326333e-05,0.0
bestowing,0.0,0.0,8.191081550407916e-06,0.0
bet,3.429657720159528e-05,7.871890603211732e-05,0.0,2.8561092176164816e-05
bethany,4.8995110287993256e-06,0.0,0.0,0.0
bethought,4.8995110287993256e-06,0.0,0.0,0.0
betray,5.879413234559191e-05,0.0,2.457324465122375e-05,9.520364058721605e-06
betrayal,4.8995110287993256e-06,0.0,0.0,0.0
betrayed,2.9397066172795955e-05,0.0,3.2764326201631665e-05,9.520364058721605e-06
betraying,4.8995110287993256e-06,0.0,0.0,9.520364058721605e-06
betrays,4.8995110287993256e-06,0.0,0.0,0.0
betrothal,0.0,0.0,0.0,9.520364058721605e-06
betrothed,8.329168748958855e-05,0.0,0.0,0.0
bets,0.0,0.0,8.191081550407916e-06,0.0
better,0.0007349266543198988,0.0009333813143808196,0.0007535795026375283,0.0004855385669948019
betting,9.799022057598651e-06,1.1245558004588187e-05,0.0,0.0
between,0.00023517652938236764,0.0004273312041743511,0.0005160381376756987,0.0005712218435232964
bewailed,0.0,0.0,8.191081550407916e-06,0.0
beware,9.799022057598651e-06,1.1245558004588187e-05,0.0,0.0
bewildered,5.389462131679259e-05,0.0,8.191081550407916e-06,0.0
bewilderment,2.9397066172795955e-05,0.0,0.0,1.904072811744321e-05
bewitched,0.0,0.0,8.191081550407916e-06,0.0
bewitching,0.0,0.0,8.191081550407916e-06,0.0
beyond,9.309070954718719e-05,0.0004723134361927039,0.00029487893581468496,0.00010472400464593766
bezzemelny,4.8995110287993256e-06,0.0,0.0,0.0
bianca,0.0,1.1245558004588187e-05,0.0,0.0
biassed,0.0,0.0,0.0,9.520364058721605e-06
bible,9.799022057598651e-06,0.0,0.0,9.520364058721605e-06
bicycle,0.0,2.2491116009176375e-05,0.0,0.0
bicycles,0.0,4.498223201835275e-05,0.0,0.0
bicycling,0.0,0.0,0.0,9.520364058721605e-06
bicyclists,0.0,1.1245558004588187e-05,0.0,0.0
bid,0.0,0.0,8.191081550407916e-06,0.0
bidding,0.0,0.0,2.457324465122375e-05,0.0
biding,4.8995110287993256e-06,0.0,0.0,0.0
bids,4.8995110287993256e-06,0.0,0.0,0.0
bien,0.0,1.1245558004588187e-05,0.0,0.0
biffis,0.0,2.2491116009176375e-05,0.0,0.0
big,0.0001518848418927791,0.0009333813143808196,0.0,4.760182029360803e-05
bigger,1.4698533086397977e-05,3.3736674013764564e-05,0.0,9.520364058721605e-06
biggest,0.0,1.1245558004588187e-05,0.0,0.0
bigotry,4.8995110287993256e-06,0.0,0.0,0.0
bijou,0.0,0.0,0.0,9.520364058721605e-06
bile,0.0,2.2491116009176375e-05,0.0,9.520364058721605e-06
bilious,4.8995110287993256e-06,0.0,0.0,0.0
bill,4.8995110287993256e-06,1.1245558004588187e-05,0.0,7.616291246977284e-05
billet,0.0,0.0,0.0,1.904072811744321e-05
billiard,1.4698533086397977e-05,4.498223201835275e-05,8.191081550407916e-06,0.0
billiards,1.4698533086397977e-05,5.6227790022940935e-05,0.0,0.0
billposters,0.0,1.1245558004588187e-05,0.0,0.0
bills,0.0,0.0,8.191081550407916e-06,1.904072811744321e-05
billycock,0.0,0.0,0.0,9.520364058721605e-06
bind,0.0,0.0,0.0,9.520364058721605e-06
binding,4.8995110287993256e-06,0.0,0.0,9.520364058721605e-06
bingley,0.0,0.0,0.0021214901215556503,0.0
bingleys,0.0,0.0,0.00043412732217161954,0.0
biographies,0.0,0.0,0.0,9.520364058721605e-06
biography,4.8995110287993256e-06,0.0,0.0,9.520364058721605e-06
biologically,0.0,1.1245558004588187e-05,0.0,0.0
birchmoor,0.0,0.0,0.0,9.520364058721605e-06
bird,2.449755514399663e-05,1.1245558004588187e-05,0.0,0.0002094480092918753
birds,1.9598044115197302e-05,3.3736674013764564e-05,1.6382163100815833e-05,6.664254841105123e-05
birmingham,0.0,0.0,8.191081550407916e-06,0.0
birth,1.4698533086397977e-05,0.0,4.095540775203958e-05,0.0
birthday,4.8995110287993256e-06,3.3736674013764564e-05,0.0,0.0
bisulphate,0.0,0.0,0.0,9.520364058721605e-06
bit,0.0001322867977775818,8.99644640367055e-05,2.457324465122375e-05,5.712218435232963e-05
bitch,0.0,5.6227790022940935e-05,0.0,0.0
bitches,0.0,2.2491116009176375e-05,0.0,0.0
bite,4.8995110287993256e-06,1.1245558004588187e-05,0.0,1.904072811744321e-05
biting,1.9598044115197302e-05,1.1245558004588187e-05,8.191081550407916e-06,0.0
bits,9.799022057598651e-06,1.1245558004588187e-05,0.0,0.0
bitten,4.8995110287993256e-06,1.1245558004588187e-05,0.0,1.904072811744321e-05
bitter,7.349266543198989e-05,2.2491116009176375e-05,1.6382163100815833e-05,3.808145623488642e-05
bitterest,0.0,0.0,8.191081550407916e-06,0.0
bitterly,4.4095599259193934e-05,1.1245558004588187e-05,1.6382163100815833e-05,1.904072811744321e-05
bitterness,1.9598044115197302e-05,1.1245558004588187e-05,4.095540775203958e-05,9.520364058721605e-06
bizarre,0.0,0.0,0.0,3.808145623488642e-05
blab,4.8995110287993256e-06,0.0,0.0,0.0
blabby,0.0,1.1245558004588187e-05,0.0,0.0
black,0.00016168386395037774,0.00020242004408258738,8.191081550407916e-06,0.0004760182029360803
blacked,0.0,1.1245558004588187e-05,0.0,0.0
blacken,0.0,0.0,8.191081550407916e-06,0.0
blackened,9.799022057598651e-06,0.0,0.0,0.0
blackest,0.0,0.0,0.0,9.520364058721605e-06
blackguard,9.799022057598651e-06,0.0,0.0,9.520364058721605e-06
blackmailing,0.0,0.0,0.0,9.520364058721605e-06
blacksmith,0.0,0.0,0.0,9.520364058721605e-06
blade,9.799022057598651e-06,1.1245558004588187e-05,0.0,0.0
blades,0.0,2.2491116009176375e-05,0.0,0.0
blame,0.0001322867977775818,1.1245558004588187e-05,0.00013105730480652666,2.8561092176164816e-05
blamed,2.9397066172795955e-05,1.1245558004588187e-05,8.191081550407916e-06,0.0
blameless,0.0,0.0,1.6382163100815833e-05,0.0
blamelessness,0.0,0.0,8.191081550407916e-06,0.0
blames,4.8995110287993256e-06,0.0,0.0,0.0
blaming,1.4698533086397977e-05,0.0,2.457324465122375e-05,0.0
blanc,4.8995110287993256e-06,0.0,0.0,0.0
blanche,0.0,0.0,0.0,1.904072811744321e-05
blanched,0.0,0.0,0.0,9.520364058721605e-06
bland,0.0,0.0,0.0,9.520364058721605e-06
blandly,0.0,0.0,0.0,2.8561092176164816e-05
blank,3.9196088230394604e-05,0.0,0.0,0.0
blanket,4.899511028799326e-05,6.747334802752913e-05,0.0,0.0
blankets,0.0,1.1245558004588187e-05,0.0,0.0
blankly,1.9598044115197302e-05,1.1245558004588187e-05,0.0,0.0
blankness,9.799022057598651e-06,0.0,0.0,0.0
blaspheme,0.0,1.1245558004588187e-05,0.0,0.0
blasphemer,4.8995110287993256e-06,0.0,0.0,0.0
blaspheming,0.0,1.1245558004588187e-05,0.0,0.0
blast,4.8995110287993256e-06,1.1245558004588187e-05,0.0,0.0
blasted,0.0,1.1245558004588187e-05,8.191081550407916e-06,9.520364058721605e-06
blaze,0.0,0.0,0.0,1.904072811744321e-05
blazing,0.0,0.0,0.0,1.904072811744321e-05
bleak,0.0,0.0,0.0,9.520364058721605e-06
bled,0.0,0.0,0.0,9.520364058721605e-06
bleed,9.799022057598651e-06,0.0,0.0,0.0
bleeding,1.9598044115197302e-05,2.2491116009176375e-05,0.0,1.904072811744321e-05
blemish,0.0,0.0,8.191081550407916e-06,0.0
blend,0.0,0.0,0.0,9.520364058721605e-06
blenheim,0.0,0.0,8.191081550407916e-06,0.0
bless,2.449755514399663e-05,2.2491116009176375e-05,2.457324465122375e-05,3.808145623488642e-05
blessed,4.8995110287993256e-06,0.0,3.2764326201631665e-05,0.0
blessing,1.9598044115197302e-05,0.0,3.2764326201631665e-05,0.0
blessings,4.8995110287993256e-06,0.0,0.0,0.0
blew,9.799022057598651e-06,0.00011245558004588187,0.0,1.904072811744321e-05
blind,4.4095599259193934e-05,2.2491116009176375e-05,4.91464893024475e-05,3.808145623488642e-05
blinded,4.8995110287993256e-06,0.0,1.6382163100815833e-05,0.0
blinds,0.0,1.1245558004588187e-05,8.191081550407916e-06,4.760182029360803e-05
blinked,0.0,0.0,0.0,9.520364058721605e-06
blinking,4.8995110287993256e-06,0.0,0.0,0.0
bliss,4.8995110287993256e-06,0.0,0.0,0.0
blister,0.0,1.1245558004588187e-05,0.0,0.0
blistered,0.0,1.1245558004588187e-05,0.0,0.0
bloated,4.8995110287993256e-06,0.0,0.0,0.0
bloc,0.0,0.0,0.0,9.520364058721605e-06
block,1.9598044115197302e-05,3.3736674013764564e-05,0.0,3.808145623488642e-05
blockaded,0.0,0.0,0.0,9.520364058721605e-06
blocked,0.0,1.1245558004588187e-05,0.0,2.8561092176164816e-05
blockhead,1.4698533086397977e-05,0.0,0.0,0.0
blockheads,4.8995110287993256e-06,0.0,0.0,0.0
blocking,4.8995110287993256e-06,0.0,0.0,0.0
blocks,0.0,1.1245558004588187e-05,0.0,0.0
blonde,0.0,6.747334802752913e-05,0.0,9.520364058721605e-06
blood,0.0003184682168719562,0.00011245558004588187,0.0,0.0001428054608808241
blooded,0.0,0.0,0.0,1.904072811744321e-05
bloodless,0.0,0.0,0.0,1.904072811744321e-05
bloodshed,3.9196088230394604e-05,0.0,0.0,0.0
bloodshot,4.8995110287993256e-06,0.0,0.0,0.0
bloodstains,0.0,0.0,0.0,1.904072811744321e-05
bloody,0.0,0.00010121002204129369,0.0,9.520364058721605e-06
bloomsbury,0.0,0.0,0.0,9.520364058721605e-06
blossoming,4.8995110287993256e-06,0.0,0.0,0.0
blot,0.0,0.0,0.0,9.520364058721605e-06
blotched,0.0,0.0,0.0,9.520364058721605e-06
blotches,0.0,0.0,0.0,1.904072811744321e-05
blotchy,4.8995110287993256e-06,0.0,0.0,0.0
blots,0.0,0.0,8.191081550407916e-06,0.0
blotted,0.0,0.0,0.0,9.520364058721605e-06
blotting,0.0,0.0,0.0,1.904072811744321e-05
blow,7.839217646078921e-05,0.00010121002204129369,8.191081550407916e-06,0.00011424436870465926
blowing,1.4698533086397977e-05,0.00010121002204129369,0.0,2.8561092176164816e-05
blown,0.0,5.6227790022940935e-05,8.191081550407916e-06,9.520364058721605e-06
blows,5.879413234559191e-05,0.0,0.0,2.8561092176164816e-05
blowzy,0.0,0.0,8.191081550407916e-06,0.0
blue,5.389462131679259e-05,6.747334802752913e-05,1.6382163100815833e-05,0.00022848873740931853
blued,0.0,1.1245558004588187e-05,0.0,0.0
bluff,0.0,0.0,0.0,9.520364058721605e-06
blunder,1.4698533086397977e-05,0.0,0.0,0.0
blundering,4.8995110287993256e-06,0.0,0.0,9.520364058721605e-06
blunders,4.8995110287993256e-06,0.0,0.0,9.520364058721605e-06
blunt,9.799022057598651e-06,1.1245558004588187e-05,0.0,3.808145623488642e-05
bluntly,4.8995110287993256e-06,0.0,0.0,0.0
blur,4.8995110287993256e-06,0.0,0.0,9.520364058721605e-06
blurs,4.8995110287993256e-06,0.0,0.0,9.520364058721605e-06
blurt,4.8995110287993256e-06,0.0,0.0,0.0
blurted,5.389462131679259e-05,0.0,0.0,0.0
blurting,4.8995110287993256e-06,0.0,0.0,0.0
blurts,4.8995110287993256e-06,0.0,0.0,0.0
blush,9.799022057598651e-06,0.0,3.2764326201631665e-05,9.520364058721605e-06
blushed,2.449755514399663e-05,3.3736674013764564e-05,5.7337570852855414e-05,0.0
blushing,1.9598044115197302e-05,0.0,8.191081550407916e-06,0.0
bluster,0.0,0.0,0.0,9.520364058721605e-06
boa,0.0,0.0,0.0,9.520364058721605e-06
board,0.0,7.871890603211732e-05,8.191081550407916e-06,2.8561092176164816e-05
boarding,3.429657720159528e-05,0.0,0.0,1.904072811744321e-05
boards,0.0,1.1245558004588187e-05,0.0,3.808145623488642e-05
boast,4.8995110287993256e-06,0.0,9.010189705448707e-05,0.0
boasted,0.0,0.0,1.6382163100815833e-05,0.0
boastful,4.8995110287993256e-06,0.0,0.0,0.0
boasting,0.0,0.0,8.191081550407916e-06,9.520364058721605e-06
boat,1.4698533086397977e-05,0.0004498223201835275,0.0,3.808145623488642e-05
boats,4.8995110287993256e-06,3.3736674013764564e-05,0.0,0.0
bob,0.0,0.0,0.0,9.520364058721605e-06
bobsled,0.0,1.1245558004588187e-05,0.0,0.0
bock,0.0,1.1245558004588187e-05,0.0,0.0
bodes,0.0,0.0,0.0,9.520364058721605e-06
bodice,4.8995110287993256e-06,0.0,0.0,0.0
bodies,1.9598044115197302e-05,6.747334802752913e-05,8.191081550407916e-06,2.8561092176164816e-05
bodily,0.0,2.2491116009176375e-05,0.0,0.0
body,7.349266543198989e-05,7.871890603211732e-05,0.0,0.00019992764523315372
bodys,4.8995110287993256e-06,0.0,0.0,0.0
bohemia,0.0,0.0,0.0,9.520364058721606e-05
bohemian,0.0,0.0,0.0,3.808145623488642e-05
boiled,1.4698533086397977e-05,1.1245558004588187e-05,0.0,0.0
boiling,9.799022057598651e-06,0.0,0.0,9.520364058721605e-06
boils,4.8995110287993256e-06,1.1245558004588187e-05,0.0,0.0
boisterous,0.0,0.0,0.0,9.520364058721605e-06
boisterously,0.0,0.0,8.191081550407916e-06,0.0
bold,2.449755514399663e-05,0.0,1.6382163100815833e-05,9.520364058721605e-06
bolder,4.8995110287993256e-06,0.0,0.0,0.0
boldly,1.9598044115197302e-05,0.0,8.191081550407916e-06,0.0
boldness,4.8995110287993256e-06,0.0,0.0,0.0
bolster,4.8995110287993256e-06,0.0,0.0,0.0
bolt,4.8995110287993256e-06,0.0,0.0,0.0
bolted,4.8995110287993256e-06,0.0,0.0,9.520364058721605e-06
bolting,4.8995110287993256e-06,0.0,0.0,0.0
bombard,0.0,1.1245558004588187e-05,0.0,0.0
bombarding,4.8995110287993256e-06,0.0,0.0,0.0
bombardment,0.0,7.871890603211732e-05,0.0,0.0
bombed,0.0,1.1245558004588187e-05,0.0,0.0
bombing,0.0,1.1245558004588187e-05,0.0,0.0
bombs,0.0,2.2491116009176375e-05,0.0,0.0
bond,4.8995110287993256e-06,0.0,0.0,9.520364058721605e-06
bondage,1.9598044115197302e-05,0.0,0.0,0.0
bonds,9.799022057598651e-06,5.6227790022940935e-05,0.0,0.0
bone,0.0,2.2491116009176375e-05,0.0,2.8561092176164816e-05
bonello,0.0,0.0008321712923395259,0.0,0.0
bonellos,0.0,1.1245558004588187e-05,0.0,0.0
bones,9.799022057598651e-06,0.0,0.0,1.904072811744321e-05
bonjour,4.8995110287993256e-06,0.0,0.0,0.0
bonne,4.8995110287993256e-06,0.0,0.0,0.0
bonnet,0.0,0.0,2.457324465122375e-05,4.760182029360803e-05
bonniest,0.0,0.0,0.0,9.520364058721605e-06
bonny,0.0,0.0,0.0,9.520364058721605e-06
bony,4.8995110287993256e-06,0.0,0.0,0.0
book,0.0001126887536623845,5.6227790022940935e-05,0.00014743946790734248,8.568327652849445e-05
bookcase,4.8995110287993256e-06,0.0,0.0,0.0
bookish,4.8995110287993256e-06,0.0,0.0,0.0
books,7.839217646078921e-05,3.3736674013764564e-05,0.00011467514170571083,9.520364058721606e-05
bookseller,4.8995110287993256e-06,0.0,0.0,0.0
booksellers,4.8995110287993256e-06,0.0,0.0,0.0
boom,9.799022057598651e-06,1.1245558004588187e-05,0.0,0.0
boomed,0.0,0.0,0.0,9.520364058721605e-06
boone,0.0,0.0,0.0,7.616291246977284e-05
boot,1.4698533086397977e-05,0.0,0.0,4.760182029360803e-05
booted,0.0,0.0,0.0,9.520364058721605e-06
booth,4.8995110287993256e-06,2.2491116009176375e-05,0.0,0.0
booths,9.799022057598651e-06,1.1245558004588187e-05,0.0,0.0
boots,8.819119851838787e-05,0.00021366560208717556,0.0,0.00016184618899826728
booty,4.8995110287993256e-06,0.0,0.0,0.0
boozed,4.8995110287993256e-06,0.0,0.0,0.0
boozer,0.0,1.1245558004588187e-05,0.0,0.0
bordeaux,0.0,0.0,0.0,9.520364058721605e-06
border,0.0,2.2491116009176375e-05,0.0,2.8561092176164816e-05
bordered,0.0,0.0,1.6382163100815833e-05,1.904072811744321e-05
bordering,4.8995110287993256e-06,0.0,2.457324465122375e-05,0.0
borders,0.0,0.0,0.0,1.904072811744321e-05
bore,1.9598044115197302e-05,4.498223201835275e-05,7.371973395367124e-05,4.760182029360803e-05
bored,3.429657720159528e-05,1.1245558004588187e-05,0.0,1.904072811744321e-05
bores,0.0,1.1245558004588187e-05,0.0,0.0
borghese,0.0,1.1245558004588187e-05,0.0,0.0
boring,9.799022057598651e-06,0.0,0.0,0.0
born,2.9397066172795955e-05,8.99644640367055e-05,3.2764326201631665e-05,2.8561092176164816e-05
borne,4.8995110287993256e-06,0.0,4.095540775203958e-05,3.808145623488642e-05
borromées,0.0,2.2491116009176375e-05,0.0,0.0
borrow,2.449755514399663e-05,1.1245558004588187e-05,1.6382163100815833e-05,9.520364058721605e-06
borrowed,4.8995110287993256e-06,0.0,8.191081550407916e-06,1.904072811744321e-05
borrowing,9.799022057598651e-06,0.0,0.0,0.0
boscombe,0.0,0.0,0.0,0.00013328509682210247
bosnians,0.0,1.1245558004588187e-05,0.0,0.0
bosom,3.9196088230394604e-05,0.0,8.191081550407916e-06,1.904072811744321e-05
bosoms,0.0,0.0,8.191081550407916e-06,0.0
boston,0.0,2.2491116009176375e-05,0.0,0.0
boswell,0.0,0.0,0.0,9.520364058721605e-06
botany,0.0,0.0,0.0,9.520364058721605e-06
both,0.0004703530587647353,0.0005622779002294094,0.0005733757085285541,0.00044745711075991546
bother,2.9397066172795955e-05,1.1245558004588187e-05,0.0,0.0
bothered,4.8995110287993256e-06,3.3736674013764564e-05,0.0,0.0
bothering,4.8995110287993256e-06,0.0,0.0,0.0
bothers,0.0,1.1245558004588187e-05,0.0,0.0
bottle,3.9196088230394604e-05,0.0005172956682110567,1.6382163100815833e-05,9.520364058721605e-06
bottles,1.9598044115197302e-05,0.00029238450811929287,0.0,1.904072811744321e-05
bottom,5.389462131679259e-05,4.498223201835275e-05,8.191081550407916e-06,7.616291246977284e-05
bought,4.899511028799326e-05,0.00012370113805047008,3.2764326201631665e-05,5.712218435232963e-05
boulanger,0.0,0.0,8.191081550407916e-06,0.0
boulders,0.0,1.1245558004588187e-05,0.0,0.0
boulevard,2.9397066172795955e-05,0.0,0.0,0.0
bounce,0.0,1.1245558004588187e-05,0.0,0.0
bound,0.0001126887536623845,1.1245558004588187e-05,8.191081550407916e-06,6.664254841105123e-05
boundary,0.0,0.0,1.6382163100815833e-05,9.520364058721605e-06
bounded,4.8995110287993256e-06,1.1245558004588187e-05,0.0,9.520364058721605e-06
boundless,0.0,0.0,8.191081550407916e-06,0.0
bounds,4.8995110287993256e-06,0.0,8.191081550407916e-06,9.520364058721605e-06
bounty,4.8995110287993256e-06,0.0,8.191081550407916e-06,0.0
bouquet,0.0,0.0,0.0,2.8561092176164816e-05
bourgeois,4.8995110287993256e-06,0.0,0.0,0.0
bourgh,0.0,0.0,0.00028668785426427703,0.0
bourghs,0.0,0.0,3.2764326201631665e-05,0.0
bout,9.799022057598651e-06,0.0,0.0,0.0
bow,6.369364337439124e-05,2.2491116009176375e-05,9.010189705448707e-05,5.712218435232963e-05
bowed,8.819119851838787e-05,6.747334802752913e-05,2.457324465122375e-05,8.568327652849445e-05
bower,0.0,1.1245558004588187e-05,0.0,0.0
bowing,1.4698533086397977e-05,0.0,8.191081550407916e-06,1.904072811744321e-05
bowl,0.0,2.2491116009176375e-05,8.191081550407916e-06,0.0
bowled,4.8995110287993256e-06,0.0,0.0,0.0
bowling,0.0,1.1245558004588187e-05,0.0,0.0
bowls,0.0,1.1245558004588187e-05,0.0,9.520364058721605e-06
bows,9.799022057598651e-06,0.0,1.6382163100815833e-05,0.0
box,0.00010778924263358517,0.00015743781206423464,1.6382163100815833e-05,0.0001808869171157105
boxed,0.0,1.1245558004588187e-05,0.0,9.520364058721605e-06
boxer,0.0,0.0,0.0,9.520364058721605e-06
boxes,2.449755514399663e-05,5.6227790022940935e-05,8.191081550407916e-06,3.808145623488642e-05
boxing,0.0,5.6227790022940935e-05,0.0,0.0
boy,0.00017148288600797641,0.0006747334802752913,2.457324465122375e-05,0.00019040728117443212
boyish,4.8995110287993256e-06,0.0,0.0,9.520364058721605e-06
boys,3.429657720159528e-05,0.00013494669605505826,2.457324465122375e-05,1.904072811744321e-05
brace,0.0,1.1245558004588187e-05,0.0,9.520364058721605e-06
braced,4.8995110287993256e-06,1.1245558004588187e-05,0.0,1.904072811744321e-05
bracelets,4.8995110287993256e-06,0.0,8.191081550407916e-06,9.520364058721605e-06
bradshaw,0.0,0.0,0.0,1.904072811744321e-05
bradstreet,0.0,0.0,0.0,0.00011424436870465926
brag,4.8995110287993256e-06,4.498223201835275e-05,0.0,0.0
braggart,1.4698533086397977e-05,0.0,0.0,0.0
bragging,9.799022057598651e-06,1.1245558004588187e-05,0.0,0.0
brain,9.309070954718719e-05,0.0,1.6382163100815833e-05,3.808145623488642e-05
brainless,4.8995110287993256e-06,0.0,0.0,0.0
brains,2.9397066172795955e-05,4.498223201835275e-05,8.191081550407916e-06,2.8561092176164816e-05
brake,0.0,1.1245558004588187e-05,0.0,0.0
brakes,0.0,1.1245558004588187e-05,0.0,0.0
bramble,0.0,0.0,0.0,9.520364058721605e-06
branch,4.8995110287993256e-06,2.2491116009176375e-05,3.2764326201631665e-05,2.8561092176164816e-05
branched,0.0,1.1245558004588187e-05,0.0,0.0
branches,0.0,0.00011245558004588187,0.0,2.8561092176164816e-05
branded,1.4698533086397977e-05,0.0,0.0,9.520364058721605e-06
brandished,9.799022057598651e-06,0.0,0.0,0.0
brandishing,4.8995110287993256e-06,0.0,0.0,0.0
brandy,0.0,0.00029238450811929287,0.0,6.664254841105123e-05
brass,0.0,5.6227790022940935e-05,0.0,3.808145623488642e-05
brassy,0.0,0.0,0.0,9.520364058721605e-06
brat,0.0,1.1245558004588187e-05,0.0,0.0
bravado,4.8995110287993256e-06,0.0,0.0,0.0
brave,4.8995110287993256e-06,0.00022491116009176374,0.0,4.760182029360803e-05
braved,0.0,0.0,0.0,1.904072811744321e-05
bravely,4.8995110287993256e-06,0.0,0.0,0.0
braving,0.0,0.0,0.0,9.520364058721605e-06
bravo,9.799022057598651e-06,0.0,0.0,0.0
brawls,0.0,0.0,0.0,9.520364058721605e-06
brazen,0.0,0.0,0.0,9.520364058721605e-06
brazier,0.0,0.0,0.0,1.904072811744321e-05
breach,4.8995110287993256e-06,0.0,2.457324465122375e-05,9.520364058721605e-06
breaches,9.799022057598651e-06,0.0,0.0,9.520364058721605e-06
bread,7.349266543198989e-05,7.871890603211732e-05,0.0,9.520364058721605e-06
breadth,4.8995110287993256e-06,0.0,0.0,9.520364058721605e-06
break,6.859315440319056e-05,0.00011245558004588187,1.6382163100815833e-05,0.00012376473276338087
breakfast,4.8995110287993256e-06,0.00033736674013764564,0.0002129681203106058,0.00021896837335059693
breakfasted,0.0,1.1245558004588187e-05,8.191081550407916e-06,0.0
breakfasts,0.0,0.0,0.0,9.520364058721605e-06
breaking,5.389462131679259e-05,2.2491116009176375e-05,1.6382163100815833e-05,7.616291246977284e-05
breaks,4.8995110287993256e-06,3.3736674013764564e-05,0.0,9.520364058721605e-06
breast,3.9196088230394604e-05,2.2491116009176375e-05,1.6382163100815833e-05,4.760182029360803e-05
breasted,0.0,0.0,0.0,9.520364058721605e-06
breastpin,0.0,0.0,0.0,9.520364058721605e-06
breath,0.00016168386395037774,6.747334802752913e-05,1.6382163100815833e-05,6.664254841105123e-05
breathe,3.429657720159528e-05,3.3736674013764564e-05,0.0,9.520364058721605e-06
breathed,1.9598044115197302e-05,7.871890603211732e-05,8.191081550407916e-06,9.520364058721605e-06
breathing,4.4095599259193934e-05,7.871890603211732e-05,8.191081550407916e-06,5.712218435232963e-05
breathless,3.429657720159528e-05,0.0,1.6382163100815833e-05,0.0
breathlessly,4.8995110287993256e-06,0.0,0.0,9.520364058721605e-06
breathlessness,4.8995110287993256e-06,0.0,0.0,0.0
breaths,9.799022057598651e-06,0.0,0.0,0.0
breckinridge,0.0,0.0,0.0,6.664254841105123e-05
bred,1.4698533086397977e-05,0.0,3.2764326201631665e-05,2.8561092176164816e-05
breeches,4.8995110287993256e-06,3.3736674013764564e-05,0.0,0.0
breeding,1.4698533086397977e-05,0.0,4.91464893024475e-05,0.0
breeze,0.0,5.6227790022940935e-05,0.0,0.0
brescia,0.0,3.3736674013764564e-05,0.0,0.0
brevity,0.0,0.0,8.191081550407916e-06,0.0
brew,4.8995110287993256e-06,0.0,0.0,0.0
brewer,0.0,0.0,0.0,9.520364058721605e-06
briar,0.0,0.0,0.0,9.520364058721605e-06
bribe,0.0,0.0,8.191081550407916e-06,0.0
bribery,0.0,0.0,8.191081550407916e-06,0.0
bribes,1.4698533086397977e-05,0.0,0.0,0.0
brick,1.9598044115197302e-05,5.6227790022940935e-05,0.0,1.904072811744321e-05
brickish,0.0,0.0,0.0,9.520364058721605e-06
bricks,1.4698533086397977e-05,0.0,0.0,4.760182029360803e-05
brickyard,0.0,5.6227790022940935e-05,0.0,0.0
bridal,0.0,0.0,0.0,9.520364058721605e-06
bride,2.449755514399663e-05,0.0,2.457324465122375e-05,5.712218435232963e-05
bridegroom,0.0,0.0,8.191081550407916e-06,6.664254841105123e-05
brides,0.0,0.0,0.0,2.8561092176164816e-05
bridge,0.00012248777571998316,0.0006185056902523503,2.457324465122375e-05,7.616291246977284e-05
bridgehead,0.0,2.2491116009176375e-05,0.0,0.0
bridges,0.0,1.1245558004588187e-05,0.0,0.0
bridle,4.8995110287993256e-06,0.0,0.0,0.0
brief,6.369364337439124e-05,0.0,0.0,9.520364058721605e-06
briefly,1.4698533086397977e-05,0.0,3.2764326201631665e-05,1.904072811744321e-05
brigade,0.0,7.871890603211732e-05,0.0,0.0
brigand,4.8995110287993256e-06,0.0,0.0,0.0
brigands,4.8995110287993256e-06,0.0,0.0,0.0
brigata,0.0,3.3736674013764564e-05,0.0,0.0
bright,6.859315440319056e-05,0.00010121002204129369,8.191081550407916e-06,0.0001713665530569889
brightened,4.8995110287993256e-06,1.1245558004588187e-05,8.191081550407916e-06,0.0
brightening,0.0,0.0,8.191081550407916e-06,0.0
brighter,9.799022057598651e-06,0.0,0.0,9.520364058721605e-06
brightest,4.8995110287993256e-06,0.0,1.6382163100815833e-05,1.904072811744321e-05
brightly,2.9397066172795955e-05,1.1245558004588187e-05,0.0,4.760182029360803e-05
brightness,4.8995110287993256e-06,0.0,0.0,9.520364058721605e-06
brighton,0.0,0.0,0.00019658595720979,0.0
brilliance,4.8995110287993256e-06,0.0,0.0,0.0
brilliancy,0.0,0.0,1.6382163100815833e-05,0.0
brilliant,1.9598044115197302e-05,0.0,0.0,5.712218435232963e-05
brilliantly,0.0,0.0,0.0,1.904072811744321e-05
brim,0.0,0.0,0.0,9.520364058721605e-06
brimless,4.8995110287993256e-06,0.0,0.0,0.0
brimmed,0.0,0.0,0.0,3.808145623488642e-05
brims,0.0,0.0,0.0,9.520364058721605e-06
brindisi,0.0,2.2491116009176375e-05,0.0,0.0
bring,0.0002498750624687656,0.0004273312041743511,0.00014743946790734248,0.00021896837335059693
bringing,6.859315440319056e-05,2.2491116009176375e-05,9.8292978604895e-05,5.712218435232963e-05
brings,1.4698533086397977e-05,1.1245558004588187e-05,8.191081550407916e-06,1.904072811744321e-05
brink,0.0,0.0,1.6382163100815833e-05,0.0
brioche,0.0,2.2491116009176375e-05,0.0,0.0
briony,0.0,0.0,0.0,0.00010472400464593766
brisk,0.0,0.0,0.0,3.808145623488642e-05
briskly,0.0,0.0,0.0,1.904072811744321e-05
brissago,0.0,3.3736674013764564e-05,0.0,0.0
bristol,0.0,0.0,0.0,5.712218435232963e-05
britain,0.0,0.0,8.191081550407916e-06,9.520364058721605e-06
britannica,0.0,0.0,0.0,1.904072811744321e-05
british,0.0,0.00022491116009176374,8.191081550407916e-06,3.808145623488642e-05
britisher,0.0,1.1245558004588187e-05,0.0,0.0
britling,0.0,2.2491116009176375e-05,0.0,0.0
brittle,0.0,0.0,8.191081550407916e-06,0.0
brittleness,0.0,1.1245558004588187e-05,0.0,0.0
brixton,0.0,0.0,0.0,5.712218435232963e-05
broad,4.899511028799326e-05,1.1245558004588187e-05,8.191081550407916e-06,0.00015232582493954569
broadened,4.8995110287993256e-06,0.0,0.0,2.8561092176164816e-05
broader,1.4698533086397977e-05,0.0,0.0,9.520364058721605e-06
broadest,0.0,0.0,0.0,9.520364058721605e-06
broadly,4.8995110287993256e-06,0.0,0.0,0.0
brocade,9.799022057598651e-06,0.0,0.0,0.0
broke,0.00021557848526717035,4.498223201835275e-05,2.457324465122375e-05,0.00013328509682210247
broken,0.0001910809301231737,0.00016868337006882282,4.91464893024475e-05,0.00011424436870465926
brokenly,4.8995110287993256e-06,0.0,0.0,0.0
bromley,0.0,0.0,8.191081550407916e-06,0.0
bronze,4.8995110287993256e-06,3.3736674013764564e-05,0.0,0.0
bronzes,0.0,1.1245558004588187e-05,0.0,0.0
brooch,4.8995110287993256e-06,0.0,0.0,9.520364058721605e-06
brood,9.799022057598651e-06,0.0,0.0,0.0
brooded,4.8995110287993256e-06,0.0,0.0,0.0
brooding,1.4698533086397977e-05,0.0,0.0,0.0
brooking,0.0,0.0,8.191081550407916e-06,0.0
broom,9.799022057598651e-06,1.1245558004588187e-05,0.0,0.0
brother,0.0005291471911103272,5.6227790022940935e-05,0.0005406113823269225,6.664254841105123e-05
brotherly,0.0,0.0,1.6382163100815833e-05,0.0
brothers,8.329168748958855e-05,5.6227790022940935e-05,0.00012286622325611874,9.520364058721605e-06
brougham,0.0,0.0,0.0,3.808145623488642e-05
brought,0.0003821618602463474,0.0006185056902523503,0.0003112610989155008,0.0004760182029360803
brow,9.799022057598651e-06,0.0,8.191081550407916e-06,5.712218435232963e-05
brown,2.449755514399663e-05,0.00015743781206423464,8.191081550407916e-06,0.00015232582493954569
brownish,0.0,0.0,0.0,9.520364058721605e-06
brows,1.9598044115197302e-05,0.0,0.0,2.8561092176164816e-05
bruise,4.8995110287993256e-06,0.0,0.0,9.520364058721605e-06
bruised,4.8995110287993256e-06,0.0,0.0,0.0
bruises,4.8995110287993256e-06,1.1245558004588187e-05,0.0,0.0
brundi,0.0,1.1245558004588187e-05,0.0,0.0
brush,1.4698533086397977e-05,0.00023615671809635195,0.0,9.520364058721605e-06
brushed,9.799022057598651e-06,2.2491116009176375e-05,0.0,2.8561092176164816e-05
brushes,4.8995110287993256e-06,1.1245558004588187e-05,0.0,0.0
brushing,4.8995110287993256e-06,2.2491116009176375e-05,0.0,0.0
brutal,1.4698533086397977e-05,1.1245558004588187e-05,0.0,0.0
brutality,9.799022057598651e-06,0.0,0.0,0.0
brutally,4.8995110287993256e-06,0.0,0.0,0.0
brute,1.9598044115197302e-05,0.0,0.0,2.8561092176164816e-05
brutes,4.8995110287993256e-06,0.0,0.0,0.0
brutish,4.8995110287993256e-06,0.0,0.0,0.0
bs,0.0,0.0,0.0,9.520364058721605e-06
bubbles,4.8995110287993256e-06,0.0,0.0,0.0
buchs,4.8995110287993256e-06,0.0,0.0,0.0
bucket,9.799022057598651e-06,4.498223201835275e-05,0.0,0.0
buckled,0.0,3.3736674013764564e-05,0.0,0.0
buckles,0.0,0.0,0.0,9.520364058721605e-06
bud,4.8995110287993256e-06,0.0,0.0,0.0
budge,0.0,0.0,0.0,9.520364058721605e-06
buffalo,0.0,0.0,0.0,9.520364058721605e-06
buffoon,9.799022057598651e-06,0.0,0.0,0.0
build,9.799022057598651e-06,1.1245558004588187e-05,8.191081550407916e-06,9.520364058721605e-06
builder,0.0,0.0,0.0,9.520364058721605e-06
builders,4.8995110287993256e-06,0.0,0.0,0.0
building,3.429657720159528e-05,3.3736674013764564e-05,2.457324465122375e-05,0.00012376473276338087
buildings,4.8995110287993256e-06,3.3736674013764564e-05,0.0,9.520364058721605e-06
builds,4.8995110287993256e-06,0.0,0.0,0.0
built,2.449755514399663e-05,4.498223201835275e-05,2.457324465122375e-05,3.808145623488642e-05
bulbs,0.0,1.1245558004588187e-05,0.0,0.0
bulgaria,0.0,2.2491116009176375e-05,0.0,0.0
bulge,0.0,0.0,0.0,9.520364058721605e-06
bulged,4.8995110287993256e-06,1.1245558004588187e-05,0.0,0.0
bulges,0.0,1.1245558004588187e-05,0.0,0.0
bulky,0.0,0.0,0.0,3.808145623488642e-05
bull,0.0,0.0,0.0,9.520364058721605e-06
bulldog,4.8995110287993256e-06,0.0,0.0,1.904072811744321e-05
bullet,1.4698533086397977e-05,2.2491116009176375e-05,0.0,9.520364058721605e-06
bulletin,0.0,1.1245558004588187e-05,0.0,0.0
bullion,0.0,0.0,0.0,1.904072811744321e-05
bullock,4.8995110287993256e-06,0.0,0.0,0.0
bump,0.0,8.99644640367055e-05,0.0,0.0
bumping,0.0,0.0,0.0,9.520364058721605e-06
bun,4.8995110287993256e-06,0.0,0.0,0.0
bunch,9.799022057598651e-06,1.1245558004588187e-05,0.0,9.520364058721605e-06
bundle,2.9397066172795955e-05,0.0,0.0,4.760182029360803e-05
bundles,4.8995110287993256e-06,0.0,0.0,9.520364058721605e-06
burden,4.899511028799326e-05,0.0,0.0,9.520364058721605e-06
burdensome,4.8995110287993256e-06,0.0,0.0,0.0
bureau,5.389462131679259e-05,0.0,0.0,8.568327652849445e-05
burglar,0.0,0.0,0.0,9.520364058721605e-06
burglars,0.0,0.0,0.0,9.520364058721605e-06
burgled,0.0,0.0,0.0,1.904072811744321e-05
burgomeister,9.799022057598651e-06,0.0,0.0,0.0
burial,4.8995110287993256e-06,0.0,0.0,0.0
buried,4.899511028799326e-05,2.2491116009176375e-05,0.0,5.712218435232963e-05
burly,0.0,0.0,0.0,9.520364058721605e-06
burn,1.4698533086397977e-05,1.1245558004588187e-05,0.0,0.0
burned,0.0,0.0,0.0,4.760182029360803e-05
burning,5.389462131679259e-05,1.1245558004588187e-05,8.191081550407916e-06,4.760182029360803e-05
burnished,0.0,0.0,0.0,9.520364058721605e-06
burnous,4.8995110287993256e-06,0.0,0.0,0.0
burns,0.0,1.1245558004588187e-05,0.0,0.0
burnt,2.449755514399663e-05,1.1245558004588187e-05,8.191081550407916e-06,0.0
burnwell,0.0,0.0,0.0,6.664254841105123e-05
burrowing,0.0,0.0,0.0,1.904072811744321e-05
burst,4.4095599259193934e-05,0.00010121002204129369,2.457324465122375e-05,6.664254841105123e-05
bursting,4.8995110287993256e-06,0.0,0.0,0.0
bury,4.8995110287993256e-06,1.1245558004588187e-05,0.0,0.0
burying,4.8995110287993256e-06,0.0,8.191081550407916e-06,0.0
bush,1.9598044115197302e-05,1.1245558004588187e-05,0.0,9.520364058721605e-06
bushes,2.9397066172795955e-05,3.3736674013764564e-05,0.0,4.760182029360803e-05
bushy,0.0,0.0,0.0,2.8561092176164816e-05
busier,0.0,0.0,0.0,9.520364058721605e-06
busily,4.8995110287993256e-06,0.0,2.457324465122375e-05,0.0
business,0.00042625745950554135,0.00010121002204129369,0.0003685986697683562,0.0006949865762866772
businesslike,1.4698533086397977e-05,0.0,0.0,9.520364058721605e-06
busted,0.0,1.1245558004588187e-05,0.0,0.0
bustle,4.8995110287993256e-06,0.0,8.191081550407916e-06,0.0
bustled,0.0,0.0,0.0,9.520364058721605e-06
bustling,0.0,0.0,0.0,9.520364058721605e-06
busts,0.0,4.498223201835275e-05,0.0,0.0
busy,7.839217646078921e-05,0.00010121002204129369,8.191081550407916e-06,6.664254841105123e-05
busybody,4.8995110287993256e-06,0.0,0.0,9.520364058721605e-06
but,0.00878482327463719,0.0057127434663308,0.00821565479505914,0.006178716274110322
butcher,0.0,1.1245558004588187e-05,0.0,0.0
butchered,4.8995110287993256e-06,0.0,0.0,0.0
butchers,4.8995110287993256e-06,1.1245558004588187e-05,8.191081550407916e-06,9.520364058721605e-06
butler,0.0,0.0,8.191081550407916e-06,1.904072811744321e-05
buts,4.8995110287993256e-06,0.0,0.0,0.0
butt,0.0,0.0,0.0,1.904072811744321e-05
butted,0.0,0.0,0.0,9.520364058721605e-06
butter,4.8995110287993256e-06,1.1245558004588187e-05,0.0,0.0
butterfly,9.799022057598651e-06,0.0,0.0,0.0
button,0.0,6.747334802752913e-05,0.0,0.0
buttoned,4.8995110287993256e-06,1.1245558004588187e-05,0.0,4.760182029360803e-05
buttonhole,4.8995110287993256e-06,0.0,0.0,0.0
buttoning,0.0,0.0,0.0,1.904072811744321e-05
buttons,4.8995110287993256e-06,2.2491116009176375e-05,0.0,2.8561092176164816e-05
buttresses,0.0,1.1245558004588187e-05,0.0,0.0
buxom,9.799022057598651e-06,0.0,0.0,0.0
buy,3.429657720159528e-05,0.00011245558004588187,3.2764326201631665e-05,6.664254841105123e-05
buying,4.8995110287993256e-06,0.0,8.191081550407916e-06,9.520364058721605e-06
buys,4.8995110287993256e-06,0.0,0.0,0.0
buzz,9.799022057598651e-06,1.1245558004588187e-05,0.0,9.520364058721605e-06
buzzed,4.8995110287993256e-06,0.0,0.0,0.0
buzzing,0.0,0.0,0.0,9.520364058721605e-06
bwoken,4.8995110287993256e-06,0.0,0.0,0.0
by,0.002709429598926027,0.00204669155683505,0.005184954621408211,0.0033130866924351186
bye,0.0002694731065839629,0.0,4.095540775203958e-05,5.712218435232963e-05
béziers,0.0,1.1245558004588187e-05,0.0,0.0
c,0.0,0.0,0.0,4.760182029360803e-05
cab,4.4095599259193934e-05,5.6227790022940935e-05,0.0,0.00024752946552676175
cabbage,9.799022057598651e-06,1.1245558004588187e-05,0.0,0.0
cabby,0.0,0.0,0.0,9.520364058721605e-06
cabin,1.4698533086397977e-05,0.0,0.0,0.0
cabinet,4.8995110287993256e-06,1.1245558004588187e-05,0.0,1.904072811744321e-05
cabins,0.0,1.1245558004588187e-05,0.0,0.0
cable,0.0,1.1245558004588187e-05,0.0,9.520364058721605e-06
cabman,1.4698533086397977e-05,0.0,0.0,4.760182029360803e-05
cabs,4.8995110287993256e-06,0.0,0.0,1.904072811744321e-05
cackled,9.799022057598651e-06,0.0,0.0,0.0
cad,4.8995110287993256e-06,0.0,0.0,0.0
cadaverous,0.0,0.0,0.0,9.520364058721605e-06
cadore,0.0,1.1245558004588187e-05,0.0,0.0
cadorna,0.0,1.1245558004588187e-05,0.0,0.0
café,4.8995110287993256e-06,0.00016868337006882282,0.0,0.0
cafés,0.0,2.2491116009176375e-05,0.0,0.0
cage,4.8995110287993256e-06,0.0,0.0,9.520364058721605e-06
caged,0.0,0.0,0.0,9.520364058721605e-06
caisson,0.0,1.1245558004588187e-05,0.0,0.0
cake,0.0,0.0,8.191081550407916e-06,9.520364058721605e-06
cakes,0.0,1.1245558004588187e-05,0.0,0.0
cal,0.0,0.0,0.0,9.520364058721605e-06
calamities,9.799022057598651e-06,0.0,0.0,0.0
calamity,4.8995110287993256e-06,0.0,0.0,9.520364058721605e-06
calculate,0.0,0.0,8.191081550407916e-06,0.0
calculated,2.449755514399663e-05,0.0,2.457324465122375e-05,0.0
calculating,4.8995110287993256e-06,0.0,0.0,0.0
calculation,4.8995110287993256e-06,0.0,8.191081550407916e-06,0.0
calculations,9.799022057598651e-06,0.0,0.0,0.0
calculus,4.8995110287993256e-06,0.0,0.0,0.0
calcutta,0.0,0.0,0.0,9.520364058721605e-06
calf,0.0,1.1245558004588187e-05,0.0,9.520364058721605e-06
calhoun,0.0,0.0,0.0,1.904072811744321e-05
caliber,0.0,1.1245558004588187e-05,0.0,0.0
calico,0.0,0.0,8.191081550407916e-06,0.0
california,0.0,0.0,0.0,2.8561092176164816e-05
californian,0.0,0.0,0.0,9.520364058721605e-06
call,0.00014208581983518045,0.000179928928073411,0.00022935028341142166,0.00040937565452502903
called,0.00020577946320957167,0.00025864783410552833,0.0003358343435667246,0.00024752946552676175
calling,1.9598044115197302e-05,2.2491116009176375e-05,0.00012286622325611874,5.712218435232963e-05
callous,4.8995110287993256e-06,0.0,0.0,0.0
calls,9.799022057598651e-06,1.1245558004588187e-05,8.191081550407916e-06,1.904072811744321e-05
calm,6.859315440319056e-05,3.3736674013764564e-05,4.095540775203958e-05,0.0
calmer,4.8995110287993256e-06,0.0,0.0,0.0
calmly,6.859315440319056e-05,0.0,8.191081550407916e-06,2.8561092176164816e-05
calmness,0.0,0.0,3.2764326201631665e-05,0.0
caltrops,0.0,0.0,0.0,9.520364058721605e-06
calumny,9.799022057598651e-06,0.0,0.0,0.0
calves,0.0,0.0,0.0,9.520364058721605e-06
camberwell,0.0,0.0,0.0,1.904072811744321e-05
cambric,9.799022057598651e-06,0.0,8.191081550407916e-06,0.0
cambridge,0.0,0.0,8.191081550407916e-06,0.0
came,0.0011758826469118382,0.002811389501147047,0.0007371973395367124,0.0013899731525733544
camels,4.8995110287993256e-06,0.0,0.0,0.0
camera,0.0,0.0,0.0,9.520364058721605e-06
camion,0.0,3.3736674013764564e-05,0.0,0.0
camions,0.0,3.3736674013764564e-05,0.0,0.0
camp,0.0,2.2491116009176375e-05,2.457324465122375e-05,4.760182029360803e-05
campaign,0.0,0.0,0.0,1.904072811744321e-05
campaigner,0.0,0.0,0.0,9.520364058721605e-06
campanile,0.0,3.3736674013764564e-05,0.0,0.0
campany,4.8995110287993256e-06,0.0,0.0,0.0
camparis,0.0,1.1245558004588187e-05,0.0,0.0
campen,0.0,0.00020242004408258738,0.0,0.0
campens,0.0,1.1245558004588187e-05,0.0,0.0
campful,0.0,0.0,8.191081550407916e-06,0.0
campoformio,0.0,1.1245558004588187e-05,0.0,0.0
camps,0.0,1.1245558004588187e-05,0.0,0.0
can,0.001366963577035012,0.0016306059106652871,0.0017283182071360702,0.0015994211618652297
canada,0.0,1.1245558004588187e-05,0.0,0.0
canadian,0.0,1.1245558004588187e-05,0.0,0.0
canal,0.00010778924263358517,5.6227790022940935e-05,0.0,0.0
canals,0.0,2.2491116009176375e-05,0.0,0.0
canary,4.8995110287993256e-06,0.0,0.0,0.0
cancan,1.4698533086397977e-05,0.0,0.0,0.0
candelabraed,0.0,1.1245558004588187e-05,0.0,0.0
candid,2.9397066172795955e-05,0.0,8.191081550407916e-06,9.520364058721605e-06
candidate,0.0,0.0,0.0,9.520364058721605e-06
candidly,9.799022057598651e-06,0.0,0.0,0.0
candle,0.00012738728674878248,4.498223201835275e-05,0.0,2.8561092176164816e-05
candles,4.8995110287993256e-06,4.498223201835275e-05,0.0,0.0
candlestick,1.9598044115197302e-05,0.0,0.0,0.0
candour,4.8995110287993256e-06,0.0,2.457324465122375e-05,0.0
cane,1.4698533086397977e-05,2.2491116009176375e-05,0.0,2.8561092176164816e-05
cannero,0.0,1.1245558004588187e-05,0.0,0.0
cannobio,0.0,2.2491116009176375e-05,0.0,0.0
cannon,4.8995110287993256e-06,0.0,0.0,9.520364058721605e-06
cannot,0.00016168386395037774,0.00021366560208717556,0.0009174011336456866,0.0004855385669948019
cans,0.0,3.3736674013764564e-05,0.0,0.0
cant,0.0006222379006575144,0.000955872430389996,1.6382163100815833e-05,0.00011424436870465926
canteen,0.0,5.6227790022940935e-05,0.0,0.0
canteens,0.0,2.2491116009176375e-05,0.0,0.0
canvas,4.8995110287993256e-06,0.00020242004408258738,8.191081550407916e-06,9.520364058721605e-06
canvassed,0.0,0.0,1.6382163100815833e-05,0.0
canyon,0.0,1.1245558004588187e-05,0.0,0.0
cap,0.00016168386395037774,0.00023615671809635195,0.0,6.664254841105123e-05
capable,9.799022057598651e-05,1.1245558004588187e-05,0.00014743946790734248,4.760182029360803e-05
capacities,9.799022057598651e-06,0.0,0.0,0.0
capacity,4.8995110287993256e-06,0.0,8.191081550407916e-06,1.904072811744321e-05
cape,1.9598044115197302e-05,0.00016868337006882282,0.0,0.0
capers,0.0,0.0,8.191081550407916e-06,0.0
capes,0.0,5.6227790022940935e-05,0.0,0.0
capital,0.00011758826469118382,0.0,3.2764326201631665e-05,7.616291246977284e-05
capitally,4.8995110287993256e-06,0.0,0.0,0.0
capitano,0.0,3.3736674013764564e-05,0.0,0.0
capitol,4.8995110287993256e-06,0.0,0.0,0.0
caporetto,0.0,4.498223201835275e-05,0.0,0.0
capped,0.0,1.1245558004588187e-05,0.0,0.0
capracotta,0.0,2.2491116009176375e-05,0.0,0.0
capri,0.0,0.00011245558004588187,0.0,0.0
caprice,0.0,0.0,3.2764326201631665e-05,0.0
capricious,4.8995110287993256e-06,0.0,0.0,0.0
capriciously,4.8995110287993256e-06,0.0,0.0,0.0
caps,1.4698533086397977e-05,3.3736674013764564e-05,0.0,1.904072811744321e-05
capsule,4.8995110287993256e-06,3.3736674013764564e-05,0.0,0.0
captain,4.4095599259193934e-05,0.0004723134361927039,3.2764326201631665e-05,1.904072811744321e-05
captains,0.0,4.498223201835275e-05,0.0,0.0
captivate,0.0,0.0,8.191081550407916e-06,0.0
captivated,0.0,0.0,8.191081550407916e-06,0.0
captivating,0.0,0.0,1.6382163100815833e-05,0.0
captivation,0.0,0.0,8.191081550407916e-06,0.0
capture,9.799022057598651e-06,0.0,0.0,9.520364058721605e-06
captured,4.8995110287993256e-06,5.6227790022940935e-05,0.0,9.520364058721605e-06
car,0.0,0.0007646979443119967,0.0,0.0
carabiniere,0.0,7.871890603211732e-05,0.0,0.0
carabinieri,0.0,0.000179928928073411,0.0,0.0
caraffe,0.0,0.0,0.0,9.520364058721605e-06
caravan,4.8995110287993256e-06,0.0,0.0,0.0
carbines,0.0,3.3736674013764564e-05,0.0,0.0
carbolised,0.0,0.0,0.0,9.520364058721605e-06
carbuncle,0.0,0.0,0.0,4.760182029360803e-05
card,3.9196088230394604e-05,7.871890603211732e-05,7.371973395367124e-05,7.616291246977284e-05
cardboard,0.0,1.1245558004588187e-05,0.0,1.904072811744321e-05
cards,2.9397066172795955e-05,7.871890603211732e-05,5.7337570852855414e-05,2.8561092176164816e-05
care,0.0001910809301231737,0.0002698933921101165,0.00028668785426427703,0.0001428054608808241
cared,1.9598044115197302e-05,0.0,5.7337570852855414e-05,2.8561092176164816e-05
career,5.389462131679259e-05,0.0,0.0,9.520364058721605e-06
careful,6.859315440319056e-05,8.99644640367055e-05,3.2764326201631665e-05,7.616291246977284e-05
carefully,0.00017148288600797641,8.99644640367055e-05,2.457324465122375e-05,9.520364058721606e-05
carefulness,4.8995110287993256e-06,0.0,0.0,0.0
careless,1.4698533086397977e-05,0.0,1.6382163100815833e-05,9.520364058721605e-06
carelessly,1.4698533086397977e-05,0.0,0.0,2.8561092176164816e-05
carelessness,4.8995110287993256e-06,0.0,1.6382163100815833e-05,0.0
cares,1.4698533086397977e-05,0.0,1.6382163100815833e-05,9.520364058721605e-06
caress,0.0,0.0,0.0,9.520364058721605e-06
caressing,4.8995110287993256e-06,0.0,0.0,9.520364058721605e-06
caressingly,4.8995110287993256e-06,0.0,0.0,0.0
careworn,4.8995110287993256e-06,0.0,0.0,0.0
cargo,0.0,0.0,0.0,9.520364058721605e-06
caricature,4.8995110287993256e-06,0.0,0.0,0.0
caring,4.8995110287993256e-06,2.2491116009176375e-05,1.6382163100815833e-05,0.0
carlo,0.0,0.0,0.0,9.520364058721605e-06
carlsbad,0.0,0.0,0.0,9.520364058721605e-06
carnage,4.8995110287993256e-06,0.0,0.0,0.0
carolinas,0.0,0.0,0.0,9.520364058721605e-06
caroline,0.0,0.0,0.00011467514170571083,0.0
carolines,0.0,0.0,2.457324465122375e-05,0.0
carpathians,0.0,1.1245558004588187e-05,0.0,0.0
carpenter,0.0,0.0,0.0,9.520364058721605e-06
carpenters,4.8995110287993256e-06,0.0,0.0,0.0
carpet,9.799022057598651e-06,3.3736674013764564e-05,0.0,2.8561092176164816e-05
carpeted,4.8995110287993256e-06,1.1245558004588187e-05,0.0,0.0
carpets,0.0,1.1245558004588187e-05,8.191081550407916e-06,9.520364058721605e-06
carriage,4.899511028799326e-05,0.00038234897215599835,0.0003604075882179483,0.0002094480092918753
carriages,9.799022057598651e-06,2.2491116009176375e-05,4.91464893024475e-05,0.0
carried,0.00010288973160478584,0.00024740227610094015,6.552865240326333e-05,0.0002094480092918753
carries,4.8995110287993256e-06,0.0,0.0,2.8561092176164816e-05
carrot,4.8995110287993256e-06,0.0,0.0,0.0
carry,7.349266543198989e-05,0.00011245558004588187,4.095540775203958e-05,0.00011424436870465926
carrying,6.369364337439124e-05,0.00010121002204129369,3.2764326201631665e-05,7.616291246977284e-05
carrée,0.0,0.0,0.0,9.520364058721605e-06
cars,0.0,0.0006185056902523503,0.0,0.0
carso,0.0,6.747334802752913e-05,0.0,0.0
cart,9.799022057598651e-05,2.2491116009176375e-05,0.0,6.664254841105123e-05
carte,0.0,0.0,0.0,1.904072811744321e-05
carter,0.0,0.0,3.2764326201631665e-05,0.0
cartload,9.799022057598651e-06,0.0,0.0,0.0
cartridge,0.0,2.2491116009176375e-05,0.0,0.0
cartridges,0.0,4.498223201835275e-05,0.0,0.0
carts,4.8995110287993256e-06,0.00013494669605505826,0.0,9.520364058721605e-06
caruso,0.0,2.2491116009176375e-05,0.0,0.0
carved,4.8995110287993256e-06,0.0,8.191081550407916e-06,9.520364058721605e-06
casa,0.0,1.1245558004588187e-05,0.0,0.0
cascade,0.0,0.0,0.0,9.520364058721605e-06
case,0.00044585550362073864,4.498223201835275e-05,0.0002621146096130533,0.0010948418667529845
caseful,0.0,0.0,0.0,9.520364058721605e-06
cases,9.799022057598651e-05,1.1245558004588187e-05,4.91464893024475e-05,0.00022848873740931853
cash,9.799022057598651e-06,0.0,0.0,0.0
cashbox,0.0,0.0,0.0,9.520364058721605e-06
cashes,0.0,1.1245558004588187e-05,0.0,0.0
cashier,0.0,0.0,0.0,1.904072811744321e-05
cashing,0.0,1.1245558004588187e-05,0.0,0.0
cashmere,4.8995110287993256e-06,0.0,0.0,0.0
casket,0.0,0.0,0.0,9.520364058721605e-06
casks,4.8995110287993256e-06,0.0,0.0,0.0
cassel,0.0,0.0,0.0,9.520364058721605e-06
cassino,0.0,0.0,8.191081550407916e-06,0.0
cast,2.449755514399663e-05,2.2491116009176375e-05,1.6382163100815833e-05,4.760182029360803e-05
castagnola,0.0,1.1245558004588187e-05,0.0,0.0
castigate,4.8995110287993256e-06,0.0,0.0,0.0
casting,0.0,0.0,0.0,9.520364058721605e-06
castle,4.8995110287993256e-06,2.2491116009176375e-05,0.0,9.520364058721605e-06
casual,9.799022057598651e-06,0.0,8.191081550407916e-06,0.0
casually,2.449755514399663e-05,0.0,0.0,0.0
casuistry,9.799022057598651e-06,0.0,0.0,0.0
casuists,4.8995110287993256e-06,0.0,0.0,0.0
cat,2.9397066172795955e-05,0.00024740227610094015,0.0,2.8561092176164816e-05
catastrophe,9.799022057598651e-06,0.0,0.0,1.904072811744321e-05
catch,0.00012248777571998316,6.747334802752913e-05,3.2764326201631665e-05,7.616291246977284e-05
catching,2.9397066172795955e-05,0.0,8.191081550407916e-06,9.520364058721605e-06
categories,9.799022057598651e-06,0.0,0.0,0.0
category,2.449755514399663e-05,0.0,0.0,9.520364058721605e-06
cathedral,1.4698533086397977e-05,7.871890603211732e-05,0.0,9.520364058721605e-06
catherine,0.0,0.003182492915298457,0.0009010189705448708,1.904072811744321e-05
catherines,0.0,0.00010121002204129369,0.00013105730480652666,0.0
catholic,0.0,1.1245558004588187e-05,0.0,0.0
catlike,0.0,0.0,0.0,9.520364058721605e-06
cattle,0.0,2.2491116009176375e-05,0.0,0.0
caught,0.0001665833749791771,7.871890603211732e-05,9.010189705448707e-05,0.00019040728117443212
cause,0.00012738728674878248,2.2491116009176375e-05,0.0001556305494577504,0.00019040728117443212
caused,5.879413234559191e-05,0.0,8.191081550407916e-06,0.0001428054608808241
causes,4.4095599259193934e-05,2.2491116009176375e-05,4.095540775203958e-05,1.904072811744321e-05
causing,4.8995110287993256e-06,0.0,0.0,2.8561092176164816e-05
causé,9.799022057598651e-06,0.0,0.0,0.0
caution,9.799022057598651e-06,0.0,2.457324465122375e-05,9.520364058721605e-06
cautioning,0.0,0.0,1.6382163100815833e-05,0.0
cautious,1.4698533086397977e-05,0.0,3.2764326201631665e-05,0.0
cautiously,3.9196088230394604e-05,1.1245558004588187e-05,0.0,0.0
cautiousness,0.0,0.0,8.191081550407916e-06,0.0
cavalcanti,0.0,1.1245558004588187e-05,0.0,0.0
cavalry,9.799022057598651e-06,3.3736674013764564e-05,0.0,0.0
cave,4.8995110287993256e-06,0.0,0.0,9.520364058721605e-06
caved,0.0,0.0,0.0,9.520364058721605e-06
cavour,0.0,2.2491116009176375e-05,0.0,0.0
cease,1.4698533086397977e-05,0.0,1.6382163100815833e-05,1.904072811744321e-05
ceased,7.839217646078921e-05,2.2491116009176375e-05,4.91464893024475e-05,7.616291246977284e-05
ceaseless,0.0,0.0,8.191081550407916e-06,9.520364058721605e-06
ceases,0.0,0.0,0.0,9.520364058721605e-06
ceasing,4.8995110287993256e-06,0.0,0.0,0.0
cedars,0.0,0.0,0.0,2.8561092176164816e-05
ceiling,2.449755514399663e-05,2.2491116009176375e-05,0.0,9.520364058721606e-05
ceilings,4.8995110287993256e-06,0.0,0.0,0.0
celebrate,4.8995110287993256e-06,1.1245558004588187e-05,0.0,0.0
celebrated,0.0,0.0,1.6382163100815833e-05,1.904072811744321e-05
celerity,0.0,0.0,8.191081550407916e-06,0.0
cell,0.0,1.1245558004588187e-05,0.0,1.904072811744321e-05
cellar,9.799022057598651e-06,4.498223201835275e-05,0.0,0.0001428054608808241
cellars,4.8995110287993256e-06,0.0,0.0,0.0
cells,0.0,0.0,0.0,1.904072811744321e-05
cemetery,2.9397066172795955e-05,2.2491116009176375e-05,0.0,0.0
censor,0.0,1.1245558004588187e-05,0.0,0.0
censure,4.8995110287993256e-06,0.0,4.095540775203958e-05,0.0
censured,0.0,0.0,1.6382163100815833e-05,0.0
censuring,0.0,0.0,8.191081550407916e-06,0.0
cent,2.9397066172795955e-05,3.3736674013764564e-05,0.0,9.520364058721605e-06
centered,4.8995110287993256e-06,0.0,0.0,0.0
central,4.8995110287993256e-06,0.0,0.0,3.808145623488642e-05
centre,4.8995110287993256e-06,5.6227790022940935e-05,0.0,0.00015232582493954569
centred,0.0,0.0,0.0,9.520364058721605e-06
centres,4.8995110287993256e-06,1.1245558004588187e-05,0.0,0.0
cents,0.0,0.0,8.191081550407916e-06,0.0
centuries,0.0,0.0,0.0,9.520364058721605e-06
century,9.799022057598651e-06,0.0,0.0,9.520364058721605e-06
ceremonies,4.8995110287993256e-06,0.0,8.191081550407916e-06,0.0
ceremonious,4.8995110287993256e-06,0.0,2.457324465122375e-05,0.0
ceremoniously,4.8995110287993256e-06,0.0,0.0,0.0
ceremony,3.429657720159528e-05,0.0,4.095540775203958e-05,4.760182029360803e-05
certain,0.0003625638161311501,7.871890603211732e-05,0.00044231840372202746,0.0001428054608808241
certainly,0.00035766430510235077,0.00015743781206423464,0.0005979489531797779,0.00042841638264247227
certainty,1.9598044115197302e-05,0.0,6.552865240326333e-05,5.712218435232963e-05
certificate,3.429657720159528e-05,1.1245558004588187e-05,0.0,0.0
certificates,0.0,0.0,0.0,9.520364058721605e-06
cesare,0.0,1.1245558004588187e-05,0.0,0.0
cessation,0.0,0.0,8.191081550407916e-06,0.0
cesspool,9.799022057598651e-06,0.0,0.0,0.0
cesspools,4.8995110287993256e-06,0.0,0.0,0.0
cest,4.8995110287993256e-06,0.0,0.0,1.904072811744321e-05
chaff,0.0,0.0,0.0,9.520364058721605e-06
chaffed,0.0,0.0,0.0,9.520364058721605e-06
chaffering,0.0,0.0,0.0,9.520364058721605e-06
chagrin,0.0,0.0,8.191081550407916e-06,1.904072811744321e-05
chagrined,0.0,0.0,0.0,9.520364058721605e-06
chain,3.9196088230394604e-05,3.3736674013764564e-05,0.0,9.520364058721606e-05
chained,0.0,1.1245558004588187e-05,0.0,0.0
chains,1.9598044115197302e-05,1.1245558004588187e-05,0.0,9.520364058721605e-06
chair,0.0002645735955551636,0.00022491116009176374,4.91464893024475e-05,0.0005902625716407396
chairman,0.0,0.0,0.0,1.904072811744321e-05
chairs,4.899511028799326e-05,6.747334802752913e-05,0.0,2.8561092176164816e-05
chaise,0.0,0.0,9.010189705448707e-05,0.0
chalet,0.0,1.1245558004588187e-05,0.0,0.0
chalk,1.4698533086397977e-05,1.1245558004588187e-05,0.0,2.8561092176164816e-05
chalky,0.0,1.1245558004588187e-05,0.0,0.0
challenge,1.4698533086397977e-05,0.0,8.191081550407916e-06,0.0
challenged,4.8995110287993256e-06,0.0,0.0,0.0
challenging,9.799022057598651e-06,0.0,0.0,0.0
chamber,0.0,0.0,8.191081550407916e-06,0.00015232582493954569
chamberlayne,0.0,0.0,8.191081550407916e-06,0.0
chambermaid,0.0,0.0,1.6382163100815833e-05,0.0
chambers,0.0,0.0,0.0,2.8561092176164816e-05
chamois,9.799022057598651e-06,3.3736674013764564e-05,0.0,9.520364058721605e-06
champagne,4.899511028799326e-05,8.99644640367055e-05,0.0,0.0
champion,9.799022057598651e-06,2.2491116009176375e-05,0.0,0.0
chance,0.00012738728674878248,6.747334802752913e-05,0.0001556305494577504,0.00023800910146804015
chanced,2.449755514399663e-05,0.0,8.191081550407916e-06,9.520364058721605e-06
chances,0.0,1.1245558004588187e-05,0.0,1.904072811744321e-05
chancres,0.0,1.1245558004588187e-05,0.0,0.0
chandelier,0.0,1.1245558004588187e-05,0.0,0.0
chandlers,4.8995110287993256e-06,0.0,0.0,0.0
change,0.00010778924263358517,6.747334802752913e-05,0.00019658595720979,0.00015232582493954569
changed,0.00012248777571998316,5.6227790022940935e-05,6.552865240326333e-05,4.760182029360803e-05
changes,9.799022057598651e-06,1.1245558004588187e-05,8.191081550407916e-06,9.520364058721605e-06
changing,1.4698533086397977e-05,0.0,2.457324465122375e-05,9.520364058721605e-06
channel,0.0,1.1245558004588187e-05,0.0,0.0
channels,0.0,3.3736674013764564e-05,0.0,0.0
chantant,4.8995110287993256e-06,0.0,0.0,0.0
chanted,4.8995110287993256e-06,0.0,0.0,0.0
chaotic,4.8995110287993256e-06,0.0,0.0,0.0
chap,0.0,1.1245558004588187e-05,0.0,1.904072811744321e-05
chapel,9.799022057598651e-06,0.0,0.0,0.0
chaperon,0.0,0.0,8.191081550407916e-06,0.0
chapter,4.8995110287993256e-06,0.0,0.0,9.520364058721605e-06
character,0.0001665833749791771,0.0,0.0005242292192261066,0.00019040728117443212
characterises,0.0,0.0,0.0,9.520364058721605e-06
characteristic,2.9397066172795955e-05,0.0,1.6382163100815833e-05,2.8561092176164816e-05
characteristics,9.799022057598651e-06,0.0,0.0,2.8561092176164816e-05
characterize,0.0,0.0,8.191081550407916e-06,0.0
characters,9.799022057598651e-06,0.0,2.457324465122375e-05,9.520364058721605e-06
charcoal,0.0,0.0,0.0,1.904072811744321e-05
charge,1.9598044115197302e-05,3.3736674013764564e-05,6.552865240326333e-05,0.00012376473276338087
charged,4.8995110287993256e-06,0.0,8.191081550407916e-06,2.8561092176164816e-05
charges,4.8995110287993256e-06,0.0,0.0,0.0
charing,0.0,0.0,0.0,1.904072811744321e-05
chariot,0.0,1.1245558004588187e-05,0.0,0.0
charitable,9.799022057598651e-06,0.0,0.0,0.0
charity,1.4698533086397977e-05,0.0,8.191081550407916e-06,9.520364058721605e-06
charlatanism,4.8995110287993256e-06,0.0,0.0,0.0
charles,0.0,0.0,5.7337570852855414e-05,9.520364058721605e-06
charlotte,0.0,0.0,0.0005569935454277383,0.0
charlottes,0.0,0.0,0.00013924838635693458,0.0
charm,4.8995110287993256e-06,0.0,4.91464893024475e-05,1.904072811744321e-05
charmed,4.8995110287993256e-06,0.0,0.0,0.0
charmer,4.8995110287993256e-06,0.0,0.0,0.0
charming,2.449755514399663e-05,1.1245558004588187e-05,0.00016382163100815833,4.760182029360803e-05
charmingly,0.0,0.0,1.6382163100815833e-05,0.0
charms,0.0,0.0,3.2764326201631665e-05,0.0
charred,0.0,0.0,0.0,9.520364058721605e-06
chart,0.0,2.2491116009176375e-05,0.0,0.0
charwoman,4.8995110287993256e-06,0.0,0.0,0.0
chase,4.8995110287993256e-06,0.0,0.0,4.760182029360803e-05
chased,9.799022057598651e-06,0.0,0.0,9.520364058721605e-06
chaser,0.0,1.1245558004588187e-05,0.0,0.0
chasing,4.8995110287993256e-06,0.0,0.0,9.520364058721605e-06
chaste,2.449755514399663e-05,0.0,0.0,0.0
chastise,4.8995110287993256e-06,0.0,0.0,0.0
chastity,9.799022057598651e-06,0.0,0.0,0.0
chat,4.8995110287993256e-06,0.0,0.0,1.904072811744321e-05
chatsworth,0.0,0.0,8.191081550407916e-06,0.0
chatted,0.0,0.0,0.0,9.520364058721605e-06
chatter,3.9196088230394604e-05,0.0,0.0,0.0
chatterbox,4.8995110287993256e-06,0.0,0.0,0.0
chattered,1.9598044115197302e-05,0.0,0.0,0.0
chattering,9.799022057598651e-06,0.0,0.0,0.0
chatting,4.8995110287993256e-06,0.0,0.0,9.520364058721605e-06
chatty,0.0,0.0,8.191081550407916e-06,0.0
cheap,1.9598044115197302e-05,2.2491116009176375e-05,8.191081550407916e-06,9.520364058721605e-06
cheapest,9.799022057598651e-06,0.0,0.0,0.0
cheapside,0.0,0.0,1.6382163100815833e-05,0.0
cheat,4.8995110287993256e-06,0.0,8.191081550407916e-06,0.0
cheating,0.0,0.0,8.191081550407916e-06,9.520364058721605e-06
check,0.0,1.1245558004588187e-05,3.2764326201631665e-05,2.8561092176164816e-05
checked,2.9397066172795955e-05,1.1245558004588187e-05,4.095540775203958e-05,0.0
checking,4.8995110287993256e-06,0.0,1.6382163100815833e-05,0.0
checkmate,0.0,0.0,0.0,9.520364058721605e-06
cheek,2.9397066172795955e-05,3.3736674013764564e-05,0.0,0.0
cheeked,9.799022057598651e-06,0.0,0.0,0.0
cheeks,6.369364337439124e-05,2.2491116009176375e-05,3.2764326201631665e-05,9.520364058721606e-05
cheeky,0.0,1.1245558004588187e-05,0.0,0.0
cheer,1.4698533086397977e-05,3.3736674013764564e-05,0.0,9.520364058721605e-06
cheered,0.0,2.2491116009176375e-05,0.0,0.0
cheerful,2.449755514399663e-05,0.00014619225405964643,5.7337570852855414e-05,1.904072811744321e-05
cheerfully,4.8995110287993256e-06,0.0,1.6382163100815833e-05,0.0
cheerfulness,0.0,0.0,5.7337570852855414e-05,0.0
cheerily,0.0,1.1245558004588187e-05,0.0,1.904072811744321e-05
cheeriness,0.0,1.1245558004588187e-05,0.0,0.0
cheering,0.0,0.0,1.6382163100815833e-05,0.0
cheerless,0.0,0.0,0.0,9.520364058721605e-06
cheery,0.0,2.2491116009176375e-05,0.0,1.904072811744321e-05
cheese,0.0,0.0002811389501147047,0.0,0.0
cheeses,0.0,1.1245558004588187e-05,0.0,0.0
cheetah,0.0,0.0,0.0,5.712218435232963e-05
chemical,0.0,2.2491116009176375e-05,0.0,3.808145623488642e-05
chemise,9.799022057598651e-06,0.0,0.0,0.0
chemistry,0.0,0.0,0.0,9.520364058721605e-06
chemists,9.799022057598651e-06,0.0,0.0,0.0
cheque,0.0,0.0,0.0,9.520364058721605e-06
cher,4.8995110287993256e-06,0.0,0.0,0.0
cherish,4.8995110287993256e-06,0.0,8.191081550407916e-06,0.0
cherished,1.4698533086397977e-05,0.0,3.2764326201631665e-05,0.0
cherishing,4.8995110287993256e-06,0.0,0.0,0.0
chernex,0.0,1.1245558004588187e-05,0.0,0.0
cherry,0.0,0.0,0.0,9.520364058721605e-06
chess,0.0,4.498223201835275e-05,0.0,0.0
chest,0.0001518848418927791,3.3736674013764564e-05,0.0,5.712218435232963e-05
chesterfield,0.0,0.0,0.0,9.520364058721605e-06
chestnut,0.0,5.6227790022940935e-05,0.0,1.904072811744321e-05
chestnuts,0.0,1.1245558004588187e-05,8.191081550407916e-06,0.0
chew,0.0,3.3736674013764564e-05,0.0,0.0
chewed,4.8995110287993256e-06,3.3736674013764564e-05,0.0,0.0
chewing,0.0,0.0,0.0,9.520364058721605e-06
chianti,0.0,4.498223201835275e-05,0.0,0.0
chicago,0.0,2.2491116009176375e-05,0.0,0.0
chicken,4.8995110287993256e-06,0.0,8.191081550407916e-06,0.0
chickens,0.0,1.1245558004588187e-05,0.0,0.0
chief,8.819119851838787e-05,0.0,0.00013105730480652666,1.904072811744321e-05
chiefly,2.449755514399663e-05,0.0,8.191081550407916e-05,0.0
chiens,4.8995110287993256e-06,0.0,0.0,0.0
chiffon,0.0,0.0,0.0,9.520364058721605e-06
chilblains,0.0,1.1245558004588187e-05,0.0,0.0
child,0.0002449755514399663,0.00014619225405964643,0.00011467514170571083,0.0001808869171157105
childbirth,0.0,2.2491116009176375e-05,0.0,0.0
childhood,2.9397066172795955e-05,0.0,8.191081550407916e-06,0.0
childish,5.389462131679259e-05,0.0,0.0,9.520364058721605e-06
childishly,0.0,1.1245558004588187e-05,0.0,0.0
childishness,4.8995110287993256e-06,0.0,0.0,0.0
children,0.0005291471911103272,5.6227790022940935e-05,0.00020477703876019789,6.664254841105123e-05
childrens,3.429657720159528e-05,0.0,0.0,9.520364058721605e-06
childs,2.449755514399663e-05,0.0,0.0,1.904072811744321e-05
chill,3.429657720159528e-05,0.0,0.0,3.808145623488642e-05
chilled,9.799022057598651e-06,0.0,0.0,0.0
chimney,0.0,1.1245558004588187e-05,8.191081550407916e-06,2.8561092176164816e-05
chimneys,0.0,1.1245558004588187e-05,0.0,1.904072811744321e-05
chin,4.899511028799326e-05,4.498223201835275e-05,8.191081550407916e-06,0.00011424436870465926
china,4.8995110287993256e-06,0.0,8.191081550407916e-06,5.712218435232963e-05
chinchilla,0.0,0.0,0.0,9.520364058721605e-06
chinese,0.0,0.0,0.0,9.520364058721605e-06
chink,0.0,0.0,0.0,1.904072811744321e-05
chinks,4.8995110287993256e-06,0.0,0.0,0.0
chins,0.0,1.1245558004588187e-05,0.0,9.520364058721605e-06
chintz,4.8995110287993256e-06,0.0,0.0,0.0
chips,0.0,2.2491116009176375e-05,0.0,0.0
chirruping,4.8995110287993256e-06,0.0,0.0,0.0
chisel,0.0,0.0,0.0,9.520364058721605e-06
chiselled,4.8995110287993256e-06,0.0,0.0,0.0
chivalrous,0.0,0.0,0.0,9.520364058721605e-06
chocolate,0.0,3.3736674013764564e-05,0.0,0.0
choice,9.799022057598651e-06,1.1245558004588187e-05,0.00012286622325611874,0.0
choke,0.0,1.1245558004588187e-05,0.0,0.0
choked,1.9598044115197302e-05,4.498223201835275e-05,0.0,3.808145623488642e-05
chokes,4.8995110287993256e-06,0.0,0.0,0.0
choking,4.8995110287993256e-06,2.2491116009176375e-05,0.0,0.0
cholera,0.0,1.1245558004588187e-05,0.0,0.0
choose,2.449755514399663e-05,0.0,0.0001556305494577504,2.8561092176164816e-05
chooses,0.0,0.0,6.552865240326333e-05,0.0
choosing,4.8995110287993256e-06,0.0,8.191081550407916e-06,9.520364058721605e-06
chop,9.799022057598651e-06,0.0,0.0,0.0
chopped,4.8995110287993256e-06,1.1245558004588187e-05,0.0,0.0
chopping,0.0,1.1245558004588187e-05,0.0,0.0
chord,4.8995110287993256e-06,0.0,0.0,0.0
chorus,1.4698533086397977e-05,0.0,0.0,0.0
chose,9.799022057598651e-06,0.0,0.00013105730480652666,9.520364058721605e-06
chosen,2.449755514399663e-05,0.0,6.552865240326333e-05,2.8561092176164816e-05
choucroute,0.0,6.747334802752913e-05,0.0,0.0
christ,9.799022057598651e-06,0.00016868337006882282,0.0,0.0
christened,4.8995110287993256e-06,0.0,0.0,0.0
christening,4.8995110287993256e-06,0.0,8.191081550407916e-06,0.0
christian,9.799022057598651e-06,2.2491116009176375e-05,1.6382163100815833e-05,0.0
christians,0.0,1.1245558004588187e-05,0.0,0.0
christmas,4.8995110287993256e-06,3.3736674013764564e-05,4.91464893024475e-05,9.520364058721606e-05
christs,4.8995110287993256e-06,1.1245558004588187e-05,0.0,9.520364058721605e-06
chronic,0.0,0.0,0.0,9.520364058721605e-06
chronicle,4.8995110287993256e-06,0.0,0.0,4.760182029360803e-05
chronicler,0.0,0.0,0.0,9.520364058721605e-06
chubb,0.0,0.0,0.0,9.520364058721605e-06
chucked,0.0,0.0,0.0,9.520364058721605e-06
chuckled,4.8995110287993256e-06,0.0,0.0,6.664254841105123e-05
chuckling,4.8995110287993256e-06,0.0,0.0,9.520364058721605e-06
chugged,0.0,1.1245558004588187e-05,0.0,0.0
chugging,0.0,2.2491116009176375e-05,0.0,0.0
chuh,0.0,4.498223201835275e-05,0.0,0.0
chunk,4.8995110287993256e-06,0.0,0.0,0.0
chunks,4.8995110287993256e-06,1.1245558004588187e-05,0.0,0.0
church,4.4095599259193934e-05,3.3736674013764564e-05,9.010189705448707e-05,0.00013328509682210247
churls,4.8995110287993256e-06,0.0,0.0,0.0
chute,0.0,2.2491116009176375e-05,0.0,0.0
château,0.0,2.2491116009176375e-05,0.0,0.0
ciaou,0.0,0.00010121002204129369,0.0,0.0
cigar,4.8995110287993256e-06,0.0,0.0,0.00011424436870465926
cigarette,6.369364337439124e-05,5.6227790022940935e-05,0.0,3.808145623488642e-05
cigarettes,1.4698533086397977e-05,2.2491116009176375e-05,0.0,9.520364058721605e-06
cigars,4.8995110287993256e-06,0.0,0.0,4.760182029360803e-05
cinder,0.0,0.0,0.0,9.520364058721605e-06
cinq,2.9397066172795955e-05,0.0,0.0,0.0
cinzano,0.0,3.3736674013764564e-05,0.0,0.0
circle,1.9598044115197302e-05,0.0,5.7337570852855414e-05,8.568327652849445e-05
circled,0.0,1.1245558004588187e-05,0.0,0.0
circles,1.9598044115197302e-05,2.2491116009176375e-05,8.191081550407916e-06,1.904072811744321e-05
circling,1.9598044115197302e-05,0.0,0.0,0.0
circuit,0.0,0.0,8.191081550407916e-06,0.0
circulated,0.0,0.0,8.191081550407916e-06,0.0
circulating,4.8995110287993256e-06,0.0,8.191081550407916e-06,0.0
circulation,4.8995110287993256e-06,1.1245558004588187e-05,1.6382163100815833e-05,9.520364058721605e-06
circumspect,0.0,0.0,8.191081550407916e-06,9.520364058721605e-06
circumspection,0.0,0.0,1.6382163100815833e-05,0.0
circumstance,4.4095599259193934e-05,0.0,0.0001556305494577504,0.0
circumstances,0.00010288973160478584,0.0,0.00022935028341142166,8.568327652849445e-05
circumstantial,2.449755514399663e-05,0.0,0.0,2.8561092176164816e-05
circumstantially,4.8995110287993256e-06,0.0,0.0,0.0
circus,0.0,1.1245558004588187e-05,0.0,0.0
citation,0.0,2.2491116009176375e-05,0.0,0.0
cities,0.0,1.1245558004588187e-05,0.0,0.0
citizen,3.429657720159528e-05,0.0,0.0,0.0
citizens,0.0,1.1245558004588187e-05,0.0,1.904072811744321e-05
city,9.799022057598651e-06,2.2491116009176375e-05,8.191081550407916e-06,0.00019040728117443212
cividale,0.0,2.2491116009176375e-05,0.0,0.0
civil,3.429657720159528e-05,1.1245558004588187e-05,0.00014743946790734248,2.8561092176164816e-05
civilian,9.799022057598651e-06,6.747334802752913e-05,0.0,0.0
civilisation,0.0,0.0,0.0,9.520364058721605e-06
civilised,4.8995110287993256e-06,0.0,0.0,9.520364058721605e-06
civilities,0.0,0.0,5.7337570852855414e-05,0.0
civility,0.0,0.0,0.00034402542511713244,0.0
civilization,0.0,1.1245558004588187e-05,0.0,0.0
civilized,0.0,1.1245558004588187e-05,0.0,0.0
civilly,9.799022057598651e-06,0.0,2.457324465122375e-05,0.0
clad,0.0,0.0,0.0,6.664254841105123e-05
claim,1.4698533086397977e-05,0.0,4.095540775203958e-05,0.0001428054608808241
claimed,0.0,0.0,2.457324465122375e-05,0.0
claiming,4.8995110287993256e-06,0.0,0.0,0.0
claims,0.0,0.0,4.91464893024475e-05,0.0
clair,0.0,0.0,0.0,0.00021896837335059693
clairs,0.0,0.0,0.0,3.808145623488642e-05
clambered,4.8995110287993256e-06,0.0,0.0,9.520364058721605e-06
clammy,0.0,1.1245558004588187e-05,0.0,0.0
clamorous,0.0,0.0,8.191081550407916e-06,0.0
clamour,4.8995110287993256e-06,0.0,0.0,0.0
clamouring,4.8995110287993256e-06,0.0,0.0,0.0
clamped,0.0,0.0,0.0,1.904072811744321e-05
clang,0.0,0.0,0.0,3.808145623488642e-05
clanging,0.0,0.0,0.0,1.904072811744321e-05
clank,0.0,0.0,0.0,9.520364058721605e-06
clanking,4.8995110287993256e-06,0.0,0.0,9.520364058721605e-06
clanks,4.8995110287993256e-06,0.0,0.0,0.0
clap,1.4698533086397977e-05,1.1245558004588187e-05,0.0,0.0
clapham,0.0,0.0,3.2764326201631665e-05,0.0
clapped,0.0,0.0,0.0,3.808145623488642e-05
clapping,4.8995110287993256e-06,0.0,0.0,0.0
clara,0.0,0.0,0.0,9.520364058721605e-06
claret,0.0,0.0,0.0,9.520364058721605e-06
clarionet,4.8995110287993256e-06,0.0,0.0,0.0
clark,0.0,0.0,0.0,9.520364058721605e-06
clarkes,0.0,0.0,8.191081550407916e-06,0.0
clashed,4.8995110287993256e-06,0.0,0.0,0.0
clasp,0.0,1.1245558004588187e-05,0.0,0.0
clasped,3.9196088230394604e-05,1.1245558004588187e-05,0.0,9.520364058721605e-06
clasping,1.9598044115197302e-05,0.0,0.0,9.520364058721605e-06
claspings,0.0,0.0,0.0,9.520364058721605e-06
claspknife,4.8995110287993256e-06,0.0,0.0,0.0
class,9.799022057598651e-05,5.6227790022940935e-05,1.6382163100815833e-05,1.904072811744321e-05
classes,1.4698533086397977e-05,0.0,0.0,9.520364058721605e-06
classical,0.0,1.1245558004588187e-05,0.0,0.0
clatter,0.0,0.0,0.0,1.904072811744321e-05
clattered,0.0,0.0,0.0,1.904072811744321e-05
claws,0.0,0.0,0.0,1.904072811744321e-05
clay,0.0,1.1245558004588187e-05,0.0,0.00013328509682210247
clays,0.0,0.0,0.0,9.520364058721605e-06
clean,0.00010778924263358517,0.00024740227610094015,0.0,7.616291246977284e-05
cleaned,4.8995110287993256e-06,3.3736674013764564e-05,0.0,1.904072811744321e-05
cleaner,0.0,1.1245558004588187e-05,0.0,0.0
cleaning,9.799022057598651e-06,0.0,0.0,0.0
cleanliness,9.799022057598651e-06,0.0,0.0,0.0
cleanly,0.0,1.1245558004588187e-05,0.0,9.520364058721605e-06
cleanse,0.0,0.0,8.191081550407916e-06,0.0
clear,0.0002988701727567589,0.00030363006612388105,7.371973395367124e-05,0.0004188960185837506
cleared,4.4095599259193934e-05,3.3736674013764564e-05,1.6382163100815833e-05,0.00015232582493954569
clearer,1.4698533086397977e-05,0.0,8.191081550407916e-06,2.8561092176164816e-05
clearest,4.8995110287993256e-06,0.0,0.0,0.0
clearing,9.799022057598651e-06,4.498223201835275e-05,8.191081550407916e-06,7.616291246977284e-05
clearly,0.00020087995218077235,6.747334802752913e-05,2.457324465122375e-05,0.00013328509682210247
clearness,4.8995110287993256e-06,0.0,0.0,0.0
clears,0.0,0.0,0.0,9.520364058721605e-06
cleaver,0.0,0.0,0.0,1.904072811744321e-05
cleft,1.9598044115197302e-05,0.0,0.0,0.0
clements,0.0,0.0,8.191081550407916e-06,0.0
clenched,9.799022057598651e-06,0.0,0.0,9.520364058721605e-06
clenching,9.799022057598651e-06,0.0,0.0,0.0
cleopatra,0.0,2.2491116009176375e-05,0.0,0.0
clergy,0.0,0.0,8.191081550407916e-06,0.0
clergyman,0.0,0.0,6.552865240326333e-05,6.664254841105123e-05
clerical,0.0,0.0,8.191081550407916e-06,0.0
clerk,0.00027437261761276225,0.0,8.191081550407916e-06,9.520364058721605e-06
clerks,5.879413234559191e-05,0.0,0.0,2.8561092176164816e-05
clever,8.819119851838787e-05,0.0,5.7337570852855414e-05,6.664254841105123e-05
cleverer,9.799022057598651e-06,0.0,0.0,0.0
cleverest,1.4698533086397977e-05,0.0,0.0,0.0
cleverly,1.4698533086397977e-05,0.0,0.0,0.0
cleverness,0.0,0.0,0.0,9.520364058721605e-06
click,4.8995110287993256e-06,2.2491116009176375e-05,0.0,0.0
clicked,0.0,2.2491116009176375e-05,0.0,0.0
clicking,9.799022057598651e-06,3.3736674013764564e-05,0.0,0.0
clickingly,0.0,1.1245558004588187e-05,0.0,0.0
client,0.0,0.0,0.0,0.0002856109217616482
clients,0.0,0.0,0.0,2.8561092176164816e-05
climate,9.799022057598651e-06,2.2491116009176375e-05,0.0,9.520364058721605e-06
climb,0.0,4.498223201835275e-05,0.0,0.0
climbed,0.0,0.000179928928073411,0.0,9.520364058721605e-06
climbers,4.8995110287993256e-06,0.0,0.0,0.0
climbing,0.0,2.2491116009176375e-05,0.0,9.520364058721605e-06
clinched,0.0,0.0,0.0,9.520364058721605e-06
cling,1.4698533086397977e-05,0.0,0.0,0.0
clinging,1.4698533086397977e-05,0.0,0.0,0.0
clinic,0.0,1.1245558004588187e-05,0.0,0.0
clink,0.0,0.0,0.0,1.904072811744321e-05
clinked,0.0,0.0,0.0,9.520364058721605e-06
clip,0.0,2.2491116009176375e-05,0.0,0.0
clipped,0.0,1.1245558004588187e-05,0.0,0.0
clippings,0.0,1.1245558004588187e-05,0.0,0.0
clips,0.0,4.498223201835275e-05,0.0,0.0
cloak,2.449755514399663e-05,0.0,0.0,7.616291246977284e-05
clock,3.429657720159528e-05,7.871890603211732e-05,8.191081550407916e-06,4.760182029360803e-05
cloistered,0.0,1.1245558004588187e-05,0.0,0.0
close,0.0001910809301231737,0.0004498223201835275,7.371973395367124e-05,0.00019040728117443212
closed,9.799022057598651e-05,0.00014619225405964643,4.91464893024475e-05,0.0002094480092918753
closely,2.9397066172795955e-05,1.1245558004588187e-05,8.191081550407916e-06,5.712218435232963e-05
closeness,4.8995110287993256e-06,0.0,0.0,0.0
closer,2.9397066172795955e-05,7.871890603211732e-05,8.191081550407916e-06,0.0
closest,0.0,0.0,1.6382163100815833e-05,0.0
closet,0.0,1.1245558004588187e-05,0.0,0.0
closets,0.0,0.0,8.191081550407916e-06,0.0
closing,2.449755514399663e-05,0.0,0.0,5.712218435232963e-05
closure,0.0,0.0,8.191081550407916e-06,0.0
cloth,1.9598044115197302e-05,6.747334802752913e-05,0.0,6.664254841105123e-05
clothes,0.000225377507324769,0.00020242004408258738,0.0001064840601553029,0.0002094480092918753
clothing,0.0,3.3736674013764564e-05,0.0,0.0
clotilde,0.0,0.0,0.0,9.520364058721605e-06
clotted,4.8995110287993256e-06,0.0,0.0,0.0
cloud,9.799022057598651e-06,3.3736674013764564e-05,0.0,4.760182029360803e-05
clouded,1.4698533086397977e-05,2.2491116009176375e-05,8.191081550407916e-06,9.520364058721605e-06
clouding,0.0,1.1245558004588187e-05,0.0,0.0
cloudless,0.0,0.0,0.0,1.904072811744321e-05
clouds,1.9598044115197302e-05,0.00010121002204129369,0.0,5.712218435232963e-05
cloudy,0.0,2.2491116009176375e-05,0.0,0.0
clout,4.8995110287993256e-06,0.0,0.0,0.0
clove,4.8995110287993256e-06,0.0,0.0,0.0
clown,4.8995110287993256e-06,0.0,0.0,0.0
club,4.8995110287993256e-06,4.498223201835275e-05,0.0,7.616291246977284e-05
clubs,4.8995110287993256e-06,0.0,0.0,0.0
clue,2.449755514399663e-05,0.0,8.191081550407916e-06,0.00012376473276338087
clues,0.0,0.0,0.0,2.8561092176164816e-05
clump,0.0,0.0,8.191081550407916e-06,2.8561092176164816e-05
clumps,0.0,0.0,0.0,9.520364058721605e-06
clumsily,4.8995110287993256e-06,0.0,0.0,0.0
clumsiness,4.8995110287993256e-06,0.0,0.0,0.0
clumsy,2.9397066172795955e-05,0.0,0.0,9.520364058721605e-06
cluster,0.0,0.0,8.191081550407916e-06,9.520364058721605e-06
clutch,1.4698533086397977e-05,1.1245558004588187e-05,0.0,0.0
clutched,3.429657720159528e-05,1.1245558004588187e-05,0.0,3.808145623488642e-05
clutches,0.0,0.0,0.0,1.904072811744321e-05
clutching,9.799022057598651e-06,0.0,0.0,9.520364058721605e-06
co,0.0,0.0,0.0,3.808145623488642e-05
coach,0.0,0.0,8.191081550407916e-05,9.520364058721605e-06
coachman,2.449755514399663e-05,1.1245558004588187e-05,8.191081550407916e-06,2.8561092176164816e-05
coachmans,0.0,0.0,8.191081550407916e-06,0.0
coagulate,0.0,1.1245558004588187e-05,0.0,0.0
coagulates,0.0,1.1245558004588187e-05,0.0,0.0
coal,4.8995110287993256e-06,0.0,0.0,0.0
coarse,4.899511028799326e-05,0.0,8.191081550407916e-06,2.8561092176164816e-05
coarsely,9.799022057598651e-06,0.0,0.0,9.520364058721605e-06
coarsened,4.8995110287993256e-06,0.0,0.0,0.0
coarseness,0.0,0.0,1.6382163100815833e-05,0.0
coarser,9.799022057598651e-06,0.0,0.0,0.0
coarsest,9.799022057598651e-06,0.0,0.0,0.0
coast,0.0,1.1245558004588187e-05,0.0,0.0
coat,0.00020577946320957167,0.00019117448607799918,3.2764326201631665e-05,0.00026657019364420494
coated,4.8995110287993256e-06,0.0,0.0,0.0
coats,1.4698533086397977e-05,2.2491116009176375e-05,8.191081550407916e-06,9.520364058721605e-06
coaxed,4.8995110287993256e-06,0.0,8.191081550407916e-06,0.0
coaxing,0.0,0.0,0.0,9.520364058721605e-06
cobb,0.0,0.0,0.0,9.520364058721605e-06
cobblers,0.0,1.1245558004588187e-05,0.0,9.520364058721605e-06
cobbles,0.0,1.1245558004588187e-05,0.0,0.0
coburg,0.0,0.0,0.0,8.568327652849445e-05
cobwebby,0.0,0.0,0.0,9.520364058721605e-06
cocaine,0.0,0.0,0.0,2.8561092176164816e-05
cock,3.429657720159528e-05,1.1245558004588187e-05,0.0,9.520364058721605e-06
cockaded,4.8995110287993256e-06,0.0,0.0,0.0
cocked,1.4698533086397977e-05,1.1245558004588187e-05,0.0,4.760182029360803e-05
cockeyed,0.0,1.1245558004588187e-05,0.0,0.0
cocking,0.0,0.0,0.0,9.520364058721605e-06
cockroaches,0.0,0.0,0.0,9.520364058721605e-06
cocksure,0.0,0.0,0.0,1.904072811744321e-05
cocktail,0.0,1.1245558004588187e-05,0.0,9.520364058721605e-06
cocktails,0.0,1.1245558004588187e-05,0.0,0.0
code,4.8995110287993256e-06,0.0,0.0,0.0
coffee,3.9196088230394604e-05,0.0002811389501147047,5.7337570852855414e-05,7.616291246977284e-05
coffin,3.429657720159528e-05,0.0,0.0,0.0
cogent,0.0,0.0,8.191081550407916e-06,0.0
cognac,0.0,0.00023615671809635195,0.0,0.0
cogwheel,0.0,1.1245558004588187e-05,0.0,0.0
coherence,9.799022057598651e-06,0.0,0.0,0.0
coherent,4.8995110287993256e-06,0.0,8.191081550407916e-06,0.0
coiffeurs,0.0,1.1245558004588187e-05,0.0,0.0
coil,4.8995110287993256e-06,0.0,0.0,1.904072811744321e-05
coiling,0.0,1.1245558004588187e-05,0.0,0.0
coin,4.8995110287993256e-06,0.0,0.0,9.520364058721605e-06
coincide,0.0,0.0,8.191081550407916e-06,0.0
coincided,0.0,0.0,8.191081550407916e-06,0.0
coincidence,9.799022057598651e-06,0.0,8.191081550407916e-06,9.520364058721605e-06
coincidences,4.8995110287993256e-06,0.0,0.0,9.520364058721605e-06
coincident,0.0,0.0,0.0,9.520364058721605e-06
coincides,4.8995110287993256e-06,0.0,0.0,0.0
coiners,4.8995110287993256e-06,0.0,0.0,9.520364058721605e-06
coins,0.0,2.2491116009176375e-05,0.0,1.904072811744321e-05
cold,0.00022047799629596967,0.0004610678781881157,0.00014743946790734248,0.0002094480092918753
colder,0.0,1.1245558004588187e-05,8.191081550407916e-06,0.0
coldly,2.9397066172795955e-05,3.3736674013764564e-05,1.6382163100815833e-05,2.8561092176164816e-05
coldness,0.0,1.1245558004588187e-05,0.0,9.520364058721605e-06
colds,0.0,0.0,8.191081550407916e-06,0.0
collapse,0.0,0.0,0.0,9.520364058721605e-06
collapsed,0.0,0.0,0.0,1.904072811744321e-05
collapses,4.8995110287993256e-06,0.0,0.0,0.0
collar,9.799022057598651e-06,6.747334802752913e-05,0.0,6.664254841105123e-05
collars,1.9598044115197302e-05,2.2491116009176375e-05,0.0,0.0
colleague,0.0,1.1245558004588187e-05,0.0,3.808145623488642e-05
collect,2.449755514399663e-05,0.0,1.6382163100815833e-05,0.0
collected,1.4698533086397977e-05,1.1245558004588187e-05,2.457324465122375e-05,9.520364058721605e-06
collecting,0.0,0.0,1.6382163100815833e-05,9.520364058721605e-06
collection,0.0,0.0,3.2764326201631665e-05,9.520364058721605e-06
collector,0.0,1.1245558004588187e-05,0.0,0.0
college,0.0,1.1245558004588187e-05,0.0,1.904072811744321e-05
collins,0.0,0.0,0.001277808721863635,0.0
collinses,0.0,0.0,4.91464893024475e-05,0.0
collinss,0.0,0.0,0.00018839487565938207,0.0
colonel,2.449755514399663e-05,0.00010121002204129369,0.0005324203007765145,0.00026657019364420494
colonello,0.0,2.2491116009176375e-05,0.0,0.0
colonels,9.799022057598651e-06,0.0,8.191081550407916e-06,9.520364058721605e-06
colonies,0.0,0.0,0.0,1.904072811744321e-05
colony,0.0,0.0,0.0,1.904072811744321e-05
color,0.0,8.99644640367055e-05,0.0,0.0
colored,0.0,1.1245558004588187e-05,0.0,0.0
colour,4.899511028799326e-05,0.0,9.8292978604895e-05,0.0001808869171157105
coloured,3.9196088230394604e-05,0.0,4.91464893024475e-05,9.520364058721606e-05
colouring,0.0,0.0,2.457324465122375e-05,0.0
colourless,9.799022057598651e-06,0.0,0.0,9.520364058721605e-06
colours,1.9598044115197302e-05,0.0,0.0,0.0
column,0.0,0.000179928928073411,0.0,8.568327652849445e-05
columns,0.0,3.3736674013764564e-05,0.0,1.904072811744321e-05
comb,4.8995110287993256e-06,0.0,0.0,0.0
combat,0.0,1.1245558004588187e-05,0.0,0.0
combated,0.0,0.0,8.191081550407916e-06,0.0
combed,1.4698533086397977e-05,1.1245558004588187e-05,0.0,0.0
combination,0.0,2.2491116009176375e-05,0.0,9.520364058721605e-06
combinations,4.8995110287993256e-06,0.0,0.0,9.520364058721605e-06
combine,0.0,0.0,0.0,9.520364058721605e-06
combined,0.0,0.0,0.0,9.520364058721605e-06
combustion,4.8995110287993256e-06,0.0,0.0,0.0
come,0.002346865782794877,0.002395303854977284,0.0007699616657383441,0.0015327786134541786
comely,0.0,0.0,0.0,9.520364058721605e-06
comer,9.799022057598651e-06,0.0,0.0,0.0
comers,9.799022057598651e-06,0.0,8.191081550407916e-06,0.0
comes,9.309070954718719e-05,0.00022491116009176374,0.00013105730480652666,0.0001428054608808241
cometh,4.8995110287993256e-06,0.0,0.0,0.0
comfort,0.00010778924263358517,1.1245558004588187e-05,0.0002539235280626454,9.520364058721605e-06
comfortable,4.8995110287993256e-06,8.99644640367055e-05,9.8292978604895e-05,4.760182029360803e-05
comfortably,1.4698533086397977e-05,1.1245558004588187e-05,1.6382163100815833e-05,9.520364058721605e-06
comforted,2.9397066172795955e-05,2.2491116009176375e-05,8.191081550407916e-06,9.520364058721605e-06
comforting,9.799022057598651e-06,1.1245558004588187e-05,0.0,0.0
comfortless,0.0,0.0,8.191081550407916e-06,0.0
comforts,9.799022057598651e-06,0.0,3.2764326201631665e-05,0.0
comfy,0.0,1.1245558004588187e-05,0.0,0.0
comic,1.4698533086397977e-05,1.1245558004588187e-05,0.0,9.520364058721605e-06
comical,1.4698533086397977e-05,0.0,0.0,2.8561092176164816e-05
coming,0.00039196088230394606,0.000775943502316585,0.000491464893024475,0.00026657019364420494
command,1.9598044115197302e-05,2.2491116009176375e-05,5.7337570852855414e-05,3.808145623488642e-05
commanded,0.0,1.1245558004588187e-05,1.6382163100815833e-05,0.0
commander,0.0,1.1245558004588187e-05,0.0,9.520364058721605e-06
commanding,0.0,0.0,0.0,9.520364058721605e-06
commands,9.799022057598651e-06,0.0,0.0,1.904072811744321e-05
comme,4.8995110287993256e-06,0.0,0.0,0.0
commence,0.0,1.1245558004588187e-05,0.0,3.808145623488642e-05
commenced,4.8995110287993256e-06,0.00012370113805047008,0.0,0.0
commencement,0.0,0.0,1.6382163100815833e-05,1.904072811744321e-05
commendable,0.0,0.0,8.191081550407916e-06,0.0
commendation,0.0,0.0,5.7337570852855414e-05,0.0
commendations,0.0,0.0,1.6382163100815833e-05,0.0
commended,0.0,0.0,1.6382163100815833e-05,0.0
comment,0.0,0.0,0.0,9.520364058721605e-06
commented,4.8995110287993256e-06,0.0,0.0,0.0
commenting,0.0,0.0,0.0,9.520364058721605e-06
commerce,0.0,0.0,8.191081550407916e-06,9.520364058721605e-06
commercial,9.799022057598651e-06,0.0,0.0,0.0
commiserating,4.8995110287993256e-06,0.0,0.0,0.0
commiseration,0.0,0.0,8.191081550407916e-06,0.0
commissariat,3.9196088230394604e-05,0.0,0.0,0.0
commission,9.799022057598651e-06,0.0,5.7337570852855414e-05,5.712218435232963e-05
commissionaire,0.0,0.0,0.0,3.808145623488642e-05
commissioned,0.0,0.0,8.191081550407916e-06,0.0
commissioning,0.0,0.0,8.191081550407916e-06,0.0
commissions,4.8995110287993256e-06,0.0,0.0,9.520364058721605e-06
commit,2.9397066172795955e-05,1.1245558004588187e-05,0.0,9.520364058721605e-06
commits,4.8995110287993256e-06,0.0,0.0,0.0
committed,1.9598044115197302e-05,0.0,0.0,6.664254841105123e-05
committing,9.799022057598651e-06,0.0,0.0,0.0
common,8.329168748958855e-05,1.1245558004588187e-05,0.0001556305494577504,0.00013328509682210247
commonest,0.0,0.0,8.191081550407916e-06,0.0
commonly,0.0,0.0,8.191081550407916e-06,9.520364058721605e-06
commonplace,2.449755514399663e-05,0.0,0.0,7.616291246977284e-05
commonplaces,4.8995110287993256e-06,0.0,0.0,1.904072811744321e-05
commons,0.0,0.0,0.0,9.520364058721605e-06
commotion,4.8995110287993256e-06,0.0,0.0,0.0
commune,9.799022057598651e-06,0.0,0.0,0.0
communicate,0.0,1.1245558004588187e-05,2.457324465122375e-05,4.760182029360803e-05
communicated,0.0,0.0,2.457324465122375e-05,1.904072811744321e-05
communicating,4.8995110287993256e-06,0.0,0.0,0.0
communication,9.799022057598651e-06,1.1245558004588187e-05,8.191081550407916e-05,3.808145623488642e-05
communications,0.0,0.0,1.6382163100815833e-05,0.0
communicative,4.8995110287993256e-06,0.0,8.191081550407916e-06,9.520364058721605e-06
communicativeness,0.0,0.0,8.191081550407916e-06,0.0
communities,4.8995110287993256e-06,0.0,0.0,0.0
community,4.899511028799326e-05,0.0,0.0,9.520364058721605e-06
commuting,0.0,0.0,0.0,9.520364058721605e-06
como,0.0,5.6227790022940935e-05,0.0,0.0
compact,0.0,1.1245558004588187e-05,0.0,0.0
companies,0.0,0.0,0.0,9.520364058721605e-06
companion,2.9397066172795955e-05,0.0,0.00013105730480652666,0.0002856109217616482
companions,4.8995110287993256e-06,0.0,5.7337570852855414e-05,7.616291246977284e-05
companionship,4.8995110287993256e-06,0.0,0.0,0.0
company,7.839217646078921e-05,2.2491116009176375e-05,0.00018020379410897414,0.00016184618899826728
companys,0.0,0.0,0.0,9.520364058721605e-06
comparative,0.0,0.0,2.457324465122375e-05,0.0
comparatively,0.0,0.0,2.457324465122375e-05,1.904072811744321e-05
compare,0.0,0.0,8.191081550407916e-06,0.0
compared,1.9598044115197302e-05,1.1245558004588187e-05,3.2764326201631665e-05,1.904072811744321e-05
comparing,0.0,1.1245558004588187e-05,1.6382163100815833e-05,9.520364058721605e-06
comparison,1.4698533086397977e-05,0.0,0.0001064840601553029,0.0
comparisons,0.0,0.0,8.191081550407916e-06,0.0
compartment,0.0,7.871890603211732e-05,0.0,0.0
compass,0.0,1.1245558004588187e-05,8.191081550407916e-06,1.904072811744321e-05
compasses,0.0,0.0,0.0,9.520364058721605e-06
compassion,4.899511028799326e-05,0.0,0.00011467514170571083,0.0
compassionate,4.8995110287993256e-06,0.0,1.6382163100815833e-05,0.0
compassionately,1.4698533086397977e-05,0.0,0.0,0.0
compatible,0.0,0.0,1.6382163100815833e-05,0.0
compatriots,0.0,1.1245558004588187e-05,0.0,0.0
compelled,1.9598044115197302e-05,0.0,0.0,5.712218435232963e-05
compels,4.8995110287993256e-06,0.0,0.0,0.0
compensate,1.4698533086397977e-05,0.0,0.0,0.0
compensated,0.0,0.0,0.0,9.520364058721605e-06
compensation,0.0,0.0,8.191081550407916e-06,0.0
competence,0.0,0.0,0.0,9.520364058721605e-06
competent,2.449755514399663e-05,0.0,0.0,0.0
competition,0.0,0.0,2.457324465122375e-05,9.520364058721605e-06
complacency,0.0,0.0,4.095540775203958e-05,0.0
complacent,4.8995110287993256e-06,0.0,0.0,0.0
complain,1.4698533086397977e-05,0.0,3.2764326201631665e-05,1.904072811744321e-05
complained,4.8995110287993256e-06,0.0,8.191081550407916e-06,1.904072811744321e-05
complaining,1.4698533086397977e-05,0.0,8.191081550407916e-06,0.0
complaint,9.799022057598651e-06,0.0,8.191081550407916e-06,1.904072811744321e-05
complaints,9.799022057598651e-06,0.0,3.2764326201631665e-05,0.0
complaisance,0.0,0.0,4.095540775203958e-05,0.0
complaisant,0.0,0.0,8.191081550407916e-06,0.0
complete,0.00014698533086397977,3.3736674013764564e-05,6.552865240326333e-05,0.00011424436870465926
completed,9.799022057598651e-06,0.0,1.6382163100815833e-05,3.808145623488642e-05
completely,0.00019598044115197303,3.3736674013764564e-05,5.7337570852855414e-05,4.760182029360803e-05
completeness,4.8995110287993256e-06,0.0,0.0,0.0
completing,0.0,1.1245558004588187e-05,0.0,0.0
completion,0.0,0.0,8.191081550407916e-06,0.0
complex,4.8995110287993256e-06,0.0,0.0,1.904072811744321e-05
complexion,0.0,0.0,5.7337570852855414e-05,9.520364058721605e-06
compliance,0.0,0.0,8.191081550407916e-06,9.520364058721605e-06
complicated,0.0,2.2491116009176375e-05,0.0,0.0
complicates,0.0,0.0,0.0,9.520364058721605e-06
complied,0.0,0.0,3.2764326201631665e-05,0.0
compliment,4.8995110287993256e-06,0.0,0.0002129681203106058,1.904072811744321e-05
complimentary,0.0,0.0,0.0,9.520364058721605e-06
complimented,0.0,0.0,2.457324465122375e-05,9.520364058721605e-06
complimenting,0.0,0.0,8.191081550407916e-06,0.0
compliments,0.0,0.0,9.010189705448707e-05,9.520364058721605e-06
comply,0.0,0.0,2.457324465122375e-05,9.520364058721605e-06
complying,0.0,0.0,2.457324465122375e-05,0.0
compose,0.0,0.0,2.457324465122375e-05,9.520364058721605e-06
composed,1.9598044115197302e-05,0.0,2.457324465122375e-05,2.8561092176164816e-05
composedly,0.0,0.0,2.457324465122375e-05,0.0
composer,0.0,0.0,0.0,9.520364058721605e-06
composition,0.0,0.0,8.191081550407916e-06,0.0
compositor,0.0,0.0,0.0,9.520364058721605e-06
composure,1.4698533086397977e-05,0.0,0.00013105730480652666,0.0
comprehen,4.8995110287993256e-06,0.0,0.0,0.0
comprehend,4.8995110287993256e-06,0.0,0.0001556305494577504,0.0
comprehended,0.0,0.0,2.457324465122375e-05,0.0
comprehends,0.0,0.0,8.191081550407916e-06,0.0
comprehensible,9.799022057598651e-06,0.0,0.0,0.0
comprehension,0.0,0.0,8.191081550407916e-06,0.0
comprehensive,0.0,0.0,0.0,9.520364058721605e-06
compress,0.0,0.0,0.0,1.904072811744321e-05
compressed,1.4698533086397977e-05,0.0,0.0,1.904072811744321e-05
comprise,0.0,0.0,8.191081550407916e-06,0.0
comprised,0.0,0.0,1.6382163100815833e-05,0.0
compromise,0.0,0.0,0.0,9.520364058721605e-06
compromised,4.8995110287993256e-06,0.0,8.191081550407916e-06,9.520364058721605e-06
compromises,4.8995110287993256e-06,0.0,0.0,0.0
compromising,0.0,0.0,0.0,1.904072811744321e-05
compulsory,4.8995110287993256e-06,0.0,0.0,0.0
compunction,0.0,0.0,0.0,2.8561092176164816e-05
comrade,1.4698533086397977e-05,0.0,0.0,9.520364058721605e-06
comrades,1.4698533086397977e-05,1.1245558004588187e-05,0.0,0.0
con,4.8995110287993256e-06,0.0,0.0,0.0
conceal,3.9196088230394604e-05,0.0,0.0001064840601553029,4.760182029360803e-05
concealed,2.9397066172795955e-05,0.0,5.7337570852855414e-05,2.8561092176164816e-05
concealing,1.4698533086397977e-05,0.0,8.191081550407916e-06,0.0
concealment,4.8995110287993256e-06,0.0,1.6382163100815833e-05,9.520364058721605e-06
conceals,0.0,0.0,8.191081550407916e-06,0.0
conceit,9.799022057598651e-06,0.0,4.095540775203958e-05,9.520364058721605e-06
conceited,2.9397066172795955e-05,5.6227790022940935e-05,4.91464893024475e-05,0.0
conceivable,0.0,0.0,0.0,9.520364058721605e-06
conceive,0.0,0.0,2.457324465122375e-05,1.904072811744321e-05
conceived,1.4698533086397977e-05,0.0,0.0,0.0
conceives,0.0,0.0,0.0,9.520364058721605e-06
conceiving,4.8995110287993256e-06,0.0,0.0,0.0
concentrate,4.8995110287993256e-06,1.1245558004588187e-05,0.0,9.520364058721605e-06
concentrated,1.9598044115197302e-05,2.2491116009176375e-05,0.0,9.520364058721605e-06
concentration,9.799022057598651e-06,0.0,0.0,9.520364058721605e-06
conception,9.799022057598651e-06,0.0,8.191081550407916e-06,1.904072811744321e-05
concern,1.9598044115197302e-05,0.0,0.0002129681203106058,1.904072811744321e-05
concerned,3.9196088230394604e-05,0.0,0.00014743946790734248,8.568327652849445e-05
concerning,9.799022057598651e-06,0.0,4.095540775203958e-05,9.520364058721605e-06
concerns,4.8995110287993256e-06,0.0,6.552865240326333e-05,0.0
concert,0.0,0.0,0.0,9.520364058721605e-06
concertina,9.799022057598651e-06,0.0,0.0,0.0
concerto,0.0,0.0,8.191081550407916e-06,0.0
concerts,0.0,0.0,0.0,9.520364058721605e-06
concierge,0.0,2.2491116009176375e-05,0.0,0.0
concierges,0.0,1.1245558004588187e-05,0.0,0.0
conciliate,0.0,0.0,8.191081550407916e-06,0.0
conciliating,0.0,0.0,8.191081550407916e-06,0.0
conciliatory,0.0,0.0,8.191081550407916e-06,0.0
concise,0.0,0.0,8.191081550407916e-06,9.520364058721605e-06
concisely,0.0,0.0,1.6382163100815833e-05,9.520364058721605e-06
conclude,0.0,0.0,4.095540775203958e-05,0.0
concluded,4.4095599259193934e-05,0.0,8.191081550407916e-05,1.904072811744321e-05
concluding,1.4698533086397977e-05,0.0,8.191081550407916e-06,9.520364058721605e-06
conclusion,6.859315440319056e-05,0.0,6.552865240326333e-05,7.616291246977284e-05
conclusions,2.449755514399663e-05,0.0,0.0,7.616291246977284e-05
conclusive,1.9598044115197302e-05,0.0,0.0,1.904072811744321e-05
conclusively,1.4698533086397977e-05,0.0,0.0,0.0
concrete,0.0,1.1245558004588187e-05,0.0,0.0
concubine,4.8995110287993256e-06,0.0,0.0,0.0
concurrence,0.0,0.0,1.6382163100815833e-05,0.0
condemn,9.799022057598651e-06,0.0,2.457324465122375e-05,0.0
condemned,2.9397066172795955e-05,0.0,1.6382163100815833e-05,9.520364058721605e-06
condensed,0.0,1.1245558004588187e-05,0.0,0.0
condescend,0.0,0.0,8.191081550407916e-06,1.904072811744321e-05
condescended,9.799022057598651e-06,0.0,4.095540775203958e-05,0.0
condescending,1.4698533086397977e-05,0.0,0.0,0.0
condescendingly,0.0,0.0,8.191081550407916e-06,0.0
condescends,0.0,0.0,8.191081550407916e-06,0.0
condescension,4.8995110287993256e-06,0.0,5.7337570852855414e-05,0.0
condition,0.00010288973160478584,3.3736674013764564e-05,2.457324465122375e-05,1.904072811744321e-05
conditional,0.0,0.0,8.191081550407916e-06,0.0
conditionally,0.0,0.0,1.6382163100815833e-05,0.0
conditions,4.8995110287993256e-06,0.0,8.191081550407916e-06,3.808145623488642e-05
condole,0.0,0.0,1.6382163100815833e-05,0.0
condolence,0.0,0.0,8.191081550407916e-06,0.0
conduct,3.429657720159528e-05,1.1245558004588187e-05,0.00018839487565938207,8.568327652849445e-05
conducted,0.0,0.0,1.6382163100815833e-05,9.520364058721605e-06
conducting,9.799022057598651e-06,0.0,0.0,9.520364058721605e-06
conductor,4.8995110287993256e-06,1.1245558004588187e-05,0.0,0.0
conegliano,0.0,1.1245558004588187e-05,0.0,0.0
confectioners,4.8995110287993256e-06,0.0,0.0,9.520364058721605e-06
confederacy,0.0,0.0,8.191081550407916e-06,0.0
confederate,0.0,0.0,0.0,3.808145623488642e-05
confederates,0.0,0.0,0.0,9.520364058721605e-06
conference,0.0,0.0,3.2764326201631665e-05,0.0
confess,0.00014208581983518045,0.0,0.00013105730480652666,0.00015232582493954569
confessed,5.389462131679259e-05,0.0,3.2764326201631665e-05,3.808145623488642e-05
confessing,1.4698533086397977e-05,0.0,0.0,0.0
confession,7.349266543198989e-05,2.2491116009176375e-05,2.457324465122375e-05,3.808145623488642e-05
confessions,4.8995110287993256e-06,0.0,0.0,0.0
confessor,4.8995110287993256e-06,0.0,0.0,0.0
confidant,0.0,0.0,0.0,1.904072811744321e-05
confidante,0.0,0.0,1.6382163100815833e-05,0.0
confide,4.8995110287993256e-06,0.0,8.191081550407916e-06,1.904072811744321e-05
confided,4.8995110287993256e-06,0.0,0.0,1.904072811744321e-05
confidence,3.9196088230394604e-05,0.0,9.010189705448707e-05,4.760182029360803e-05
confident,9.799022057598651e-06,0.0,2.457324465122375e-05,0.0
confidential,0.0,0.0,8.191081550407916e-06,1.904072811744321e-05
confidently,1.4698533086397977e-05,0.0,8.191081550407916e-06,0.0
confiding,0.0,0.0,1.6382163100815833e-05,0.0
confine,0.0,0.0,0.0,1.904072811744321e-05
confined,9.799022057598651e-06,0.0,4.095540775203958e-05,3.808145623488642e-05
confinement,0.0,0.0,8.191081550407916e-06,0.0
confining,0.0,0.0,0.0,9.520364058721605e-06
confirm,9.799022057598651e-06,0.0,8.191081550407916e-06,2.8561092176164816e-05
confirmation,0.0,0.0,3.2764326201631665e-05,0.0
confirmed,1.4698533086397977e-05,0.0,2.457324465122375e-05,9.520364058721605e-06
confirming,0.0,0.0,1.6382163100815833e-05,0.0
confirms,0.0,0.0,8.191081550407916e-06,0.0
confiscated,0.0,1.1245558004588187e-05,0.0,0.0
conflagrations,4.8995110287993256e-06,0.0,0.0,0.0
conflict,1.4698533086397977e-05,0.0,0.0,0.0
confound,6.369364337439124e-05,0.0,0.0,9.520364058721605e-06
confounded,1.4698533086397977e-05,0.0,0.0,0.0
confront,4.8995110287993256e-06,0.0,0.0,0.0
confronted,9.799022057598651e-06,0.0,0.0,9.520364058721605e-06
confronting,4.8995110287993256e-06,0.0,0.0,0.0
confuse,4.8995110287993256e-06,3.3736674013764564e-05,0.0,0.0
confused,2.449755514399663e-05,0.0,3.2764326201631665e-05,1.904072811744321e-05
confusing,0.0,3.3736674013764564e-05,0.0,0.0
confusion,9.799022057598651e-05,0.0,9.010189705448707e-05,1.904072811744321e-05
congealed,4.8995110287993256e-06,0.0,0.0,0.0
congenial,0.0,0.0,8.191081550407916e-06,9.520364058721605e-06
congratulate,9.799022057598651e-06,1.1245558004588187e-05,5.7337570852855414e-05,3.808145623488642e-05
congratulated,0.0,0.0,1.6382163100815833e-05,9.520364058721605e-06
congratulation,0.0,0.0,8.191081550407916e-06,0.0
congratulations,0.0,0.0,9.8292978604895e-05,0.0
congratulatory,0.0,0.0,8.191081550407916e-06,0.0
conjecture,1.9598044115197302e-05,0.0,5.7337570852855414e-05,4.760182029360803e-05
conjectured,0.0,0.0,1.6382163100815833e-05,2.8561092176164816e-05
conjectures,0.0,0.0,3.2764326201631665e-05,0.0
conjecturing,0.0,0.0,1.6382163100815833e-05,0.0
conjugal,4.8995110287993256e-06,0.0,1.6382163100815833e-05,0.0
conjunction,4.8995110287993256e-06,0.0,8.191081550407916e-06,9.520364058721605e-06
connect,0.0,0.0,1.6382163100815833e-05,0.0
connected,4.8995110287993256e-06,1.1245558004588187e-05,0.00011467514170571083,6.664254841105123e-05
connection,1.9598044115197302e-05,0.0,0.0001556305494577504,0.00010472400464593766
connections,4.4095599259193934e-05,0.0,0.0001556305494577504,0.0
connivance,0.0,0.0,8.191081550407916e-06,9.520364058721605e-06
connubial,0.0,0.0,8.191081550407916e-06,0.0
conquer,0.0,0.0,1.6382163100815833e-05,0.0
conquered,0.0,1.1245558004588187e-05,8.191081550407916e-06,0.0
conquest,0.0,0.0,2.457324465122375e-05,0.0
conscience,9.799022057598651e-05,1.1245558004588187e-05,4.095540775203958e-05,1.904072811744321e-05
conscientious,4.8995110287993256e-06,0.0,8.191081550407916e-06,0.0
conscientiously,4.8995110287993256e-06,1.1245558004588187e-05,8.191081550407916e-06,0.0
conscious,8.819119851838787e-05,2.2491116009176375e-05,2.457324465122375e-05,1.904072811744321e-05
consciously,1.4698533086397977e-05,0.0,0.0,0.0
consciousness,6.369364337439124e-05,1.1245558004588187e-05,1.6382163100815833e-05,3.808145623488642e-05
consent,2.449755514399663e-05,0.0,0.0001064840601553029,0.0
consented,1.9598044115197302e-05,0.0,1.6382163100815833e-05,9.520364058721605e-06
consenting,9.799022057598651e-06,0.0,8.191081550407916e-06,0.0
consequence,6.369364337439124e-05,0.0,0.0002539235280626454,9.520364058721605e-06
consequences,9.799022057598651e-06,0.0,1.6382163100815833e-05,9.520364058721605e-06
consequent,0.0,0.0,8.191081550407916e-06,0.0
consequential,0.0,0.0,8.191081550407916e-06,9.520364058721605e-06
consequently,4.8995110287993256e-06,0.0,8.191081550407916e-05,0.0
conservative,9.799022057598651e-06,0.0,0.0,0.0
consider,0.00016168386395037774,0.0,0.00027030569116346124,6.664254841105123e-05
considerable,3.9196088230394604e-05,1.1245558004588187e-05,7.371973395367124e-05,0.00019992764523315372
considerably,9.799022057598651e-06,0.0,2.457324465122375e-05,6.664254841105123e-05
considerate,4.8995110287993256e-06,0.0,0.0,0.0
considerately,4.8995110287993256e-06,0.0,0.0,0.0
consideration,6.369364337439124e-05,0.0,0.00011467514170571083,5.712218435232963e-05
considerations,0.0,0.0,8.191081550407916e-06,9.520364058721605e-06
considered,4.4095599259193934e-05,0.0,0.00018839487565938207,1.904072811744321e-05
considering,2.9397066172795955e-05,0.0,0.0001064840601553029,2.8561092176164816e-05
consign,0.0,0.0,8.191081550407916e-06,0.0
consigned,0.0,0.0,8.191081550407916e-06,0.0
consisted,1.9598044115197302e-05,0.0,1.6382163100815833e-05,1.904072811744321e-05
consistency,0.0,0.0,8.191081550407916e-06,0.0
consistent,4.8995110287993256e-06,0.0,2.457324465122375e-05,0.0
consisting,1.4698533086397977e-05,0.0,0.0,0.0
consists,4.8995110287993256e-06,0.0,8.191081550407916e-06,0.0
consolation,2.449755514399663e-05,0.0,8.191081550407916e-05,0.0
consolations,4.8995110287993256e-06,0.0,0.0,0.0
consolatory,4.8995110287993256e-06,0.0,8.191081550407916e-06,0.0
console,4.8995110287993256e-06,0.0,7.371973395367124e-05,0.0
consoled,4.8995110287993256e-06,0.0,1.6382163100815833e-05,9.520364058721605e-06
consoling,4.8995110287993256e-06,0.0,2.457324465122375e-05,0.0
conspicuous,2.449755514399663e-05,1.1245558004588187e-05,0.0,9.520364058721605e-06
conspirator,9.799022057598651e-06,0.0,0.0,0.0
conspiring,0.0,0.0,0.0,9.520364058721605e-06
constable,9.799022057598651e-06,0.0,0.0,2.8561092176164816e-05
constables,0.0,0.0,0.0,2.8561092176164816e-05
constabulary,0.0,0.0,0.0,9.520364058721605e-06
constancy,0.0,0.0,8.191081550407916e-06,0.0
constant,0.0,0.0,9.8292978604895e-05,0.0
constantly,2.449755514399663e-05,1.1245558004588187e-05,2.457324465122375e-05,0.0
consternation,4.8995110287993256e-06,0.0,8.191081550407916e-06,9.520364058721605e-06
constitute,0.0,0.0,8.191081550407916e-06,0.0
constitutes,9.799022057598651e-06,0.0,0.0,0.0
constitution,0.0,0.0,8.191081550407916e-06,9.520364058721605e-06
constrained,1.4698533086397977e-05,0.0,8.191081550407916e-06,0.0
constraint,4.8995110287993256e-06,0.0,0.0,1.904072811744321e-05
constructed,0.0,1.1245558004588187e-05,0.0,9.520364058721605e-06
construction,4.8995110287993256e-06,0.0,8.191081550407916e-06,9.520364058721605e-06
construed,0.0,0.0,8.191081550407916e-06,0.0
construing,0.0,0.0,8.191081550407916e-06,0.0
consul,4.8995110287993256e-06,6.747334802752913e-05,0.0,0.0
consult,9.799022057598651e-06,0.0,2.457324465122375e-05,7.616291246977284e-05
consultation,9.799022057598651e-06,1.1245558004588187e-05,0.0,0.0
consultations,0.0,0.0,0.0,9.520364058721605e-06
consulted,4.8995110287993256e-06,0.0,1.6382163100815833e-05,1.904072811744321e-05
consulting,0.0,0.0,1.6382163100815833e-05,2.8561092176164816e-05
consults,0.0,0.0,0.0,9.520364058721605e-06
consumed,0.0,0.0,0.0,9.520364058721605e-06
consuming,0.0,0.0,0.0,9.520364058721605e-06
consumption,5.389462131679259e-05,0.0,0.0,0.0
consumptive,3.9196088230394604e-05,0.0,0.0,0.0
contact,9.799022057598651e-06,1.1245558004588187e-05,0.0,1.904072811744321e-05
contain,0.0,0.0,4.91464893024475e-05,9.520364058721605e-06
contained,9.799022057598651e-06,0.0,5.7337570852855414e-05,1.904072811744321e-05
containing,4.8995110287993256e-06,1.1245558004588187e-05,1.6382163100815833e-05,9.520364058721605e-06
contains,0.0,0.0,8.191081550407916e-06,1.904072811744321e-05
contemplated,4.8995110287993256e-06,0.0,0.0,0.0
contemplation,4.8995110287993256e-06,0.0,3.2764326201631665e-05,1.904072811744321e-05
contemplative,0.0,0.0,0.0,9.520364058721605e-06
contemporary,0.0,1.1245558004588187e-05,0.0,0.0
contempt,5.879413234559191e-05,0.0,9.8292978604895e-05,0.0
contemptible,7.839217646078921e-05,0.0,0.0,0.0
contemptuous,3.9196088230394604e-05,0.0,0.0,9.520364058721605e-06
contemptuously,4.4095599259193934e-05,1.1245558004588187e-05,8.191081550407916e-06,0.0
contend,9.799022057598651e-06,0.0,0.0,0.0
content,4.8995110287993256e-06,0.0,8.191081550407916e-06,0.0
contented,4.8995110287993256e-06,1.1245558004588187e-05,3.2764326201631665e-05,0.0
contention,4.8995110287993256e-06,0.0,0.0,0.0
contentment,0.0,0.0,2.457324465122375e-05,0.0
contents,9.799022057598651e-06,0.0,7.371973395367124e-05,3.808145623488642e-05
continent,0.0,0.0,0.0,9.520364058721605e-06
continental,0.0,0.0,0.0,9.520364058721605e-06
continents,0.0,0.0,0.0,9.520364058721605e-06
contingencies,4.8995110287993256e-06,0.0,0.0,0.0
continual,6.859315440319056e-05,0.0,2.457324465122375e-05,0.0
continually,0.00012738728674878248,0.0,4.91464893024475e-05,4.760182029360803e-05
continuance,0.0,0.0,2.457324465122375e-05,0.0
continue,9.799022057598651e-06,0.0,7.371973395367124e-05,8.568327652849445e-05
continued,0.0001126887536623845,0.0,0.0004259362406212116,0.00013328509682210247
continues,0.0,0.0,0.0,9.520364058721605e-06
continuing,4.8995110287993256e-06,0.0,1.6382163100815833e-05,0.0
continuous,4.8995110287993256e-06,1.1245558004588187e-05,0.0,0.0
continuously,0.0,0.0,0.0,9.520364058721605e-06
contorted,1.4698533086397977e-05,0.0,0.0,0.0
contortions,0.0,0.0,0.0,9.520364058721605e-06
contract,1.4698533086397977e-05,0.0,0.0,0.0
contracted,4.8995110287993256e-06,0.0,2.457324465122375e-05,0.0
contraction,0.0,0.0,0.0,2.8561092176164816e-05
contractors,4.8995110287993256e-06,0.0,0.0,0.0
contradict,1.4698533086397977e-05,0.0,1.6382163100815833e-05,9.520364058721605e-06
contradicted,4.8995110287993256e-06,0.0,8.191081550407916e-06,0.0
contradiction,4.8995110287993256e-06,0.0,0.0,0.0
contradictions,0.0,0.0,8.191081550407916e-06,0.0
contradicts,4.8995110287993256e-06,0.0,0.0,0.0
contralto,4.8995110287993256e-06,0.0,0.0,9.520364058721605e-06
contrariety,0.0,0.0,8.191081550407916e-06,0.0
contrariwise,0.0,0.0,8.191081550407916e-06,0.0
contrary,0.00012248777571998316,0.0,8.191081550407916e-05,0.00010472400464593766
contrast,0.0,1.1245558004588187e-05,2.457324465122375e-05,4.760182029360803e-05
contrasted,0.0,1.1245558004588187e-05,8.191081550407916e-06,0.0
contribute,9.799022057598651e-06,0.0,1.6382163100815833e-05,0.0
contributed,4.8995110287993256e-06,0.0,8.191081550407916e-06,9.520364058721605e-06
contribution,4.8995110287993256e-06,0.0,0.0,0.0
contrition,0.0,0.0,0.0,9.520364058721605e-06
contrivance,0.0,0.0,3.2764326201631665e-05,0.0
contrive,0.0,0.0,2.457324465122375e-05,0.0
contrived,0.0,0.0,2.457324465122375e-05,0.0
control,7.349266543198989e-05,0.0,0.0,3.808145623488642e-05
controlled,2.9397066172795955e-05,0.0,0.0,1.904072811744321e-05
controlling,9.799022057598651e-06,0.0,0.0,0.0
controls,0.0,1.1245558004588187e-05,0.0,0.0
controverted,0.0,0.0,8.191081550407916e-06,0.0
conundrums,0.0,0.0,0.0,9.520364058721605e-06
convalescent,0.0,4.498223201835275e-05,0.0,0.0
convalescing,0.0,1.1245558004588187e-05,0.0,0.0
convenience,0.0,1.1245558004588187e-05,2.457324465122375e-05,1.904072811744321e-05
convenient,1.4698533086397977e-05,0.0,4.095540775203958e-05,9.520364058721605e-06
conveniently,4.8995110287993256e-06,0.0,0.0,9.520364058721605e-06
convention,4.8995110287993256e-06,0.0,0.0,0.0
conventional,9.799022057598651e-06,0.0,0.0,0.0
conventionalities,0.0,0.0,0.0,9.520364058721605e-06
conventionally,4.8995110287993256e-06,0.0,0.0,0.0
conventions,0.0,0.0,0.0,9.520364058721605e-06
converging,0.0,1.1245558004588187e-05,0.0,0.0
conversation,0.0002694731065839629,1.1245558004588187e-05,0.0004996559745748828,9.520364058721606e-05
conversations,1.4698533086397977e-05,0.0,8.191081550407916e-06,0.0
converse,4.8995110287993256e-06,0.0,3.2764326201631665e-05,9.520364058721605e-06
conversed,0.0,0.0,8.191081550407916e-06,0.0
conversible,0.0,0.0,8.191081550407916e-06,0.0
conversing,0.0,0.0,2.457324465122375e-05,0.0
convert,4.8995110287993256e-06,1.1245558004588187e-05,8.191081550407916e-06,0.0
converting,0.0,0.0,8.191081550407916e-06,0.0
convey,0.0,0.0,1.6382163100815833e-05,0.0
conveyance,4.8995110287993256e-06,0.0,0.0,0.0
conveyances,4.8995110287993256e-06,0.0,0.0,0.0
conveyed,9.799022057598651e-06,0.0,1.6382163100815833e-05,5.712218435232963e-05
conveying,0.0,0.0,8.191081550407916e-06,0.0
convict,2.449755514399663e-05,0.0,0.0,0.0
conviction,0.00010778924263358517,0.0,0.00013105730480652666,4.760182029360803e-05
convictions,5.879413234559191e-05,0.0,0.0,0.0
convicts,1.9598044115197302e-05,0.0,0.0,0.0
convince,1.4698533086397977e-05,0.0,3.2764326201631665e-05,9.520364058721605e-06
convinced,0.00014208581983518045,0.0,0.00032764326201631665,9.520364058721606e-05
convincing,1.4698533086397977e-05,0.0,0.0,2.8561092176164816e-05
convoy,0.0,1.1245558004588187e-05,0.0,9.520364058721605e-06
convulse,0.0,0.0,0.0,9.520364058721605e-06
convulsed,0.0,0.0,0.0,9.520364058721605e-06
convulsion,4.8995110287993256e-06,0.0,0.0,9.520364058721605e-06
convulsions,4.8995110287993256e-06,0.0,0.0,0.0
convulsive,4.8995110287993256e-06,0.0,0.0,9.520364058721605e-06
convulsively,1.4698533086397977e-05,0.0,0.0,0.0
cooee,0.0,0.0,0.0,6.664254841105123e-05
cook,2.449755514399663e-05,0.0,8.191081550407916e-06,9.520364058721605e-06
cooked,4.8995110287993256e-06,0.00016868337006882282,0.0,0.0
cookery,0.0,0.0,8.191081550407916e-06,0.0
cooking,4.8995110287993256e-06,0.0,0.0,9.520364058721605e-06
cooks,9.799022057598651e-06,0.0,8.191081550407916e-06,0.0
cookshop,4.8995110287993256e-06,0.0,0.0,0.0
cool,2.449755514399663e-05,0.000179928928073411,2.457324465122375e-05,1.904072811744321e-05
cooler,4.8995110287993256e-06,2.2491116009176375e-05,0.0,0.0
coolest,0.0,0.0,0.0,9.520364058721605e-06
cooling,0.0,1.1245558004588187e-05,0.0,0.0
coolly,4.8995110287993256e-06,0.0,3.2764326201631665e-05,0.0
coolness,9.799022057598651e-06,0.0,0.0,9.520364058721605e-06
cooped,0.0,0.0,0.0,9.520364058721605e-06
copeck,1.4698533086397977e-05,0.0,0.0,0.0
copecks,0.00017638239703677574,0.0,0.0,0.0
copied,0.0,0.0,8.191081550407916e-06,0.0
copier,0.0,0.0,0.0,9.520364058721605e-06
copies,4.8995110287993256e-06,0.0,0.0,0.0
copper,4.899511028799326e-05,2.2491116009176375e-05,0.0,0.00010472400464593766
coppers,2.449755514399663e-05,1.1245558004588187e-05,0.0,1.904072811744321e-05
coppice,0.0,0.0,8.191081550407916e-06,0.0
copse,4.8995110287993256e-06,0.0,3.2764326201631665e-05,0.0
copy,9.799022057598651e-06,3.3736674013764564e-05,0.0,1.904072811744321e-05
copying,0.0,0.0,0.0,1.904072811744321e-05
coquetry,0.0,0.0,8.191081550407916e-06,0.0
coquettish,0.0,0.0,0.0,9.520364058721605e-06
cord,0.0,6.747334802752913e-05,0.0,4.760182029360803e-05
cordial,0.0,1.1245558004588187e-05,2.457324465122375e-05,0.0
cordiality,0.0,0.0,3.2764326201631665e-05,0.0
cordially,0.0,0.0,2.457324465122375e-05,9.520364058721605e-06
cork,0.0,5.6227790022940935e-05,0.0,0.0
corks,0.0,3.3736674013764564e-05,0.0,0.0
corkscrew,0.0,4.498223201835275e-05,0.0,0.0
cormons,0.0,2.2491116009176375e-05,0.0,0.0
corn,4.8995110287993256e-06,1.1245558004588187e-05,0.0,0.0
corner,0.00034296577201595283,0.00013494669605505826,8.191081550407916e-06,0.00030465164987909137
corners,2.9397066172795955e-05,0.0,0.0,1.904072811744321e-05
cornwall,0.0,0.0,0.0,9.520364058721605e-06
coroner,0.0,0.0,0.0,0.0001428054608808241
coroners,0.0,0.0,0.0,2.8561092176164816e-05
coronet,0.0,0.0,0.0,0.00024752946552676175
corporal,0.0,2.2491116009176375e-05,0.0,0.0
corps,0.0,3.3736674013764564e-05,4.91464893024475e-05,0.0
corpse,4.8995110287993256e-06,1.1245558004588187e-05,0.0,0.0
corpses,4.8995110287993256e-06,0.0,0.0,0.0
corpulence,4.8995110287993256e-06,0.0,0.0,0.0
correct,1.9598044115197302e-05,0.0,1.6382163100815833e-05,9.520364058721606e-05
corrected,4.8995110287993256e-06,0.0,0.0,0.0
correction,4.8995110287993256e-06,0.0,0.0,0.0
corrective,4.8995110287993256e-06,0.0,0.0,0.0
correctly,2.449755514399663e-05,0.0,0.0,9.520364058721605e-06
correspond,0.0,0.0,8.191081550407916e-06,0.0
corresponded,0.0,0.0,0.0,9.520364058721605e-06
correspondence,9.799022057598651e-06,0.0,4.095540775203958e-05,1.904072811744321e-05
correspondent,0.0,0.0,1.6382163100815833e-05,1.904072811744321e-05
correspondents,0.0,0.0,8.191081550407916e-06,0.0
corresponds,0.0,0.0,0.0,1.904072811744321e-05
corridor,4.899511028799326e-05,0.00013494669605505826,0.0,9.520364058721606e-05
corridors,0.0,0.0,0.0,9.520364058721605e-06
corriere,0.0,2.2491116009176375e-05,0.0,0.0
corroborate,0.0,0.0,0.0,9.520364058721605e-06
corroborated,0.0,0.0,8.191081550407916e-06,0.0
corroboration,0.0,0.0,8.191081550407916e-06,9.520364058721605e-06
corruption,4.8995110287993256e-06,0.0,8.191081550407916e-06,0.0
corsica,0.0,1.1245558004588187e-05,0.0,0.0
cortina,0.0,1.1245558004588187e-05,0.0,0.0
cosmopolitan,0.0,0.0,0.0,2.8561092176164816e-05
cost,3.429657720159528e-05,3.3736674013764564e-05,3.2764326201631665e-05,2.8561092176164816e-05
costermongers,4.8995110287993256e-06,0.0,0.0,0.0
costers,0.0,0.0,0.0,9.520364058721605e-06
costing,0.0,0.0,8.191081550407916e-06,0.0
costs,1.9598044115197302e-05,1.1245558004588187e-05,0.0,0.0
costume,4.8995110287993256e-06,0.0,0.0,2.8561092176164816e-05
costumes,4.8995110287993256e-06,0.0,0.0,0.0
cosy,0.0,0.0,0.0,9.520364058721605e-06
cot,0.0,1.1245558004588187e-05,0.0,0.0
cottage,4.8995110287993256e-06,0.0,0.0,0.0
cottagers,0.0,0.0,8.191081550407916e-06,0.0
cotton,3.429657720159528e-05,0.0,0.0,9.520364058721605e-06
couch,0.0,0.0,0.0,4.760182029360803e-05
cough,0.0001910809301231737,3.3736674013764564e-05,1.6382163100815833e-05,9.520364058721605e-06
coughed,9.799022057598651e-06,0.0,0.0,0.0
coughing,3.9196088230394604e-05,0.0,8.191081550407916e-06,0.0
coughs,0.0,0.0,8.191081550407916e-06,0.0
could,0.0024301574702844655,0.003013809545229634,0.0042757445693129325,0.0027228241207943793
couldnt,0.000225377507324769,0.00025864783410552833,0.0,9.520364058721605e-06
councillor,4.8995110287993256e-06,0.0,0.0,0.0
councillors,4.8995110287993256e-06,0.0,0.0,0.0
counsel,4.8995110287993256e-06,0.0,0.0,9.520364058721605e-06
counsellor,1.9598044115197302e-05,0.0,0.0,9.520364058721605e-06
count,3.429657720159528e-05,0.00014619225405964643,0.0,3.808145623488642e-05
counted,2.449755514399663e-05,2.2491116009176375e-05,8.191081550407916e-06,0.0
countenance,2.449755514399663e-05,0.0,0.0002457324465122375,0.0
counter,1.9598044115197302e-05,6.747334802752913e-05,0.0,0.0
counteract,0.0,0.0,8.191081550407916e-06,0.0
counteracted,0.0,0.0,1.6382163100815833e-05,0.0
counterbalance,0.0,0.0,8.191081550407916e-06,0.0
counterpaned,0.0,0.0,0.0,9.520364058721605e-06
counterpart,0.0,0.0,8.191081550407916e-06,0.0
countess,4.8995110287993256e-06,0.0,0.0,7.616291246977284e-05
counties,0.0,0.0,0.0,1.904072811744321e-05
counting,2.449755514399663e-05,0.0,8.191081550407916e-06,0.0
country,0.00011758826469118382,0.0004948045522018803,0.0003358343435667246,0.0003332127420552562
countryman,0.0,0.0,0.0,9.520364058721605e-06
countrymen,0.0,2.2491116009176375e-05,0.0,0.0
countryside,0.0,1.1245558004588187e-05,0.0,1.904072811744321e-05
countrywomen,0.0,1.1245558004588187e-05,0.0,0.0
counts,0.0,0.0,0.0,9.520364058721605e-06
county,0.0,0.0,4.91464893024475e-05,5.712218435232963e-05
coup,0.0,1.1245558004588187e-05,0.0,0.0
couple,5.389462131679259e-05,0.00010121002204129369,6.552865240326333e-05,0.00010472400464593766
coupled,0.0,0.0,0.0,9.520364058721605e-06
couples,0.0,0.0,8.191081550407916e-06,9.520364058721605e-06
coupling,0.0,1.1245558004588187e-05,0.0,0.0
courage,1.9598044115197302e-05,2.2491116009176375e-05,9.8292978604895e-05,9.520364058721605e-06
courier,0.0,0.0,8.191081550407916e-06,0.0
course,0.0008231178528382867,0.00038234897215599835,0.00038498083286917206,0.0005617014794645748
courses,4.8995110287993256e-06,0.0,2.457324465122375e-05,0.0
court,5.389462131679259e-05,3.3736674013764564e-05,3.2764326201631665e-05,0.0001808869171157105
courted,0.0,0.0,1.6382163100815833e-05,0.0
courteous,4.8995110287993256e-06,1.1245558004588187e-05,8.191081550407916e-06,0.0
courteously,9.799022057598651e-06,0.0,0.0,0.0
courtesied,0.0,0.0,8.191081550407916e-06,0.0
courtesy,4.8995110287993256e-06,0.0,4.095540775203958e-05,1.904072811744321e-05
courtier,0.0,0.0,8.191081550407916e-06,0.0
courting,0.0,0.0,8.191081550407916e-06,0.0
courts,4.8995110287993256e-06,0.0,0.0,0.0
courtship,4.8995110287993256e-06,0.0,1.6382163100815833e-05,0.0
courtyard,1.9598044115197302e-05,6.747334802752913e-05,0.0,0.0
courtyards,9.799022057598651e-06,0.0,0.0,0.0
cousin,4.8995110287993256e-06,3.3736674013764564e-05,0.0003358343435667246,2.8561092176164816e-05
cousins,0.0,0.0,0.0001556305494577504,9.520364058721605e-06
cova,0.0,6.747334802752913e-05,0.0,0.0
covent,0.0,0.0,0.0,2.8561092176164816e-05
coventry,0.0,0.0,0.0,9.520364058721605e-06
cover,9.799022057598651e-06,0.0,8.191081550407916e-06,4.760182029360803e-05
covered,0.00012738728674878248,0.000179928928073411,1.6382163100815833e-05,0.00010472400464593766
covering,9.799022057598651e-06,0.0,1.6382163100815833e-05,0.0
coverlet,0.0,2.2491116009176375e-05,0.0,0.0
covers,4.8995110287993256e-06,1.1245558004588187e-05,0.0,0.0
coveys,0.0,0.0,8.191081550407916e-06,0.0
cow,4.8995110287993256e-06,0.0,0.0,0.0
coward,1.9598044115197302e-05,2.2491116009176375e-05,0.0,0.0
cowardice,1.9598044115197302e-05,0.0,0.0,0.0
cowardly,1.4698533086397977e-05,0.0,0.0,0.0
cowards,4.8995110287993256e-06,1.1245558004588187e-05,0.0,0.0
cows,0.0,0.0,8.191081550407916e-06,0.0
cowshed,4.8995110287993256e-06,0.0,0.0,0.0
coxcombs,4.8995110287993256e-06,0.0,0.0,0.0
crab,4.8995110287993256e-06,0.0,0.0,9.520364058721605e-06
crabs,0.0,1.1245558004588187e-05,0.0,0.0
crack,5.879413234559191e-05,0.00013494669605505826,0.0,2.8561092176164816e-05
cracked,1.9598044115197302e-05,1.1245558004588187e-05,0.0,2.8561092176164816e-05
crackers,0.0,1.1245558004588187e-05,0.0,0.0
cracking,1.4698533086397977e-05,0.0,0.0,0.0
crackled,0.0,1.1245558004588187e-05,0.0,0.0
crackling,0.0,0.0,0.0,2.8561092176164816e-05
cracks,0.0,0.0,0.0,1.904072811744321e-05
cradle,0.0,1.1245558004588187e-05,0.0,0.0
cradles,0.0,0.0,8.191081550407916e-06,0.0
crafty,9.799022057598651e-06,0.0,0.0,0.0
craggy,0.0,0.0,0.0,9.520364058721605e-06
crammed,0.0,0.0,8.191081550407916e-06,0.0
cramp,4.8995110287993256e-06,0.0,0.0,0.0
cramped,1.9598044115197302e-05,0.0,0.0,0.0
cramping,4.8995110287993256e-06,0.0,0.0,0.0
cramps,0.0,1.1245558004588187e-05,0.0,0.0
crane,0.0,0.0,0.0,9.520364058721605e-06
cranky,0.0,1.1245558004588187e-05,0.0,0.0
crash,4.8995110287993256e-06,0.0,0.0,1.904072811744321e-05
crashing,4.8995110287993256e-06,0.0,0.0,0.0
crate,0.0,0.0,0.0,2.8561092176164816e-05
crates,0.0,0.0,0.0,9.520364058721605e-06
cravat,9.799022057598651e-06,0.0,0.0,1.904072811744321e-05
cravats,0.0,0.0,0.0,9.520364058721605e-06
craved,4.8995110287993256e-06,0.0,0.0,0.0
craving,1.4698533086397977e-05,0.0,0.0,0.0
crawl,0.0,0.0,0.0,1.904072811744321e-05
crawled,0.0,3.3736674013764564e-05,0.0,9.520364058721605e-06
crawling,4.8995110287993256e-06,0.0,0.0,0.0
crayons,0.0,0.0,8.191081550407916e-06,0.0
crazed,4.8995110287993256e-06,0.0,0.0,0.0
crazy,5.879413234559191e-05,0.0002811389501147047,0.0,0.0
creaking,0.0,0.0,0.0,9.520364058721605e-06
cream,9.799022057598651e-06,0.0,0.0,2.8561092176164816e-05
creases,0.0,0.0,0.0,2.8561092176164816e-05
create,0.0,1.1245558004588187e-05,0.0,0.0
created,1.4698533086397977e-05,1.1245558004588187e-05,4.095540775203958e-05,9.520364058721605e-06
creation,1.9598044115197302e-05,0.0,0.0,0.0
creative,0.0,0.0,8.191081550407916e-06,0.0
creator,4.8995110287993256e-06,0.0,0.0,0.0
creature,0.0001126887536623845,0.0,0.00011467514170571083,0.00010472400464593766
creatures,9.799022057598651e-06,0.0,2.457324465122375e-05,9.520364058721605e-06
credit,2.9397066172795955e-05,0.0,0.00022115920186101373,5.712218435232963e-05
creditable,0.0,0.0,1.6382163100815833e-05,9.520364058721605e-06
creditably,0.0,0.0,8.191081550407916e-06,0.0
creditor,4.8995110287993256e-06,0.0,0.0,9.520364058721605e-06
creditors,0.0,0.0,1.6382163100815833e-05,0.0
credulous,4.8995110287993256e-06,0.0,0.0,0.0
creed,4.8995110287993256e-06,0.0,0.0,0.0
creep,9.799022057598651e-06,0.0,0.0,0.0
creeping,0.0,0.0,0.0,9.520364058721605e-06
crept,1.4698533086397977e-05,0.0,0.0,0.0
crest,4.8995110287993256e-06,1.1245558004588187e-05,0.0,9.520364058721605e-06
crestfallen,4.8995110287993256e-06,0.0,0.0,0.0
crevez,4.8995110287993256e-06,0.0,0.0,0.0
crew,0.0,1.1245558004588187e-05,0.0,0.0
crewe,0.0,0.0,0.0,9.520364058721605e-06
crib,0.0,0.0,0.0,1.904072811744321e-05
cried,0.0011807821579406376,8.99644640367055e-05,0.0007453884210871203,0.0006473847559930691
criers,4.8995110287993256e-06,0.0,0.0,0.0
cries,1.9598044115197302e-05,0.0,0.0,9.520364058721605e-06
crime,0.00024007604041116696,1.1245558004588187e-05,0.0,0.00030465164987909137
crimes,2.449755514399663e-05,0.0,0.0,3.808145623488642e-05
criminal,0.0001126887536623845,3.3736674013764564e-05,0.0,7.616291246977284e-05
criminality,4.8995110287993256e-06,0.0,0.0,0.0
criminals,4.4095599259193934e-05,2.2491116009176375e-05,0.0,3.808145623488642e-05
crimson,4.4095599259193934e-05,0.0,0.0,0.0
crimsoned,9.799022057598651e-06,0.0,0.0,0.0
cringe,0.0,0.0,0.0,9.520364058721605e-06
cringing,4.8995110287993256e-06,0.0,0.0,9.520364058721605e-06
crinkled,0.0,0.0,0.0,9.520364058721605e-06
crinoline,1.4698533086397977e-05,0.0,0.0,0.0
cripple,0.0,0.0,0.0,4.760182029360803e-05
crippled,4.8995110287993256e-06,0.0,0.0,9.520364058721605e-06
crisis,4.8995110287993256e-06,0.0,0.0,1.904072811744321e-05
crisp,0.0,0.0,0.0,2.8561092176164816e-05
crisply,0.0,0.0,0.0,9.520364058721605e-06
cristal,2.9397066172795955e-05,0.0,0.0,0.0
critical,0.0,0.0,8.191081550407916e-06,0.0
criticise,4.8995110287993256e-06,0.0,8.191081550407916e-06,0.0
criticised,4.8995110287993256e-06,0.0,0.0,0.0
criticism,1.9598044115197302e-05,0.0,0.0,0.0
criticisms,0.0,0.0,8.191081550407916e-06,0.0
croak,4.8995110287993256e-06,0.0,0.0,0.0
croatians,0.0,1.1245558004588187e-05,0.0,0.0
croats,0.0,1.1245558004588187e-05,0.0,0.0
crockery,9.799022057598651e-06,0.0,0.0,0.0
crocuses,0.0,0.0,0.0,9.520364058721605e-06
crony,0.0,0.0,0.0,9.520364058721605e-06
crooked,4.8995110287993256e-06,4.498223201835275e-05,0.0,0.0
crop,9.799022057598651e-06,1.1245558004588187e-05,0.0,8.568327652849445e-05
crops,0.0,1.1245558004588187e-05,0.0,0.0
cross,0.00014208581983518045,0.00022491116009176374,3.2764326201631665e-05,9.520364058721606e-05
crossed,8.819119851838787e-05,0.00025864783410552833,4.095540775203958e-05,3.808145623488642e-05
crosses,2.449755514399663e-05,1.1245558004588187e-05,0.0,0.0
crossing,6.369364337439124e-05,0.00011245558004588187,1.6382163100815833e-05,0.0
crouched,9.799022057598651e-06,2.2491116009176375e-05,0.0,9.520364058721605e-06
crouching,0.0,1.1245558004588187e-05,0.0,0.0
crowbar,9.799022057598651e-06,0.0,0.0,0.0
crowd,0.00027437261761276225,4.498223201835275e-05,8.191081550407916e-06,6.664254841105123e-05
crowded,4.899511028799326e-05,5.6227790022940935e-05,2.457324465122375e-05,3.808145623488642e-05
crowder,0.0,0.0,0.0,2.8561092176164816e-05
crowding,9.799022057598651e-06,1.1245558004588187e-05,0.0,0.0
crowds,2.449755514399663e-05,0.0,0.0,0.0
crowell,0.0,0.00013494669605505826,0.0,0.0
crowells,0.0,2.2491116009176375e-05,0.0,0.0
crowing,0.0,1.1245558004588187e-05,0.0,0.0
crown,9.799022057598651e-06,1.1245558004588187e-05,8.191081550407916e-06,5.712218435232963e-05
crowned,9.799022057598651e-06,0.0,8.191081550407916e-06,0.0
crowns,0.0,0.0,0.0,9.520364058721605e-06
crows,4.8995110287993256e-06,0.0,0.0,0.0
croyant,0.0,1.1245558004588187e-05,0.0,0.0
crucial,0.0,0.0,0.0,9.520364058721605e-06
crucified,1.4698533086397977e-05,0.0,0.0,0.0
crucify,9.799022057598651e-06,0.0,0.0,0.0
crude,9.799022057598651e-06,0.0,0.0,9.520364058721605e-06
crudest,4.8995110287993256e-06,0.0,0.0,9.520364058721605e-06
cruel,4.4095599259193934e-05,0.0,3.2764326201631665e-05,2.8561092176164816e-05
cruelly,1.4698533086397977e-05,0.0,2.457324465122375e-05,2.8561092176164816e-05
cruelty,4.8995110287993256e-06,0.0,3.2764326201631665e-05,1.904072811744321e-05
crueltys,0.0,0.0,0.0,9.520364058721605e-06
crumbly,0.0,0.0,0.0,9.520364058721605e-06
crumpled,9.799022057598651e-06,0.0,0.0,2.8561092176164816e-05
crush,2.9397066172795955e-05,0.0,0.0,0.0
crushed,9.309070954718719e-05,1.1245558004588187e-05,0.0,2.8561092176164816e-05
crushing,9.799022057598651e-06,0.0,8.191081550407916e-06,9.520364058721605e-06
crust,2.9397066172795955e-05,0.0,0.0,9.520364058721605e-06
crusted,0.0,1.1245558004588187e-05,0.0,9.520364058721605e-06
crutches,4.8995110287993256e-06,7.871890603211732e-05,0.0,0.0
cry,0.0001322867977775818,0.00011245558004588187,8.191081550407916e-06,0.00026657019364420494
crying,0.0001518848418927791,0.00015743781206423464,1.6382163100815833e-05,9.520364058721605e-06
crystal,0.0,1.1245558004588187e-05,0.0,0.0
crystallised,0.0,0.0,0.0,9.520364058721605e-06
crystals,0.0,1.1245558004588187e-05,0.0,9.520364058721605e-06
cub,0.0,0.0,0.0,9.520364058721605e-06
cubic,0.0,0.0,0.0,9.520364058721605e-06
cuckoos,4.8995110287993256e-06,0.0,0.0,0.0
cucumber,9.799022057598651e-06,0.0,8.191081550407916e-06,0.0
cucumbers,4.8995110287993256e-06,0.0,0.0,0.0
cuddle,0.0,1.1245558004588187e-05,0.0,0.0
cudgelled,0.0,0.0,0.0,9.520364058721605e-06
cue,4.8995110287993256e-06,0.0,0.0,0.0
cuff,0.0,0.0,0.0,1.904072811744321e-05
cuffs,1.4698533086397977e-05,0.0,0.0,0.0
culprit,0.0,0.0,8.191081550407916e-06,1.904072811744321e-05
cultivated,1.9598044115197302e-05,0.0,0.0,0.0
cultivation,0.0,0.0,8.191081550407916e-06,0.0
culture,1.4698533086397977e-05,1.1245558004588187e-05,0.0,0.0
cultured,0.0,0.0,0.0,9.520364058721605e-06
cumbrous,0.0,0.0,0.0,9.520364058721605e-06
cunning,7.349266543198989e-05,0.0,8.191081550407916e-06,6.664254841105123e-05
cunningham,0.0,1.1245558004588187e-05,0.0,0.0
cup,4.4095599259193934e-05,8.99644640367055e-05,8.191081550407916e-06,5.712218435232963e-05
cupboard,4.4095599259193934e-05,0.0,0.0,3.808145623488642e-05
cupboards,4.8995110287993256e-06,0.0,0.0,0.0
cupola,9.799022057598651e-06,0.0,0.0,0.0
cupped,0.0,1.1245558004588187e-05,0.0,0.0
cups,9.799022057598651e-06,0.0,0.0,0.0
curb,0.0,1.1245558004588187e-05,0.0,9.520364058721605e-06
cure,1.9598044115197302e-05,1.1245558004588187e-05,8.191081550407916e-06,9.520364058721605e-06
cured,4.8995110287993256e-06,0.0,0.0,9.520364058721605e-06
curing,9.799022057598651e-06,0.0,0.0,0.0
curiosities,0.0,0.0,8.191081550407916e-06,0.0
curiosity,9.309070954718719e-05,0.0,0.00018839487565938207,8.568327652849445e-05
curious,5.389462131679259e-05,0.0,4.095540775203958e-05,0.00010472400464593766
curiously,2.9397066172795955e-05,0.0,0.0,0.0
curled,1.9598044115197302e-05,0.0,0.0,5.712218435232963e-05
curling,0.0,0.0,0.0,2.8561092176164816e-05
curls,9.799022057598651e-06,0.0,0.0,0.0
curly,1.4698533086397977e-05,0.0,0.0,9.520364058721605e-06
current,1.4698533086397977e-05,5.6227790022940935e-05,0.0,9.520364058721605e-06
currently,0.0,0.0,0.0,9.520364058721605e-06
curricle,0.0,0.0,1.6382163100815833e-05,0.0
curse,1.9598044115197302e-05,0.0,0.0,9.520364058721605e-06
cursed,1.9598044115197302e-05,0.0,0.0,9.520364058721605e-06
curses,1.9598044115197302e-05,1.1245558004588187e-05,0.0,9.520364058721605e-06
cursing,1.9598044115197302e-05,1.1245558004588187e-05,0.0,0.0
curt,0.0,0.0,0.0,1.904072811744321e-05
curtailed,0.0,0.0,8.191081550407916e-06,0.0
curtain,1.4698533086397977e-05,2.2491116009176375e-05,0.0,2.8561092176164816e-05
curtains,4.8995110287993256e-06,3.3736674013764564e-05,8.191081550407916e-06,0.0
curtseys,4.8995110287993256e-06,0.0,0.0,0.0
curtsied,9.799022057598651e-06,0.0,0.0,0.0
curtsy,9.799022057598651e-06,0.0,0.0,0.0
curtsying,9.799022057598651e-06,0.0,0.0,0.0
curve,4.8995110287993256e-06,2.2491116009176375e-05,0.0,1.904072811744321e-05
curved,0.0,2.2491116009176375e-05,0.0,0.0
curves,0.0,0.0,0.0,9.520364058721605e-06
curving,0.0,0.0,0.0,9.520364058721605e-06
cusack,0.0,0.0,0.0,2.8561092176164816e-05
cushion,0.0,0.0,0.0,9.520364058721605e-06
cushioned,0.0,1.1245558004588187e-05,0.0,9.520364058721605e-06
cushions,0.0,0.0,0.0,9.520364058721605e-06
custody,0.0,0.0,8.191081550407916e-06,2.8561092176164816e-05
custom,0.0,6.747334802752913e-05,1.6382163100815833e-05,4.760182029360803e-05
customary,0.0,0.0,0.0,9.520364058721605e-06
customer,0.0,0.0,0.0,9.520364058721605e-06
customers,9.799022057598651e-06,1.1245558004588187e-05,0.0,0.0
customs,0.0,2.2491116009176375e-05,0.0,0.0
cut,0.00017638239703677574,0.0005060501102064685,0.0,0.0002856109217616482
cuts,1.9598044115197302e-05,1.1245558004588187e-05,0.0,1.904072811744321e-05
cutting,9.799022057598651e-06,2.2491116009176375e-05,8.191081550407916e-06,0.0
cuttings,0.0,0.0,0.0,9.520364058721605e-06
cuvier,0.0,0.0,0.0,9.520364058721605e-06
cyclists,0.0,1.1245558004588187e-05,0.0,0.0
cylinder,0.0,2.2491116009176375e-05,0.0,9.520364058721605e-06
cylinders,0.0,1.1245558004588187e-05,0.0,1.904072811744321e-05
cynic,1.4698533086397977e-05,0.0,0.0,0.0
cynical,9.799022057598651e-06,0.0,0.0,9.520364058721605e-06
cynicism,4.8995110287993256e-06,1.1245558004588187e-05,0.0,0.0
cypress,9.799022057598651e-06,0.0,0.0,0.0
cypresses,0.0,1.1245558004588187e-05,0.0,0.0
cyprus,4.8995110287993256e-06,0.0,0.0,0.0
cyrus,4.8995110287993256e-06,0.0,0.0,0.0
czecho,0.0,1.1245558004588187e-05,0.0,0.0
cæsarean,0.0,6.747334802752913e-05,0.0,0.0
célèbres,0.0,0.0,0.0,9.520364058721605e-06
cœur,0.0,0.0,0.0,9.520364058721605e-06
d,9.799022057598651e-06,2.2491116009176375e-05,0.0,1.904072811744321e-05
dad,0.0,0.0,0.0,5.712218435232963e-05
dagestan,9.799022057598651e-06,0.0,0.0,0.0
dago,0.0,1.1245558004588187e-05,0.0,0.0
daily,0.0,0.0,2.457324465122375e-05,2.8561092176164816e-05
daintiest,0.0,0.0,0.0,9.520364058721605e-06
daintily,4.8995110287993256e-06,0.0,0.0,0.0
dainty,4.8995110287993256e-06,0.0,0.0,0.0
damages,4.8995110287993256e-06,0.0,0.0,0.0
dame,4.8995110287993256e-06,0.0,0.0,0.0
dames,1.4698533086397977e-05,0.0,0.0,0.0
damn,0.00010288973160478584,5.6227790022940935e-05,0.0,0.0
damnable,9.799022057598651e-06,0.0,0.0,0.0
damnation,9.799022057598651e-06,0.0,0.0,0.0
damned,2.449755514399663e-05,7.871890603211732e-05,0.0,0.0
damning,0.0,0.0,0.0,1.904072811744321e-05
damp,4.4095599259193934e-05,2.2491116009176375e-05,8.191081550407916e-06,2.8561092176164816e-05
dampezzo,0.0,1.1245558004588187e-05,0.0,0.0
dampness,4.8995110287993256e-06,0.0,0.0,0.0
damsels,4.8995110287993256e-06,0.0,0.0,0.0
dance,5.879413234559191e-05,0.0,0.0002621146096130533,0.0
danced,3.429657720159528e-05,0.0,0.0001064840601553029,0.0
dances,4.8995110287993256e-06,0.0,9.010189705448707e-05,0.0
dancing,2.449755514399663e-05,1.1245558004588187e-05,0.00017201271255856622,0.0
dandling,4.8995110287993256e-06,0.0,0.0,0.0
dandy,2.449755514399663e-05,0.0,0.0,0.0
dane,0.0,0.0,0.0,9.520364058721605e-06
danger,5.389462131679259e-05,0.00013494669605505826,0.0001556305494577504,0.00019992764523315372
dangerous,4.899511028799326e-05,5.6227790022940935e-05,8.191081550407916e-06,5.712218435232963e-05
dangerously,0.0,0.0,0.0,9.520364058721605e-06
dangers,0.0,0.0,0.0,1.904072811744321e-05
dangling,0.0,0.0,0.0,2.8561092176164816e-05
dank,0.0,0.0,0.0,1.904072811744321e-05
danke,4.8995110287993256e-06,0.0,0.0,0.0
danseuse,0.0,0.0,0.0,9.520364058721605e-06
darcy,0.0,0.0,0.0030552734183021527,0.0
darcys,0.0,0.0,0.0003604075882179483,0.0
dare,0.000210678974238371,0.0,0.0003112610989155008,2.8561092176164816e-05
dared,6.859315440319056e-05,0.0,0.0001064840601553029,9.520364058721605e-06
darent,9.799022057598651e-06,0.0,0.0,0.0
dares,9.799022057598651e-06,0.0,0.0,0.0
daresay,1.4698533086397977e-05,0.0,1.6382163100815833e-05,1.904072811744321e-05
dargento,0.0,1.1245558004588187e-05,0.0,0.0
daring,4.899511028799326e-05,0.0,1.6382163100815833e-05,4.760182029360803e-05
dark,0.0002449755514399663,0.001023345778417525,1.6382163100815833e-05,0.00038081456234886424
darkened,0.0,0.0,0.0,9.520364058721605e-06
darkening,9.799022057598651e-06,1.1245558004588187e-05,0.0,0.0
darker,1.4698533086397977e-05,0.0,0.0,1.904072811744321e-05
darkness,6.369364337439124e-05,1.1245558004588187e-05,0.0,0.00013328509682210247
darling,4.4095599259193934e-05,0.0016530970266744635,8.191081550407916e-06,0.0
darlings,0.0,1.1245558004588187e-05,0.0,0.0
darlington,0.0,0.0,0.0,9.520364058721605e-06
darn,4.8995110287993256e-06,0.0,0.0,0.0
darning,4.8995110287993256e-06,0.0,0.0,0.0
dart,4.8995110287993256e-06,0.0,0.0,0.0
darted,2.449755514399663e-05,0.0,0.0,9.520364058721605e-06
darting,0.0,0.0,8.191081550407916e-06,9.520364058721605e-06
darwinian,4.8995110287993256e-06,0.0,0.0,0.0
darya,1.9598044115197302e-05,0.0,0.0,0.0
dash,0.0,0.0,0.0,1.904072811744321e-05
dashed,1.9598044115197302e-05,0.0,0.0,7.616291246977284e-05
dashes,4.8995110287993256e-06,0.0,0.0,0.0
dashing,0.0,0.0,0.0,1.904072811744321e-05
data,4.8995110287993256e-06,0.0,0.0,9.520364058721606e-05
date,2.449755514399663e-05,0.0,1.6382163100815833e-05,7.616291246977284e-05
dated,4.8995110287993256e-06,0.0,1.6382163100815833e-05,3.808145623488642e-05
dates,0.0,3.3736674013764564e-05,0.0,3.808145623488642e-05
daubing,0.0,0.0,0.0,9.520364058721605e-06
daughter,0.00023517652938236764,0.0,0.0006307132793814095,0.00021896837335059693
daughters,3.429657720159528e-05,1.1245558004588187e-05,0.0004668916483732512,0.0
dawdled,0.0,0.0,8.191081550407916e-06,0.0
dawdling,0.0,0.0,0.0,9.520364058721605e-06
dawn,4.8995110287993256e-06,0.0,0.0,9.520364058721605e-06
dawned,4.8995110287993256e-06,0.0,0.0,0.0
dawson,0.0,0.0,8.191081550407916e-06,0.0
day,0.001396360643207808,0.0005960145742431739,0.0011549424986075161,0.0010091585902244902
daybreak,2.9397066172795955e-05,0.0,0.0,0.0
daylight,3.429657720159528e-05,0.00015743781206423464,0.0,1.904072811744321e-05
days,0.0003674633271599494,0.00020242004408258738,0.00028668785426427703,0.00039985529046630743
daytime,4.8995110287993256e-06,2.2491116009176375e-05,0.0,9.520364058721605e-06
dazed,4.8995110287993256e-06,0.0,0.0,2.8561092176164816e-05
dazzling,4.8995110287993256e-06,0.0,8.191081550407916e-06,0.0
de,5.879413234559191e-05,5.6227790022940935e-05,0.0003194521804659087,4.760182029360803e-05
dead,0.000225377507324769,0.0003711034141514102,4.095540775203958e-05,0.0001808869171157105
deaden,0.0,0.0,8.191081550407916e-06,0.0
deadliest,0.0,0.0,0.0,1.904072811744321e-05
deadly,1.9598044115197302e-05,1.1245558004588187e-05,0.0,8.568327652849445e-05
deaf,1.9598044115197302e-05,0.0,0.0,0.0
deal,0.00027927212864156155,5.6227790022940935e-05,0.00027849677271386917,0.0001428054608808241
dealer,4.8995110287993256e-06,0.0,0.0,0.0
dealers,0.0,0.0,0.0,1.904072811744321e-05
dealing,9.799022057598651e-06,2.2491116009176375e-05,0.0,9.520364058721605e-06
dealings,4.8995110287993256e-06,0.0,0.0,9.520364058721605e-06
dealt,1.4698533086397977e-05,0.0,0.0,0.0
dear,0.00037236283818874877,0.00024740227610094015,0.0012859998034140429,0.0005331403872884099
dearest,9.799022057598651e-06,0.0,0.00013924838635693458,2.8561092176164816e-05
dearly,9.799022057598651e-06,0.0,2.457324465122375e-05,9.520364058721605e-06
death,0.0002449755514399663,5.6227790022940935e-05,6.552865240326333e-05,0.0002856109217616482
deathbeds,0.0,0.0,0.0,9.520364058721605e-06
deathly,4.8995110287993256e-06,0.0,0.0,0.0
deaths,0.0,2.2491116009176375e-05,0.0,2.8561092176164816e-05
debate,9.799022057598651e-06,0.0,0.0,0.0
debauchery,4.8995110287993256e-06,0.0,0.0,0.0
debt,5.879413234559191e-05,0.0,3.2764326201631665e-05,2.8561092176164816e-05
debtors,9.799022057598651e-06,0.0,0.0,0.0
debts,2.449755514399663e-05,0.0,8.191081550407916e-05,3.808145623488642e-05
decamped,4.8995110287993256e-06,0.0,0.0,0.0
decamping,0.0,0.0,8.191081550407916e-06,0.0
decanter,9.799022057598651e-06,0.0,0.0,0.0
decay,4.8995110287993256e-06,0.0,0.0,0.0
decease,0.0,0.0,2.457324465122375e-05,0.0
deceased,4.8995110287993256e-06,0.0,0.0,3.808145623488642e-05
deceitful,4.8995110287993256e-06,0.0,1.6382163100815833e-05,0.0
deceive,4.4095599259193934e-05,0.0,3.2764326201631665e-05,9.520364058721605e-06
deceived,3.9196088230394604e-05,0.0,0.00011467514170571083,1.904072811744321e-05
deceives,0.0,0.0,8.191081550407916e-06,0.0
deceiving,4.8995110287993256e-06,0.0,8.191081550407916e-06,0.0
december,0.0,0.0,0.0,1.904072811744321e-05
decency,0.0,0.0,1.6382163100815833e-05,0.0
decent,2.449755514399663e-05,0.0,2.457324465122375e-05,0.0
decently,9.799022057598651e-06,0.0,0.0,0.0
deception,1.9598044115197302e-05,0.0,1.6382163100815833e-05,9.520364058721605e-06
deceptive,0.0,0.0,0.0,9.520364058721605e-06
decide,7.839217646078921e-05,0.0,3.2764326201631665e-05,1.904072811744321e-05
decided,0.00017638239703677574,6.747334802752913e-05,9.010189705448707e-05,9.520364058721605e-06
decidedly,0.0,0.0,3.2764326201631665e-05,1.904072811744321e-05
deciding,0.0,0.0,8.191081550407916e-06,0.0
decision,6.859315440319056e-05,0.0,0.0,9.520364058721605e-06
decisions,1.4698533086397977e-05,0.0,8.191081550407916e-06,0.0
decisive,2.449755514399663e-05,0.0,1.6382163100815833e-05,0.0
decisively,4.8995110287993256e-06,0.0,0.0,0.0
deck,4.8995110287993256e-06,0.0,0.0,0.0
decked,4.8995110287993256e-06,0.0,8.191081550407916e-06,0.0
decking,4.8995110287993256e-06,0.0,0.0,0.0
declaim,4.8995110287993256e-06,0.0,0.0,0.0
declaimed,4.8995110287993256e-06,0.0,0.0,0.0
declaration,1.4698533086397977e-05,0.0,4.095540775203958e-05,0.0
declare,4.899511028799326e-05,5.6227790022940935e-05,6.552865240326333e-05,0.0
declared,0.0001126887536623845,3.3736674013764564e-05,0.00012286622325611874,2.8561092176164816e-05
declares,0.0,1.1245558004588187e-05,8.191081550407916e-06,0.0
declaring,9.799022057598651e-06,0.0,8.191081550407916e-06,0.0
decline,0.0,0.0,1.6382163100815833e-05,2.8561092176164816e-05
declined,0.0,0.0,4.91464893024475e-05,0.0
decorated,1.4698533086397977e-05,3.3736674013764564e-05,0.0,9.520364058721605e-06
decoration,9.799022057598651e-06,0.0,0.0,0.0
decorations,0.0,3.3736674013764564e-05,0.0,0.0
decorous,4.8995110287993256e-06,0.0,0.0,0.0
decorously,4.8995110287993256e-06,0.0,0.0,0.0
decorum,0.0,0.0,3.2764326201631665e-05,0.0
decorums,0.0,0.0,8.191081550407916e-06,0.0
decoy,4.8995110287993256e-06,0.0,0.0,0.0
decoyed,0.0,0.0,0.0,2.8561092176164816e-05
decree,4.8995110287993256e-06,0.0,0.0,0.0
decrepit,1.4698533086397977e-05,0.0,0.0,9.520364058721605e-06
decrepitude,0.0,0.0,0.0,9.520364058721605e-06
deduce,0.0,0.0,0.0,0.00012376473276338087
deduced,4.8995110287993256e-06,0.0,8.191081550407916e-06,4.760182029360803e-05
deducted,4.8995110287993256e-06,0.0,0.0,0.0
deduction,9.799022057598651e-06,0.0,0.0,5.712218435232963e-05
deductions,0.0,0.0,0.0,3.808145623488642e-05
deductive,0.0,0.0,0.0,9.520364058721605e-06
deed,9.799022057598651e-06,0.0,0.0,4.760182029360803e-05
deeds,3.9196088230394604e-05,0.0,0.0,9.520364058721605e-06
deemed,0.0,0.0,8.191081550407916e-06,0.0
deep,0.00011758826469118382,0.00012370113805047008,5.7337570852855414e-05,0.00024752946552676175
deepened,0.0,1.1245558004588187e-05,0.0,0.0
deeper,0.0,3.3736674013764564e-05,2.457324465122375e-05,3.808145623488642e-05
deepest,1.4698533086397977e-05,0.0,1.6382163100815833e-05,4.760182029360803e-05
deeply,3.429657720159528e-05,4.498223201835275e-05,4.095540775203958e-05,0.00011424436870465926
default,0.0,0.0,8.191081550407916e-06,0.0
defeat,0.0,5.6227790022940935e-05,0.0,0.0
defeated,0.0,1.1245558004588187e-05,0.0,9.520364058721605e-06
defect,0.0,0.0,3.2764326201631665e-05,9.520364058721605e-06
defection,0.0,0.0,8.191081550407916e-06,0.0
defective,0.0,0.0,8.191081550407916e-06,0.0
defects,4.8995110287993256e-06,1.1245558004588187e-05,4.095540775203958e-05,9.520364058721605e-06
defence,2.9397066172795955e-05,0.0,2.457324465122375e-05,9.520364058721605e-06
defenceless,1.4698533086397977e-05,0.0,0.0,0.0
defend,3.429657720159528e-05,1.1245558004588187e-05,2.457324465122375e-05,9.520364058721605e-06
defended,4.8995110287993256e-06,0.0,8.191081550407916e-06,0.0
defending,1.4698533086397977e-05,0.0,0.0,9.520364058721605e-06
defense,0.0,2.2491116009176375e-05,0.0,0.0
defer,0.0,0.0,2.457324465122375e-05,0.0
deference,4.8995110287993256e-06,0.0,4.91464893024475e-05,1.904072811744321e-05
deferred,0.0,0.0,1.6382163100815833e-05,0.0
defiance,9.799022057598651e-06,0.0,2.457324465122375e-05,0.0
defiant,2.449755514399663e-05,0.0,0.0,0.0
defiantly,4.8995110287993256e-06,1.1245558004588187e-05,0.0,9.520364058721605e-06
deficiencies,0.0,0.0,0.0,9.520364058721605e-06
deficiency,0.0,0.0,1.6382163100815833e-05,0.0
deficient,0.0,0.0,4.095540775203958e-05,0.0
defied,0.0,0.0,8.191081550407916e-06,0.0
defiled,4.8995110287993256e-06,0.0,0.0,0.0
define,0.0,0.0,0.0,9.520364058721605e-06
defined,4.8995110287993256e-06,1.1245558004588187e-05,1.6382163100815833e-05,1.904072811744321e-05
definite,5.389462131679259e-05,1.1245558004588187e-05,0.0,7.616291246977284e-05
definitely,4.8995110287993256e-06,0.0,0.0,9.520364058721605e-06
definition,4.8995110287993256e-06,0.0,8.191081550407916e-06,0.0
deformed,4.8995110287993256e-06,0.0,0.0,0.0
defray,0.0,0.0,0.0,9.520364058721605e-06
defy,0.0,0.0,3.2764326201631665e-05,0.0
degenerate,0.0,0.0,8.191081550407916e-06,0.0
degenerating,0.0,0.0,0.0,9.520364058721605e-06
degradation,4.8995110287993256e-06,0.0,8.191081550407916e-06,0.0
degrade,4.8995110287993256e-06,0.0,0.0,0.0
degraded,4.8995110287993256e-06,0.0,0.0,9.520364058721605e-06
degrading,1.4698533086397977e-05,0.0,0.0,0.0
degree,2.449755514399663e-05,0.0,0.00018020379410897414,2.8561092176164816e-05
degrees,3.429657720159528e-05,0.0,8.191081550407916e-06,1.904072811744321e-05
deigned,4.8995110287993256e-06,0.0,2.457324465122375e-05,0.0
deigning,4.8995110287993256e-06,0.0,0.0,0.0
dejected,1.9598044115197302e-05,0.0,0.0,9.520364058721605e-06
dejectedly,1.4698533086397977e-05,0.0,0.0,0.0
dejection,2.9397066172795955e-05,0.0,2.457324465122375e-05,0.0
delay,2.449755514399663e-05,1.1245558004588187e-05,4.91464893024475e-05,3.808145623488642e-05
delayed,9.799022057598651e-06,0.0,4.91464893024475e-05,9.520364058721605e-06
delcredo,0.0,1.1245558004588187e-05,0.0,0.0
deliberate,9.799022057598651e-06,0.0,0.0,0.0
deliberated,0.0,0.0,8.191081550407916e-06,0.0
deliberately,3.429657720159528e-05,0.0,1.6382163100815833e-05,0.0
deliberating,9.799022057598651e-06,0.0,0.0,0.0
deliberation,9.799022057598651e-06,0.0,3.2764326201631665e-05,0.0
delicacy,1.9598044115197302e-05,2.2491116009176375e-05,9.010189705448707e-05,4.760182029360803e-05
delicate,3.429657720159528e-05,4.498223201835275e-05,4.91464893024475e-05,6.664254841105123e-05
delicately,9.799022057598651e-06,2.2491116009176375e-05,0.0,9.520364058721605e-06
delicious,4.8995110287993256e-06,0.0,8.191081550407916e-06,0.0
delight,9.799022057598651e-06,0.0,0.00020477703876019789,2.8561092176164816e-05
delighted,0.00010778924263358517,0.0,0.00018839487565938207,3.808145623488642e-05
delightful,1.9598044115197302e-05,2.2491116009176375e-05,0.0001556305494577504,0.0
delightfully,0.0,0.0,3.2764326201631665e-05,0.0
delighting,0.0,0.0,8.191081550407916e-06,0.0
delights,0.0,0.0,1.6382163100815833e-05,0.0
delirious,0.00014208581983518045,0.0,0.0,1.904072811744321e-05
delirium,0.0001518848418927791,0.0,0.0,1.904072811744321e-05
deliver,0.0,1.1245558004588187e-05,0.0,0.0
deliverance,1.4698533086397977e-05,0.0,0.0,0.0
delivered,9.799022057598651e-06,0.0,3.2764326201631665e-05,0.0
delivering,0.0,0.0,8.191081550407916e-06,0.0
delivery,0.0,7.871890603211732e-05,0.0,0.0
della,0.0,2.2491116009176375e-05,0.0,0.0
deluded,0.0,0.0,0.0,9.520364058721605e-06
delusion,0.0,0.0,0.0,9.520364058721605e-06
delusions,4.8995110287993256e-06,0.0,0.0,0.0
demand,9.799022057598651e-06,0.0,2.457324465122375e-05,9.520364058721605e-06
demanded,4.8995110287993256e-06,0.0,0.0,0.0
demanding,0.0,0.0,8.191081550407916e-06,0.0
demands,1.4698533086397977e-05,0.0,8.191081550407916e-06,0.0
demean,0.0,0.0,8.191081550407916e-06,0.0
demeanour,0.0,0.0,0.0,9.520364058721605e-06
dementyev,4.8995110287993256e-06,0.0,0.0,0.0
demi,0.0,4.498223201835275e-05,0.0,0.0
demon,0.0,0.0,0.0,9.520364058721605e-06
demoralisation,4.8995110287993256e-06,0.0,0.0,0.0
demurely,0.0,0.0,0.0,9.520364058721605e-06
den,1.9598044115197302e-05,0.0,0.0,0.00013328509682210247
denial,0.0,0.0,4.91464893024475e-05,9.520364058721605e-06
denied,9.799022057598651e-06,2.2491116009176375e-05,2.457324465122375e-05,2.8561092176164816e-05
denny,0.0,0.0,9.8292978604895e-05,0.0
denominated,0.0,0.0,8.191081550407916e-06,0.0
denoted,0.0,0.0,1.6382163100815833e-05,0.0
denounce,0.0,1.1245558004588187e-05,0.0,0.0
dens,4.8995110287993256e-06,0.0,0.0,0.0
dense,4.8995110287993256e-06,0.0,0.0,3.808145623488642e-05
denser,9.799022057598651e-06,0.0,0.0,0.0
dent,4.8995110287993256e-06,2.2491116009176375e-05,0.0,0.0
deny,4.899511028799326e-05,2.2491116009176375e-05,6.552865240326333e-05,9.520364058721605e-06
denying,1.4698533086397977e-05,0.0,8.191081550407916e-06,9.520364058721605e-06
depart,9.799022057598651e-06,0.0,3.2764326201631665e-05,0.0
departed,4.8995110287993256e-06,0.0,1.6382163100815833e-05,1.904072811744321e-05
departing,4.8995110287993256e-06,0.0,0.0,0.0
department,1.9598044115197302e-05,2.2491116009176375e-05,0.0,0.0
departure,3.9196088230394604e-05,0.0,4.91464893024475e-05,1.904072811744321e-05
depend,1.9598044115197302e-05,1.1245558004588187e-05,0.00018839487565938207,6.664254841105123e-05
depended,1.9598044115197302e-05,1.1245558004588187e-05,3.2764326201631665e-05,9.520364058721605e-06
dependence,0.0,0.0,5.7337570852855414e-05,0.0
dependent,1.4698533086397977e-05,0.0,2.457324465122375e-05,9.520364058721605e-06
depending,4.8995110287993256e-06,1.1245558004588187e-05,1.6382163100815833e-05,0.0
depends,3.429657720159528e-05,3.3736674013764564e-05,0.0,1.904072811744321e-05
depicted,0.0,0.0,0.0,9.520364058721605e-06
deportment,0.0,0.0,8.191081550407916e-06,9.520364058721605e-06
depose,4.8995110287993256e-06,0.0,0.0,9.520364058721605e-06
deposed,0.0,0.0,0.0,9.520364058721605e-06
deposes,0.0,0.0,0.0,9.520364058721605e-06
deposit,0.0,0.0,0.0,3.808145623488642e-05
depositing,4.8995110287993256e-06,0.0,0.0,0.0
deposition,4.8995110287993256e-06,0.0,0.0,9.520364058721605e-06
depositors,0.0,0.0,0.0,9.520364058721605e-06
depot,0.0,0.0,0.0,9.520364058721605e-06
depraved,2.449755514399663e-05,0.0,0.0,0.0
depravity,2.449755514399663e-05,0.0,8.191081550407916e-06,0.0
deprecatingly,0.0,1.1245558004588187e-05,0.0,0.0
depreciate,0.0,0.0,8.191081550407916e-06,0.0
depressed,1.9598044115197302e-05,2.2491116009176375e-05,1.6382163100815833e-05,9.520364058721605e-06
depressing,0.0,0.0,0.0,9.520364058721605e-06
depression,4.8995110287993256e-06,0.0,0.0,9.520364058721605e-06
deprive,0.0,0.0,8.191081550407916e-06,0.0
deprived,4.8995110287993256e-06,0.0,2.457324465122375e-05,1.904072811744321e-05
depriving,4.8995110287993256e-06,0.0,0.0,0.0
depth,4.8995110287993256e-06,1.1245558004588187e-05,0.0,0.0
depths,1.4698533086397977e-05,0.0,0.0,0.0
deputies,1.4698533086397977e-05,0.0,0.0,0.0
der,4.8995110287993256e-06,0.0,0.0,0.0
deranged,1.4698533086397977e-05,0.0,8.191081550407916e-06,9.520364058721605e-06
derangement,1.9598044115197302e-05,0.0,0.0,0.0
derbies,0.0,0.0,0.0,9.520364058721605e-06
derbyshire,0.0,0.0,0.00019658595720979,0.0
derision,0.0,0.0,1.6382163100815833e-05,0.0
derive,4.8995110287993256e-06,0.0,1.6382163100815833e-05,0.0
derived,0.0,0.0,8.191081550407916e-06,1.904072811744321e-05
derives,0.0,0.0,8.191081550407916e-06,9.520364058721605e-06
des,0.0,1.1245558004588187e-05,0.0,0.0
descend,9.799022057598651e-06,0.0,0.0,9.520364058721605e-06
descended,4.8995110287993256e-06,0.0,2.457324465122375e-05,1.904072811744321e-05
descending,9.799022057598651e-06,0.0,1.6382163100815833e-05,2.8561092176164816e-05
descends,0.0,0.0,0.0,9.520364058721605e-06
descent,0.0,0.0,2.457324465122375e-05,9.520364058721605e-06
describe,2.9397066172795955e-05,2.2491116009176375e-05,5.7337570852855414e-05,4.760182029360803e-05
described,3.429657720159528e-05,0.0,4.095540775203958e-05,5.712218435232963e-05
describes,0.0,0.0,0.0,9.520364058721605e-06
describing,2.449755514399663e-05,0.0,1.6382163100815833e-05,0.0
description,9.799022057598651e-06,0.0,5.7337570852855414e-05,7.616291246977284e-05
descriptive,4.8995110287993256e-06,0.0,0.0,0.0
desert,1.4698533086397977e-05,0.0,8.191081550407916e-06,0.0
deserted,4.4095599259193934e-05,5.6227790022940935e-05,8.191081550407916e-06,5.712218435232963e-05
deserting,9.799022057598651e-06,1.1245558004588187e-05,0.0,9.520364058721605e-06
desertion,0.0,0.0,8.191081550407916e-06,0.0
deserts,0.0,0.0,1.6382163100815833e-05,1.904072811744321e-05
deserve,2.9397066172795955e-05,0.0,7.371973395367124e-05,9.520364058721605e-06
deserved,0.0,2.2491116009176375e-05,5.7337570852855414e-05,2.8561092176164816e-05
deservedly,0.0,0.0,8.191081550407916e-06,0.0
deserves,4.8995110287993256e-06,0.0,3.2764326201631665e-05,0.0
deserving,9.799022057598651e-06,0.0,1.6382163100815833e-05,0.0
design,4.899511028799326e-05,0.0,0.00018839487565938207,0.0
designed,4.8995110287993256e-06,0.0,4.095540775203958e-05,9.520364058721605e-06
designedly,0.0,0.0,8.191081550407916e-06,0.0
designing,0.0,0.0,8.191081550407916e-06,0.0
designs,2.9397066172795955e-05,0.0,3.2764326201631665e-05,0.0
desirable,0.0,0.0,9.010189705448707e-05,0.0
desire,0.00014698533086397977,0.0,0.00018020379410897414,5.712218435232963e-05
desired,9.799022057598651e-06,0.0,4.91464893024475e-05,1.904072811744321e-05
desires,1.4698533086397977e-05,0.0,0.0,1.904072811744321e-05
desiring,0.0,0.0,1.6382163100815833e-05,0.0
desirous,9.799022057598651e-06,0.0,5.7337570852855414e-05,9.520364058721605e-06
desk,0.0,7.871890603211732e-05,0.0,3.808145623488642e-05
despair,0.0001910809301231737,0.0,8.191081550407916e-06,6.664254841105123e-05
despaired,0.0,0.0,2.457324465122375e-05,9.520364058721605e-06
despairing,1.4698533086397977e-05,0.0,0.0,9.520364058721605e-06
despairingly,9.799022057598651e-06,0.0,0.0,0.0
despatched,4.8995110287993256e-06,0.0,3.2764326201631665e-05,0.0
desperate,4.4095599259193934e-05,0.0,2.457324465122375e-05,2.8561092176164816e-05
desperately,4.8995110287993256e-06,0.0,0.0,0.0
desperation,9.799022057598651e-06,0.0,8.191081550407916e-06,9.520364058721605e-06
despicable,2.9397066172795955e-05,0.0,8.191081550407916e-06,0.0
despicably,4.8995110287993256e-06,0.0,8.191081550407916e-06,0.0
despise,9.799022057598651e-06,0.0,2.457324465122375e-05,0.0
despised,1.9598044115197302e-05,0.0,2.457324465122375e-05,0.0
despises,9.799022057598651e-06,0.0,8.191081550407916e-06,0.0
despising,4.8995110287993256e-06,0.0,1.6382163100815833e-05,0.0
desponding,0.0,0.0,8.191081550407916e-06,0.0
despot,4.8995110287993256e-06,0.0,0.0,0.0
despotism,9.799022057598651e-06,0.0,0.0,0.0
dessert,0.0,2.2491116009176375e-05,0.0,0.0
destined,9.799022057598651e-06,0.0,3.2764326201631665e-05,9.520364058721605e-06
destinies,4.8995110287993256e-06,0.0,0.0,0.0
destiny,1.9598044115197302e-05,0.0,0.0,1.904072811744321e-05
destitute,2.449755514399663e-05,0.0,8.191081550407916e-06,9.520364058721605e-06
destitution,9.799022057598651e-06,0.0,0.0,0.0
destroy,4.8995110287993256e-06,1.1245558004588187e-05,0.0,9.520364058721605e-06
destroyed,1.9598044115197302e-05,0.0,1.6382163100815833e-05,3.808145623488642e-05
destroyers,9.799022057598651e-06,0.0,0.0,0.0
destruction,1.9598044115197302e-05,1.1245558004588187e-05,0.0,9.520364058721605e-06
destructive,0.0,0.0,8.191081550407916e-06,0.0
desultory,0.0,0.0,0.0,9.520364058721605e-06
detached,0.0,0.0,1.6382163100815833e-05,0.0
detaching,0.0,0.0,8.191081550407916e-06,0.0
detachment,0.0,2.2491116009176375e-05,0.0,0.0
detail,7.839217646078921e-05,1.1245558004588187e-05,8.191081550407916e-06,4.760182029360803e-05
detailed,0.0,1.1245558004588187e-05,8.191081550407916e-06,9.520364058721605e-06
detailing,0.0,0.0,0.0,9.520364058721605e-06
details,6.859315440319056e-05,0.0,0.0,0.0001808869171157105
detain,4.8995110287993256e-06,0.0,1.6382163100815833e-05,9.520364058721605e-06
detained,1.4698533086397977e-05,0.0,2.457324465122375e-05,9.520364058721605e-06
detaining,0.0,0.0,1.6382163100815833e-05,0.0
detect,0.0,1.1245558004588187e-05,8.191081550407916e-06,0.0
detected,9.799022057598651e-06,0.0,1.6382163100815833e-05,9.520364058721605e-06
detection,0.0,0.0,1.6382163100815833e-05,0.0
detective,4.8995110287993256e-06,0.0,0.0,6.664254841105123e-05
deter,0.0,0.0,8.191081550407916e-06,0.0
deteriorated,4.8995110287993256e-06,0.0,0.0,0.0
determination,4.4095599259193934e-05,0.0,2.457324465122375e-05,9.520364058721605e-06
determine,4.8995110287993256e-06,0.0,0.0001064840601553029,3.808145623488642e-05
determined,3.9196088230394604e-05,0.0,0.0002621146096130533,0.00015232582493954569
determining,4.8995110287993256e-06,0.0,1.6382163100815833e-05,0.0
deterred,4.8995110287993256e-06,0.0,0.0,0.0
detest,4.8995110287993256e-06,0.0,2.457324465122375e-05,0.0
detestable,0.0,0.0,8.191081550407916e-06,0.0
detested,0.0,0.0,8.191081550407916e-06,0.0
detour,0.0,0.0,0.0,9.520364058721605e-06
detract,4.8995110287993256e-06,0.0,0.0,0.0
detracted,0.0,0.0,0.0,9.520364058721605e-06
deuce,4.8995110287993256e-06,0.0,0.0,9.520364058721605e-06
develop,0.0,0.0,0.0,9.520364058721605e-06
develope,0.0,0.0,8.191081550407916e-06,0.0
developed,9.799022057598651e-06,0.0,0.0,1.904072811744321e-05
developing,1.9598044115197302e-05,0.0,0.0,0.0
development,2.9397066172795955e-05,0.0,1.6382163100815833e-05,0.0
developments,0.0,0.0,0.0,9.520364058721605e-06
develops,4.8995110287993256e-06,0.0,0.0,0.0
device,4.8995110287993256e-06,0.0,8.191081550407916e-06,9.520364058721605e-06
devices,4.8995110287993256e-06,0.0,0.0,0.0
devil,8.819119851838787e-05,0.0,0.0,6.664254841105123e-05
devilish,0.0,0.0,0.0,9.520364058721605e-06
devils,0.0,0.0,0.0,1.904072811744321e-05
devised,0.0,0.0,0.0,1.904072811744321e-05
devoid,0.0,0.0,8.191081550407916e-06,1.904072811744321e-05
devonshire,0.0,0.0,0.0,9.520364058721605e-06
devote,1.9598044115197302e-05,0.0,8.191081550407916e-06,1.904072811744321e-05
devoted,3.429657720159528e-05,0.0,2.457324465122375e-05,3.808145623488642e-05
devotedly,0.0,0.0,0.0,1.904072811744321e-05
devoting,0.0,0.0,8.191081550407916e-06,0.0
devotion,1.4698533086397977e-05,1.1245558004588187e-05,0.0,0.0
devour,4.8995110287993256e-06,0.0,0.0,0.0
devoured,4.8995110287993256e-06,0.0,0.0,9.520364058721605e-06
devouring,4.8995110287993256e-06,0.0,0.0,1.904072811744321e-05
devout,0.0,6.747334802752913e-05,0.0,0.0
dew,0.0,2.2491116009176375e-05,0.0,9.520364058721605e-06
di,0.0,4.498223201835275e-05,0.0,0.0
diabetes,0.0,0.0,0.0,9.520364058721605e-06
diadem,0.0,0.0,0.0,9.520364058721605e-06
diagnosed,4.8995110287993256e-06,0.0,0.0,0.0
dial,0.0,8.99644640367055e-05,0.0,0.0
dialect,0.0,4.498223201835275e-05,0.0,0.0
dialogue,0.0,0.0,1.6382163100815833e-05,0.0
diamanten,4.8995110287993256e-06,0.0,0.0,0.0
diamond,4.8995110287993256e-06,0.0,0.0,1.904072811744321e-05
diamonds,4.8995110287993256e-06,0.0,0.0,0.0
diary,0.0,0.0,0.0,1.904072811744321e-05
dictate,4.8995110287993256e-06,0.0,8.191081550407916e-06,0.0
dictated,0.0,0.0,8.191081550407916e-06,0.0
dictates,0.0,0.0,8.191081550407916e-06,0.0
dictating,4.8995110287993256e-06,1.1245558004588187e-05,8.191081550407916e-06,0.0
dictation,4.8995110287993256e-06,0.0,0.0,0.0
dictatorial,0.0,0.0,8.191081550407916e-06,0.0
dictionary,4.8995110287993256e-06,0.0,0.0,0.0
did,0.002435056981313265,0.003070037335252575,0.002236165263261361,0.0014566157009844056
didnt,0.00046055403670713663,0.0004948045522018803,0.0,0.0001428054608808241
die,0.00011758826469118382,0.0006297512482569386,3.2764326201631665e-05,1.904072811744321e-05
died,0.00014698533086397977,8.99644640367055e-05,2.457324465122375e-05,0.00013328509682210247
dies,9.799022057598651e-06,2.2491116009176375e-05,0.0,9.520364058721605e-06
differ,0.0,3.3736674013764564e-05,8.191081550407916e-06,0.0
difference,3.429657720159528e-05,0.000179928928073411,8.191081550407916e-05,2.8561092176164816e-05
differences,4.8995110287993256e-06,0.0,8.191081550407916e-06,0.0
different,0.000225377507324769,0.00014619225405964643,0.00029487893581468496,0.00012376473276338087
differential,0.0,3.3736674013764564e-05,0.0,0.0
differently,3.429657720159528e-05,0.0,5.7337570852855414e-05,9.520364058721605e-06
difficult,0.0001126887536623845,4.498223201835275e-05,9.010189705448707e-05,0.00013328509682210247
difficulties,2.449755514399663e-05,0.0,0.0,2.8561092176164816e-05
difficulty,4.899511028799326e-05,1.1245558004588187e-05,6.552865240326333e-05,7.616291246977284e-05
diffidence,0.0,0.0,4.095540775203958e-05,0.0
diffident,4.8995110287993256e-06,0.0,8.191081550407916e-06,0.0
diffuse,0.0,0.0,8.191081550407916e-06,0.0
diffused,0.0,0.0,8.191081550407916e-06,0.0
diffuseness,0.0,0.0,8.191081550407916e-06,0.0
dig,0.0,2.2491116009176375e-05,0.0,9.520364058721605e-06
digest,9.799022057598651e-06,0.0,0.0,0.0
digesting,0.0,0.0,0.0,9.520364058721605e-06
digging,4.8995110287993256e-06,1.1245558004588187e-05,0.0,0.0
diggings,0.0,0.0,0.0,1.904072811744321e-05
dignified,1.4698533086397977e-05,0.0,2.457324465122375e-05,0.0
dignity,0.00010288973160478584,1.1245558004588187e-05,4.095540775203958e-05,3.808145623488642e-05
digressions,0.0,0.0,8.191081550407916e-06,0.0
digs,0.0,0.0,0.0,9.520364058721605e-06
dilate,0.0,0.0,0.0,9.520364058721605e-06
dilatory,0.0,0.0,1.6382163100815833e-05,0.0
diligence,0.0,0.0,8.191081550407916e-06,9.520364058721605e-06
diligently,0.0,0.0,0.0,9.520364058721605e-06
dim,1.9598044115197302e-05,2.2491116009176375e-05,0.0,4.760182029360803e-05
dimensions,4.8995110287993256e-06,0.0,8.191081550407916e-06,0.0
diminution,0.0,0.0,8.191081550407916e-06,0.0
diminutive,4.8995110287993256e-06,0.0,0.0,0.0
dimly,2.9397066172795955e-05,0.0,0.0,5.712218435232963e-05
din,4.8995110287993256e-06,0.0,0.0,0.0
dine,9.799022057598651e-06,0.0,0.00013105730480652666,9.520364058721605e-06
dined,9.799022057598651e-06,0.0,6.552865240326333e-05,0.0
dines,0.0,0.0,8.191081550407916e-06,0.0
dingy,0.0,0.0,0.0,9.520364058721605e-06
dining,1.9598044115197302e-05,5.6227790022940935e-05,0.00014743946790734248,2.8561092176164816e-05
dinner,0.00018128190806557506,0.00019117448607799918,0.0002539235280626454,3.808145623488642e-05
dinners,9.799022057598651e-06,0.0,1.6382163100815833e-05,0.0
dinnertime,0.0,0.0,3.2764326201631665e-05,0.0
dint,0.0,0.0,0.0,9.520364058721605e-06
dio,0.0,2.2491116009176375e-05,0.0,0.0
dip,0.0,2.2491116009176375e-05,0.0,0.0
diplomatic,0.0,1.1245558004588187e-05,0.0,0.0
dipped,0.0,5.6227790022940935e-05,0.0,9.520364058721605e-06
dipping,0.0,0.0,0.0,9.520364058721605e-06
direct,5.879413234559191e-05,0.0,5.7337570852855414e-05,3.808145623488642e-05
directed,9.799022057598651e-06,0.0,7.371973395367124e-05,3.808145623488642e-05
directing,0.0,1.1245558004588187e-05,1.6382163100815833e-05,0.0
direction,6.859315440319056e-05,1.1245558004588187e-05,8.191081550407916e-05,0.0001808869171157105
directions,2.9397066172795955e-05,0.0,5.7337570852855414e-05,1.904072811744321e-05
directly,0.00014208581983518045,2.2491116009176375e-05,0.00018839487565938207,9.520364058721605e-06
director,0.0,0.0,0.0,2.8561092176164816e-05
directors,0.0,0.0,0.0,2.8561092176164816e-05
directress,4.8995110287993256e-06,0.0,0.0,0.0
dirt,2.9397066172795955e-05,2.2491116009176375e-05,1.6382163100815833e-05,9.520364058721605e-06
dirty,0.00011758826469118382,0.00015743781206423464,3.2764326201631665e-05,6.664254841105123e-05
disable,0.0,2.2491116009176375e-05,0.0,0.0
disadvantage,0.0,0.0,4.095540775203958e-05,9.520364058721605e-06
disadvantages,0.0,0.0,1.6382163100815833e-05,9.520364058721605e-06
disagreeable,0.0,0.0,0.00011467514170571083,1.904072811744321e-05
disagreeably,0.0,0.0,8.191081550407916e-06,0.0
disagreement,0.0,0.0,8.191081550407916e-06,0.0
disagreements,0.0,0.0,0.0,9.520364058721605e-06
disappearance,0.0,0.0,0.0,9.520364058721606e-05
disappeared,1.4698533086397977e-05,0.0,0.0,8.568327652849445e-05
disappearing,0.0,0.0,0.0,9.520364058721605e-06
disappoint,0.0,0.0,1.6382163100815833e-05,9.520364058721605e-06
disappointed,0.0,3.3736674013764564e-05,9.8292978604895e-05,2.8561092176164816e-05
disappointing,0.0,0.0,2.457324465122375e-05,0.0
disappointment,4.8995110287993256e-06,0.0,0.00013924838635693458,4.760182029360803e-05
disappointments,0.0,0.0,8.191081550407916e-06,0.0
disapprobation,0.0,0.0,5.7337570852855414e-05,0.0
disapproval,9.799022057598651e-06,0.0,0.0,0.0
disapprove,0.0,0.0,8.191081550407916e-06,0.0
disapprovingly,0.0,1.1245558004588187e-05,0.0,0.0
disarm,1.4698533086397977e-05,0.0,8.191081550407916e-06,0.0
disarmed,4.8995110287993256e-06,0.0,0.0,0.0
disarming,9.799022057598651e-06,0.0,0.0,0.0
disaster,4.8995110287993256e-06,1.1245558004588187e-05,0.0,0.0
disavowal,4.8995110287993256e-06,0.0,0.0,0.0
disbelieved,4.8995110287993256e-06,0.0,0.0,0.0
disbelieving,4.8995110287993256e-06,0.0,8.191081550407916e-06,0.0
disc,0.0,0.0,0.0,9.520364058721605e-06
discern,0.0,0.0,1.6382163100815833e-05,0.0
discernible,0.0,0.0,8.191081550407916e-06,0.0
discerning,0.0,0.0,8.191081550407916e-06,0.0
discernment,0.0,0.0,1.6382163100815833e-05,0.0
discharge,0.0,0.0,1.6382163100815833e-05,0.0
discharged,1.4698533086397977e-05,0.0,2.457324465122375e-05,0.0
discharging,0.0,0.0,1.6382163100815833e-05,0.0
discipline,0.0,2.2491116009176375e-05,0.0,0.0
disclaim,0.0,0.0,8.191081550407916e-06,0.0
disclaimed,0.0,0.0,8.191081550407916e-06,0.0
disclose,0.0,0.0,8.191081550407916e-06,0.0
disclosed,0.0,0.0,8.191081550407916e-06,0.0
discloses,0.0,0.0,0.0,9.520364058721605e-06
disclosure,0.0,0.0,8.191081550407916e-06,0.0
discolored,0.0,1.1245558004588187e-05,0.0,0.0
discoloured,4.8995110287993256e-06,0.0,0.0,4.760182029360803e-05
discomfort,4.8995110287993256e-06,0.0,0.0,0.0
discompose,0.0,0.0,8.191081550407916e-06,0.0
discomposed,0.0,0.0,1.6382163100815833e-05,0.0
discomposure,0.0,0.0,2.457324465122375e-05,0.0
disconcert,4.8995110287993256e-06,0.0,0.0,0.0
disconcerted,5.389462131679259e-05,0.0,2.457324465122375e-05,0.0
disconnected,4.8995110287993256e-06,0.0,0.0,9.520364058721605e-06
discontent,0.0,0.0,0.0,9.520364058721605e-06
discontented,0.0,0.0,1.6382163100815833e-05,0.0
discontentedly,4.8995110287993256e-06,0.0,0.0,0.0
discontentedness,0.0,0.0,8.191081550407916e-06,0.0
discontinuance,0.0,0.0,8.191081550407916e-06,0.0
discord,4.8995110287993256e-06,0.0,0.0,0.0
discourage,0.0,2.2491116009176375e-05,1.6382163100815833e-05,9.520364058721605e-06
discouraged,0.0,0.0,1.6382163100815833e-05,0.0
discourse,9.799022057598651e-06,0.0,5.7337570852855414e-05,0.0
discourses,0.0,0.0,8.191081550407916e-06,0.0
discourteous,9.799022057598651e-06,0.0,0.0,0.0
discover,4.8995110287993256e-06,0.0,6.552865240326333e-05,2.8561092176164816e-05
discovered,2.9397066172795955e-05,0.0,5.7337570852855414e-05,7.616291246977284e-05
discoveries,9.799022057598651e-06,0.0,0.0,0.0
discovering,4.8995110287993256e-06,0.0,8.191081550407916e-06,2.8561092176164816e-05
discovery,0.0,0.0,5.7337570852855414e-05,2.8561092176164816e-05
discredit,0.0,0.0,1.6382163100815833e-05,0.0
discreditable,0.0,0.0,8.191081550407916e-06,0.0
discreet,0.0,0.0,0.0,1.904072811744321e-05
discrepancy,0.0,0.0,0.0,9.520364058721605e-06
discretion,0.0,0.0,4.095540775203958e-05,2.8561092176164816e-05
discriminate,0.0,0.0,0.0,9.520364058721605e-06
discrimination,0.0,0.0,8.191081550407916e-06,0.0
discuss,4.4095599259193934e-05,1.1245558004588187e-05,1.6382163100815833e-05,4.760182029360803e-05
discussed,0.0,1.1245558004588187e-05,2.457324465122375e-05,0.0
discusses,4.8995110287993256e-06,0.0,0.0,0.0
discussing,1.4698533086397977e-05,1.1245558004588187e-05,0.0,0.0
discussion,2.9397066172795955e-05,0.0,4.095540775203958e-05,0.0
discussions,4.8995110287993256e-06,0.0,0.0,0.0
disdain,9.799022057598651e-06,0.0,4.91464893024475e-05,0.0
disdained,4.8995110287993256e-06,0.0,2.457324465122375e-05,0.0
disdainfully,4.8995110287993256e-06,0.0,0.0,0.0
disdaining,4.8995110287993256e-06,0.0,0.0,0.0
disease,3.9196088230394604e-05,1.1245558004588187e-05,0.0,2.8561092176164816e-05
diseases,9.799022057598651e-06,0.0,0.0,0.0
disengaged,0.0,0.0,2.457324465122375e-05,0.0
disentangled,0.0,0.0,0.0,9.520364058721605e-06
disfigured,4.8995110287993256e-06,0.0,0.0,9.520364058721605e-06
disgrace,5.879413234559191e-05,1.1245558004588187e-05,9.010189705448707e-05,1.904072811744321e-05
disgraced,0.0,1.1245558004588187e-05,8.191081550407916e-06,0.0
disgraceful,1.9598044115197302e-05,2.2491116009176375e-05,4.095540775203958e-05,1.904072811744321e-05
disgracing,0.0,0.0,1.6382163100815833e-05,0.0
disguise,9.799022057598651e-06,0.0,3.2764326201631665e-05,4.760182029360803e-05
disguised,4.8995110287993256e-06,0.0,0.0,9.520364058721605e-06
disguises,0.0,0.0,0.0,9.520364058721605e-06
disgust,6.859315440319056e-05,1.1245558004588187e-05,4.095540775203958e-05,1.904072811744321e-05
disgusted,9.799022057598651e-06,0.0,2.457324465122375e-05,0.0
disgusting,1.9598044115197302e-05,1.1245558004588187e-05,8.191081550407916e-06,0.0
disgustingly,9.799022057598651e-06,0.0,0.0,0.0
dish,1.4698533086397977e-05,3.3736674013764564e-05,4.095540775203958e-05,0.0
disheartened,0.0,0.0,8.191081550407916e-06,0.0
disheartening,4.8995110287993256e-06,0.0,0.0,0.0
dished,4.8995110287993256e-06,0.0,0.0,0.0
dishes,1.9598044115197302e-05,0.0,8.191081550407916e-06,0.0
dishevelled,4.8995110287993256e-06,0.0,0.0,0.0
dishonest,9.799022057598651e-06,0.0,8.191081550407916e-06,0.0
dishonesty,0.0,0.0,8.191081550407916e-06,0.0
dishonour,9.799022057598651e-06,0.0,0.0,0.0
dishonourable,4.8995110287993256e-06,0.0,1.6382163100815833e-05,9.520364058721605e-06
dishonoured,0.0,0.0,0.0,2.8561092176164816e-05
disillusion,4.8995110287993256e-06,0.0,0.0,0.0
disillusioned,9.799022057598651e-06,0.0,0.0,0.0
disinclination,0.0,0.0,1.6382163100815833e-05,0.0
disinclined,9.799022057598651e-06,0.0,8.191081550407916e-06,0.0
disinterested,0.0,0.0,2.457324465122375e-05,0.0
disinterestedly,9.799022057598651e-06,0.0,0.0,0.0
disinterestedness,0.0,0.0,8.191081550407916e-06,0.0
disjecta,0.0,0.0,0.0,9.520364058721605e-06
disks,0.0,1.1245558004588187e-05,0.0,0.0
dislike,5.389462131679259e-05,0.0,0.00018839487565938207,1.904072811744321e-05
disliked,2.449755514399663e-05,2.2491116009176375e-05,3.2764326201631665e-05,9.520364058721605e-06
dislikes,4.8995110287993256e-06,0.0,8.191081550407916e-06,0.0
disliking,0.0,0.0,8.191081550407916e-06,0.0
dislocated,4.8995110287993256e-06,0.0,0.0,0.0
dismal,0.0,2.2491116009176375e-05,0.0,0.0
dismantled,0.0,0.0,0.0,9.520364058721605e-06
dismay,6.859315440319056e-05,0.0,8.191081550407916e-06,9.520364058721605e-06
dismiss,1.4698533086397977e-05,0.0,0.0,0.0
dismissal,4.8995110287993256e-06,0.0,0.0,0.0
dismissed,9.799022057598651e-06,0.0,2.457324465122375e-05,9.520364058721605e-06
dismission,0.0,0.0,8.191081550407916e-06,0.0
dismount,0.0,1.1245558004588187e-05,0.0,0.0
disobedient,4.8995110287993256e-06,0.0,0.0,0.0
disobeyed,4.8995110287993256e-06,0.0,0.0,0.0
disobliging,0.0,0.0,8.191081550407916e-06,0.0
disorder,1.4698533086397977e-05,1.1245558004588187e-05,0.0,0.0
disordered,9.799022057598651e-06,0.0,0.0,0.0
disorderly,1.4698533086397977e-05,0.0,0.0,0.0
disown,0.0,0.0,0.0,9.520364058721605e-06
dispatched,0.0,0.0,0.0,9.520364058721605e-06
dispel,0.0,0.0,0.0,9.520364058721605e-06
dispelling,0.0,0.0,8.191081550407916e-06,0.0
dispense,0.0,0.0,8.191081550407916e-06,0.0
dispirited,0.0,0.0,8.191081550407916e-06,0.0
display,1.4698533086397977e-05,0.0,3.2764326201631665e-05,0.0
displayed,4.8995110287993256e-06,0.0,2.457324465122375e-05,1.904072811744321e-05
displaying,0.0,0.0,1.6382163100815833e-05,0.0
displease,0.0,0.0,8.191081550407916e-06,0.0
displeased,9.799022057598651e-06,0.0,3.2764326201631665e-05,0.0
displeasure,1.4698533086397977e-05,0.0,4.91464893024475e-05,0.0
disposal,4.8995110287993256e-06,0.0,1.6382163100815833e-05,1.904072811744321e-05
dispose,4.8995110287993256e-06,0.0,8.191081550407916e-06,9.520364058721605e-06
disposed,4.4095599259193934e-05,0.0,0.00012286622325611874,0.0
disposing,0.0,0.0,8.191081550407916e-06,0.0
disposition,9.799022057598651e-06,0.0,0.00020477703876019789,5.712218435232963e-05
dispositions,0.0,0.0,8.191081550407916e-06,0.0
disproportionate,4.8995110287993256e-06,0.0,0.0,0.0
disproportionately,4.8995110287993256e-06,0.0,0.0,9.520364058721605e-06
disputable,0.0,0.0,8.191081550407916e-06,0.0
disputatious,0.0,0.0,0.0,9.520364058721605e-06
dispute,3.9196088230394604e-05,1.1245558004588187e-05,1.6382163100815833e-05,0.0
disputes,0.0,0.0,8.191081550407916e-06,0.0
disputing,4.8995110287993256e-06,0.0,0.0,0.0
disqualify,0.0,0.0,0.0,9.520364058721605e-06
disquiet,0.0,0.0,8.191081550407916e-06,0.0
disregard,0.0,0.0,0.0,9.520364058721605e-06
disregarded,2.449755514399663e-05,0.0,8.191081550407916e-06,9.520364058721605e-06
disregarding,9.799022057598651e-06,0.0,0.0,1.904072811744321e-05
disreputable,4.8995110287993256e-06,0.0,0.0,2.8561092176164816e-05
disrespect,1.4698533086397977e-05,0.0,1.6382163100815833e-05,0.0
disrespectful,4.8995110287993256e-06,0.0,8.191081550407916e-06,0.0
dissatisfied,0.0,0.0,3.2764326201631665e-05,2.8561092176164816e-05
dissemble,0.0,0.0,8.191081550407916e-06,0.0
dissembler,4.8995110287993256e-06,0.0,0.0,0.0
dissension,9.799022057598651e-06,0.0,0.0,0.0
dissenter,9.799022057598651e-06,0.0,0.0,0.0
disservice,0.0,0.0,8.191081550407916e-06,0.0
dissipation,0.0,0.0,8.191081550407916e-06,0.0
dissolute,4.8995110287993256e-06,0.0,0.0,9.520364058721605e-06
dissolved,0.0,0.0,8.191081550407916e-06,9.520364058721605e-06
dissuade,0.0,0.0,8.191081550407916e-06,0.0
dissuaded,0.0,0.0,8.191081550407916e-06,0.0
distaff,0.0,0.0,0.0,9.520364058721605e-06
distance,7.349266543198989e-05,3.3736674013764564e-05,0.00013105730480652666,7.616291246977284e-05
distant,1.9598044115197302e-05,0.0,4.095540775203958e-05,9.520364058721605e-06
distantly,4.8995110287993256e-06,0.0,0.0,0.0
distaste,0.0,1.1245558004588187e-05,0.0,0.0
distasteful,9.799022057598651e-06,0.0,0.0,0.0
distinct,1.9598044115197302e-05,0.0,0.0,5.712218435232963e-05
distinction,0.0,0.0,4.095540775203958e-05,9.520364058721605e-06
distinctive,0.0,0.0,0.0,9.520364058721605e-06
distinctly,6.369364337439124e-05,0.0,0.0,5.712218435232963e-05
distinguish,2.449755514399663e-05,0.0,1.6382163100815833e-05,3.808145623488642e-05
distinguished,1.9598044115197302e-05,0.0,4.91464893024475e-05,0.0
distinguishing,4.8995110287993256e-06,0.0,1.6382163100815833e-05,0.0
distinguons,4.8995110287993256e-06,0.0,0.0,0.0
distort,4.8995110287993256e-06,1.1245558004588187e-05,0.0,0.0
distorted,2.9397066172795955e-05,0.0,0.0,9.520364058721605e-06
distortion,4.8995110287993256e-06,0.0,0.0,0.0
distract,1.4698533086397977e-05,0.0,0.0,0.0
distracted,1.4698533086397977e-05,0.0,1.6382163100815833e-05,0.0
distractedly,9.799022057598651e-06,0.0,8.191081550407916e-06,0.0
distracting,0.0,0.0,0.0,9.520364058721605e-06
distraction,1.4698533086397977e-05,0.0,8.191081550407916e-06,0.0
distraught,4.8995110287993256e-06,0.0,0.0,0.0
distress,5.389462131679259e-05,0.0,0.00013105730480652666,0.0
distressed,5.879413234559191e-05,0.0,0.0001064840601553029,0.0
distressing,4.8995110287993256e-06,0.0,4.91464893024475e-05,0.0
distribute,0.0,0.0,8.191081550407916e-06,0.0
distributing,0.0,1.1245558004588187e-05,0.0,0.0
district,5.389462131679259e-05,0.0,0.0,2.8561092176164816e-05
distrust,9.799022057598651e-06,0.0,2.457324465122375e-05,0.0
distrusted,0.0,0.0,8.191081550407916e-06,9.520364058721605e-06
distrustfully,1.4698533086397977e-05,0.0,0.0,0.0
disturb,2.9397066172795955e-05,2.2491116009176375e-05,8.191081550407916e-06,3.808145623488642e-05
disturbance,1.4698533086397977e-05,0.0,8.191081550407916e-06,3.808145623488642e-05
disturbed,4.8995110287993256e-06,1.1245558004588187e-05,1.6382163100815833e-05,3.808145623488642e-05
disturbers,0.0,0.0,8.191081550407916e-06,0.0
disturbing,2.449755514399663e-05,0.0,0.0,9.520364058721605e-06
ditalia,0.0,1.1245558004588187e-05,0.0,0.0
ditch,0.0,6.747334802752913e-05,0.0,0.0
ditches,0.0,3.3736674013764564e-05,0.0,0.0
divan,0.0,0.0,0.0,9.520364058721605e-06
dived,0.0,0.0,0.0,9.520364058721605e-06
diversified,0.0,0.0,8.191081550407916e-06,0.0
diversion,0.0,0.0,2.457324465122375e-05,0.0
diversity,0.0,0.0,0.0,9.520364058721605e-06
divert,9.799022057598651e-06,0.0,8.191081550407916e-06,0.0
diverted,9.799022057598651e-06,0.0,2.457324465122375e-05,9.520364058721605e-06
divide,0.0,0.0,2.457324465122375e-05,0.0
divided,2.449755514399663e-05,1.1245558004588187e-05,3.2764326201631665e-05,0.0
dividing,9.799022057598651e-06,0.0,8.191081550407916e-06,0.0
divine,1.4698533086397977e-05,0.0,0.0,0.0
divined,9.799022057598651e-06,0.0,0.0,1.904072811744321e-05
diving,0.0,0.0,0.0,9.520364058721605e-06
divinity,4.8995110287993256e-06,0.0,0.0,0.0
division,4.8995110287993256e-06,4.498223201835275e-05,0.0,2.8561092176164816e-05
divisions,9.799022057598651e-06,4.498223201835275e-05,0.0,0.0
divorced,4.8995110287993256e-06,0.0,0.0,0.0
dizzier,4.8995110287993256e-06,0.0,0.0,0.0
dizziness,0.0,0.0,0.0,9.520364058721605e-06
dizzy,9.799022057598651e-06,1.1245558004588187e-05,0.0,0.0
dmitri,0.00023517652938236764,0.0,0.0,0.0
dmitris,4.8995110287993256e-06,0.0,0.0,0.0
do,0.002861314440818806,0.0039584364176150424,0.002817732053340323,0.0027228241207943793
dock,0.0,0.0,0.0,2.8561092176164816e-05
docketing,0.0,0.0,0.0,9.520364058721605e-06
docks,0.0,0.0,0.0,9.520364058721605e-06
dockyard,0.0,0.0,0.0,9.520364058721605e-06
doctor,0.0001910809301231737,0.0011133102424542305,0.0,0.0003332127420552562
doctors,9.799022057598651e-06,0.00019117448607799918,0.0,7.616291246977284e-05
doctrine,9.799022057598651e-06,0.0,0.0,0.0
doctrines,4.8995110287993256e-06,0.0,0.0,0.0
document,2.449755514399663e-05,0.0,0.0,9.520364058721605e-06
documentary,4.8995110287993256e-06,0.0,0.0,0.0
documents,4.8995110287993256e-06,0.0,0.0,0.0
doddering,0.0,0.0,0.0,9.520364058721605e-06
does,0.0004997501249375312,0.00040484008816517477,0.0006962419317846729,0.0003712941982901426
doesnt,0.00012248777571998316,0.000359857856146822,0.0,9.520364058721605e-06
dog,3.429657720159528e-05,5.6227790022940935e-05,0.0,0.00015232582493954569
dogfish,0.0,1.1245558004588187e-05,0.0,0.0
doggedly,4.8995110287993256e-06,0.0,0.0,0.0
dogging,4.8995110287993256e-06,0.0,0.0,0.0
dogs,4.8995110287993256e-06,1.1245558004588187e-05,0.0,0.0
doing,0.0003821618602463474,0.00021366560208717556,0.0002129681203106058,0.00019992764523315372
doings,4.8995110287993256e-06,0.0,1.6382163100815833e-05,1.904072811744321e-05
dolce,0.0,2.2491116009176375e-05,0.0,0.0
doleful,0.0,0.0,8.191081550407916e-06,0.0
dollars,0.0,3.3736674013764564e-05,0.0,9.520364058721605e-06
dolls,0.0,1.1245558004588187e-05,0.0,0.0
domain,9.799022057598651e-06,0.0,0.0,0.0
dome,0.0,1.1245558004588187e-05,0.0,0.0
domestic,9.799022057598651e-06,0.0,5.7337570852855414e-05,0.0
domestics,0.0,0.0,8.191081550407916e-06,0.0
dominated,0.0,1.1245558004588187e-05,0.0,0.0
domineering,0.0,1.1245558004588187e-05,0.0,0.0
don,0.0,2.2491116009176375e-05,0.0,0.0
dona,0.0,1.1245558004588187e-05,0.0,0.0
donation,4.8995110287993256e-06,0.0,0.0,0.0
done,0.0004311569705343407,0.0002698933921101165,0.0007535795026375283,0.0006378643919343475
donna,0.0,0.0,0.0,9.520364058721605e-06
dont,0.0022782726283916864,0.004250820925734335,4.91464893024475e-05,0.0002856109217616482
door,0.001112189003537447,0.001079573568440466,0.00028668785426427703,0.0013709324244559112
doorkeeper,4.8995110287993256e-06,0.0,0.0,0.0
doormans,0.0,1.1245558004588187e-05,0.0,0.0
doors,5.879413234559191e-05,0.00010121002204129369,6.552865240326333e-05,6.664254841105123e-05
doorway,0.00014698533086397977,4.498223201835275e-05,8.191081550407916e-06,9.520364058721605e-06
dooties,0.0,0.0,0.0,9.520364058721605e-06
dopey,0.0,1.1245558004588187e-05,0.0,0.0
doran,0.0,0.0,0.0,9.520364058721606e-05
dorans,0.0,0.0,0.0,1.904072811744321e-05
dormer,0.0,1.1245558004588187e-05,0.0,0.0
dormouse,4.8995110287993256e-06,0.0,0.0,0.0
dose,0.0,0.0,8.191081550407916e-06,0.0
dost,4.8995110287993256e-06,0.0,0.0,0.0
dottles,0.0,0.0,0.0,9.520364058721605e-06
double,4.8995110287993256e-06,3.3736674013764564e-05,1.6382163100815833e-05,0.00015232582493954569
doubled,0.0,0.0,8.191081550407916e-06,9.520364058721605e-06
doubly,0.0,0.0,8.191081550407916e-06,9.520364058721605e-06
doubt,0.0002498750624687656,1.1245558004588187e-05,0.0003030700173650929,0.0006093032997581827
doubted,4.8995110287993256e-06,0.0,6.552865240326333e-05,1.904072811744321e-05
doubtful,1.4698533086397977e-05,2.2491116009176375e-05,1.6382163100815833e-05,0.0
doubtfully,4.8995110287993256e-06,1.1245558004588187e-05,0.0,0.0
doubting,0.0,0.0,1.6382163100815833e-05,9.520364058721605e-06
doubtingly,0.0,0.0,8.191081550407916e-06,0.0
doubtless,9.799022057598651e-06,0.0,1.6382163100815833e-05,3.808145623488642e-05
doubts,2.449755514399663e-05,0.0,1.6382163100815833e-05,4.760182029360803e-05
douches,4.8995110287993256e-06,0.0,0.0,0.0
dounia,0.0014796523306973965,0.0,0.0,0.0
dounias,0.0001126887536623845,0.0,0.0,0.0
dove,0.0,1.1245558004588187e-05,0.0,0.0
dovedale,0.0,0.0,1.6382163100815833e-05,0.0
down,0.001474752819668597,0.004003418649633395,0.0006307132793814095,0.0021801633694472477
downcast,4.8995110287993256e-06,0.0,0.0,0.0
downhearted,4.8995110287993256e-06,0.0,0.0,0.0
downhill,0.0,1.1245558004588187e-05,0.0,0.0
downright,4.8995110287993256e-06,0.0,0.0,0.0
downs,4.8995110287993256e-06,0.0,8.191081550407916e-06,0.0
downstairs,9.799022057598651e-05,0.00013494669605505826,1.6382163100815833e-05,6.664254841105123e-05
downward,0.0,0.0,0.0,1.904072811744321e-05
downwards,1.4698533086397977e-05,0.0,0.0,0.0
dowry,4.8995110287993256e-06,0.0,0.0,2.8561092176164816e-05
dozed,4.8995110287993256e-06,0.0,0.0,0.0
dozen,3.429657720159528e-05,2.2491116009176375e-05,1.6382163100815833e-05,0.00010472400464593766
dozens,1.9598044115197302e-05,0.0,0.0,0.0
dozing,4.8995110287993256e-06,0.0,0.0,0.0
dr,9.799022057598651e-06,4.498223201835275e-05,0.0,0.0002760905577029266
drab,0.0,0.0,0.0,9.520364058721605e-06
draft,0.0,5.6227790022940935e-05,0.0,0.0
drafts,0.0,3.3736674013764564e-05,0.0,0.0
drag,1.9598044115197302e-05,0.0,0.0,0.0
dragged,3.429657720159528e-05,1.1245558004588187e-05,0.0,4.760182029360803e-05
dragging,0.0,0.0,0.0,9.520364058721605e-06
draggletails,1.4698533086397977e-05,0.0,0.0,0.0
drained,4.8995110287993256e-06,0.0,0.0,0.0
dram,1.4698533086397977e-05,0.0,0.0,0.0
drama,0.0,0.0,0.0,9.520364058721605e-06
dramatic,0.0,0.0,0.0,2.8561092176164816e-05
drank,4.899511028799326e-05,0.0004273312041743511,0.0,1.904072811744321e-05
drap,1.4698533086397977e-05,0.0,0.0,0.0
draught,4.8995110287993256e-06,0.0,0.0,2.8561092176164816e-05
draughts,0.0,0.0,1.6382163100815833e-05,9.520364058721605e-06
draw,2.9397066172795955e-05,2.2491116009176375e-05,4.91464893024475e-05,0.00011424436870465926
drawback,4.8995110287993256e-06,0.0,0.0,1.904072811744321e-05
drawer,1.4698533086397977e-05,0.0,0.0,5.712218435232963e-05
drawers,4.4095599259193934e-05,0.0,0.0,2.8561092176164816e-05
drawing,4.899511028799326e-05,1.1245558004588187e-05,0.00017201271255856622,0.00010472400464593766
drawings,0.0,0.0,8.191081550407916e-06,0.0
drawled,4.8995110287993256e-06,0.0,0.0,9.520364058721605e-06
drawling,4.8995110287993256e-06,0.0,0.0,0.0
drawn,3.429657720159528e-05,4.498223201835275e-05,6.552865240326333e-05,0.0002094480092918753
draws,0.0,0.0,0.0,9.520364058721605e-06
dray,4.8995110287993256e-06,0.0,0.0,0.0
dread,2.9397066172795955e-05,0.0,3.2764326201631665e-05,1.904072811744321e-05
dreaded,2.9397066172795955e-05,0.0,5.7337570852855414e-05,0.0
dreadful,9.799022057598651e-06,6.747334802752913e-05,9.010189705448707e-05,0.00016184618899826728
dreadfully,2.449755514399663e-05,2.2491116009176375e-05,1.6382163100815833e-05,1.904072811744321e-05
dreading,0.0,0.0,8.191081550407916e-06,0.0
dream,0.00013718630880638113,2.2491116009176375e-05,0.0,5.712218435232963e-05
dreamed,1.9598044115197302e-05,0.0,0.0,0.0
dreamer,4.8995110287993256e-06,0.0,0.0,0.0
dreamily,3.429657720159528e-05,0.0,0.0,0.0
dreaminess,9.799022057598651e-06,0.0,0.0,0.0
dreaming,4.899511028799326e-05,0.0,0.0,9.520364058721605e-06
dreams,0.00010778924263358517,0.0,0.0,1.904072811744321e-05
dreamt,2.449755514399663e-05,0.0,0.0,0.0
dreamy,2.449755514399663e-05,0.0,0.0,9.520364058721605e-06
dreary,9.799022057598651e-06,0.0,0.0,9.520364058721605e-06
dregs,4.8995110287993256e-06,0.0,0.0,9.520364058721605e-06
drenched,1.4698533086397977e-05,0.0,0.0,1.904072811744321e-05
dress,0.00015678435292157842,5.6227790022940935e-05,4.095540775203958e-05,0.00025704982958548334
dressed,0.00020577946320957167,0.00014619225405964643,4.91464893024475e-05,0.00024752946552676175
dresser,0.0,2.2491116009176375e-05,0.0,0.0
dressers,0.0,1.1245558004588187e-05,0.0,0.0
dresses,1.4698533086397977e-05,0.0,8.191081550407916e-06,0.0
dressing,4.4095599259193934e-05,0.0002811389501147047,7.371973395367124e-05,0.00015232582493954569
dressings,0.0,6.747334802752913e-05,0.0,0.0
dressmaker,9.799022057598651e-06,0.0,0.0,0.0
drew,0.00018618141909437438,7.871890603211732e-05,0.0001556305494577504,0.00016184618899826728
dried,4.8995110287993256e-06,6.747334802752913e-05,0.0,6.664254841105123e-05
drier,0.0,1.1245558004588187e-05,0.0,0.0
drifted,0.0,1.1245558004588187e-05,0.0,1.904072811744321e-05
drifting,0.0,0.0,0.0,1.904072811744321e-05
drily,9.799022057598651e-06,0.0,1.6382163100815833e-05,0.0
drink,0.00027437261761276225,0.0010008546624083487,5.7337570852855414e-05,5.712218435232963e-05
drinkers,4.8995110287993256e-06,0.0,0.0,0.0
drinking,0.00014698533086397977,6.747334802752913e-05,8.191081550407916e-06,9.520364058721605e-06
drinks,4.8995110287993256e-06,4.498223201835275e-05,0.0,0.0
drip,4.8995110287993256e-06,1.1245558004588187e-05,0.0,0.0
dripped,0.0,1.1245558004588187e-05,0.0,0.0
dripping,0.0,5.6227790022940935e-05,0.0,0.0
drive,9.309070954718719e-05,0.00014619225405964643,3.2764326201631665e-05,0.00019992764523315372
driven,3.9196088230394604e-05,1.1245558004588187e-05,4.095540775203958e-05,7.616291246977284e-05
driver,9.799022057598651e-06,0.00030363006612388105,0.0,4.760182029360803e-05
drivers,4.8995110287993256e-06,0.00021366560208717556,0.0,0.0
drives,4.8995110287993256e-06,0.0,0.0,1.904072811744321e-05
driveway,0.0,0.00011245558004588187,0.0,0.0
driving,2.9397066172795955e-05,5.6227790022940935e-05,3.2764326201631665e-05,6.664254841105123e-05
drizzle,0.0,2.2491116009176375e-05,0.0,0.0
droite,4.8995110287993256e-06,0.0,0.0,0.0
droning,0.0,0.0,0.0,9.520364058721605e-06
drooping,0.0,0.0,8.191081550407916e-06,2.8561092176164816e-05
drop,7.839217646078921e-05,0.00010121002204129369,2.457324465122375e-05,7.616291246977284e-05
dropped,0.00012738728674878248,0.00011245558004588187,4.91464893024475e-05,0.00015232582493954569
dropping,5.389462131679259e-05,2.2491116009176375e-05,0.0,1.904072811744321e-05
drops,3.9196088230394604e-05,3.3736674013764564e-05,0.0,1.904072811744321e-05
drove,4.899511028799326e-05,0.00025864783410552833,9.010189705448707e-05,0.00024752946552676175
drown,9.799022057598651e-06,3.3736674013764564e-05,0.0,0.0
drowned,1.4698533086397977e-05,3.3736674013764564e-05,0.0,9.520364058721605e-06
drowning,2.9397066172795955e-05,0.0,0.0,0.0
drowsiness,2.449755514399663e-05,0.0,0.0,9.520364058721605e-06
drowsy,9.799022057598651e-06,0.0,0.0,0.0
drubbing,4.8995110287993256e-06,0.0,0.0,0.0
drudge,4.8995110287993256e-06,0.0,0.0,0.0
drug,0.0,0.0,0.0,4.760182029360803e-05
drum,1.4698533086397977e-05,0.0,0.0,0.0
drumming,0.0,1.1245558004588187e-05,0.0,0.0
drunk,0.00037236283818874877,0.00030363006612388105,0.0,3.808145623488642e-05
drunkard,3.9196088230394604e-05,0.0,0.0,9.520364058721605e-06
drunkards,9.799022057598651e-06,0.0,0.0,9.520364058721605e-06
drunken,0.00015678435292157842,0.0,0.0,3.808145623488642e-05
drunkenness,4.8995110287993256e-06,0.0,0.0,0.0
dry,3.9196088230394604e-05,0.000179928928073411,0.0,1.904072811744321e-05
drying,4.8995110287993256e-06,0.0,0.0,0.0
dryly,2.449755514399663e-05,0.0,0.0,9.520364058721605e-06
dryness,4.8995110287993256e-06,1.1245558004588187e-05,0.0,0.0
du,1.9598044115197302e-05,3.3736674013764564e-05,0.0,0.0
dual,0.0,0.0,0.0,9.520364058721605e-06
dubious,0.0,0.0,0.0,9.520364058721605e-06
duchess,0.0,1.1245558004588187e-05,8.191081550407916e-06,1.904072811744321e-05
ducked,0.0,3.3736674013764564e-05,0.0,0.0
ducks,0.0,1.1245558004588187e-05,8.191081550407916e-06,0.0
duclida,9.799022057598651e-06,0.0,0.0,0.0
ductility,0.0,0.0,8.191081550407916e-06,0.0
due,5.389462131679259e-05,1.1245558004588187e-05,9.010189705448707e-05,4.760182029360803e-05
duel,0.0,0.0,8.191081550407916e-06,0.0
duets,0.0,0.0,8.191081550407916e-06,0.0
dug,4.8995110287993256e-06,8.99644640367055e-05,0.0,9.520364058721605e-06
dugout,0.0,0.00011245558004588187,0.0,0.0
dugouts,0.0,2.2491116009176375e-05,0.0,0.0
duke,0.0,1.1245558004588187e-05,0.0,6.664254841105123e-05
dull,1.4698533086397977e-05,0.00013494669605505826,3.2764326201631665e-05,6.664254841105123e-05
dullards,9.799022057598651e-06,0.0,0.0,0.0
dullest,4.8995110287993256e-06,0.0,8.191081550407916e-06,0.0
dulls,0.0,1.1245558004588187e-05,0.0,0.0
dully,4.8995110287993256e-06,0.0,0.0,0.0
dulness,0.0,0.0,8.191081550407916e-06,0.0
duly,0.0,0.0,0.0,9.520364058721605e-06
dumb,3.9196088230394604e-05,1.1245558004588187e-05,0.0,0.0
dumbfounded,9.799022057598651e-06,0.0,0.0,0.0
dumbfoundered,4.8995110287993256e-06,0.0,0.0,0.0
dummy,0.0,0.0,0.0,2.8561092176164816e-05
dumpy,0.0,1.1245558004588187e-05,0.0,0.0
dun,0.0,0.0,0.0,9.520364058721605e-06
duncan,0.0,0.0,0.0,6.664254841105123e-05
dundas,0.0,0.0,0.0,9.520364058721605e-06
dundee,0.0,0.0,0.0,4.760182029360803e-05
dung,0.0,1.1245558004588187e-05,0.0,0.0
dupe,0.0,0.0,8.191081550407916e-06,0.0
duped,0.0,0.0,8.191081550407916e-06,0.0
duping,4.8995110287993256e-06,0.0,0.0,0.0
duplicate,0.0,0.0,0.0,9.520364058721605e-06
duplicates,0.0,0.0,0.0,9.520364058721605e-06
duplicity,0.0,0.0,1.6382163100815833e-05,0.0
duration,0.0,0.0,1.6382163100815833e-05,0.0
during,0.0001126887536623845,3.3736674013764564e-05,0.00022115920186101373,0.000361773834231421
dushkin,1.9598044115197302e-05,0.0,0.0,0.0
dushkins,1.9598044115197302e-05,0.0,0.0,0.0
dusk,1.9598044115197302e-05,4.498223201835275e-05,0.0,1.904072811744321e-05
dussauts,4.8995110287993256e-06,0.0,0.0,0.0
dust,6.859315440319056e-05,0.00012370113805047008,0.0,4.760182029360803e-05
dustcoat,0.0,0.0,0.0,9.520364058721605e-06
dustier,4.8995110287993256e-06,0.0,0.0,0.0
dusty,2.449755514399663e-05,6.747334802752913e-05,0.0,1.904072811744321e-05
duties,3.9196088230394604e-05,0.0,1.6382163100815833e-05,5.712218435232963e-05
dutifully,0.0,0.0,1.6382163100815833e-05,0.0
duty,0.00010778924263358517,0.00016868337006882282,0.00012286622325611874,9.520364058721606e-05
dwell,0.0,0.0,1.6382163100815833e-05,1.904072811744321e-05
dweller,0.0,0.0,0.0,9.520364058721605e-06
dwelling,4.8995110287993256e-06,0.0,5.7337570852855414e-05,9.520364058721605e-06
dwelt,0.0,0.0,4.095540775203958e-05,0.0
dyed,0.0,1.1245558004588187e-05,0.0,0.0
dying,6.369364337439124e-05,3.3736674013764564e-05,2.457324465122375e-05,8.568327652849445e-05
dyou,1.4698533086397977e-05,0.0,0.0,2.8561092176164816e-05
dénouement,0.0,0.0,0.0,9.520364058721605e-06
e,9.799022057598651e-06,1.1245558004588187e-05,8.191081550407916e-06,1.904072811744321e-05
each,0.0002988701727567589,0.0004610678781881157,0.0005160381376756987,0.00030465164987909137
eager,3.9196088230394604e-05,0.0,0.0001064840601553029,5.712218435232963e-05
eagerly,6.369364337439124e-05,0.0,0.00011467514170571083,3.808145623488642e-05
eagerness,1.4698533086397977e-05,0.0,6.552865240326333e-05,1.904072811744321e-05
ear,9.799022057598651e-05,2.2491116009176375e-05,8.191081550407916e-06,8.568327652849445e-05
earl,0.0,0.0,8.191081550407916e-06,0.0
earlier,2.9397066172795955e-05,1.1245558004588187e-05,2.457324465122375e-05,9.520364058721605e-06
earliest,0.0,0.0,4.91464893024475e-05,9.520364058721605e-06
earls,0.0,0.0,8.191081550407916e-06,0.0
early,4.4095599259193934e-05,0.00024740227610094015,0.00022935028341142166,0.00013328509682210247
earn,3.9196088230394604e-05,0.0,0.0,6.664254841105123e-05
earned,1.4698533086397977e-05,0.0,0.0,9.520364058721605e-06
earnest,4.899511028799326e-05,0.0,0.00012286622325611874,9.520364058721605e-06
earnestly,5.389462131679259e-05,0.0,9.010189705448707e-05,4.760182029360803e-05
earnestness,9.799022057598651e-06,0.0,1.6382163100815833e-05,0.0
earning,0.0,0.0,0.0,1.904072811744321e-05
earnings,1.9598044115197302e-05,0.0,0.0,0.0
earrings,0.0,0.0,0.0,1.904072811744321e-05
ears,4.4095599259193934e-05,3.3736674013764564e-05,0.0,9.520364058721606e-05
earshot,0.0,1.1245558004588187e-05,0.0,9.520364058721605e-06
earth,0.0001126887536623845,5.6227790022940935e-05,8.191081550407916e-06,0.00019040728117443212
earthenware,9.799022057598651e-06,0.0,0.0,0.0
earthly,9.799022057598651e-06,0.0,8.191081550407916e-06,0.0
ease,2.9397066172795955e-05,0.0,0.00013924838635693458,1.904072811744321e-05
eased,0.0,1.1245558004588187e-05,0.0,0.0
easier,6.369364337439124e-05,5.6227790022940935e-05,0.0,4.760182029360803e-05
easiest,4.8995110287993256e-06,0.0,0.0,0.0
easily,7.349266543198989e-05,0.00011245558004588187,0.00022115920186101373,9.520364058721606e-05
easiness,0.0,0.0,2.457324465122375e-05,0.0
east,0.0,0.0,0.0,6.664254841105123e-05
eastbourne,0.0,0.0,8.191081550407916e-06,0.0
easter,9.799022057598651e-06,0.0,2.457324465122375e-05,0.0
easterly,0.0,0.0,0.0,9.520364058721605e-06
eastern,0.0,0.0,0.0,2.8561092176164816e-05
eastward,0.0,0.0,0.0,9.520364058721605e-06
easy,3.9196088230394604e-05,0.00010121002204129369,0.00019658595720979,0.00023800910146804015
eat,7.349266543198989e-05,0.0004723134361927039,4.095540775203958e-05,2.8561092176164816e-05
eaten,1.9598044115197302e-05,5.6227790022940935e-05,0.0,1.904072811744321e-05
eater,4.8995110287993256e-06,1.1245558004588187e-05,0.0,0.0
eaters,0.0,1.1245558004588187e-05,0.0,0.0
eating,5.389462131679259e-05,0.00013494669605505826,1.6382163100815833e-05,0.0
eats,0.0,1.1245558004588187e-05,0.0,0.0
eaves,0.0,0.0,0.0,9.520364058721605e-06
eavesdroppers,0.0,0.0,0.0,9.520364058721605e-06
ebb,4.8995110287993256e-06,0.0,0.0,0.0
ebbing,0.0,0.0,0.0,9.520364058721605e-06
eccentric,2.9397066172795955e-05,0.0,8.191081550407916e-06,1.904072811744321e-05
eccentricity,0.0,0.0,0.0,1.904072811744321e-05
ech,4.8995110287993256e-06,0.0,0.0,0.0
echo,0.0,0.0,8.191081550407916e-06,9.520364058721605e-06
echoed,9.799022057598651e-06,0.0,0.0,0.0
echoes,0.0,0.0,0.0,9.520364058721605e-06
eclipse,4.8995110287993256e-06,0.0,0.0,0.0
eclipsed,0.0,0.0,8.191081550407916e-06,9.520364058721605e-06
eclipses,0.0,0.0,0.0,9.520364058721605e-06
economic,1.9598044115197302e-05,0.0,0.0,0.0
economically,0.0,0.0,8.191081550407916e-06,0.0
economy,9.799022057598651e-06,0.0,4.095540775203958e-05,0.0
ecstasies,4.8995110287993256e-06,0.0,0.0,0.0
ecstasy,4.899511028799326e-05,0.0,1.6382163100815833e-05,0.0
ecstatic,9.799022057598651e-06,0.0,0.0,0.0
ecstatically,4.8995110287993256e-06,0.0,0.0,0.0
ed,0.0,2.2491116009176375e-05,0.0,0.0
eddy,0.0,2.2491116009176375e-05,0.0,9.520364058721605e-06
edgar,0.0,2.2491116009176375e-05,0.0,0.0
edge,4.899511028799326e-05,0.00016868337006882282,1.6382163100815833e-05,0.00012376473276338087
edged,4.8995110287993256e-06,1.1245558004588187e-05,1.6382163100815833e-05,1.904072811744321e-05
edges,9.799022057598651e-06,2.2491116009176375e-05,0.0,2.8561092176164816e-05
edgeware,0.0,0.0,0.0,1.904072811744321e-05
edging,9.799022057598651e-06,0.0,0.0,0.0
edifying,4.8995110287993256e-06,1.1245558004588187e-05,0.0,0.0
editions,0.0,0.0,0.0,9.520364058721605e-06
editor,4.8995110287993256e-06,0.0,0.0,9.520364058721605e-06
edouardo,0.0,1.1245558004588187e-05,0.0,0.0
educated,4.899511028799326e-05,0.0,2.457324465122375e-05,0.0
education,0.00010778924263358517,3.3736674013764564e-05,9.010189705448707e-05,2.8561092176164816e-05
edw,0.0,0.0,8.191081550407916e-06,0.0
edward,0.0,0.0,8.191081550407916e-06,1.904072811744321e-05
eerie,0.0,0.0,0.0,9.520364058721605e-06
efface,4.8995110287993256e-06,0.0,0.0,0.0
effect,9.309070954718719e-05,0.0,0.00013924838635693458,0.0001808869171157105
effected,0.0,0.0,0.0,9.520364058721605e-06
effective,4.8995110287993256e-06,1.1245558004588187e-05,0.0,9.520364058721605e-06
effects,4.8995110287993256e-06,1.1245558004588187e-05,3.2764326201631665e-05,2.8561092176164816e-05
effectual,0.0,0.0,8.191081550407916e-06,0.0
effectually,0.0,0.0,2.457324465122375e-05,0.0
efficacy,0.0,0.0,8.191081550407916e-06,0.0
efficiency,0.0,1.1245558004588187e-05,0.0,0.0
efficient,0.0,1.1245558004588187e-05,0.0,0.0
effort,0.00010778924263358517,1.1245558004588187e-05,4.095540775203958e-05,4.760182029360803e-05
efforts,5.389462131679259e-05,0.0,1.6382163100815833e-05,2.8561092176164816e-05
effusion,0.0,0.0,1.6382163100815833e-05,0.0
effusions,9.799022057598651e-06,0.0,1.6382163100815833e-05,0.0
effusive,0.0,0.0,0.0,9.520364058721605e-06
eg,0.0,0.0,0.0,9.520364058721605e-06
egg,1.9598044115197302e-05,1.1245558004588187e-05,0.0,3.808145623488642e-05
eggs,0.0,0.00012370113805047008,0.0,9.520364058721605e-06
eggshells,4.8995110287993256e-06,0.0,0.0,0.0
eglonitz,0.0,0.0,0.0,9.520364058721605e-06
eglow,0.0,0.0,0.0,9.520364058721605e-06
egoist,9.799022057598651e-06,0.0,0.0,0.0
egotism,0.0,0.0,0.0,9.520364058721605e-06
egria,0.0,0.0,0.0,9.520364058721605e-06
egypt,1.4698533086397977e-05,1.1245558004588187e-05,0.0,0.0
egyptian,1.4698533086397977e-05,0.0,0.0,0.0
eh,0.0001665833749791771,0.0,0.0,1.904072811744321e-05
eight,0.00011758826469118382,4.498223201835275e-05,7.371973395367124e-05,0.00013328509682210247
eighteen,1.9598044115197302e-05,1.1245558004588187e-05,0.0,9.520364058721605e-06
eightpence,0.0,0.0,0.0,9.520364058721605e-06
eighty,9.799022057598651e-06,0.0,0.0,0.0
either,0.00020087995218077235,0.00010121002204129369,0.0005078470561252908,0.00031417201393781297
ejaculated,1.9598044115197302e-05,0.0,0.0,3.808145623488642e-05
ejaculation,0.0,0.0,0.0,2.8561092176164816e-05
ejaculations,4.8995110287993256e-06,0.0,0.0,0.0
ejected,0.0,0.0,0.0,9.520364058721605e-06
ekaterininsky,4.8995110287993256e-06,0.0,0.0,0.0
elaborate,4.8995110287993256e-06,1.1245558004588187e-05,0.0,1.904072811744321e-05
elapse,4.8995110287993256e-06,0.0,0.0,0.0
elapsed,0.0,0.0,1.6382163100815833e-05,2.8561092176164816e-05
elastic,0.0,1.1245558004588187e-05,0.0,3.808145623488642e-05
elated,0.0,1.1245558004588187e-05,8.191081550407916e-06,0.0
elbow,3.9196088230394604e-05,0.0,0.0,2.8561092176164816e-05
elbowed,0.0,0.0,0.0,9.520364058721605e-06
elbows,4.899511028799326e-05,1.1245558004588187e-05,0.0,1.904072811744321e-05
elder,5.389462131679259e-05,2.2491116009176375e-05,8.191081550407916e-05,9.520364058721605e-06
elderly,4.8995110287993256e-06,3.3736674013764564e-05,8.191081550407916e-06,3.808145623488642e-05
eldest,1.4698533086397977e-05,0.0,0.00018020379410897414,0.0
elect,4.8995110287993256e-06,0.0,0.0,0.0
elected,4.8995110287993256e-06,0.0,0.0,0.0
electric,0.0,3.3736674013764564e-05,0.0,2.8561092176164816e-05
electrically,0.0,1.1245558004588187e-05,0.0,0.0
elegance,0.0,0.0,7.371973395367124e-05,0.0
elegant,9.799022057598651e-06,0.0,0.00011467514170571083,0.0
element,2.9397066172795955e-05,0.0,0.0,9.520364058721605e-06
elemental,0.0,0.0,0.0,9.520364058721605e-06
elementary,4.8995110287993256e-06,0.0,0.0,9.520364058721605e-06
elements,4.8995110287993256e-06,0.0,0.0,9.520364058721605e-06
elevate,0.0,0.0,8.191081550407916e-06,0.0
elevated,0.0,0.0,1.6382163100815833e-05,0.0
elevating,0.0,0.0,8.191081550407916e-06,0.0
elevation,0.0,1.1245558004588187e-05,8.191081550407916e-06,0.0
elevator,0.0,0.00024740227610094015,0.0,0.0
eleven,4.899511028799326e-05,4.498223201835275e-05,8.191081550407916e-06,6.664254841105123e-05
eleventh,9.799022057598651e-06,0.0,0.0,0.0
eleys,0.0,0.0,0.0,9.520364058721605e-06
elias,0.0,0.0,0.0,2.8561092176164816e-05
eligibility,0.0,0.0,8.191081550407916e-06,0.0
eligible,0.0,0.0,5.7337570852855414e-05,1.904072811744321e-05
eliminate,9.799022057598651e-06,0.0,0.0,0.0
eliminated,0.0,0.0,0.0,9.520364058721605e-06
elise,0.0,0.0,0.0,9.520364058721605e-06
eliza,0.0,0.0,0.00018839487565938207,0.0
elizabeth,0.0,0.0,0.004881884604043118,0.0
elizabeths,0.0,0.0,0.0003112610989155008,0.0
elle,4.8995110287993256e-06,0.0,0.0,0.0
elope,4.8995110287993256e-06,0.0,8.191081550407916e-06,0.0
eloped,0.0,0.0,8.191081550407916e-06,0.0
elopement,0.0,0.0,7.371973395367124e-05,0.0
eloping,0.0,0.0,8.191081550407916e-06,0.0
eloquence,4.8995110287993256e-06,0.0,8.191081550407916e-06,0.0
eloquent,0.0,0.0,1.6382163100815833e-05,0.0
else,0.0002498750624687656,0.0003935945301605866,0.00034402542511713244,0.00030465164987909137
elses,4.8995110287993256e-06,2.2491116009176375e-05,0.0,0.0
elsewhere,4.8995110287993256e-06,0.0,4.095540775203958e-05,9.520364058721605e-06
eluded,4.8995110287993256e-06,0.0,8.191081550407916e-06,0.0
emaciated,9.799022057598651e-06,0.0,0.0,0.0
emaciation,0.0,0.0,0.0,9.520364058721605e-06
emancipation,4.8995110287993256e-06,0.0,0.0,0.0
embankment,4.8995110287993256e-06,0.00020242004408258738,0.0,9.520364058721605e-06
embargo,0.0,0.0,8.191081550407916e-06,0.0
embarrassed,6.369364337439124e-05,3.3736674013764564e-05,5.7337570852855414e-05,9.520364058721605e-06
embarrassedly,0.0,2.2491116009176375e-05,0.0,0.0
embarrassing,1.4698533086397977e-05,1.1245558004588187e-05,0.0,0.0
embarrassment,4.4095599259193934e-05,1.1245558004588187e-05,8.191081550407916e-05,0.0
embassy,4.8995110287993256e-06,0.0,0.0,0.0
embellish,0.0,0.0,0.0,1.904072811744321e-05
ember,4.8995110287993256e-06,0.0,0.0,0.0
embrace,2.9397066172795955e-05,0.0,0.0,0.0
embraced,2.9397066172795955e-05,1.1245558004588187e-05,1.6382163100815833e-05,0.0
embracing,1.9598044115197302e-05,0.0,1.6382163100815833e-05,0.0
embroidered,4.8995110287993256e-06,0.0,0.0,0.0
embroiders,4.8995110287993256e-06,0.0,0.0,0.0
embryo,4.8995110287993256e-06,0.0,0.0,0.0
emerald,0.0,0.0,0.0,9.520364058721605e-06
emerge,0.0,0.0,0.0,1.904072811744321e-05
emerged,0.0,0.0,0.0,7.616291246977284e-05
emergency,4.8995110287993256e-06,1.1245558004588187e-05,8.191081550407916e-06,0.0
emery,0.0,1.1245558004588187e-05,0.0,0.0
emigrant,0.0,0.0,0.0,9.520364058721605e-06
emigrate,4.8995110287993256e-06,0.0,0.0,0.0
emigrated,0.0,0.0,0.0,9.520364058721605e-06
emilio,0.0,2.2491116009176375e-05,0.0,0.0
eminence,0.0,0.0,8.191081550407916e-06,0.0
eminent,0.0,0.0,8.191081550407916e-06,0.0
emmanuele,0.0,1.1245558004588187e-05,0.0,0.0
emotion,4.4095599259193934e-05,0.0,4.095540775203958e-05,4.760182029360803e-05
emotional,4.8995110287993256e-06,0.0,0.0,0.0
emotions,0.0,0.0,8.191081550407916e-06,9.520364058721605e-06
emphasis,1.4698533086397977e-05,0.0,8.191081550407916e-06,0.0
emphasise,4.8995110287993256e-06,0.0,0.0,0.0
emphasising,4.8995110287993256e-06,0.0,0.0,0.0
emphatic,9.799022057598651e-06,0.0,8.191081550407916e-06,0.0
emphatically,2.9397066172795955e-05,0.0,8.191081550407916e-06,0.0
empire,0.0,0.0,0.0,9.520364058721605e-06
employ,0.0,0.0,1.6382163100815833e-05,1.904072811744321e-05
employed,9.799022057598651e-06,0.0,6.552865240326333e-05,2.8561092176164816e-05
employer,0.0,0.0,0.0,2.8561092176164816e-05
employers,0.0,0.0,0.0,1.904072811744321e-05
employing,0.0,0.0,8.191081550407916e-06,1.904072811744321e-05
employment,4.8995110287993256e-06,2.2491116009176375e-05,4.91464893024475e-05,9.520364058721605e-06
employments,0.0,0.0,3.2764326201631665e-05,0.0
employs,0.0,0.0,0.0,9.520364058721605e-06
employé,0.0,0.0,0.0,1.904072811744321e-05
emptied,9.799022057598651e-06,2.2491116009176375e-05,0.0,9.520364058721605e-06
emptily,0.0,2.2491116009176375e-05,0.0,0.0
emptiness,0.0,0.0,8.191081550407916e-06,0.0
empty,0.00014698533086397977,0.0003711034141514102,8.191081550407916e-06,9.520364058721606e-05
en,1.4698533086397977e-05,0.0,0.0,9.520364058721605e-06
enable,4.8995110287993256e-06,0.0,8.191081550407916e-06,1.904072811744321e-05
enabled,0.0,0.0,1.6382163100815833e-05,9.520364058721605e-06
enables,0.0,0.0,0.0,9.520364058721605e-06
enabling,0.0,0.0,8.191081550407916e-06,0.0
enamel,0.0,1.1245558004588187e-05,0.0,0.0
enamelled,4.8995110287993256e-06,0.0,0.0,0.0
encamp,0.0,0.0,0.0,9.520364058721605e-06
encamped,0.0,0.0,8.191081550407916e-06,0.0
enchanted,4.8995110287993256e-06,0.0,0.0,0.0
encircled,0.0,0.0,0.0,9.520364058721605e-06
enclosed,0.0,1.1245558004588187e-05,0.0,0.0
enclosure,0.0,0.0,0.0,2.8561092176164816e-05
encompass,0.0,0.0,0.0,9.520364058721605e-06
encore,0.0,1.1245558004588187e-05,0.0,0.0
encounter,0.0,1.1245558004588187e-05,3.2764326201631665e-05,0.0
encourage,9.799022057598651e-06,0.0,4.91464893024475e-05,9.520364058721605e-06
encouraged,9.799022057598651e-06,0.0,6.552865240326333e-05,0.0
encouragement,0.0,1.1245558004588187e-05,8.191081550407916e-05,0.0
encouraging,0.0,0.0,3.2764326201631665e-05,9.520364058721605e-06
encroaching,0.0,0.0,8.191081550407916e-06,0.0
encumbrance,0.0,0.0,8.191081550407916e-06,0.0
encyclopædia,0.0,0.0,0.0,4.760182029360803e-05
encyclopædias,0.0,0.0,0.0,9.520364058721605e-06
encyst,0.0,2.2491116009176375e-05,0.0,0.0
encysted,0.0,2.2491116009176375e-05,0.0,0.0
end,0.0003968603933327454,0.0003486122981422338,0.00023754136496182955,0.0005426607513471315
endeared,0.0,0.0,8.191081550407916e-06,0.0
endeavor,0.0,0.0,8.191081550407916e-06,0.0
endeavour,0.0,0.0,0.00016382163100815833,9.520364058721605e-06
endeavoured,4.8995110287993256e-06,0.0,8.191081550407916e-05,8.568327652849445e-05
endeavouring,0.0,0.0,4.095540775203958e-05,5.712218435232963e-05
endeavours,0.0,0.0,5.7337570852855414e-05,0.0
ended,6.369364337439124e-05,1.1245558004588187e-05,3.2764326201631665e-05,3.808145623488642e-05
endell,0.0,0.0,0.0,9.520364058721605e-06
ending,1.4698533086397977e-05,1.1245558004588187e-05,0.0,1.904072811744321e-05
endless,4.8995110287993256e-06,0.0,1.6382163100815833e-05,1.904072811744321e-05
endowed,4.8995110287993256e-06,0.0,0.0,0.0
ends,2.449755514399663e-05,3.3736674013764564e-05,0.0,1.904072811744321e-05
endurable,0.0,0.0,8.191081550407916e-06,0.0
endurance,4.8995110287993256e-06,0.0,0.0,0.0
endure,4.4095599259193934e-05,0.0,8.191081550407916e-06,0.0
endured,1.4698533086397977e-05,0.0,3.2764326201631665e-05,9.520364058721605e-06
enduring,0.0,0.0,8.191081550407916e-06,0.0
enemies,1.4698533086397977e-05,0.0,8.191081550407916e-06,1.904072811744321e-05
enemy,1.4698533086397977e-05,4.498223201835275e-05,8.191081550407916e-06,2.8561092176164816e-05
enemys,0.0,1.1245558004588187e-05,0.0,1.904072811744321e-05
energetic,0.0,0.0,8.191081550407916e-06,3.808145623488642e-05
energies,9.799022057598651e-06,0.0,0.0,0.0
energy,1.9598044115197302e-05,0.0,4.095540775203958e-05,6.664254841105123e-05
enforced,0.0,0.0,8.191081550407916e-06,0.0
engadine,0.0,1.1245558004588187e-05,0.0,0.0
engage,9.799022057598651e-06,0.0,4.095540775203958e-05,9.520364058721605e-06
engaged,3.429657720159528e-05,1.1245558004588187e-05,0.0003112610989155008,0.0001428054608808241
engagement,9.799022057598651e-06,0.0,0.00016382163100815833,3.808145623488642e-05
engagements,0.0,0.0,9.8292978604895e-05,0.0
engaging,9.799022057598651e-06,0.0,4.91464893024475e-05,1.904072811744321e-05
engine,0.0,0.00010121002204129369,0.0,1.904072811744321e-05
engineer,0.0,1.1245558004588187e-05,0.0,6.664254841105123e-05
engineers,0.0,3.3736674013764564e-05,0.0,9.520364058721605e-06
engines,0.0,0.0,0.0,9.520364058721605e-06
england,4.8995110287993256e-06,4.498223201835275e-05,4.095540775203958e-05,0.00019040728117443212
english,1.9598044115197302e-05,0.0005285412262156448,0.0,8.568327652849445e-05
englishman,0.0,4.498223201835275e-05,0.0,2.8561092176164816e-05
englishmen,4.8995110287993256e-06,0.0,0.0,0.0
englishwoman,0.0,1.1245558004588187e-05,0.0,0.0
engraved,4.8995110287993256e-06,0.0,0.0,9.520364058721605e-06
engross,0.0,0.0,8.191081550407916e-06,0.0
engrossed,0.0,0.0,4.095540775203958e-05,0.0
engrossing,0.0,0.0,8.191081550407916e-06,0.0
enhance,0.0,0.0,8.191081550407916e-06,0.0
enigmatic,1.9598044115197302e-05,0.0,0.0,0.0
enigmatical,0.0,0.0,0.0,9.520364058721605e-06
enigmatically,4.8995110287993256e-06,0.0,0.0,0.0
enjoy,9.799022057598651e-06,2.2491116009176375e-05,6.552865240326333e-05,9.520364058721605e-06
enjoyed,1.9598044115197302e-05,3.3736674013764564e-05,0.0,9.520364058721605e-06
enjoying,0.0,0.0,3.2764326201631665e-05,0.0
enjoyment,3.429657720159528e-05,0.0,0.0001064840601553029,0.0
enjoyments,0.0,0.0,8.191081550407916e-06,0.0
enlarge,9.799022057598651e-06,0.0,0.0,0.0
enlarged,4.8995110287993256e-06,0.0,0.0,9.520364058721605e-06
enlarging,4.8995110287993256e-06,0.0,8.191081550407916e-06,0.0
enlightened,4.8995110287993256e-06,0.0,0.0,0.0
enlightenment,9.799022057598651e-06,0.0,0.0,0.0
ennobled,4.8995110287993256e-06,0.0,0.0,0.0
ennui,0.0,0.0,0.0,9.520364058721605e-06
enormity,0.0,0.0,8.191081550407916e-06,0.0
enormous,0.0,1.1245558004588187e-05,0.0,3.808145623488642e-05
enormously,4.8995110287993256e-06,1.1245558004588187e-05,0.0,0.0
enough,0.00038706137127514676,0.0003711034141514102,0.000876445725893647,0.0005521811154058532
enrage,4.8995110287993256e-06,0.0,0.0,0.0
enraged,1.4698533086397977e-05,1.1245558004588187e-05,8.191081550407916e-06,0.0
enrico,0.0,5.6227790022940935e-05,0.0,0.0
enry,0.0,1.1245558004588187e-05,0.0,0.0
ensign,0.0,0.0,8.191081550407916e-06,0.0
ensigncy,0.0,0.0,8.191081550407916e-06,0.0
ensue,0.0,0.0,8.191081550407916e-06,9.520364058721605e-06
ensued,0.0,0.0,1.6382163100815833e-05,9.520364058721605e-06
ensuing,0.0,0.0,8.191081550407916e-06,0.0
ensure,4.8995110287993256e-06,0.0,0.0,0.0
entail,0.0,0.0,6.552865240326333e-05,0.0
entailed,0.0,0.0,4.91464893024475e-05,9.520364058721605e-06
entailing,0.0,0.0,8.191081550407916e-06,0.0
entangled,0.0,0.0,0.0,1.904072811744321e-05
enter,6.859315440319056e-05,1.1245558004588187e-05,9.8292978604895e-05,4.760182029360803e-05
entered,4.899511028799326e-05,1.1245558004588187e-05,0.00029487893581468496,0.00031417201393781297
entering,2.9397066172795955e-05,0.0,7.371973395367124e-05,3.808145623488642e-05
enterprise,1.4698533086397977e-05,0.0,0.0,9.520364058721605e-06
enters,0.0,0.0,0.0,9.520364058721605e-06
entertain,1.4698533086397977e-05,0.0,4.095540775203958e-05,0.0
entertained,4.8995110287993256e-06,0.0,5.7337570852855414e-05,0.0
entertaining,4.8995110287993256e-06,0.0,0.0,1.904072811744321e-05
entertainment,4.8995110287993256e-06,0.0,4.91464893024475e-05,0.0
enthusiasm,3.429657720159528e-05,0.0,0.0,2.8561092176164816e-05
enthusiastic,0.0,0.0,0.0,1.904072811744321e-05
enthusiastically,4.8995110287993256e-06,0.0,0.0,0.0
entire,0.0,0.0,0.0,9.520364058721605e-06
entirely,7.839217646078921e-05,0.0,0.00020477703876019789,0.0001808869171157105
entitled,0.0,0.0,3.2764326201631665e-05,0.0
entitles,0.0,1.1245558004588187e-05,0.0,9.520364058721605e-06
entrails,4.8995110287993256e-06,0.0,0.0,0.0
entrance,0.00011758826469118382,7.871890603211732e-05,0.00011467514170571083,1.904072811744321e-05
entrances,4.8995110287993256e-06,0.0,0.0,0.0
entreat,9.799022057598651e-06,0.0,4.91464893024475e-05,0.0
entreated,0.0,0.0,1.6382163100815833e-05,9.520364058721605e-06
entreaties,1.4698533086397977e-05,0.0,3.2764326201631665e-05,1.904072811744321e-05
entreating,9.799022057598651e-06,0.0,8.191081550407916e-06,0.0
entreaty,4.8995110287993256e-06,0.0,5.7337570852855414e-05,0.0
entries,0.0,0.0,0.0,1.904072811744321e-05
entrusted,9.799022057598651e-06,0.0,0.0,0.0
entry,4.4095599259193934e-05,1.1245558004588187e-05,0.0,9.520364058721605e-06
entrée,4.8995110287993256e-06,0.0,0.0,0.0
enumerating,0.0,0.0,4.095540775203958e-05,0.0
enumeration,0.0,0.0,8.191081550407916e-06,0.0
envelope,0.0,2.2491116009176375e-05,2.457324465122375e-05,0.00013328509682210247
envelopes,0.0,3.3736674013764564e-05,0.0,0.0
envied,0.0,0.0,1.6382163100815833e-05,0.0
envious,9.799022057598651e-06,0.0,0.0,0.0
environment,4.899511028799326e-05,0.0,0.0,0.0
environs,0.0,1.1245558004588187e-05,8.191081550407916e-06,0.0
envy,0.0,0.0,2.457324465122375e-05,0.0
envying,0.0,0.0,8.191081550407916e-06,0.0
enwrapped,0.0,0.0,0.0,9.520364058721605e-06
ephemeral,9.799022057598651e-06,0.0,0.0,0.0
epicurean,0.0,0.0,0.0,9.520364058721605e-06
epileptic,4.8995110287993256e-06,0.0,0.0,0.0
episode,0.0,0.0,0.0,9.520364058721605e-06
episodes,4.8995110287993256e-06,0.0,0.0,9.520364058721605e-06
epistle,0.0,0.0,0.0,2.8561092176164816e-05
epithet,4.8995110287993256e-06,1.1245558004588187e-05,8.191081550407916e-06,0.0
epsom,0.0,0.0,2.457324465122375e-05,0.0
equal,4.899511028799326e-05,0.0,0.0002457324465122375,2.8561092176164816e-05
equality,9.799022057598651e-06,0.0,0.0,9.520364058721605e-06
equalled,0.0,0.0,8.191081550407916e-06,9.520364058721605e-06
equally,0.0,0.0,0.00016382163100815833,5.712218435232963e-05
equals,0.0,0.0,8.191081550407916e-06,0.0
equinoctial,0.0,0.0,0.0,1.904072811744321e-05
equipage,0.0,0.0,8.191081550407916e-06,0.0
equipment,0.0,2.2491116009176375e-05,0.0,0.0
equipped,0.0,1.1245558004588187e-05,0.0,0.0
equivalent,4.8995110287993256e-06,0.0,8.191081550407916e-06,0.0
equivocal,0.0,0.0,8.191081550407916e-06,0.0
eradicate,4.8995110287993256e-06,0.0,0.0,0.0
ere,0.0,0.0,1.6382163100815833e-05,9.520364058721605e-06
erect,0.0,0.0,0.0,1.904072811744321e-05
erected,0.0,0.0,0.0,1.904072811744321e-05
err,4.8995110287993256e-06,0.0,2.457324465122375e-05,0.0
errand,4.8995110287993256e-06,0.0,8.191081550407916e-06,3.808145623488642e-05
errands,0.0,1.1245558004588187e-05,0.0,0.0
erred,0.0,0.0,0.0,1.904072811744321e-05
erroneous,0.0,0.0,0.0,9.520364058721605e-06
error,1.4698533086397977e-05,0.0,4.91464893024475e-05,3.808145623488642e-05
errors,0.0,0.0,2.457324465122375e-05,0.0
es,0.0,0.0,0.0,9.520364058721605e-06
escapade,0.0,0.0,0.0,9.520364058721605e-06
escape,0.0001665833749791771,1.1245558004588187e-05,8.191081550407916e-05,5.712218435232963e-05
escaped,9.799022057598651e-06,0.0,4.095540775203958e-05,4.760182029360803e-05
escaping,9.799022057598651e-06,0.0,8.191081550407916e-06,9.520364058721605e-06
escort,1.9598044115197302e-05,0.0,0.0,1.904072811744321e-05
escorted,0.0,0.0,0.0,1.904072811744321e-05
escorting,4.8995110287993256e-06,0.0,0.0,0.0
especial,4.8995110287993256e-06,0.0,0.0,0.0
especially,0.0002841716396703609,7.871890603211732e-05,0.00018020379410897414,3.808145623488642e-05
esq,0.0,0.0,8.191081550407916e-06,1.904072811744321e-05
essays,4.8995110287993256e-06,0.0,0.0,0.0
essence,4.8995110287993256e-06,0.0,8.191081550407916e-06,9.520364058721605e-06
essential,4.899511028799326e-05,0.0,1.6382163100815833e-05,6.664254841105123e-05
essentially,1.4698533086397977e-05,0.0,0.0,0.0
essentials,4.8995110287993256e-06,0.0,1.6382163100815833e-05,0.0
est,4.8995110287993256e-06,0.0,0.0,0.0
establish,4.8995110287993256e-06,0.0,1.6382163100815833e-05,1.904072811744321e-05
established,9.799022057598651e-06,0.0,5.7337570852855414e-05,1.904072811744321e-05
establishing,9.799022057598651e-06,0.0,0.0,0.0
establishment,9.799022057598651e-06,0.0,4.91464893024475e-05,9.520364058721605e-06
establishments,1.4698533086397977e-05,0.0,0.0,0.0
estate,1.4698533086397977e-05,0.0,0.00016382163100815833,8.568327652849445e-05
estates,0.0,0.0,3.2764326201631665e-05,9.520364058721605e-06
esteem,1.4698533086397977e-05,0.0,9.010189705448707e-05,0.0
esteemed,0.0,0.0,5.7337570852855414e-05,0.0
esteeming,4.8995110287993256e-06,0.0,0.0,0.0
esteems,1.4698533086397977e-05,0.0,0.0,0.0
estephe,0.0,2.2491116009176375e-05,0.0,0.0
estimable,9.799022057598651e-06,0.0,1.6382163100815833e-05,0.0
estimate,0.0,0.0,0.0,9.520364058721605e-06
estimated,0.0,0.0,8.191081550407916e-06,0.0
estimation,0.0,0.0,4.095540775203958e-05,0.0
estrange,4.8995110287993256e-06,0.0,0.0,0.0
et,9.799022057598651e-06,0.0,0.0,0.0
etc,2.449755514399663e-05,0.0,0.0001064840601553029,1.904072811744321e-05
eternal,1.4698533086397977e-05,0.0,0.0,0.0
eternity,2.449755514399663e-05,0.0,0.0,0.0
ether,0.0,1.1245558004588187e-05,0.0,0.0
etherege,0.0,0.0,0.0,9.520364058721605e-06
etiquette,9.799022057598651e-06,0.0,1.6382163100815833e-05,0.0
eton,0.0,0.0,0.0,9.520364058721605e-06
ettore,0.0,0.00030363006612388105,0.0,0.0
europe,4.8995110287993256e-06,0.0,0.0,5.712218435232963e-05
european,4.8995110287993256e-06,0.0,0.0,9.520364058721605e-06
eustace,0.0,0.0,0.0,9.520364058721605e-06
evacuate,0.0,1.1245558004588187e-05,0.0,0.0
evacuated,0.0,2.2491116009176375e-05,0.0,0.0
evade,0.0,0.0,8.191081550407916e-06,0.0
evasiveness,4.8995110287993256e-06,0.0,0.0,0.0
eve,9.799022057598651e-06,0.0,0.0,0.0
even,0.0016560347277341722,0.0004610678781881157,0.0006716686871334491,0.0006664254841105124
evening,0.00027437261761276225,0.00022491116009176374,0.0005897578716293699,0.000361773834231421
evenings,2.449755514399663e-05,0.0,4.91464893024475e-05,1.904072811744321e-05
evenness,0.0,0.0,1.6382163100815833e-05,0.0
event,4.8995110287993256e-06,1.1245558004588187e-05,0.00018020379410897414,3.808145623488642e-05
events,2.449755514399663e-05,0.0,4.095540775203958e-05,0.00015232582493954569
eventually,0.0,2.2491116009176375e-05,0.0,5.712218435232963e-05
ever,0.0003233677279007555,0.0005285412262156448,0.0010894138462042527,0.0006664254841105124
everlasting,2.9397066172795955e-05,0.0,0.0,0.0
everlastingly,9.799022057598651e-06,0.0,0.0,0.0
every,0.0005879413234559191,0.0004723134361927039,0.0014907768421742406,0.0007711494887564501
everybody,3.429657720159528e-05,0.00023615671809635195,0.0003030700173650929,1.904072811744321e-05
everybodys,0.0,2.2491116009176375e-05,1.6382163100815833e-05,0.0
everyday,9.799022057598651e-06,0.0,0.0,9.520364058721605e-06
everyone,0.00035766430510235077,0.0,4.095540775203958e-05,4.760182029360803e-05
everyones,0.0,0.0,8.191081550407916e-06,0.0
everything,0.0008231178528382867,0.00040484008816517477,0.000491464893024475,0.00019040728117443212
everywhere,4.899511028799326e-05,7.871890603211732e-05,1.6382163100815833e-05,9.520364058721605e-06
evidence,0.00019598044115197303,0.0,0.0,0.00016184618899826728
evident,0.00011758826469118382,1.1245558004588187e-05,0.00014743946790734248,5.712218435232963e-05
evidently,9.799022057598651e-05,3.3736674013764564e-05,4.095540775203958e-05,0.00013328509682210247
evil,4.899511028799326e-05,0.0,0.00011467514170571083,0.00010472400464593766
evils,4.8995110287993256e-06,0.0,6.552865240326333e-05,0.0
evolve,0.0,0.0,0.0,9.520364058721605e-06
evolved,0.0,0.0,0.0,9.520364058721605e-06
evviva,0.0,1.1245558004588187e-05,0.0,0.0
ex,0.0,0.0,0.0,1.904072811744321e-05
exact,1.4698533086397977e-05,0.0,2.457324465122375e-05,3.808145623488642e-05
exacted,0.0,0.0,0.0,1.904072811744321e-05
exacting,0.0,0.0,0.0,9.520364058721605e-06
exactitude,4.8995110287993256e-06,0.0,0.0,0.0
exactly,0.0001518848418927791,6.747334802752913e-05,0.0002457324465122375,7.616291246977284e-05
exactness,4.8995110287993256e-06,0.0,0.0,9.520364058721605e-06
exaggerate,4.8995110287993256e-06,1.1245558004588187e-05,8.191081550407916e-06,0.0
exaggerated,5.389462131679259e-05,0.0,0.0,1.904072811744321e-05
exaggerating,9.799022057598651e-06,0.0,0.0,0.0
exaggeration,0.0,0.0,8.191081550407916e-06,0.0
exalted,4.8995110287993256e-06,1.1245558004588187e-05,0.0,2.8561092176164816e-05
examination,1.4698533086397977e-05,4.498223201835275e-05,2.457324465122375e-05,0.00010472400464593766
examinations,4.8995110287993256e-06,0.0,0.0,0.0
examine,2.9397066172795955e-05,0.0,1.6382163100815833e-05,5.712218435232963e-05
examined,2.449755514399663e-05,4.498223201835275e-05,3.2764326201631665e-05,0.00015232582493954569
examining,7.839217646078921e-05,0.0,3.2764326201631665e-05,5.712218435232963e-05
example,1.4698533086397977e-05,1.1245558004588187e-05,4.095540775203958e-05,0.00012376473276338087
examples,1.9598044115197302e-05,1.1245558004588187e-05,0.0,0.0
exasperate,0.0,0.0,1.6382163100815833e-05,0.0
exasperated,1.4698533086397977e-05,0.0,0.0,0.0
exasperation,9.799022057598651e-06,0.0,0.0,0.0
excavating,0.0,0.0,0.0,9.520364058721605e-06
exceed,4.8995110287993256e-06,0.0,1.6382163100815833e-05,0.0
exceeded,0.0,0.0,1.6382163100815833e-05,9.520364058721605e-06
exceeding,0.0,0.0,8.191081550407916e-06,9.520364058721605e-06
exceedingly,8.819119851838787e-05,0.0,0.00022935028341142166,0.00010472400464593766
exceeds,4.8995110287993256e-06,0.0,0.0,0.0
excel,0.0,0.0,1.6382163100815833e-05,0.0
excellence,0.0,0.0,2.457324465122375e-05,0.0
excellency,4.4095599259193934e-05,0.0,0.0,0.0
excellent,2.9397066172795955e-05,7.871890603211732e-05,0.00016382163100815833,0.0001808869171157105
except,0.00014208581983518045,0.000359857856146822,0.00018020379410897414,6.664254841105123e-05
excepting,0.0,0.0,2.457324465122375e-05,0.0
exception,9.799022057598651e-06,0.0,8.191081550407916e-06,1.904072811744321e-05
exceptionable,0.0,0.0,8.191081550407916e-06,0.0
exceptional,2.9397066172795955e-05,0.0,0.0,3.808145623488642e-05
exceptionally,1.9598044115197302e-05,0.0,0.0,1.904072811744321e-05
exceptionalness,4.8995110287993256e-06,0.0,0.0,0.0
excess,0.0,0.0,1.6382163100815833e-05,0.0
excessive,2.449755514399663e-05,0.0,3.2764326201631665e-05,9.520364058721605e-06
excessively,9.799022057598651e-06,0.0,8.191081550407916e-05,0.0
exchange,1.9598044115197302e-05,0.0,0.0,1.904072811744321e-05
exchanged,1.9598044115197302e-05,0.0,8.191081550407916e-06,1.904072811744321e-05
exchanging,9.799022057598651e-06,0.0,0.0,9.520364058721605e-06
excitable,0.0,1.1245558004588187e-05,0.0,9.520364058721605e-06
excite,1.9598044115197302e-05,1.1245558004588187e-05,2.457324465122375e-05,0.0
excited,0.00012248777571998316,7.871890603211732e-05,9.010189705448707e-05,3.808145623488642e-05
excitedly,0.0,0.0,0.0,9.520364058721605e-06
excitement,9.309070954718719e-05,1.1245558004588187e-05,0.0,5.712218435232963e-05
excites,9.799022057598651e-06,0.0,0.0,0.0
exciting,4.8995110287993256e-06,6.747334802752913e-05,8.191081550407916e-06,9.520364058721605e-06
exclaim,0.0,0.0,8.191081550407916e-06,0.0
exclaimed,2.449755514399663e-05,0.0,6.552865240326333e-05,2.8561092176164816e-05
exclaiming,1.4698533086397977e-05,0.0,3.2764326201631665e-05,0.0
exclamation,4.8995110287993256e-06,0.0,1.6382163100815833e-05,1.904072811744321e-05
exclamations,4.4095599259193934e-05,0.0,2.457324465122375e-05,0.0
exclude,0.0,0.0,8.191081550407916e-06,9.520364058721605e-06
excluded,4.8995110287993256e-06,0.0,0.0,9.520364058721605e-06
exclusion,0.0,0.0,8.191081550407916e-06,9.520364058721605e-06
exclusively,1.9598044115197302e-05,0.0,0.0,0.0
excursion,0.0,0.0,0.0,9.520364058721605e-06
excusable,4.8995110287993256e-06,0.0,0.0,0.0
excuse,0.00022047799629596967,0.0,0.00013105730480652666,0.0001428054608808241
excused,0.0,1.1245558004588187e-05,1.6382163100815833e-05,0.0
excuses,1.4698533086397977e-05,0.0,1.6382163100815833e-05,9.520364058721605e-06
executed,4.8995110287993256e-06,0.0,8.191081550407916e-06,0.0
executing,4.8995110287993256e-06,1.1245558004588187e-05,0.0,0.0
execution,4.8995110287993256e-06,0.0,3.2764326201631665e-05,9.520364058721605e-06
executors,0.0,0.0,8.191081550407916e-06,0.0
exemplary,4.8995110287993256e-06,0.0,0.0,0.0
exempt,4.8995110287993256e-06,0.0,0.0,0.0
exercise,4.8995110287993256e-06,2.2491116009176375e-05,4.91464893024475e-05,1.904072811744321e-05
exercises,0.0,2.2491116009176375e-05,0.0,0.0
exercising,0.0,0.0,1.6382163100815833e-05,9.520364058721605e-06
exert,4.8995110287993256e-06,0.0,1.6382163100815833e-05,9.520364058721605e-06
exerted,0.0,0.0,1.6382163100815833e-05,0.0
exerting,0.0,0.0,8.191081550407916e-06,0.0
exertion,0.0,0.0,7.371973395367124e-05,0.0
exertions,9.799022057598651e-06,0.0,0.0,0.0
exhausted,6.369364337439124e-05,1.1245558004588187e-05,8.191081550407916e-06,0.0
exhaustion,2.449755514399663e-05,0.0,0.0,0.0
exhibit,4.8995110287993256e-06,1.1245558004588187e-05,8.191081550407916e-06,0.0
exhibited,4.8995110287993256e-06,0.0,0.0,9.520364058721605e-06
exhibiting,0.0,0.0,8.191081550407916e-06,0.0
exhibition,0.0,0.0,1.6382163100815833e-05,0.0
exhilarated,1.4698533086397977e-05,0.0,0.0,0.0
exhilarating,0.0,0.0,0.0,9.520364058721605e-06
exhilaration,0.0,2.2491116009176375e-05,0.0,0.0
exhortations,4.8995110287993256e-06,0.0,0.0,0.0
exigence,0.0,0.0,8.191081550407916e-06,0.0
exiles,4.8995110287993256e-06,0.0,0.0,0.0
exist,4.899511028799326e-05,1.1245558004588187e-05,8.191081550407916e-06,0.0
existed,4.8995110287993256e-06,0.0,2.457324465122375e-05,0.0
existence,2.449755514399663e-05,0.0,2.457324465122375e-05,4.760182029360803e-05
existing,4.8995110287993256e-06,0.0,1.6382163100815833e-05,9.520364058721605e-06
exists,1.9598044115197302e-05,0.0,0.0,0.0
exit,0.0,0.0,0.0,9.520364058721605e-06
expand,4.8995110287993256e-06,0.0,0.0,0.0
expect,8.819119851838787e-05,1.1245558004588187e-05,0.00028668785426427703,7.616291246977284e-05
expectancies,0.0,0.0,0.0,9.520364058721605e-06
expectancy,0.0,0.0,0.0,9.520364058721605e-06
expectation,1.9598044115197302e-05,0.0,0.0001556305494577504,0.0
expectations,4.8995110287993256e-06,0.0,5.7337570852855414e-05,0.0
expected,0.00012248777571998316,0.00013494669605505826,0.00034402542511713244,0.00012376473276338087
expecting,7.839217646078921e-05,2.2491116009176375e-05,4.095540775203958e-05,9.520364058721605e-06
expects,9.799022057598651e-06,0.0,8.191081550407916e-06,0.0
expedient,0.0,0.0,1.6382163100815833e-05,0.0
expedite,0.0,0.0,8.191081550407916e-06,0.0
expedition,9.799022057598651e-06,0.0,0.0,4.760182029360803e-05
expeditiously,0.0,0.0,1.6382163100815833e-05,0.0
expenditure,0.0,0.0,0.0,9.520364058721605e-06
expense,1.4698533086397977e-05,0.0,6.552865240326333e-05,4.760182029360803e-05
expenses,3.429657720159528e-05,0.0,2.457324465122375e-05,2.8561092176164816e-05
expensive,4.8995110287993256e-06,1.1245558004588187e-05,0.0,3.808145623488642e-05
experience,4.899511028799326e-05,2.2491116009176375e-05,1.6382163100815833e-05,0.00019040728117443212
experienced,2.449755514399663e-05,2.2491116009176375e-05,3.2764326201631665e-05,9.520364058721605e-06
experiences,4.8995110287993256e-06,0.0,0.0,1.904072811744321e-05
experiencing,0.0,1.1245558004588187e-05,0.0,0.0
experiment,1.9598044115197302e-05,0.0,0.0,0.0
experiments,4.8995110287993256e-06,0.0,0.0,0.0
expiate,4.8995110287993256e-06,0.0,0.0,0.0
expiating,9.799022057598651e-06,0.0,0.0,0.0
expiation,4.8995110287993256e-06,0.0,0.0,0.0
expired,0.0,0.0,0.0,9.520364058721605e-06
expiring,0.0,0.0,0.0,9.520364058721605e-06
explain,0.00017148288600797641,2.2491116009176375e-05,4.91464893024475e-05,0.00015232582493954569
explained,0.0001322867977775818,4.498223201835275e-05,7.371973395367124e-05,8.568327652849445e-05
explaining,1.9598044115197302e-05,0.0,2.457324465122375e-05,1.904072811744321e-05
explains,0.0,0.0,0.0,9.520364058721605e-06
explanation,0.0001322867977775818,3.3736674013764564e-05,6.552865240326333e-05,8.568327652849445e-05
explanations,1.9598044115197302e-05,1.1245558004588187e-05,1.6382163100815833e-05,1.904072811744321e-05
explanatory,0.0,0.0,8.191081550407916e-06,0.0
explicit,0.0,0.0,1.6382163100815833e-05,0.0
explicitly,0.0,0.0,8.191081550407916e-06,0.0
exploded,0.0,1.1245558004588187e-05,0.0,0.0
exploit,9.799022057598651e-06,0.0,0.0,0.0
explore,0.0,0.0,8.191081550407916e-06,9.520364058721605e-06
explosion,4.8995110287993256e-06,2.2491116009176375e-05,0.0,0.0
explosive,4.899511028799326e-05,3.3736674013764564e-05,0.0,0.0
export,0.0,1.1245558004588187e-05,0.0,0.0
expose,4.8995110287993256e-06,0.0,5.7337570852855414e-05,0.0
exposed,0.0,1.1245558004588187e-05,1.6382163100815833e-05,2.8561092176164816e-05
exposing,0.0,0.0,4.095540775203958e-05,0.0
expostulating,4.8995110287993256e-06,0.0,0.0,9.520364058721605e-06
expostulation,0.0,0.0,8.191081550407916e-06,0.0
exposure,4.8995110287993256e-06,0.0,8.191081550407916e-06,3.808145623488642e-05
expound,4.8995110287993256e-06,0.0,0.0,9.520364058721605e-06
expounding,1.4698533086397977e-05,0.0,0.0,0.0
express,4.899511028799326e-05,0.0,0.00019658595720979,0.0
expressed,6.369364337439124e-05,1.1245558004588187e-05,0.0002129681203106058,1.904072811744321e-05
expresses,4.8995110287993256e-06,0.0,0.0,0.0
expressing,1.4698533086397977e-05,0.0,6.552865240326333e-05,0.0
expression,0.0001518848418927791,1.1245558004588187e-05,0.00018020379410897414,7.616291246977284e-05
expressions,1.4698533086397977e-05,0.0,9.8292978604895e-05,9.520364058721605e-06
expressive,1.9598044115197302e-05,0.0,1.6382163100815833e-05,1.904072811744321e-05
expressively,4.8995110287993256e-06,0.0,1.6382163100815833e-05,0.0
expressly,9.799022057598651e-06,0.0,8.191081550407916e-06,9.520364058721605e-06
exquisite,4.8995110287993256e-06,0.0,8.191081550407916e-06,9.520364058721605e-06
extend,0.0,1.1245558004588187e-05,0.0,9.520364058721605e-06
extended,4.8995110287993256e-06,1.1245558004588187e-05,2.457324465122375e-05,3.808145623488642e-05
extending,0.0,0.0,0.0,9.520364058721605e-06
extensive,0.0,0.0,3.2764326201631665e-05,0.0
extent,9.799022057598651e-06,1.1245558004588187e-05,5.7337570852855414e-05,1.904072811744321e-05
extenuating,4.8995110287993256e-06,0.0,8.191081550407916e-06,0.0
exterior,4.8995110287993256e-06,0.0,0.0,0.0
external,1.9598044115197302e-05,0.0,0.0,0.0
externally,4.8995110287993256e-06,0.0,0.0,0.0
extinguished,4.8995110287993256e-06,0.0,8.191081550407916e-06,9.520364058721605e-06
extinguishes,0.0,0.0,0.0,9.520364058721605e-06
extort,0.0,0.0,8.191081550407916e-06,0.0
extorted,0.0,0.0,8.191081550407916e-06,0.0
extra,0.0,2.2491116009176375e-05,0.0,1.904072811744321e-05
extractions,0.0,0.0,8.191081550407916e-06,0.0
extracts,4.8995110287993256e-06,0.0,1.6382163100815833e-05,9.520364058721605e-06
extraordinarily,2.9397066172795955e-05,0.0,0.0,0.0
extraordinary,0.00012738728674878248,0.0,0.00013105730480652666,0.0001808869171157105
extravagance,0.0,0.0,3.2764326201631665e-05,0.0
extravagant,0.0,1.1245558004588187e-05,3.2764326201631665e-05,0.0
extreme,4.4095599259193934e-05,1.1245558004588187e-05,3.2764326201631665e-05,8.568327652849445e-05
extremely,8.329168748958855e-05,1.1245558004588187e-05,0.00011467514170571083,6.664254841105123e-05
extremes,4.8995110287993256e-06,0.0,0.0,0.0
extremity,4.8995110287993256e-06,0.0,0.0,9.520364058721605e-06
exuberance,0.0,0.0,8.191081550407916e-06,0.0
exuberant,0.0,0.0,8.191081550407916e-06,0.0
exultation,0.0,0.0,8.191081550407916e-06,0.0
eye,5.879413234559191e-05,1.1245558004588187e-05,0.00012286622325611874,0.00022848873740931853
eyeballs,0.0,1.1245558004588187e-05,0.0,0.0
eyebrows,1.9598044115197302e-05,0.0,0.0,2.8561092176164816e-05
eyed,1.9598044115197302e-05,0.0,0.0,1.904072811744321e-05
eyeglasses,0.0,0.0,0.0,9.520364058721605e-06
eyeing,0.0,0.0,8.191081550407916e-06,0.0
eyelashes,1.9598044115197302e-05,0.0,8.191081550407916e-06,0.0
eyelids,9.799022057598651e-06,0.0,0.0,0.0
eyes,0.0012052797130846342,0.00030363006612388105,0.0004259362406212116,0.0008282716731087797
eyford,0.0,0.0,0.0,8.568327652849445e-05
ezekiah,0.0,0.0,0.0,1.904072811744321e-05
f,0.0,0.0,4.095540775203958e-05,9.520364058721605e-06
fabrication,0.0,0.0,0.0,9.520364058721605e-06
face,0.0012248777571998313,0.0006859790382798795,0.00022115920186101373,0.001209086235457644
faced,4.8995110287993256e-06,6.747334802752913e-05,8.191081550407916e-06,0.00012376473276338087
faces,8.819119851838787e-05,5.6227790022940935e-05,2.457324465122375e-05,1.904072811744321e-05
facet,0.0,0.0,0.0,9.520364058721605e-06
facilitate,4.8995110287993256e-06,0.0,0.0,9.520364058721605e-06
facilities,0.0,1.1245558004588187e-05,0.0,0.0
facility,0.0,0.0,0.0,9.520364058721605e-06
facing,0.0001126887536623845,2.2491116009176375e-05,0.0,9.520364058721605e-06
fact,0.0004850515918511333,1.1245558004588187e-05,0.00011467514170571083,0.00023800910146804015
factor,0.0,0.0,0.0,2.8561092176164816e-05
factories,0.0,1.1245558004588187e-05,0.0,9.520364058721605e-06
factory,0.0,0.0,0.0,9.520364058721605e-06
facts,0.0001518848418927791,1.1245558004588187e-05,8.191081550407916e-06,0.0003332127420552562
faculties,3.9196088230394604e-05,0.0,8.191081550407916e-06,1.904072811744321e-05
faculty,9.799022057598651e-06,0.0,0.0,0.0
fad,0.0,0.0,0.0,9.520364058721605e-06
faddy,0.0,0.0,0.0,1.904072811744321e-05
fade,0.0,0.0,0.0,9.520364058721605e-06
faded,4.8995110287993256e-06,0.0,0.0,2.8561092176164816e-05
fading,4.8995110287993256e-06,0.0,0.0,0.0
fads,0.0,0.0,0.0,1.904072811744321e-05
fagged,0.0,0.0,0.0,9.520364058721605e-06
fail,5.389462131679259e-05,1.1245558004588187e-05,4.91464893024475e-05,5.712218435232963e-05
failed,6.369364337439124e-05,1.1245558004588187e-05,2.457324465122375e-05,5.712218435232963e-05
failing,1.4698533086397977e-05,0.0,1.6382163100815833e-05,1.904072811744321e-05
failings,4.8995110287993256e-06,0.0,0.0,0.0
fails,1.9598044115197302e-05,0.0,0.0,0.0
failure,2.9397066172795955e-05,0.0,8.191081550407916e-06,0.0
failures,4.8995110287993256e-06,0.0,0.0,0.0
fain,0.0,0.0,0.0,9.520364058721605e-06
faint,5.389462131679259e-05,3.3736674013764564e-05,8.191081550407916e-06,2.8561092176164816e-05
fainted,3.429657720159528e-05,0.0,0.0,5.712218435232963e-05
fainter,0.0,0.0,1.6382163100815833e-05,0.0
faintest,1.4698533086397977e-05,0.0,0.0,0.0
fainting,3.9196088230394604e-05,0.0,0.0,2.8561092176164816e-05
faintly,5.879413234559191e-05,0.0,8.191081550407916e-06,9.520364058721605e-06
faintness,4.8995110287993256e-06,0.0,0.0,0.0
fair,3.9196088230394604e-05,0.0,0.00018020379410897414,6.664254841105123e-05
fairbank,0.0,0.0,0.0,1.904072811744321e-05
fairer,0.0,0.0,0.0,9.520364058721605e-06
fairest,4.8995110287993256e-06,0.0,8.191081550407916e-06,0.0
fairly,7.839217646078921e-05,2.2491116009176375e-05,1.6382163100815833e-05,6.664254841105123e-05
fairy,4.8995110287993256e-06,0.0,0.0,0.0
fait,0.0,0.0,0.0,9.520364058721605e-06
faith,9.309070954718719e-05,3.3736674013764564e-05,0.0,2.8561092176164816e-05
faithful,1.4698533086397977e-05,2.2491116009176375e-05,2.457324465122375e-05,0.0
faithfully,4.8995110287993256e-06,0.0,8.191081550407916e-06,2.8561092176164816e-05
fake,0.0,1.1245558004588187e-05,0.0,0.0
fall,9.309070954718719e-05,0.0002698933921101165,7.371973395367124e-05,0.00010472400464593766
fallacy,0.0,1.1245558004588187e-05,0.0,0.0
fallen,7.349266543198989e-05,2.2491116009176375e-05,2.457324465122375e-05,9.520364058721606e-05
falling,3.9196088230394604e-05,0.00020242004408258738,2.457324465122375e-05,1.904072811744321e-05
falls,4.8995110287993256e-06,2.2491116009176375e-05,1.6382163100815833e-05,9.520364058721605e-06
false,5.879413234559191e-05,3.3736674013764564e-05,9.8292978604895e-05,3.808145623488642e-05
falsehood,9.799022057598651e-06,0.0,5.7337570852855414e-05,0.0
falsely,0.0,0.0,8.191081550407916e-06,0.0
falsetto,4.8995110287993256e-06,0.0,0.0,0.0
falsity,4.8995110287993256e-06,0.0,0.0,0.0
faltered,2.449755514399663e-05,0.0,0.0,0.0
faltering,1.4698533086397977e-05,0.0,0.0,0.0
falteringly,4.8995110287993256e-06,0.0,0.0,0.0
fame,0.0,0.0,8.191081550407916e-06,0.0
familiar,8.819119851838787e-05,0.0,2.457324465122375e-05,8.568327652849445e-05
familiarised,4.8995110287993256e-06,0.0,0.0,0.0
familiarity,1.9598044115197302e-05,0.0,1.6382163100815833e-05,0.0
familiarly,0.0,0.0,1.6382163100815833e-05,0.0
families,9.799022057598651e-06,2.2491116009176375e-05,5.7337570852855414e-05,4.760182029360803e-05
family,0.000225377507324769,0.00016868337006882282,0.0012450443956620032,0.0002856109217616482
familys,4.8995110287993256e-06,0.0,0.0,0.0
famine,4.8995110287993256e-06,0.0,0.0,0.0
famished,0.0,0.0,0.0,9.520364058721605e-06
famous,4.8995110287993256e-06,1.1245558004588187e-05,0.0,1.904072811744321e-05
fanaticism,1.4698533086397977e-05,0.0,0.0,0.0
fancied,0.00016168386395037774,0.0,5.7337570852855414e-05,0.0
fancier,0.0,0.0,0.0,9.520364058721605e-06
fancies,4.4095599259193934e-05,0.0,0.0,4.760182029360803e-05
fanciful,9.799022057598651e-06,0.0,0.0,9.520364058721605e-06
fancy,0.0002449755514399663,0.0,0.0001556305494577504,0.0001428054608808241
fancying,2.9397066172795955e-05,0.0,3.2764326201631665e-05,0.0
fangs,0.0,0.0,0.0,1.904072811744321e-05
fanlight,0.0,0.0,0.0,9.520364058721605e-06
fantastic,7.349266543198989e-05,0.0,0.0,6.664254841105123e-05
fantasy,1.9598044115197302e-05,0.0,0.0,0.0
far,0.0003772623492175481,0.0004385767621789393,0.000483273811474067,0.0005236200232296883
farce,4.8995110287993256e-06,0.0,0.0,0.0
fare,4.8995110287993256e-06,0.0,1.6382163100815833e-05,2.8561092176164816e-05
fared,4.8995110287993256e-06,0.0,0.0,0.0
fareham,0.0,0.0,0.0,9.520364058721605e-06
fares,4.8995110287993256e-06,0.0,0.0,0.0
farewell,9.799022057598651e-06,0.0,2.457324465122375e-05,9.520364058721605e-06
farintosh,0.0,0.0,0.0,1.904072811744321e-05
farm,0.0,1.1245558004588187e-05,2.457324465122375e-05,7.616291246977284e-05
farmhouse,0.0,0.00012370113805047008,0.0,9.520364058721605e-06
farmhouses,0.0,2.2491116009176375e-05,0.0,0.0
farms,0.0,2.2491116009176375e-05,0.0,9.520364058721605e-06
farmyard,0.0,1.1245558004588187e-05,0.0,0.0
farrington,0.0,0.0,0.0,9.520364058721605e-06
farther,4.8995110287993256e-06,2.2491116009176375e-05,0.00011467514170571083,9.520364058721606e-05
farthest,0.0,0.0,0.0,1.904072811744321e-05
farthing,3.429657720159528e-05,0.0,8.191081550407916e-06,9.520364058721605e-06
farthings,1.4698533086397977e-05,0.0,0.0,0.0
fascinate,4.8995110287993256e-06,0.0,0.0,0.0
fascinated,1.9598044115197302e-05,0.0,0.0,0.0
fascinating,2.449755514399663e-05,0.0,0.0,2.8561092176164816e-05
fascination,4.8995110287993256e-06,0.0,0.0,9.520364058721605e-06
fashion,5.879413234559191e-05,0.0,5.7337570852855414e-05,0.00019040728117443212
fashionable,2.9397066172795955e-05,0.0,8.191081550407916e-06,1.904072811744321e-05
fashionably,9.799022057598651e-06,0.0,0.0,0.0
fashioned,2.449755514399663e-05,1.1245558004588187e-05,0.0,1.904072811744321e-05
fashions,0.0,0.0,1.6382163100815833e-05,0.0
fast,5.389462131679259e-05,0.00025864783410552833,5.7337570852855414e-05,1.904072811744321e-05
fasten,9.799022057598651e-06,0.0,0.0,9.520364058721605e-06
fastened,3.9196088230394604e-05,3.3736674013764564e-05,8.191081550407916e-06,9.520364058721606e-05
fasteners,0.0,0.0,0.0,9.520364058721605e-06
fastening,1.9598044115197302e-05,0.0,0.0,9.520364058721605e-06
faster,0.0,2.2491116009176375e-05,0.0,1.904072811744321e-05
fastest,4.8995110287993256e-06,0.0,0.0,0.0
fastidious,0.0,0.0,1.6382163100815833e-05,0.0
fastidiousness,4.8995110287993256e-06,0.0,0.0,0.0
fasting,4.8995110287993256e-06,0.0,0.0,0.0
fat,7.349266543198989e-05,6.747334802752913e-05,8.191081550407916e-06,5.712218435232963e-05
fatal,2.9397066172795955e-05,0.0,0.0,3.808145623488642e-05
fatally,0.0,0.0,0.0,9.520364058721605e-06
fate,7.349266543198989e-05,0.0,1.6382163100815833e-05,8.568327652849445e-05
fateful,9.799022057598651e-06,0.0,0.0,0.0
father,0.0003380662609871535,0.00030363006612388105,0.0009501654598473182,0.0006949865762866772
fatherhood,0.0,1.1245558004588187e-05,0.0,0.0
fatherland,0.0,1.1245558004588187e-05,0.0,0.0
fatherless,4.8995110287993256e-06,0.0,0.0,0.0
fathers,8.819119851838787e-05,0.0,0.0001556305494577504,9.520364058721606e-05
fathom,0.0,0.0,0.0,1.904072811744321e-05
fathomed,0.0,0.0,0.0,9.520364058721605e-06
fatigue,2.9397066172795955e-05,0.0,3.2764326201631665e-05,0.0
fatigued,4.8995110287993256e-06,0.0,3.2764326201631665e-05,9.520364058721605e-06
fatiguing,4.8995110287993256e-06,0.0,0.0,0.0
fatness,4.8995110287993256e-06,0.0,0.0,0.0
fattened,0.0,0.0,0.0,1.904072811744321e-05
fattest,0.0,0.0,0.0,9.520364058721605e-06
fattish,4.8995110287993256e-06,0.0,0.0,0.0
fatuity,4.8995110287993256e-06,0.0,0.0,0.0
fault,5.389462131679259e-05,2.2491116009176375e-05,5.7337570852855414e-05,4.760182029360803e-05
faultless,0.0,0.0,8.191081550407916e-06,0.0
faults,0.0,1.1245558004588187e-05,3.2764326201631665e-05,1.904072811744321e-05
faulty,0.0,0.0,2.457324465122375e-05,0.0
favor,0.0,1.1245558004588187e-05,0.0,0.0
favorably,0.0,1.1245558004588187e-05,0.0,0.0
favour,4.4095599259193934e-05,0.0,0.00018020379410897414,8.568327652849445e-05
favourable,2.449755514399663e-05,0.0,9.8292978604895e-05,9.520364058721605e-06
favourably,0.0,0.0,1.6382163100815833e-05,1.904072811744321e-05
favoured,0.0,0.0,8.191081550407916e-06,1.904072811744321e-05
favourite,1.9598044115197302e-05,0.0,0.00017201271255856622,0.0
favourites,0.0,0.0,2.457324465122375e-05,0.0
favours,0.0,0.0,1.6382163100815833e-05,0.0
fawn,4.8995110287993256e-06,0.0,0.0,0.0
fawned,4.8995110287993256e-06,0.0,0.0,0.0
fawning,4.8995110287993256e-06,0.0,0.0,0.0
fear,0.00013718630880638113,1.1245558004588187e-05,0.00018839487565938207,0.00026657019364420494
feared,1.4698533086397977e-05,0.0,9.010189705448707e-05,6.664254841105123e-05
fearful,5.879413234559191e-05,0.0,4.095540775203958e-05,0.0
fearfully,5.389462131679259e-05,0.0,0.0,0.0
fearing,4.8995110287993256e-06,0.0,2.457324465122375e-05,0.0
fearless,0.0,0.0,8.191081550407916e-06,9.520364058721605e-06
fears,4.8995110287993256e-06,0.0,8.191081550407916e-05,4.760182029360803e-05
feasible,0.0,0.0,0.0,1.904072811744321e-05
feast,4.8995110287993256e-06,0.0,0.0,0.0
feat,0.0,0.0,0.0,9.520364058721605e-06
feather,4.899511028799326e-05,2.2491116009176375e-05,8.191081550407916e-06,2.8561092176164816e-05
feathers,0.0,0.0,8.191081550407916e-06,9.520364058721605e-06
feature,4.8995110287993256e-06,0.0,1.6382163100815833e-05,4.760182029360803e-05
featureless,0.0,0.0,0.0,1.904072811744321e-05
features,1.9598044115197302e-05,0.0,6.552865240326333e-05,0.00013328509682210247
february,0.0,1.1245558004588187e-05,8.191081550407916e-06,1.904072811744321e-05
fed,4.8995110287993256e-06,1.1245558004588187e-05,0.0,9.520364058721605e-06
federico,0.0,6.747334802752913e-05,0.0,0.0
fedosya,4.8995110287993256e-06,0.0,0.0,0.0
fedyaevs,4.8995110287993256e-06,0.0,0.0,0.0
fee,9.799022057598651e-06,0.0,0.0,4.760182029360803e-05
feeble,1.4698533086397977e-05,0.0,0.0,9.520364058721605e-06
feebler,4.8995110287993256e-06,0.0,0.0,0.0
feebly,4.8995110287993256e-06,0.0,0.0,0.0
feed,4.8995110287993256e-06,1.1245558004588187e-05,0.0,9.520364058721605e-06
feeding,4.8995110287993256e-06,0.0,0.0,0.0
feel,0.00032826723892955483,0.0008096801763303495,0.0003194521804659087,0.00016184618899826728
feeling,0.0003772623492175481,0.00030363006612388105,0.00029487893581468496,0.00016184618899826728
feelingly,0.0,0.0,8.191081550407916e-06,0.0
feelings,0.00012248777571998316,2.2491116009176375e-05,0.0007208151764358966,9.520364058721605e-06
feels,1.9598044115197302e-05,3.3736674013764564e-05,3.2764326201631665e-05,0.0
fees,4.8995110287993256e-06,0.0,0.0,0.0
feet,0.0001322867977775818,0.00019117448607799918,8.191081550407916e-06,0.00026657019364420494
feign,4.8995110287993256e-06,0.0,0.0,0.0
feigned,4.8995110287993256e-06,1.1245558004588187e-05,0.0,9.520364058721605e-06
felicitations,0.0,1.1245558004588187e-05,8.191081550407916e-06,0.0
felicitous,4.8995110287993256e-06,0.0,0.0,0.0
felicity,0.0,0.0,0.00014743946790734248,0.0
fell,0.0002498750624687656,0.00012370113805047008,1.6382163100815833e-05,0.0001713665530569889
fellow,0.00030866919481435754,7.871890603211732e-05,6.552865240326333e-05,0.00032369237799653456
fellows,3.429657720159528e-05,1.1245558004588187e-05,2.457324465122375e-05,9.520364058721605e-06
fellowship,4.8995110287993256e-06,0.0,0.0,0.0
felony,0.0,0.0,0.0,2.8561092176164816e-05
felstein,0.0,0.0,0.0,9.520364058721605e-06
felt,0.000842715896953484,0.0007984346183257614,0.0008191081550407915,0.00031417201393781297
female,1.4698533086397977e-05,0.0,6.552865240326333e-05,0.0
females,0.0,0.0,1.6382163100815833e-05,0.0
feminine,9.799022057598651e-06,1.1245558004588187e-05,0.0,9.520364058721605e-06
fence,4.8995110287993256e-06,4.498223201835275e-05,0.0,0.0
fenced,4.8995110287993256e-06,0.0,0.0,0.0
fences,4.8995110287993256e-06,1.1245558004588187e-05,0.0,0.0
fenchurch,0.0,0.0,0.0,1.904072811744321e-05
fender,0.0,0.0,8.191081550407916e-06,0.0
ferguson,0.0,0.0004723134361927039,0.0,3.808145623488642e-05
fergy,0.0,0.00016868337006882282,0.0,0.0
feriti,0.0,2.2491116009176375e-05,0.0,0.0
fermenting,4.8995110287993256e-06,0.0,0.0,0.0
ferocious,4.8995110287993256e-06,0.0,0.0,9.520364058721605e-06
ferociously,4.8995110287993256e-06,0.0,0.0,0.0
ferocity,4.8995110287993256e-06,0.0,0.0,0.0
ferret,0.0,0.0,0.0,9.520364058721605e-06
fervent,4.8995110287993256e-06,0.0,8.191081550407916e-06,0.0
fervently,4.8995110287993256e-06,0.0,8.191081550407916e-06,0.0
fervour,4.8995110287993256e-06,0.0,0.0,0.0
fess,0.0,0.0,0.0,9.520364058721605e-06
festive,9.799022057598651e-06,0.0,0.0,0.0
festivities,0.0,0.0,0.0,9.520364058721605e-06
festivity,9.799022057598651e-06,0.0,0.0,0.0
fetch,3.429657720159528e-05,0.0,2.457324465122375e-05,9.520364058721605e-06
fetched,1.4698533086397977e-05,0.0,8.191081550407916e-06,0.0
fetching,1.9598044115197302e-05,0.0,0.0,0.0
fetters,9.799022057598651e-06,0.0,0.0,0.0
feu,0.0,1.1245558004588187e-05,0.0,0.0
fever,0.00014208581983518045,2.2491116009176375e-05,0.0,9.520364058721605e-06
feverish,9.799022057598651e-05,0.0,1.6382163100815833e-05,0.0
feverishly,1.4698533086397977e-05,0.0,0.0,0.0
few,0.0002498750624687656,0.00024740227610094015,0.000581566790078962,0.000723547668462842
fewer,0.0,1.1245558004588187e-05,8.191081550407916e-06,1.904072811744321e-05
fewness,0.0,1.1245558004588187e-05,0.0,0.0
fezzes,0.0,1.1245558004588187e-05,0.0,0.0
fiancé,3.429657720159528e-05,0.0,0.0,9.520364058721605e-06
fiancée,4.8995110287993256e-06,0.0,0.0,0.0
fiasco,0.0,1.1245558004588187e-05,0.0,0.0
fiat,0.0,2.2491116009176375e-05,0.0,0.0
fibbing,4.8995110287993256e-06,0.0,0.0,0.0
fiction,0.0,0.0,0.0,9.520364058721605e-06
fidelity,4.8995110287993256e-06,0.0,0.0,9.520364058721605e-06
fidget,4.8995110287993256e-06,0.0,8.191081550407916e-06,0.0
fidgeted,4.8995110287993256e-06,0.0,0.0,9.520364058721605e-06
fidgeting,4.8995110287993256e-06,0.0,0.0,0.0
fidgets,0.0,0.0,8.191081550407916e-06,0.0
fidgety,0.0,0.0,8.191081550407916e-06,0.0
fie,4.8995110287993256e-06,0.0,0.0,0.0
field,4.8995110287993256e-06,0.0002698933921101165,2.457324465122375e-05,8.568327652849445e-05
fields,0.0,0.00021366560208717556,8.191081550407916e-06,5.712218435232963e-05
fiend,9.799022057598651e-06,0.0,0.0,0.0
fiendish,4.8995110287993256e-06,0.0,0.0,0.0
fierce,0.0,2.2491116009176375e-05,0.0,5.712218435232963e-05
fiercely,9.799022057598651e-06,2.2491116009176375e-05,0.0,1.904072811744321e-05
fiery,0.0,0.0,0.0,1.904072811744321e-05
fifteen,0.0001126887536623845,7.871890603211732e-05,3.2764326201631665e-05,1.904072811744321e-05
fifteenth,4.8995110287993256e-06,0.0,0.0,0.0
fifth,2.9397066172795955e-05,1.1245558004588187e-05,8.191081550407916e-06,9.520364058721605e-06
fifthly,4.8995110287993256e-06,0.0,0.0,0.0
fifty,8.329168748958855e-05,0.00011245558004588187,4.91464893024475e-05,0.00011424436870465926
fight,2.9397066172795955e-05,0.00011245558004588187,1.6382163100815833e-05,2.8561092176164816e-05
fighting,6.859315440319056e-05,0.0002698933921101165,8.191081550407916e-06,9.520364058721605e-06
figure,7.839217646078921e-05,2.2491116009176375e-05,6.552865240326333e-05,0.0001808869171157105
figured,0.0,0.0,0.0,9.520364058721605e-06
figures,1.4698533086397977e-05,0.0,8.191081550407916e-06,3.808145623488642e-05
filberts,0.0,1.1245558004588187e-05,0.0,0.0
filed,0.0,0.0,0.0,9.520364058721605e-06
files,0.0,0.0,0.0,9.520364058721605e-06
filial,0.0,0.0,1.6382163100815833e-05,9.520364058721605e-06
filigree,4.8995110287993256e-06,0.0,0.0,0.0
filka,9.799022057598651e-06,0.0,0.0,0.0
fill,1.4698533086397977e-05,5.6227790022940935e-05,8.191081550407916e-06,3.808145623488642e-05
filled,8.819119851838787e-05,0.00015743781206423464,8.191081550407916e-06,6.664254841105123e-05
filling,9.799022057598651e-06,0.0,8.191081550407916e-06,9.520364058721605e-06
fillipo,0.0,2.2491116009176375e-05,0.0,0.0
fillippo,0.0,1.1245558004588187e-05,0.0,0.0
fills,0.0,0.0,0.0,9.520364058721605e-06
filtering,0.0,1.1245558004588187e-05,0.0,0.0
filth,9.799022057598651e-06,0.0,0.0,0.0
filthiness,9.799022057598651e-06,0.0,0.0,0.0
filthy,3.9196088230394604e-05,2.2491116009176375e-05,0.0,9.520364058721605e-06
final,3.9196088230394604e-05,0.0,8.191081550407916e-06,1.904072811744321e-05
finally,6.859315440319056e-05,0.00022491116009176374,5.7337570852855414e-05,0.0001808869171157105
finances,0.0,0.0,8.191081550407916e-06,0.0
financial,4.8995110287993256e-06,1.1245558004588187e-05,0.0,0.0
financier,0.0,0.0,0.0,1.904072811744321e-05
finanza,0.0,2.2491116009176375e-05,0.0,0.0
find,0.0004801520808223339,0.0003711034141514102,0.000483273811474067,0.0007616291246977285
finder,0.0,0.0,0.0,9.520364058721605e-06
finding,7.349266543198989e-05,2.2491116009176375e-05,0.0001064840601553029,8.568327652849445e-05
finds,1.4698533086397977e-05,0.0,8.191081550407916e-06,3.808145623488642e-05
fine,7.349266543198989e-05,0.0011807835904817598,0.0002621146096130533,0.00010472400464593766
finely,0.0,0.0,0.0,9.520364058721605e-06
finer,0.0,1.1245558004588187e-05,4.095540775203958e-05,1.904072811744321e-05
finery,9.799022057598651e-06,0.0,1.6382163100815833e-05,0.0
finest,0.0,0.0,1.6382163100815833e-05,9.520364058721605e-06
finger,8.329168748958855e-05,0.00014619225405964643,0.0,0.0001808869171157105
fingering,0.0,0.0,8.191081550407916e-06,0.0
fingers,6.859315440319056e-05,0.00011245558004588187,2.457324465122375e-05,0.00010472400464593766
fingertips,0.0,0.0,0.0,1.904072811744321e-05
finish,3.429657720159528e-05,8.99644640367055e-05,3.2764326201631665e-05,9.520364058721605e-06
finished,7.839217646078921e-05,0.00020242004408258738,9.010189705448707e-05,8.568327652849445e-05
finishing,1.4698533086397977e-05,1.1245558004588187e-05,8.191081550407916e-06,0.0
finn,4.8995110287993256e-06,0.0,0.0,0.0
finnish,9.799022057598651e-06,0.0,0.0,0.0
finns,0.0,0.0,0.0,9.520364058721605e-06
fire,9.799022057598651e-05,0.0002698933921101165,4.095540775203958e-05,0.00042841638264247227
fired,1.4698533086397977e-05,0.00011245558004588187,0.0,0.0
firelight,0.0,0.0,0.0,9.520364058721605e-06
firemen,0.0,0.0,0.0,9.520364058721605e-06
firenze,0.0,1.1245558004588187e-05,0.0,0.0
fireplace,0.0,0.0,1.6382163100815833e-05,3.808145623488642e-05
fires,1.9598044115197302e-05,0.0,0.0,0.0
fireweed,0.0,1.1245558004588187e-05,0.0,0.0
firing,0.0,0.00012370113805047008,0.0,0.0
firm,4.899511028799326e-05,1.1245558004588187e-05,2.457324465122375e-05,0.00011424436870465926
firmer,4.8995110287993256e-06,0.0,0.0,0.0
firmest,0.0,0.0,1.6382163100815833e-05,0.0
firmly,9.799022057598651e-05,1.1245558004588187e-05,8.191081550407916e-06,1.904072811744321e-05
firmness,4.8995110287993256e-06,0.0,8.191081550407916e-06,9.520364058721605e-06
first,0.001126887536623845,0.0007984346183257614,0.0011958979063595558,0.0008187513090500581
fish,1.9598044115197302e-05,4.498223201835275e-05,4.095540775203958e-05,1.904072811744321e-05
fished,0.0,0.0,0.0,9.520364058721605e-06
fishermans,0.0,2.2491116009176375e-05,0.0,0.0
fishermen,0.0,1.1245558004588187e-05,0.0,0.0
fishes,4.8995110287993256e-06,0.0,0.0,1.904072811744321e-05
fishing,0.0,5.6227790022940935e-05,4.095540775203958e-05,0.0
fist,6.369364337439124e-05,0.0,0.0,0.0
fists,1.4698533086397977e-05,0.0,0.0,3.808145623488642e-05
fit,0.00010288973160478584,2.2491116009176375e-05,3.2764326201631665e-05,8.568327652849445e-05
fits,9.799022057598651e-06,0.0,0.0,1.904072811744321e-05
fitted,1.4698533086397977e-05,2.2491116009176375e-05,4.91464893024475e-05,4.760182029360803e-05
fitting,9.799022057598651e-06,1.1245558004588187e-05,0.0,9.520364058721605e-06
fitzwilliam,0.0,0.0,0.0002621146096130533,0.0
fitzwilliams,0.0,0.0,4.095540775203958e-05,0.0
five,0.00041155892641914335,0.00032612118213305746,0.00027030569116346124,0.000361773834231421
fiver,0.0,0.0,0.0,1.904072811744321e-05
fives,0.0,1.1245558004588187e-05,0.0,0.0
fix,2.449755514399663e-05,4.498223201835275e-05,2.457324465122375e-05,9.520364058721605e-06
fixed,0.00017148288600797641,1.1245558004588187e-05,0.00018020379410897414,0.00010472400464593766
fixedly,9.799022057598651e-06,0.0,0.0,0.0
fixing,4.8995110287993256e-06,0.0,1.6382163100815833e-05,0.0
fixtures,0.0,1.1245558004588187e-05,0.0,0.0
flabby,4.8995110287993256e-06,0.0,0.0,0.0
flag,4.8995110287993256e-06,1.1245558004588187e-05,0.0,9.520364058721605e-06
flagged,0.0,0.0,0.0,1.904072811744321e-05
flagging,4.8995110287993256e-06,0.0,0.0,0.0
flagrant,4.8995110287993256e-06,0.0,0.0,0.0
flags,0.0,1.1245558004588187e-05,0.0,9.520364058721605e-06
flake,0.0,1.1245558004588187e-05,0.0,0.0
flakes,0.0,1.1245558004588187e-05,0.0,0.0
flame,1.9598044115197302e-05,0.0,0.0,1.904072811744321e-05
flames,4.8995110287993256e-06,0.0,0.0,1.904072811744321e-05
flaming,0.0,0.0,8.191081550407916e-06,1.904072811744321e-05
flanders,0.0,1.1245558004588187e-05,0.0,0.0
flank,0.0,1.1245558004588187e-05,0.0,0.0
flannel,9.799022057598651e-06,0.0,0.0,0.0
flap,0.0,2.2491116009176375e-05,0.0,2.8561092176164816e-05
flapped,0.0,0.0,0.0,1.904072811744321e-05
flapping,4.8995110287993256e-06,0.0,0.0,0.0
flare,0.0,0.0,0.0,9.520364058721605e-06
flaring,4.8995110287993256e-06,0.0,0.0,9.520364058721605e-06
flash,8.329168748958855e-05,7.871890603211732e-05,0.0,1.904072811744321e-05
flashed,0.00010288973160478584,1.1245558004588187e-05,0.0,2.8561092176164816e-05
flashes,4.8995110287993256e-06,3.3736674013764564e-05,0.0,0.0
flashing,2.9397066172795955e-05,1.1245558004588187e-05,0.0,9.520364058721605e-06
flask,0.0,2.2491116009176375e-05,0.0,0.0
flasks,0.0,2.2491116009176375e-05,0.0,0.0
flat,0.0003772623492175481,0.00022491116009176374,8.191081550407916e-06,1.904072811744321e-05
flatly,4.8995110287993256e-06,0.0,0.0,0.0
flatness,0.0,1.1245558004588187e-05,0.0,0.0
flats,2.9397066172795955e-05,0.0,0.0,0.0
flatten,0.0,1.1245558004588187e-05,0.0,0.0
flattened,0.0,3.3736674013764564e-05,0.0,1.904072811744321e-05
flattening,0.0,1.1245558004588187e-05,0.0,9.520364058721605e-06
flatter,9.799022057598651e-06,4.498223201835275e-05,8.191081550407916e-05,9.520364058721605e-06
flattered,9.799022057598651e-06,0.0,5.7337570852855414e-05,2.8561092176164816e-05
flatterers,4.8995110287993256e-06,0.0,0.0,0.0
flattering,1.9598044115197302e-05,0.0,3.2764326201631665e-05,0.0
flattery,3.9196088230394604e-05,0.0,0.0,0.0
flaubert,0.0,0.0,0.0,9.520364058721605e-06
flavor,0.0,1.1245558004588187e-05,0.0,0.0
flaw,4.8995110287993256e-06,0.0,0.0,1.904072811744321e-05
flaxen,2.9397066172795955e-05,0.0,0.0,0.0
fleas,0.0,1.1245558004588187e-05,0.0,0.0
flecked,4.8995110287993256e-06,0.0,0.0,9.520364058721605e-06
fled,0.0,0.0,0.0,2.8561092176164816e-05
fleecy,0.0,0.0,0.0,1.904072811744321e-05
fleeing,0.0,1.1245558004588187e-05,0.0,0.0
fleet,0.0,0.0,0.0,1.904072811744321e-05
fleeting,4.8995110287993256e-06,0.0,0.0,9.520364058721605e-06
fleetingly,4.8995110287993256e-06,0.0,0.0,0.0
flesh,4.8995110287993256e-06,1.1245558004588187e-05,0.0,1.904072811744321e-05
fleshless,0.0,0.0,0.0,1.904072811744321e-05
fleshly,4.8995110287993256e-06,0.0,0.0,0.0
fleshy,4.8995110287993256e-06,0.0,0.0,0.0
flew,0.00010778924263358517,2.2491116009176375e-05,1.6382163100815833e-05,3.808145623488642e-05
flicked,0.0,0.0,0.0,9.520364058721605e-06
flickering,9.799022057598651e-06,0.0,0.0,9.520364058721605e-06
flicking,0.0,0.0,0.0,9.520364058721605e-06
flies,9.799022057598651e-06,3.3736674013764564e-05,0.0,9.520364058721605e-06
flight,1.4698533086397977e-05,0.0,2.457324465122375e-05,7.616291246977284e-05
flights,9.799022057598651e-06,0.0,0.0,0.0
flighty,4.8995110287993256e-06,0.0,0.0,0.0
flinch,4.8995110287993256e-06,0.0,0.0,0.0
flinching,4.8995110287993256e-06,0.0,0.0,0.0
fling,2.9397066172795955e-05,0.0,0.0,0.0
flinging,1.9598044115197302e-05,0.0,0.0,0.0
flint,4.8995110287993256e-06,1.1245558004588187e-05,0.0,0.0
flirt,0.0,0.0,3.2764326201631665e-05,0.0
flirtation,0.0,0.0,1.6382163100815833e-05,0.0
flirting,0.0,0.0,1.6382163100815833e-05,9.520364058721605e-06
flitted,0.0,0.0,0.0,9.520364058721605e-06
float,4.8995110287993256e-06,1.1245558004588187e-05,0.0,0.0
floated,5.389462131679259e-05,2.2491116009176375e-05,0.0,0.0
floating,1.4698533086397977e-05,2.2491116009176375e-05,0.0,1.904072811744321e-05
flock,0.0,0.0,0.0,9.520364058721605e-06
flocks,4.8995110287993256e-06,1.1245558004588187e-05,0.0,0.0
flog,4.8995110287993256e-06,0.0,0.0,0.0
flogged,0.0,0.0,8.191081550407916e-06,0.0
flood,9.799022057598651e-06,3.3736674013764564e-05,0.0,9.520364058721605e-06
flooded,9.799022057598651e-06,1.1245558004588187e-05,0.0,0.0
flooding,4.8995110287993256e-06,0.0,0.0,0.0
floor,0.00017638239703677574,0.0004498223201835275,0.0,0.0002760905577029266
flooring,0.0,0.0,0.0,1.904072811744321e-05
floors,1.9598044115197302e-05,4.498223201835275e-05,0.0,0.0
floorwalker,0.0,1.1245558004588187e-05,0.0,0.0
floorwalkers,0.0,2.2491116009176375e-05,0.0,0.0
flop,4.8995110287993256e-06,1.1245558004588187e-05,0.0,0.0
flopping,0.0,1.1245558004588187e-05,0.0,0.0
floppy,0.0,1.1245558004588187e-05,0.0,0.0
flora,0.0,0.0,0.0,7.616291246977284e-05
florence,0.0,1.1245558004588187e-05,0.0,0.0
florid,0.0,0.0,0.0,9.520364058721605e-06
florida,0.0,0.0,0.0,2.8561092176164816e-05
flour,4.8995110287993256e-06,1.1245558004588187e-05,0.0,0.0
flourished,0.0,0.0,0.0,9.520364058721605e-06
flow,1.4698533086397977e-05,0.0,3.2764326201631665e-05,0.0
flowed,1.9598044115197302e-05,2.2491116009176375e-05,8.191081550407916e-06,0.0
flower,2.449755514399663e-05,0.0,0.0,0.0
flowers,3.429657720159528e-05,1.1245558004588187e-05,0.0,1.904072811744321e-05
flowing,9.799022057598651e-06,2.2491116009176375e-05,8.191081550407916e-06,1.904072811744321e-05
flown,9.799022057598651e-06,0.0,8.191081550407916e-06,0.0
flows,9.799022057598651e-06,0.0,0.0,0.0
fluctuating,0.0,0.0,8.191081550407916e-06,0.0
fluent,0.0,1.1245558004588187e-05,0.0,0.0
fluently,4.8995110287993256e-06,0.0,8.191081550407916e-06,0.0
fluffles,4.8995110287993256e-06,0.0,0.0,0.0
fluffy,0.0,0.0,0.0,2.8561092176164816e-05
fluid,0.0,2.2491116009176375e-05,0.0,0.0
flung,0.0001518848418927791,0.0,0.0,2.8561092176164816e-05
flunkey,4.8995110287993256e-06,0.0,0.0,0.0
flurried,0.0,0.0,0.0,9.520364058721605e-06
flush,4.4095599259193934e-05,0.0,0.0,3.808145623488642e-05
flushed,8.819119851838787e-05,0.0,0.0,3.808145623488642e-05
flushes,4.8995110287993256e-06,0.0,0.0,0.0
flushing,9.799022057598651e-06,0.0,0.0,1.904072811744321e-05
flustered,4.8995110287993256e-06,0.0,0.0,0.0
flute,0.0,3.3736674013764564e-05,0.0,0.0
flutter,9.799022057598651e-06,1.1245558004588187e-05,2.457324465122375e-05,0.0
fluttered,9.799022057598651e-06,1.1245558004588187e-05,8.191081550407916e-06,1.904072811744321e-05
flutterings,0.0,0.0,8.191081550407916e-06,0.0
fly,4.4095599259193934e-05,0.0,0.0,7.616291246977284e-05
flying,2.9397066172795955e-05,4.498223201835275e-05,1.6382163100815833e-05,2.8561092176164816e-05
foam,4.8995110287993256e-06,0.0,0.0,0.0
focus,0.0,0.0,0.0,9.520364058721605e-06
fog,4.8995110287993256e-06,5.6227790022940935e-05,0.0,1.904072811744321e-05
fogeys,4.8995110287993256e-06,0.0,0.0,0.0
foggy,0.0,1.1245558004588187e-05,0.0,0.0
fogs,0.0,0.0,0.0,9.520364058721605e-06
foie,0.0,0.0,0.0,9.520364058721605e-06
foil,0.0,0.0,0.0,9.520364058721605e-06
fold,9.799022057598651e-06,0.0,0.0,1.904072811744321e-05
folded,4.899511028799326e-05,6.747334802752913e-05,8.191081550407916e-06,4.760182029360803e-05
folding,4.8995110287993256e-06,0.0,0.0,9.520364058721605e-06
foliage,4.8995110287993256e-06,0.0,0.0,9.520364058721605e-06
folios,0.0,0.0,8.191081550407916e-06,0.0
folk,4.8995110287993256e-06,0.0,0.0,8.568327652849445e-05
folks,1.9598044115197302e-05,0.0,0.0,9.520364058721605e-06
follies,0.0,0.0,3.2764326201631665e-05,0.0
follow,6.859315440319056e-05,1.1245558004588187e-05,9.010189705448707e-05,0.00013328509682210247
followed,0.00018128190806557506,0.00014619225405964643,0.00020477703876019789,0.00023800910146804015
following,4.899511028799326e-05,1.1245558004588187e-05,0.00018839487565938207,0.00011424436870465926
follows,1.9598044115197302e-05,0.0,6.552865240326333e-05,1.904072811744321e-05
folly,1.9598044115197302e-05,0.0,9.010189705448707e-05,9.520364058721605e-06
fomitch,0.0001126887536623845,0.0,0.0,0.0
fomitchs,4.8995110287993256e-06,0.0,0.0,0.0
fond,0.00010778924263358517,3.3736674013764564e-05,0.00013105730480652666,3.808145623488642e-05
fonder,0.0,0.0,1.6382163100815833e-05,9.520364058721605e-06
fondly,9.799022057598651e-06,0.0,0.0,0.0
fondness,0.0,0.0,0.0,9.520364058721605e-06
fontanivent,0.0,1.1245558004588187e-05,0.0,0.0
foo,5.879413234559191e-05,0.0,0.0,0.0
food,6.859315440319056e-05,8.99644640367055e-05,8.191081550407916e-06,9.520364058721605e-06
fool,0.00020087995218077235,0.00011245558004588187,1.6382163100815833e-05,2.8561092176164816e-05
fooled,0.0,1.1245558004588187e-05,0.0,0.0
foolish,6.369364337439124e-05,0.0,6.552865240326333e-05,3.808145623488642e-05
foolishly,4.8995110287993256e-06,0.0,0.0,9.520364058721605e-06
foolishness,1.9598044115197302e-05,2.2491116009176375e-05,0.0,0.0
fools,5.879413234559191e-05,3.3736674013764564e-05,8.191081550407916e-06,9.520364058721605e-06
foolscap,0.0,0.0,0.0,1.904072811744321e-05
foot,7.839217646078921e-05,0.00021366560208717556,8.191081550407916e-06,0.0001428054608808241
football,0.0,1.1245558004588187e-05,0.0,0.0
footboard,0.0,1.1245558004588187e-05,0.0,0.0
footed,0.0,2.2491116009176375e-05,0.0,0.0
footfall,0.0,0.0,0.0,1.904072811744321e-05
footfalls,0.0,0.0,0.0,1.904072811744321e-05
footing,1.9598044115197302e-05,0.0,1.6382163100815833e-05,2.8561092176164816e-05
footman,9.799022057598651e-06,0.0,8.191081550407916e-06,9.520364058721605e-06
footmarks,0.0,0.0,0.0,2.8561092176164816e-05
footmen,0.0,0.0,0.0,9.520364058721605e-06
footpath,0.0,0.0,0.0,9.520364058721605e-06
footpaths,0.0,0.0,0.0,1.904072811744321e-05
footsteps,3.429657720159528e-05,0.0,0.0,1.904072811744321e-05
footstool,0.0,0.0,8.191081550407916e-06,0.0
foppish,4.8995110287993256e-06,0.0,0.0,0.0
foppishness,0.0,0.0,0.0,9.520364058721605e-06
for,0.008118489774720484,0.004565696549862804,0.008698928606533207,0.0069117843066318855
forasmuch,9.799022057598651e-06,0.0,0.0,0.0
forbade,0.0,0.0,8.191081550407916e-06,0.0
forbearance,0.0,0.0,4.91464893024475e-05,0.0
forbearing,0.0,0.0,8.191081550407916e-06,0.0
forbid,1.4698533086397977e-05,0.0,3.2764326201631665e-05,9.520364058721605e-06
forbidden,1.4698533086397977e-05,2.2491116009176375e-05,0.0,9.520364058721605e-06
forbidding,0.0,0.0,8.191081550407916e-06,1.904072811744321e-05
forbore,0.0,0.0,8.191081550407916e-06,0.0
force,4.4095599259193934e-05,0.0,6.552865240326333e-05,0.0001428054608808241
forced,8.329168748958855e-05,0.0,0.00016382163100815833,6.664254841105123e-05
forcep,0.0,1.1245558004588187e-05,0.0,0.0
forceps,0.0,6.747334802752913e-05,0.0,9.520364058721605e-06
forces,0.0,0.0,0.0,9.520364058721605e-06
forcibly,9.799022057598651e-06,0.0,3.2764326201631665e-05,0.0
forcing,1.4698533086397977e-05,0.0,8.191081550407916e-06,0.0
fordham,0.0,0.0,0.0,1.904072811744321e-05
fordyces,0.0,0.0,8.191081550407916e-06,0.0
fore,4.8995110287993256e-06,0.0,0.0,0.0
forearm,0.0,0.0,0.0,9.520364058721605e-06
foreboding,9.799022057598651e-06,0.0,0.0,0.0
forebodings,0.0,0.0,0.0,9.520364058721605e-06
forecastle,0.0,0.0,0.0,9.520364058721605e-06
forefinger,0.0,3.3736674013764564e-05,0.0,3.808145623488642e-05
forefingers,0.0,0.0,0.0,9.520364058721605e-06
forego,0.0,0.0,8.191081550407916e-06,0.0
forehead,5.389462131679259e-05,7.871890603211732e-05,0.0,6.664254841105123e-05
foreheads,0.0,1.1245558004588187e-05,0.0,0.0
foreign,1.9598044115197302e-05,5.6227790022940935e-05,0.0,2.8561092176164816e-05
foreigner,9.799022057598651e-06,3.3736674013764564e-05,0.0,9.520364058721605e-06
foreigners,9.799022057598651e-06,1.1245558004588187e-05,0.0,0.0
foreman,0.0,0.0,0.0,1.904072811744321e-05
foremost,9.799022057598651e-06,0.0,0.0,9.520364058721605e-06
forenoon,0.0,1.1245558004588187e-05,0.0,0.0
forenoons,0.0,1.1245558004588187e-05,0.0,0.0
foresaw,9.799022057598651e-06,0.0,8.191081550407916e-06,1.904072811744321e-05
foresee,9.799022057598651e-06,0.0,8.191081550407916e-06,2.8561092176164816e-05
foreseeing,9.799022057598651e-06,0.0,0.0,0.0
foreseen,1.4698533086397977e-05,0.0,1.6382163100815833e-05,1.904072811744321e-05
foresight,0.0,0.0,0.0,5.712218435232963e-05
forest,4.8995110287993256e-06,0.00013494669605505826,0.0,0.0
forestalling,0.0,0.0,0.0,9.520364058721605e-06
forests,4.8995110287993256e-06,0.0,0.0,0.0
foretaste,1.4698533086397977e-05,0.0,0.0,0.0
foretold,4.8995110287993256e-06,0.0,8.191081550407916e-06,9.520364058721605e-06
forever,0.0,4.498223201835275e-05,0.0,6.664254841105123e-05
forfeit,4.8995110287993256e-06,0.0,8.191081550407916e-06,9.520364058721605e-06
forfeited,0.0,0.0,8.191081550407916e-06,0.0
forgave,0.0,0.0,8.191081550407916e-06,0.0
forge,1.4698533086397977e-05,0.0,0.0,0.0
forger,0.0,0.0,0.0,9.520364058721605e-06
forgery,0.0,0.0,0.0,1.904072811744321e-05
forget,7.349266543198989e-05,0.00013494669605505826,0.00013924838635693458,4.760182029360803e-05
forgetful,9.799022057598651e-06,0.0,0.0,0.0
forgetfulness,1.9598044115197302e-05,0.0,8.191081550407916e-06,9.520364058721605e-06
forgets,1.4698533086397977e-05,0.0,8.191081550407916e-06,0.0
forgetting,4.4095599259193934e-05,0.0,1.6382163100815833e-05,0.0
forging,4.8995110287993256e-06,0.0,0.0,0.0
forgive,0.00015678435292157842,2.2491116009176375e-05,8.191081550407916e-05,2.8561092176164816e-05
forgiven,4.899511028799326e-05,0.0,8.191081550407916e-06,9.520364058721605e-06
forgiveness,5.879413234559191e-05,0.0,1.6382163100815833e-05,1.904072811744321e-05
forgiving,0.0,0.0,8.191081550407916e-06,0.0
forgo,0.0,0.0,0.0,9.520364058721605e-06
forgot,7.839217646078921e-05,3.3736674013764564e-05,4.095540775203958e-05,2.8561092176164816e-05
forgotten,0.00016168386395037774,2.2491116009176375e-05,9.8292978604895e-05,3.808145623488642e-05
fork,0.0,1.1245558004588187e-05,0.0,0.0
forks,4.8995110287993256e-06,1.1245558004588187e-05,0.0,0.0
forlorn,0.0,0.0,8.191081550407916e-06,0.0
form,9.799022057598651e-05,2.2491116009176375e-05,0.0001064840601553029,8.568327652849445e-05
formal,4.8995110287993256e-06,0.0,6.552865240326333e-05,0.0
formalities,9.799022057598651e-06,2.2491116009176375e-05,0.0,9.520364058721605e-06
formality,1.9598044115197302e-05,0.0,2.457324465122375e-05,0.0
formally,4.8995110287993256e-06,0.0,0.0,0.0
formation,0.0,0.0,8.191081550407916e-06,0.0
formed,1.4698533086397977e-05,1.1245558004588187e-05,0.00013105730480652666,0.00010472400464593766
former,5.879413234559191e-05,1.1245558004588187e-05,0.0003112610989155008,2.8561092176164816e-05
formerly,2.449755514399663e-05,0.0,6.552865240326333e-05,3.808145623488642e-05
formidable,4.8995110287993256e-06,0.0,3.2764326201631665e-05,6.664254841105123e-05
forming,1.4698533086397977e-05,0.0,3.2764326201631665e-05,3.808145623488642e-05
forms,2.449755514399663e-05,1.1245558004588187e-05,1.6382163100815833e-05,0.0
forsaken,9.799022057598651e-06,0.0,0.0,0.0
forster,0.0,0.0,0.0003112610989155008,0.0
forsters,0.0,0.0,1.6382163100815833e-05,0.0
forth,3.9196088230394604e-05,3.3736674013764564e-05,3.2764326201631665e-05,3.808145623488642e-05
fortifying,0.0,1.1245558004588187e-05,0.0,0.0
fortitude,4.8995110287993256e-06,0.0,8.191081550407916e-06,0.0
fortnight,3.429657720159528e-05,0.0,0.00017201271255856622,1.904072811744321e-05
fortnights,0.0,0.0,1.6382163100815833e-05,9.520364058721605e-06
fortress,1.4698533086397977e-05,1.1245558004588187e-05,0.0,0.0
forts,0.0,0.0,0.0,9.520364058721605e-06
fortunate,4.8995110287993256e-06,1.1245558004588187e-05,0.00012286622325611874,7.616291246977284e-05
fortunately,1.9598044115197302e-05,0.0,1.6382163100815833e-05,1.904072811744321e-05
fortune,5.879413234559191e-05,0.0,0.0003194521804659087,0.00010472400464593766
fortunes,9.799022057598651e-06,0.0,8.191081550407916e-06,2.8561092176164816e-05
forty,7.349266543198989e-05,3.3736674013764564e-05,8.191081550407916e-06,4.760182029360803e-05
forward,0.00013718630880638113,0.00022491116009176374,0.00022935028341142166,0.0002951312858203698
forwarded,0.0,0.0,1.6382163100815833e-05,9.520364058721605e-06
forwarder,0.0,0.0,8.191081550407916e-06,0.0
forwarding,0.0,0.0,8.191081550407916e-06,0.0
forwards,4.8995110287993256e-06,0.0,8.191081550407916e-06,0.0
fought,1.4698533086397977e-05,3.3736674013764564e-05,0.0,9.520364058721605e-06
foul,0.0,2.2491116009176375e-05,8.191081550407916e-06,5.712218435232963e-05
found,0.00037236283818874877,0.0002698933921101165,0.0005406113823269225,0.0010281993183419334
foundation,2.449755514399663e-05,0.0,3.2764326201631665e-05,0.0
foundations,9.799022057598651e-06,0.0,8.191081550407916e-06,0.0
founded,9.799022057598651e-06,0.0,2.457324465122375e-05,5.712218435232963e-05
founder,0.0,0.0,0.0,9.520364058721605e-06
fount,4.8995110287993256e-06,0.0,0.0,0.0
fountain,0.0,3.3736674013764564e-05,0.0,9.520364058721605e-06
fountains,9.799022057598651e-06,0.0,0.0,0.0
four,0.00013718630880638113,0.00029238450811929287,0.00028668785426427703,0.000361773834231421
fourier,4.8995110287993256e-06,0.0,0.0,0.0
fourteen,2.9397066172795955e-05,0.0,0.0,3.808145623488642e-05
fourteenth,0.0,0.0,0.0,9.520364058721605e-06
fourth,9.309070954718719e-05,3.3736674013764564e-05,1.6382163100815833e-05,4.760182029360803e-05
fourthly,4.8995110287993256e-06,0.0,8.191081550407916e-06,0.0
fowl,0.0,0.0,0.0,9.520364058721605e-06
fowler,0.0,0.0,0.0,4.760182029360803e-05
fowls,0.0,0.0,0.0,2.8561092176164816e-05
fox,0.0,2.2491116009176375e-05,0.0,0.0
foxes,0.0,1.1245558004588187e-05,0.0,0.0
foxhounds,0.0,0.0,8.191081550407916e-06,0.0
fraction,4.8995110287993256e-06,0.0,0.0,0.0
fracture,0.0,4.498223201835275e-05,0.0,0.0
fractured,4.8995110287993256e-06,0.0,0.0,0.0
fragile,0.0,2.2491116009176375e-05,0.0,0.0
fragment,0.0,0.0,0.0,1.904072811744321e-05
fragments,1.4698533086397977e-05,5.6227790022940935e-05,0.0,0.0
fragrant,1.4698533086397977e-05,0.0,0.0,0.0
frail,4.8995110287993256e-06,0.0,0.0,0.0
frailty,0.0,0.0,8.191081550407916e-06,0.0
frame,1.4698533086397977e-05,1.1245558004588187e-05,8.191081550407916e-06,1.904072811744321e-05
framed,0.0,0.0,0.0,1.904072811744321e-05
frames,9.799022057598651e-06,0.0,0.0,0.0
framework,4.8995110287993256e-06,0.0,0.0,9.520364058721605e-06
franc,0.0,1.1245558004588187e-05,0.0,0.0
france,4.8995110287993256e-06,6.747334802752913e-05,0.0,6.664254841105123e-05
franchise,0.0,0.0,0.0,9.520364058721605e-06
francis,0.0,0.0,0.0,1.904072811744321e-05
francisco,0.0,4.498223201835275e-05,0.0,1.904072811744321e-05
franco,0.0,1.1245558004588187e-05,0.0,9.520364058721605e-06
francs,0.0,1.1245558004588187e-05,0.0,0.0
frank,0.0,0.0,0.0,0.0001808869171157105
frankest,4.8995110287993256e-06,0.0,0.0,0.0
frankly,2.9397066172795955e-05,0.0,8.191081550407916e-06,2.8561092176164816e-05
frankness,1.9598044115197302e-05,0.0,3.2764326201631665e-05,0.0
franks,0.0,0.0,0.0,9.520364058721605e-06
frantic,4.4095599259193934e-05,0.0,0.0,9.520364058721605e-06
frantically,1.4698533086397977e-05,0.0,0.0,1.904072811744321e-05
frantsovna,1.4698533086397977e-05,0.0,0.0,0.0
frantsovnas,4.8995110287993256e-06,0.0,0.0,0.0
franz,0.0,1.1245558004588187e-05,0.0,0.0
français,4.8995110287993256e-06,0.0,0.0,0.0
fraud,0.0,0.0,0.0,9.520364058721605e-06
fray,4.8995110287993256e-06,0.0,0.0,0.0
frayed,1.9598044115197302e-05,0.0,0.0,9.520364058721605e-06
freak,0.0,0.0,0.0,9.520364058721605e-06
freckled,0.0,0.0,8.191081550407916e-06,9.520364058721605e-06
fred,0.0,3.3736674013764564e-05,0.0,0.0
frederic,0.0,1.1245558004588187e-05,0.0,0.0
frederico,0.0,1.1245558004588187e-05,0.0,0.0
fredi,0.0,1.1245558004588187e-05,0.0,0.0
free,0.0001322867977775818,3.3736674013764564e-05,5.7337570852855414e-05,0.00010472400464593766
freebody,0.0,0.0,0.0,9.520364058721605e-06
freed,4.8995110287993256e-06,0.0,0.0,9.520364058721605e-06
freedom,5.389462131679259e-05,0.0,3.2764326201631665e-05,1.904072811744321e-05
freely,5.389462131679259e-05,1.1245558004588187e-05,3.2764326201631665e-05,5.712218435232963e-05
freemason,0.0,0.0,0.0,9.520364058721605e-06
freemasonry,0.0,0.0,0.0,1.904072811744321e-05
freight,0.0,5.6227790022940935e-05,0.0,0.0
french,4.899511028799326e-05,0.00010121002204129369,8.191081550407916e-06,4.760182029360803e-05
frenchman,4.8995110287993256e-06,2.2491116009176375e-05,0.0,9.520364058721605e-06
frenchmen,0.0,1.1245558004588187e-05,0.0,0.0
frenzied,9.799022057598651e-06,0.0,0.0,0.0
frenzy,0.00012248777571998316,0.0,0.0,1.904072811744321e-05
frequent,0.0,0.0,0.0001064840601553029,1.904072811744321e-05
frequented,4.8995110287993256e-06,0.0,0.0,0.0
frequently,1.4698533086397977e-05,1.1245558004588187e-05,0.00018839487565938207,9.520364058721606e-05
fresa,0.0,2.2491116009176375e-05,0.0,0.0
frescoes,0.0,3.3736674013764564e-05,0.0,0.0
fresh,0.0001126887536623845,4.498223201835275e-05,7.371973395367124e-05,0.00019040728117443212
freshen,4.8995110287993256e-06,0.0,0.0,0.0
fresher,4.8995110287993256e-06,0.0,8.191081550407916e-06,0.0
freshly,4.8995110287993256e-06,4.498223201835275e-05,0.0,0.0
freshness,9.799022057598651e-06,0.0,0.0,0.0
fresno,0.0,0.0,0.0,1.904072811744321e-05
fret,0.0,0.0,2.457324465122375e-05,0.0
fretfully,0.0,0.0,1.6382163100815833e-05,0.0
fretfulness,0.0,0.0,1.6382163100815833e-05,0.0
fretted,4.8995110287993256e-06,0.0,0.0,0.0
fretting,1.4698533086397977e-05,0.0,0.0,0.0
friday,0.0,2.2491116009176375e-05,8.191081550407916e-06,4.760182029360803e-05
fried,0.0,1.1245558004588187e-05,0.0,0.0
friend,0.00020577946320957167,0.00024740227610094015,0.0008518724812424232,0.0006569051200517908
friendless,0.0,0.0,8.191081550407916e-06,0.0
friendlier,0.0,0.0,8.191081550407916e-06,0.0
friendliness,4.8995110287993256e-06,0.0,0.0,0.0
friendly,9.799022057598651e-05,3.3736674013764564e-05,5.7337570852855414e-05,3.808145623488642e-05
friends,0.0001322867977775818,0.00014619225405964643,0.0005160381376756987,0.00022848873740931853
friendship,1.9598044115197302e-05,0.0,7.371973395367124e-05,9.520364058721605e-06
fright,3.9196088230394604e-05,0.0,0.0,9.520364058721605e-06
frighten,3.9196088230394604e-05,0.0,8.191081550407916e-06,1.904072811744321e-05
frightened,0.00027927212864156155,4.498223201835275e-05,6.552865240326333e-05,0.00013328509682210247
frightening,4.8995110287993256e-06,0.0,0.0,0.0
frightens,1.9598044115197302e-05,1.1245558004588187e-05,0.0,0.0
frightful,4.8995110287993256e-06,0.0,0.0,9.520364058721605e-06
frill,4.8995110287993256e-06,0.0,0.0,9.520364058721605e-06
fringe,9.799022057598651e-06,0.0,0.0,3.808145623488642e-05
fringed,0.0,0.0,0.0,9.520364058721605e-06
frisco,0.0,1.1245558004588187e-05,0.0,3.808145623488642e-05
frisks,0.0,0.0,8.191081550407916e-06,0.0
fritz,0.0,0.0,0.0,1.904072811744321e-05
frivolous,4.8995110287993256e-06,0.0,2.457324465122375e-05,0.0
fro,4.899511028799326e-05,0.0,0.0,2.8561092176164816e-05
frock,9.799022057598651e-06,0.0,0.0,7.616291246977284e-05
frogged,0.0,0.0,0.0,9.520364058721605e-06
from,0.003596241095138705,0.0026089694570644597,0.004054585367451918,0.004731620937184638
front,0.00010778924263358517,0.0008771535243578786,4.095540775203958e-05,0.0004760182029360803
fronted,0.0,0.0,1.6382163100815833e-05,0.0
frontier,0.0,4.498223201835275e-05,0.0,0.0
fronts,4.8995110287993256e-06,0.0,0.0,9.520364058721605e-06
frost,4.8995110287993256e-06,5.6227790022940935e-05,8.191081550407916e-06,2.8561092176164816e-05
frostbites,0.0,1.1245558004588187e-05,0.0,0.0
frosted,0.0,0.0,0.0,9.520364058721605e-06
frosty,0.0,0.0,0.0,9.520364058721605e-06
frown,4.8995110287993256e-06,0.0,0.0,0.0
frowned,2.449755514399663e-05,0.0,0.0,0.0
frowning,7.839217646078921e-05,0.0,0.0,9.520364058721605e-06
froze,4.8995110287993256e-06,1.1245558004588187e-05,0.0,0.0
frozen,0.0,4.498223201835275e-05,0.0,0.0
fruit,0.0,1.1245558004588187e-05,8.191081550407916e-06,0.0
fruitless,0.0,0.0,0.0,9.520364058721605e-06
fruits,1.4698533086397977e-05,1.1245558004588187e-05,1.6382163100815833e-05,9.520364058721605e-06
frying,9.799022057598651e-06,0.0,0.0,0.0
ft,0.0,0.0,0.0,9.520364058721605e-06
fuel,9.799022057598651e-06,0.0,0.0,0.0
fugitives,0.0,0.0,8.191081550407916e-06,9.520364058721605e-06
fulfil,1.4698533086397977e-05,0.0,8.191081550407916e-06,9.520364058721605e-06
fulfilled,0.0,0.0,0.0,9.520364058721605e-06
fulfilment,4.8995110287993256e-06,0.0,0.0,9.520364058721605e-06
full,0.0002645735955551636,0.00024740227610094015,0.0001556305494577504,0.00015232582493954569
fullers,0.0,0.0,0.0,6.664254841105123e-05
fullest,4.8995110287993256e-06,0.0,8.191081550407916e-06,0.0
fullness,4.8995110287993256e-06,0.0,0.0,0.0
fully,8.329168748958855e-05,1.1245558004588187e-05,4.095540775203958e-05,3.808145623488642e-05
fumbled,1.4698533086397977e-05,0.0,0.0,9.520364058721605e-06
fumbling,9.799022057598651e-06,0.0,0.0,0.0
fumes,1.4698533086397977e-05,0.0,0.0,9.520364058721605e-06
fuming,9.799022057598651e-06,0.0,0.0,0.0
fun,2.9397066172795955e-05,0.00016868337006882282,6.552865240326333e-05,0.0
functioning,0.0,1.1245558004588187e-05,0.0,0.0
fund,0.0,0.0,0.0,1.904072811744321e-05
fundamental,1.4698533086397977e-05,0.0,0.0,0.0
fundamentally,4.8995110287993256e-06,0.0,0.0,0.0
funds,4.8995110287993256e-06,0.0,0.0,9.520364058721605e-06
funeral,0.00015678435292157842,0.0,0.0,0.0
funk,9.799022057598651e-06,0.0,0.0,0.0
funniest,9.799022057598651e-06,0.0,0.0,9.520364058721605e-06
funny,3.9196088230394604e-05,0.00014619225405964643,0.0,6.664254841105123e-05
funèbre,4.8995110287993256e-06,0.0,0.0,0.0
fur,1.4698533086397977e-05,0.0,0.0,1.904072811744321e-05
furious,3.9196088230394604e-05,3.3736674013764564e-05,0.0,0.0
furiously,2.449755514399663e-05,0.0,0.0,1.904072811744321e-05
furnace,0.0,1.1245558004588187e-05,0.0,0.0
furnish,0.0,0.0,3.2764326201631665e-05,9.520364058721605e-06
furnished,1.4698533086397977e-05,1.1245558004588187e-05,8.191081550407916e-06,7.616291246977284e-05
furnishes,0.0,0.0,0.0,9.520364058721605e-06
furnishing,4.8995110287993256e-06,0.0,0.0,0.0
furnishings,0.0,1.1245558004588187e-05,0.0,0.0
furniture,6.369364337439124e-05,1.1245558004588187e-05,8.191081550407916e-05,8.568327652849445e-05
furrowed,0.0,1.1245558004588187e-05,0.0,0.0
further,0.00014698533086397977,0.00010121002204129369,0.00018020379410897414,9.520364058721606e-05
furthest,3.429657720159528e-05,0.0,0.0,0.0
furtive,0.0,0.0,0.0,9.520364058721605e-06
fury,0.00010778924263358517,0.0,0.0,9.520364058721605e-06
fuse,0.0,1.1245558004588187e-05,0.0,0.0
fuss,9.799022057598651e-06,0.0,8.191081550407916e-06,1.904072811744321e-05
fussily,9.799022057598651e-06,0.0,0.0,0.0
future,0.000210678974238371,0.0,0.00012286622325611874,8.568327652849445e-05
fyodorovna,1.4698533086397977e-05,0.0,0.0,0.0
g,0.0,0.0,0.0,2.8561092176164816e-05
gabbled,4.8995110287993256e-06,0.0,0.0,0.0
gables,0.0,0.0,0.0,9.520364058721605e-06
gabriele,0.0,0.00011245558004588187,0.0,0.0
gage,0.0,0.0002698933921101165,0.0,0.0
gaieties,0.0,0.0,1.6382163100815833e-05,0.0
gaiety,0.0,0.0,1.6382163100815833e-05,0.0
gaily,3.9196088230394604e-05,0.0,1.6382163100815833e-05,0.0
gain,5.879413234559191e-05,0.0,1.6382163100815833e-05,5.712218435232963e-05
gained,2.449755514399663e-05,0.0,9.010189705448707e-05,8.568327652849445e-05
gainer,0.0,0.0,0.0,9.520364058721605e-06
gaining,9.799022057598651e-06,0.0,2.457324465122375e-05,9.520364058721605e-06
gait,4.8995110287993256e-06,0.0,0.0,0.0
gaiters,0.0,0.0,0.0,3.808145623488642e-05
gale,0.0,0.0,0.0,3.808145623488642e-05
gales,0.0,0.0,0.0,1.904072811744321e-05
gallant,0.0,0.0,8.191081550407916e-06,0.0
gallantry,0.0,0.0,6.552865240326333e-05,0.0
gallarate,0.0,1.1245558004588187e-05,0.0,0.0
galleria,0.0,7.871890603211732e-05,0.0,0.0
gallery,4.8995110287993256e-06,3.3736674013764564e-05,4.095540775203958e-05,0.0
galling,4.8995110287993256e-06,0.0,0.0,0.0
gallon,0.0,1.1245558004588187e-05,0.0,0.0
gallop,4.899511028799326e-05,1.1245558004588187e-05,0.0,9.520364058721605e-06
galloping,4.8995110287993256e-06,0.0,0.0,0.0
gallows,0.0,0.0,0.0,1.904072811744321e-05
galvanised,0.0,0.0,0.0,9.520364058721605e-06
gambler,1.4698533086397977e-05,0.0,0.0,1.904072811744321e-05
gambrinus,4.8995110287993256e-06,0.0,0.0,0.0
game,3.9196088230394604e-05,0.00012370113805047008,5.7337570852855414e-05,7.616291246977284e-05
games,0.0,4.498223201835275e-05,0.0,9.520364058721605e-06
gamester,0.0,0.0,8.191081550407916e-06,0.0
gaming,0.0,0.0,8.191081550407916e-06,0.0
gang,1.4698533086397977e-05,1.1245558004588187e-05,0.0,6.664254841105123e-05
ganz,4.8995110287993256e-06,0.0,0.0,0.0
gaol,0.0,0.0,0.0,2.8561092176164816e-05
gap,0.0,1.1245558004588187e-05,0.0,9.520364058721605e-06
gape,4.8995110287993256e-06,0.0,0.0,0.0
gaped,0.0,0.0,8.191081550407916e-06,1.904072811744321e-05
gaping,9.799022057598651e-06,0.0,0.0,1.904072811744321e-05
gaps,0.0,1.1245558004588187e-05,0.0,0.0
garage,0.0,3.3736674013764564e-05,0.0,0.0
garden,0.00010288973160478584,0.000179928928073411,9.8292978604895e-05,0.0001713665530569889
gardener,0.0,0.0,8.191081550407916e-06,0.0
gardeners,0.0,0.0,8.191081550407916e-06,0.0
gardens,9.799022057598651e-06,5.6227790022940935e-05,0.0,0.0
gardiner,0.0,0.0,0.0006880508502342649,0.0
gardiners,0.0,0.0,0.0001556305494577504,0.0
garibaldi,0.0,1.1245558004588187e-05,0.0,0.0
garlic,0.0,2.2491116009176375e-05,0.0,0.0
garment,4.8995110287993256e-06,0.0,0.0,9.520364058721605e-06
garments,9.799022057598651e-06,0.0,0.0,3.808145623488642e-05
garret,4.899511028799326e-05,0.0,0.0,0.0
gas,0.0,0.00012370113805047008,0.0,7.616291246977284e-05
gasfitters,0.0,0.0,0.0,1.904072811744321e-05
gash,0.0,0.0,0.0,9.520364058721605e-06
gashed,4.8995110287993256e-06,0.0,0.0,0.0
gaslight,0.0,0.0,0.0,9.520364058721605e-06
gasogene,0.0,0.0,0.0,9.520364058721605e-06
gasoline,0.0,1.1245558004588187e-05,0.0,0.0
gasp,9.799022057598651e-06,0.0,0.0,0.0
gasped,4.8995110287993256e-06,0.0,0.0,5.712218435232963e-05
gasping,5.389462131679259e-05,0.0,0.0,0.0
gasps,4.8995110287993256e-06,0.0,0.0,0.0
gate,7.349266543198989e-05,5.6227790022940935e-05,4.91464893024475e-05,6.664254841105123e-05
gates,2.9397066172795955e-05,0.0,1.6382163100815833e-05,1.904072811744321e-05
gateway,8.819119851838787e-05,0.0,0.0,0.0
gather,4.8995110287993256e-06,0.0,0.0,6.664254841105123e-05
gathered,2.9397066172795955e-05,0.0,1.6382163100815833e-05,2.8561092176164816e-05
gathering,1.4698533086397977e-05,0.0,8.191081550407916e-06,1.904072811744321e-05
gatherings,4.8995110287993256e-06,0.0,0.0,0.0
gaudy,9.799022057598651e-06,0.0,8.191081550407916e-06,0.0
gaunt,0.0,2.2491116009176375e-05,0.0,1.904072811744321e-05
gaunter,0.0,0.0,0.0,9.520364058721605e-06
gauze,0.0,1.1245558004588187e-05,0.0,0.0
gave,0.0005438457241967252,0.000359857856146822,0.00044231840372202746,0.00043793674670119387
gavuzzi,0.0,7.871890603211732e-05,0.0,0.0
gawky,4.8995110287993256e-06,0.0,0.0,0.0
gay,1.4698533086397977e-05,0.0,1.6382163100815833e-05,0.0
gayer,0.0,0.0,8.191081550407916e-06,0.0
gaze,1.4698533086397977e-05,0.0,8.191081550407916e-06,3.808145623488642e-05
gazed,0.000210678974238371,0.0,0.0,4.760182029360803e-05
gazette,0.0,0.0,0.0,9.520364058721605e-06
gazetteer,0.0,0.0,0.0,9.520364058721605e-06
gazing,9.309070954718719e-05,0.0,0.0,5.712218435232963e-05
gear,0.0,3.3736674013764564e-05,0.0,9.520364058721605e-06
geese,0.0,0.0,0.0,0.00016184618899826728
gelding,0.0,1.1245558004588187e-05,0.0,0.0
gem,0.0,0.0,0.0,1.904072811744321e-05
gems,0.0,0.0,0.0,0.00012376473276338087
general,0.0001322867977775818,4.498223201835275e-05,0.0004177451590708037,8.568327652849445e-05
generale,0.0,1.1245558004588187e-05,0.0,0.0
generality,0.0,0.0,1.6382163100815833e-05,0.0
generally,3.429657720159528e-05,0.0,0.00013105730480652666,4.760182029360803e-05
generals,1.9598044115197302e-05,2.2491116009176375e-05,0.0,0.0
generation,3.429657720159528e-05,0.0,8.191081550407916e-06,9.520364058721605e-06
generations,0.0,0.0,8.191081550407916e-06,1.904072811744321e-05
generosity,9.799022057598651e-06,0.0,0.0,0.0
generous,6.859315440319056e-05,0.0,9.8292978604895e-05,9.520364058721605e-06
generously,4.8995110287993256e-06,0.0,8.191081550407916e-06,0.0
genial,4.8995110287993256e-06,0.0,0.0,1.904072811744321e-05
geniality,0.0,0.0,0.0,9.520364058721605e-06
genially,4.8995110287993256e-06,0.0,0.0,0.0
genii,0.0,0.0,0.0,9.520364058721605e-06
genius,3.9196088230394604e-05,0.0,1.6382163100815833e-05,0.0
geniuses,9.799022057598651e-06,0.0,0.0,0.0
genoa,0.0,1.1245558004588187e-05,0.0,0.0
genteel,2.9397066172795955e-05,0.0,2.457324465122375e-05,9.520364058721605e-06
genteelly,4.8995110287993256e-06,0.0,0.0,0.0
gentility,4.8995110287993256e-06,0.0,0.0,0.0
gentle,3.9196088230394604e-05,5.6227790022940935e-05,4.095540775203958e-05,5.712218435232963e-05
gentlefolk,4.8995110287993256e-06,0.0,0.0,0.0
gentleman,0.00020577946320957167,2.2491116009176375e-05,0.0002621146096130533,0.00039033492640758584
gentlemanlike,0.0,0.0,6.552865240326333e-05,0.0
gentlemanly,1.4698533086397977e-05,0.0,0.0,9.520364058721605e-06
gentlemans,4.8995110287993256e-06,0.0,6.552865240326333e-05,2.8561092176164816e-05
gentlemen,6.859315440319056e-05,2.2491116009176375e-05,0.00028668785426427703,5.712218435232963e-05
gentlemens,0.0,0.0,2.457324465122375e-05,0.0
gentleness,9.799022057598651e-06,0.0,3.2764326201631665e-05,0.0
gentler,0.0,2.2491116009176375e-05,0.0,0.0
gentlest,0.0,0.0,8.191081550407916e-06,0.0
gentlewoman,4.8995110287993256e-06,0.0,8.191081550407916e-06,0.0
gently,2.9397066172795955e-05,3.3736674013764564e-05,0.0,6.664254841105123e-05
genuine,5.389462131679259e-05,0.0,1.6382163100815833e-05,0.0
genuinely,1.9598044115197302e-05,0.0,0.0,0.0
geography,4.8995110287993256e-06,0.0,0.0,0.0
geology,0.0,0.0,0.0,9.520364058721605e-06
george,0.0,7.871890603211732e-05,6.552865240326333e-05,9.520364058721606e-05
georges,0.0,0.0,0.0,3.808145623488642e-05
georgetti,0.0,1.1245558004588187e-05,0.0,0.0
georgia,0.0,1.1245558004588187e-05,0.0,1.904072811744321e-05
georgiana,0.0,0.0,9.8292978604895e-05,0.0
georgianas,0.0,0.0,2.457324465122375e-05,0.0
geraniums,9.799022057598651e-06,0.0,0.0,0.0
german,0.0001322867977775818,0.00012370113805047008,0.0,0.0001428054608808241
germans,1.4698533086397977e-05,0.0002811389501147047,0.0,9.520364058721605e-06
germany,0.0,2.2491116009176375e-05,0.0,0.0
gesellschaft,0.0,0.0,0.0,9.520364058721605e-06
gesticulating,4.8995110287993256e-06,0.0,0.0,9.520364058721605e-06
gesticulations,4.8995110287993256e-06,0.0,0.0,0.0
gesture,4.4095599259193934e-05,1.1245558004588187e-05,0.0,4.760182029360803e-05
gestures,1.4698533086397977e-05,0.0,0.0,0.0
get,0.0010141987829614604,0.0030025639872250463,0.0004259362406212116,0.0005902625716407396
gets,6.369364337439124e-05,3.3736674013764564e-05,8.191081550407916e-06,2.8561092176164816e-05
getting,0.0003184682168719562,0.00024740227610094015,5.7337570852855414e-05,7.616291246977284e-05
ghastly,0.0,1.1245558004588187e-05,0.0,1.904072811744321e-05
ghost,0.0,1.1245558004588187e-05,0.0,9.520364058721605e-06
ghostly,4.8995110287993256e-06,0.0,0.0,0.0
ghosts,3.429657720159528e-05,0.0,0.0,0.0
giant,9.799022057598651e-06,1.1245558004588187e-05,0.0,1.904072811744321e-05
giants,0.0,1.1245558004588187e-05,0.0,0.0
gibe,0.0,0.0,0.0,9.520364058721605e-06
gibing,4.8995110287993256e-06,0.0,0.0,0.0
giddiness,2.449755514399663e-05,0.0,8.191081550407916e-06,0.0
giddy,1.4698533086397977e-05,0.0,0.0,0.0
gift,9.799022057598651e-06,0.0,8.191081550407916e-06,9.520364058721605e-06
gifts,4.8995110287993256e-06,0.0,0.0,0.0
gig,0.0,0.0,8.191081550407916e-06,0.0
gigantic,4.8995110287993256e-06,1.1245558004588187e-05,0.0,3.808145623488642e-05
giggle,9.799022057598651e-06,0.0,0.0,0.0
giggled,0.0,1.1245558004588187e-05,0.0,0.0
giggles,4.8995110287993256e-06,0.0,0.0,0.0
giggling,0.0,1.1245558004588187e-05,0.0,0.0
gilt,0.0,0.0,0.0,9.520364058721605e-06
gin,0.0,0.0,0.0,9.520364058721605e-06
gingerbread,4.8995110287993256e-06,0.0,0.0,0.0
gingerly,0.0,1.1245558004588187e-05,0.0,0.0
gino,0.0,0.00013494669605505826,0.0,0.0
giovanni,0.0,2.2491116009176375e-05,0.0,0.0
gipsies,0.0,0.0,0.0,6.664254841105123e-05
gipsy,0.0,0.0,0.0,9.520364058721605e-06
girl,0.0004801520808223339,0.000719715712293644,0.0003112610989155008,0.00021896837335059693
girls,7.349266543198989e-05,0.0006297512482569386,0.0003685986697683562,4.760182029360803e-05
girt,0.0,0.0,0.0,9.520364058721605e-06
give,0.0006418359447727117,0.0006185056902523503,0.0010075030307001736,0.0005712218435232964
given,0.0002694731065839629,5.6227790022940935e-05,0.0004505094852724354,0.00030465164987909137
gives,1.4698533086397977e-05,0.0,7.371973395367124e-05,7.616291246977284e-05
giving,9.309070954718719e-05,2.2491116009176375e-05,0.00020477703876019789,4.760182029360803e-05
glad,0.00025967408452636426,0.00038234897215599835,0.00029487893581468496,0.0001713665530569889
glade,0.0,0.0,0.0,9.520364058721605e-06
gladly,0.0,0.0,8.191081550407916e-06,0.0
gladstone,0.0,0.0,0.0,1.904072811744321e-05
glamour,0.0,0.0,0.0,9.520364058721605e-06
glance,0.00012248777571998316,0.0,5.7337570852855414e-05,0.00016184618899826728
glanced,6.859315440319056e-05,0.0,0.0,0.0002094480092918753
glances,1.9598044115197302e-05,0.0,0.0,3.808145623488642e-05
glancing,6.859315440319056e-05,0.0,3.2764326201631665e-05,0.00021896837335059693
glands,0.0,0.0,0.0,9.520364058721605e-06
glare,0.0,0.0,0.0,2.8561092176164816e-05
glared,0.0,1.1245558004588187e-05,0.0,1.904072811744321e-05
glaring,4.8995110287993256e-06,0.0,0.0,9.520364058721605e-06
glass,0.00018128190806557506,0.0006634879222707031,1.6382163100815833e-05,0.00013328509682210247
glasses,1.9598044115197302e-05,0.00019117448607799918,0.0,7.616291246977284e-05
glassful,9.799022057598651e-06,0.0,0.0,0.0
glazed,0.0,2.2491116009176375e-05,0.0,0.0
glazing,0.0,0.0,8.191081550407916e-06,0.0
gleam,2.9397066172795955e-05,0.0,0.0,1.904072811744321e-05
gleamed,2.449755514399663e-05,0.0,0.0,0.0
gleaming,0.0,0.0,0.0,9.520364058721605e-06
glee,4.8995110287993256e-06,0.0,0.0,0.0
gleefully,1.4698533086397977e-05,0.0,0.0,0.0
glen,0.0,0.0,8.191081550407916e-06,0.0
gli,0.0,1.1245558004588187e-05,0.0,0.0
glided,0.0,0.0,0.0,1.904072811744321e-05
glimmer,0.0,0.0,0.0,1.904072811744321e-05
glimmered,0.0,0.0,0.0,2.8561092176164816e-05
glimpse,4.8995110287993256e-06,0.0,1.6382163100815833e-05,6.664254841105123e-05
glimpses,0.0,0.0,0.0,9.520364058721605e-06
glint,0.0,0.0,0.0,9.520364058721605e-06
glints,0.0,0.0,0.0,9.520364058721605e-06
glissez,9.799022057598651e-06,0.0,0.0,0.0
glisten,0.0,0.0,0.0,9.520364058721605e-06
glistened,4.8995110287993256e-06,0.0,0.0,0.0
glitter,0.0,0.0,0.0,1.904072811744321e-05
glittered,1.9598044115197302e-05,0.0,0.0,0.0
glittering,1.9598044115197302e-05,0.0,0.0,0.0
gloated,4.8995110287993256e-06,0.0,0.0,0.0
gloating,1.4698533086397977e-05,0.0,0.0,0.0
globe,4.8995110287993256e-06,0.0,0.0,9.520364058721605e-06
gloom,0.0,0.0,2.457324465122375e-05,7.616291246977284e-05
gloomily,5.389462131679259e-05,0.0,0.0,9.520364058721605e-06
gloomy,0.00012248777571998316,0.0,1.6382163100815833e-05,9.520364058721605e-06
gloried,0.0,0.0,8.191081550407916e-06,0.0
glories,0.0,0.0,8.191081550407916e-06,0.0
glorious,0.0,2.2491116009176375e-05,0.0,0.0
glory,9.799022057598651e-06,2.2491116009176375e-05,8.191081550407916e-06,0.0
gloss,0.0,0.0,0.0,9.520364058721605e-06
glossy,0.0,0.0,0.0,1.904072811744321e-05
glove,0.0,1.1245558004588187e-05,8.191081550407916e-06,3.808145623488642e-05
gloves,2.449755514399663e-05,4.498223201835275e-05,0.0,2.8561092176164816e-05
glow,4.8995110287993256e-06,0.0,2.457324465122375e-05,9.520364058721605e-06
glowed,1.9598044115197302e-05,0.0,0.0,0.0
glowing,4.899511028799326e-05,0.0,8.191081550407916e-06,1.904072811744321e-05
glutton,4.8995110287993256e-06,0.0,0.0,0.0
glühwein,0.0,1.1245558004588187e-05,0.0,0.0
gnawing,4.8995110287993256e-06,0.0,0.0,0.0
go,0.001803020058598152,0.004498223201835275,0.0008518724812424232,0.0009425160418134389
goading,0.0,0.0,0.0,9.520364058721605e-06
goal,1.9598044115197302e-05,0.0,0.0,0.0
goat,0.0,2.2491116009176375e-05,0.0,0.0
goats,0.0,1.1245558004588187e-05,0.0,0.0
goatskin,1.4698533086397977e-05,0.0,0.0,0.0
god,0.0005193481690527285,0.0003935945301605866,2.457324465122375e-05,0.00024752946552676175
goddam,0.0,3.3736674013764564e-05,0.0,0.0
goddess,0.0,2.2491116009176375e-05,0.0,0.0
goddesses,0.0,1.1245558004588187e-05,0.0,0.0
godfather,0.0,0.0,8.191081550407916e-06,0.0
godfrey,0.0,0.0,0.0,4.760182029360803e-05
godless,1.4698533086397977e-05,0.0,0.0,0.0
gods,3.9196088230394604e-05,0.0,8.191081550407916e-06,2.8561092176164816e-05
godson,0.0,0.0,1.6382163100815833e-05,0.0
goes,4.4095599259193934e-05,8.99644640367055e-05,1.6382163100815833e-05,8.568327652849445e-05
gogol,1.4698533086397977e-05,0.0,0.0,0.0
going,0.0009064095403278753,0.0017880437227295219,0.0004668916483732512,0.00030465164987909137
gold,8.819119851838787e-05,3.3736674013764564e-05,0.0,0.0001713665530569889
golden,4.8995110287993256e-06,2.2491116009176375e-05,0.0,4.760182029360803e-05
golgotha,4.8995110287993256e-06,0.0,0.0,0.0
gondola,0.0,1.1245558004588187e-05,0.0,0.0
gondolas,0.0,1.1245558004588187e-05,0.0,0.0
gone,0.0003968603933327454,0.000719715712293644,0.0005078470561252908,0.00042841638264247227
gong,0.0,0.0,0.0,9.520364058721605e-06
gonorrhea,0.0,3.3736674013764564e-05,0.0,0.0
good,0.001366963577035012,0.0029800728712158697,0.001662789554732807,0.00130428987604486
goodge,0.0,0.0,0.0,1.904072811744321e-05
goodness,9.799022057598651e-05,0.0,8.191081550407916e-05,8.568327652849445e-05
goods,1.4698533086397977e-05,2.2491116009176375e-05,0.0,0.0
goodwill,4.8995110287993256e-06,0.0,0.0,9.520364058721605e-06
goodwins,0.0,0.0,0.0,9.520364058721605e-06
goose,4.8995110287993256e-06,0.0,0.0,0.00025704982958548334
gordini,0.0,0.00015743781206423464,0.0,0.0
gordinis,0.0,1.1245558004588187e-05,0.0,0.0
gordon,0.0,0.0,0.0,1.904072811744321e-05
gorge,0.0,1.1245558004588187e-05,0.0,0.0
gorgeous,9.799022057598651e-06,0.0,0.0,0.0
gorizia,0.0,0.00011245558004588187,0.0,0.0
gospel,1.4698533086397977e-05,0.0,0.0,9.520364058721605e-06
gossip,4.4095599259193934e-05,0.0,0.0,1.904072811744321e-05
gossiping,4.8995110287993256e-06,0.0,8.191081550407916e-06,9.520364058721605e-06
gossips,0.0,0.0,0.0,9.520364058721605e-06
got,0.0007398261653486982,0.0012595024965138771,0.00020477703876019789,0.0005045792951122451
gott,4.8995110287993256e-06,0.0,0.0,0.0
gotten,0.0,0.00014619225405964643,0.0,0.0
gottsreich,0.0,0.0,0.0,9.520364058721605e-06
goulding,0.0,0.0,8.191081550407916e-06,0.0
gouldings,0.0,0.0,1.6382163100815833e-05,0.0
gourmand,4.8995110287993256e-06,0.0,0.0,0.0
gout,0.0,2.2491116009176375e-05,0.0,0.0
governed,0.0,0.0,1.6382163100815833e-05,0.0
governess,2.9397066172795955e-05,0.0,6.552865240326333e-05,2.8561092176164816e-05
governesses,0.0,0.0,0.0,1.904072811744321e-05
government,7.349266543198989e-05,1.1245558004588187e-05,0.0,1.904072811744321e-05
governor,4.4095599259193934e-05,0.0,0.0,0.0
governorship,4.8995110287993256e-06,0.0,0.0,0.0
gown,1.4698533086397977e-05,5.6227790022940935e-05,5.7337570852855414e-05,5.712218435232963e-05
gowns,4.8995110287993256e-06,0.0,1.6382163100815833e-05,0.0
grab,0.0,3.3736674013764564e-05,0.0,0.0
grabbed,0.0,2.2491116009176375e-05,0.0,0.0
grabs,0.0,0.0,0.0,9.520364058721605e-06
grace,4.8995110287993256e-06,0.0,8.191081550407916e-06,2.8561092176164816e-05
gracechurch,0.0,0.0,7.371973395367124e-05,0.0
graceful,9.799022057598651e-06,0.0,8.191081550407916e-06,9.520364058721605e-06
gracefully,0.0,0.0,8.191081550407916e-06,0.0
graces,0.0,0.0,8.191081550407916e-06,0.0
gracious,1.4698533086397977e-05,0.0,6.552865240326333e-05,1.904072811744321e-05
graciously,4.8995110287993256e-06,0.0,8.191081550407916e-06,0.0
graciousness,0.0,0.0,8.191081550407916e-06,0.0
gradations,0.0,1.1245558004588187e-05,0.0,0.0
grade,0.0,2.2491116009176375e-05,0.0,0.0
grades,9.799022057598651e-06,0.0,0.0,0.0
gradual,9.799022057598651e-06,0.0,8.191081550407916e-06,0.0
gradually,4.4095599259193934e-05,0.0,4.91464893024475e-05,1.904072811744321e-05
graduate,0.0,1.1245558004588187e-05,0.0,0.0
grain,9.799022057598651e-06,0.0,8.191081550407916e-06,9.520364058721605e-06
grammar,4.8995110287993256e-06,1.1245558004588187e-05,0.0,0.0
gran,0.0,5.6227790022940935e-05,0.0,0.0
granatieri,0.0,3.3736674013764564e-05,0.0,0.0
grand,4.8995110287993256e-06,0.00029238450811929287,1.6382163100815833e-05,1.904072811744321e-05
grandeur,0.0,0.0,3.2764326201631665e-05,0.0
grandfather,0.0,3.3736674013764564e-05,0.0,1.904072811744321e-05
grandfathers,0.0,0.0,8.191081550407916e-06,0.0
grandiloquent,4.8995110287993256e-06,0.0,0.0,0.0
grandmother,4.8995110287993256e-06,1.1245558004588187e-05,0.0,0.0
grandmothers,9.799022057598651e-06,0.0,0.0,0.0
grandson,0.0,1.1245558004588187e-05,0.0,0.0
granite,4.8995110287993256e-06,0.0,0.0,0.0
grant,2.449755514399663e-05,0.0,0.0,0.0
granted,3.429657720159528e-05,0.0,0.0,9.520364058721605e-06
granting,0.0,0.0,0.0,9.520364058721605e-06
grantleys,0.0,0.0,8.191081550407916e-06,0.0
grape,0.0,1.1245558004588187e-05,0.0,0.0
grapes,0.0,1.1245558004588187e-05,8.191081550407916e-06,0.0
grappa,0.0,0.00010121002204129369,0.0,0.0
gras,0.0,0.0,0.0,9.520364058721605e-06
grasp,4.8995110287993256e-06,0.0,8.191081550407916e-06,5.712218435232963e-05
grasped,1.4698533086397977e-05,0.0,0.0,4.760182029360803e-05
grasping,4.8995110287993256e-06,0.0,0.0,9.520364058721605e-06
grass,1.4698533086397977e-05,3.3736674013764564e-05,0.0,8.568327652849445e-05
grate,0.0,0.0,0.0,1.904072811744321e-05
grateful,1.9598044115197302e-05,0.0,0.0001064840601553029,9.520364058721605e-06
gratefully,0.0,0.0,2.457324465122375e-05,0.0
gratification,0.0,0.0,8.191081550407916e-06,0.0
gratified,9.799022057598651e-06,0.0,0.00011467514170571083,0.0
gratify,4.8995110287993256e-06,0.0,1.6382163100815833e-05,0.0
gratifying,0.0,0.0,4.91464893024475e-05,0.0
grating,4.8995110287993256e-06,0.0,0.0,1.904072811744321e-05
gratitude,2.9397066172795955e-05,0.0,0.00019658595720979,9.520364058721605e-06
gratuitously,0.0,1.1245558004588187e-05,0.0,0.0
gratulation,0.0,0.0,1.6382163100815833e-05,0.0
grave,3.9196088230394604e-05,0.0,7.371973395367124e-05,3.808145623488642e-05
graveclothes,4.8995110287993256e-06,0.0,0.0,0.0
gravel,0.0,4.498223201835275e-05,2.457324465122375e-05,3.808145623488642e-05
gravely,1.4698533086397977e-05,1.1245558004588187e-05,3.2764326201631665e-05,5.712218435232963e-05
graver,4.8995110287993256e-06,0.0,0.0,9.520364058721605e-06
graves,0.0,1.1245558004588187e-05,0.0,0.0
gravesend,0.0,0.0,0.0,3.808145623488642e-05
gravest,4.8995110287993256e-06,0.0,0.0,0.0
graveyard,2.449755514399663e-05,0.0,0.0,0.0
gravity,1.4698533086397977e-05,0.0,3.2764326201631665e-05,2.8561092176164816e-05
gravy,0.0,1.1245558004588187e-05,0.0,0.0
gray,0.0,0.00030363006612388105,0.0,0.0
grazed,9.799022057598651e-06,0.0,0.0,0.0
grease,4.8995110287993256e-06,2.2491116009176375e-05,0.0,0.0
greasy,2.449755514399663e-05,0.0,0.0,1.904072811744321e-05
great,0.0007888212756366914,0.0005172956682110567,0.001163133580157924,0.0005712218435232964
greatcoat,1.4698533086397977e-05,0.0,0.0,9.520364058721605e-06
greater,3.9196088230394604e-05,1.1245558004588187e-05,0.00020477703876019789,5.712218435232963e-05
greatest,3.9196088230394604e-05,0.0,0.00017201271255856622,5.712218435232963e-05
greatly,8.819119851838787e-05,2.2491116009176375e-05,0.00011467514170571083,0.0
greatness,0.0,0.0,1.6382163100815833e-05,0.0
greats,4.8995110287993256e-06,0.0,0.0,0.0
grebes,0.0,1.1245558004588187e-05,0.0,0.0
greedily,1.9598044115197302e-05,0.0,0.0,0.0
greediness,4.8995110287993256e-06,0.0,0.0,0.0
greek,4.8995110287993256e-06,0.0,0.0,0.0
green,7.839217646078921e-05,0.00012370113805047008,2.457324465122375e-05,4.760182029360803e-05
greengrocer,0.0,0.0,0.0,9.520364058721605e-06
greenish,4.8995110287993256e-06,0.0,0.0,0.0
greenness,4.8995110287993256e-06,0.0,0.0,0.0
greenwich,0.0,0.0,0.0,9.520364058721605e-06
greet,9.799022057598651e-06,0.0,0.0,9.520364058721605e-06
greeted,4.8995110287993256e-06,0.0,0.0,0.0
greeting,1.4698533086397977e-05,0.0,0.0,3.808145623488642e-05
greetings,1.4698533086397977e-05,1.1245558004588187e-05,0.0,0.0
greffi,0.0,0.00013494669605505826,0.0,0.0
grenade,0.0,1.1245558004588187e-05,0.0,0.0
grenadiers,0.0,1.1245558004588187e-05,0.0,0.0
gretna,0.0,0.0,1.6382163100815833e-05,0.0
grew,8.819119851838787e-05,4.498223201835275e-05,4.91464893024475e-05,0.00011424436870465926
grey,8.329168748958855e-05,0.0,0.0,0.00022848873740931853
greyish,4.8995110287993256e-06,0.0,0.0,1.904072811744321e-05
grice,0.0,0.0,0.0,9.520364058721605e-06
grief,4.4095599259193934e-05,0.0,1.6382163100815833e-05,6.664254841105123e-05
griefs,0.0,0.0,8.191081550407916e-06,0.0
grievance,0.0,0.0,0.0,9.520364058721605e-06
grievances,0.0,0.0,1.6382163100815833e-05,0.0
grieve,4.8995110287993256e-06,0.0,2.457324465122375e-05,0.0
grieved,2.449755514399663e-05,0.0,9.8292978604895e-05,9.520364058721605e-06
grieving,4.8995110287993256e-06,0.0,8.191081550407916e-06,0.0
grievous,0.0,0.0,2.457324465122375e-05,9.520364058721605e-06
grievously,0.0,0.0,8.191081550407916e-06,0.0
grigorievitch,9.799022057598651e-06,0.0,0.0,0.0
grill,0.0,1.1245558004588187e-05,0.0,0.0
grim,0.0,1.1245558004588187e-05,0.0,1.904072811744321e-05
grime,4.8995110287993256e-06,0.0,0.0,9.520364058721605e-06
grimesby,0.0,0.0,0.0,7.616291246977284e-05
grimly,1.9598044115197302e-05,0.0,0.0,9.520364058721605e-06
grimy,9.799022057598651e-06,0.0,0.0,0.0
grin,1.9598044115197302e-05,0.0,0.0,1.904072811744321e-05
grind,0.0,0.0,0.0,9.520364058721605e-06
grinder,1.4698533086397977e-05,0.0,0.0,1.904072811744321e-05
grinders,9.799022057598651e-06,0.0,0.0,0.0
grinding,2.9397066172795955e-05,1.1245558004588187e-05,0.0,0.0
grinned,4.8995110287993256e-06,2.2491116009176375e-05,0.0,9.520364058721605e-06
grinning,0.0,0.0,0.0,1.904072811744321e-05
grip,4.8995110287993256e-06,1.1245558004588187e-05,0.0,5.712218435232963e-05
gripped,1.4698533086397977e-05,0.0,0.0,0.0
gripping,4.8995110287993256e-06,0.0,0.0,9.520364058721605e-06
grit,0.0,0.0,0.0,9.520364058721605e-06
gritting,4.8995110287993256e-06,0.0,0.0,0.0
gritty,0.0,0.0,0.0,9.520364058721605e-06
grizzled,9.799022057598651e-06,0.0,0.0,5.712218435232963e-05
groan,4.8995110287993256e-06,0.0,0.0,1.904072811744321e-05
groaned,9.799022057598651e-06,0.0,0.0,2.8561092176164816e-05
groaning,1.4698533086397977e-05,0.0,0.0,0.0
groggy,0.0,3.3736674013764564e-05,0.0,0.0
groin,0.0,1.1245558004588187e-05,0.0,0.0
groom,0.0,0.0,0.0,4.760182029360803e-05
groomed,0.0,0.0,0.0,9.520364058721605e-06
grooms,0.0,2.2491116009176375e-05,0.0,0.0
groping,0.0,0.0,0.0,1.904072811744321e-05
gross,4.8995110287993256e-06,0.0,1.6382163100815833e-05,1.904072811744321e-05
grossest,0.0,0.0,8.191081550407916e-06,0.0
grossly,4.8995110287993256e-06,0.0,0.0,0.0
grosvenor,0.0,0.0,1.6382163100815833e-05,1.904072811744321e-05
grotesque,2.449755514399663e-05,0.0,0.0,9.520364058721605e-06
ground,0.00012738728674878248,0.00012370113805047008,9.8292978604895e-05,0.00021896837335059693
groundlessness,4.8995110287993256e-06,0.0,0.0,0.0
grounds,2.9397066172795955e-05,2.2491116009176375e-05,4.095540775203958e-05,9.520364058721606e-05
groundwork,0.0,0.0,8.191081550407916e-06,0.0
group,9.799022057598651e-06,5.6227790022940935e-05,1.6382163100815833e-05,2.8561092176164816e-05
grouped,0.0,0.0,8.191081550407916e-06,0.0
groups,1.4698533086397977e-05,0.0,0.0,0.0
grouse,4.8995110287993256e-06,0.0,0.0,0.0
grove,0.0,0.0,2.457324465122375e-05,9.520364058721605e-06
grovelling,4.8995110287993256e-06,0.0,0.0,0.0
grow,1.9598044115197302e-05,0.00011245558004588187,3.2764326201631665e-05,1.904072811744321e-05
growing,7.349266543198989e-05,1.1245558004588187e-05,2.457324465122375e-05,1.904072811744321e-05
grown,6.369364337439124e-05,0.0,4.095540775203958e-05,2.8561092176164816e-05
grows,4.8995110287993256e-06,0.0,0.0,0.0
growth,0.0,0.0,8.191081550407916e-06,0.0
grudged,4.8995110287993256e-06,0.0,0.0,0.0
grudgingly,0.0,1.1245558004588187e-05,0.0,0.0
gruff,0.0,0.0,0.0,9.520364058721605e-06
gruffly,4.8995110287993256e-06,0.0,0.0,0.0
grumbled,4.8995110287993256e-06,0.0,0.0,0.0
grummets,0.0,1.1245558004588187e-05,0.0,0.0
grunted,0.0,1.1245558004588187e-05,0.0,0.0
guard,6.369364337439124e-05,0.00011245558004588187,5.7337570852855414e-05,5.712218435232963e-05
guarded,0.0,1.1245558004588187e-05,7.371973395367124e-05,0.0
guardia,0.0,3.3736674013764564e-05,0.0,0.0
guardian,4.8995110287993256e-06,0.0,1.6382163100815833e-05,0.0
guardianship,0.0,0.0,2.457324465122375e-05,9.520364058721605e-06
guards,0.0,6.747334802752913e-05,0.0,0.0
guardsmen,0.0,0.0,0.0,2.8561092176164816e-05
guerra,0.0,1.1245558004588187e-05,0.0,0.0
guerre,1.9598044115197302e-05,0.0,0.0,0.0
guess,6.369364337439124e-05,7.871890603211732e-05,4.095540775203958e-05,4.760182029360803e-05
guessed,5.389462131679259e-05,0.0,2.457324465122375e-05,1.904072811744321e-05
guessing,9.799022057598651e-06,0.0,0.0,0.0
guest,1.4698533086397977e-05,0.0,4.095540775203958e-05,0.0
guests,2.449755514399663e-05,0.0,8.191081550407916e-06,0.0
guffaw,2.449755514399663e-05,0.0,0.0,0.0
guffawed,4.8995110287993256e-06,0.0,0.0,0.0
guffawing,4.8995110287993256e-06,0.0,0.0,0.0
guidance,4.8995110287993256e-06,0.0,1.6382163100815833e-05,9.520364058721605e-06
guide,0.0,0.0,1.6382163100815833e-05,3.808145623488642e-05
guided,0.0,0.0,1.6382163100815833e-05,0.0
guiding,4.8995110287993256e-06,0.0,8.191081550407916e-06,0.0
guilt,1.4698533086397977e-05,0.0,2.457324465122375e-05,3.808145623488642e-05
guilty,7.349266543198989e-05,0.0,1.6382163100815833e-05,2.8561092176164816e-05
guinea,0.0,0.0,8.191081550407916e-06,3.808145623488642e-05
guineas,0.0,0.0,0.0,2.8561092176164816e-05
guitar,9.799022057598651e-06,0.0,0.0,0.0
gulf,4.8995110287993256e-06,0.0,8.191081550407916e-06,0.0
gullet,0.0,0.0,0.0,9.520364058721605e-06
gulls,0.0,1.1245558004588187e-05,0.0,0.0
gulp,0.0,0.0,0.0,9.520364058721605e-06
gulped,4.8995110287993256e-06,0.0,0.0,0.0
gulping,4.8995110287993256e-06,0.0,0.0,0.0
gulps,4.8995110287993256e-06,0.0,0.0,0.0
gum,0.0,0.0,0.0,9.520364058721605e-06
gummed,0.0,0.0,0.0,9.520364058721605e-06
gun,0.0,0.00010121002204129369,0.0,5.712218435232963e-05
gunman,0.0,1.1245558004588187e-05,0.0,0.0
gunner,0.0,8.99644640367055e-05,0.0,0.0
gunners,0.0,1.1245558004588187e-05,0.0,0.0
guns,0.0,0.00030363006612388105,0.0,0.0
gunwale,0.0,1.1245558004588187e-05,0.0,0.0
gunwales,0.0,2.2491116009176375e-05,0.0,0.0
gurgling,4.8995110287993256e-06,0.0,0.0,0.0
gush,0.0,0.0,0.0,9.520364058721605e-06
gushed,4.8995110287993256e-06,0.0,0.0,0.0
gushes,0.0,0.0,0.0,9.520364058721605e-06
gustave,0.0,0.0,0.0,9.520364058721605e-06
gusts,0.0,2.2491116009176375e-05,0.0,0.0
gutter,2.449755514399663e-05,1.1245558004588187e-05,0.0,0.0
guttering,0.0,0.0,0.0,9.520364058721605e-06
guttingen,0.0,7.871890603211732e-05,0.0,0.0
guttingens,0.0,2.2491116009176375e-05,0.0,0.0
guttural,4.8995110287993256e-06,0.0,0.0,0.0
guys,0.0,1.1245558004588187e-05,0.0,0.0
guzzling,4.8995110287993256e-06,0.0,0.0,0.0
gym,0.0,1.1245558004588187e-05,0.0,0.0
gymnasium,1.4698533086397977e-05,2.2491116009176375e-05,0.0,0.0
gyps,0.0,1.1245558004588187e-05,0.0,0.0
h,4.8995110287993256e-06,0.0,0.0,4.760182029360803e-05
ha,0.00032826723892955483,4.498223201835275e-05,0.0,0.0002094480092918753
habit,5.389462131679259e-05,0.0,5.7337570852855414e-05,7.616291246977284e-05
habits,3.429657720159528e-05,0.0,2.457324465122375e-05,8.568327652849445e-05
habitual,1.4698533086397977e-05,0.0,8.191081550407916e-06,0.0
hack,4.8995110287993256e-06,0.0,8.191081550407916e-06,0.0
hacked,0.0,0.0,0.0,9.520364058721605e-06
hackney,0.0,0.0,2.457324465122375e-05,0.0
hackneyed,0.0,0.0,8.191081550407916e-06,0.0
had,0.007731428403445336,0.006185056902523503,0.009599947577078077,0.007901902168738933
hadnt,8.329168748958855e-05,5.6227790022940935e-05,0.0,2.8561092176164816e-05
hadst,9.799022057598651e-06,0.0,0.0,0.0
hafiz,0.0,0.0,0.0,9.520364058721605e-06
hag,1.4698533086397977e-05,0.0,0.0,0.0
haggard,0.0,0.0,0.0,1.904072811744321e-05
haggerston,0.0,0.0,1.6382163100815833e-05,0.0
hags,4.8995110287993256e-06,0.0,0.0,0.0
hague,0.0,0.0,0.0,9.520364058721605e-06
hail,4.8995110287993256e-06,1.1245558004588187e-05,0.0,9.520364058721605e-06
hailed,0.0,1.1245558004588187e-05,0.0,9.520364058721605e-06
hair,0.000225377507324769,0.00033736674013764564,2.457324465122375e-05,0.00042841638264247227
hairdresser,0.0,1.1245558004588187e-05,0.0,0.0
hairdressers,4.8995110287993256e-06,0.0,0.0,0.0
haired,1.4698533086397977e-05,3.3736674013764564e-05,0.0,9.520364058721605e-06
hairs,0.0,1.1245558004588187e-05,0.0,0.0
half,0.0004899511028799326,0.00021366560208717556,0.0005733757085285541,0.000580742207582018
halfpenny,1.4698533086397977e-05,0.0,0.0,0.0
halfway,4.8995110287993256e-06,0.0,0.0,1.904072811744321e-05
halifax,0.0,0.0,0.0,9.520364058721605e-06
hall,4.8995110287993256e-06,0.0006185056902523503,9.8292978604895e-05,0.0001808869171157105
hallow,0.0,1.1245558004588187e-05,0.0,0.0
halls,0.0,1.1245558004588187e-05,0.0,0.0
hallucination,9.799022057598651e-06,0.0,0.0,0.0
hallway,0.0,6.747334802752913e-05,0.0,0.0
halt,4.8995110287993256e-06,2.2491116009176375e-05,0.0,0.0
halted,4.8995110287993256e-06,0.0,0.0,0.0
ham,0.0,8.99644640367055e-05,8.191081550407916e-06,0.0
hamburger,0.0,1.1245558004588187e-05,0.0,0.0
hamlet,4.8995110287993256e-06,0.0,0.0,0.0
hammered,0.0,0.0,0.0,9.520364058721605e-06
hammering,1.4698533086397977e-05,0.0,0.0,0.0
hampshire,0.0,0.0,0.0,3.808145623488642e-05
hand,0.0008182183418094874,0.0008209257343349377,0.0002129681203106058,0.0011424436870465927
handbag,0.0,1.1245558004588187e-05,0.0,0.0
handcuffs,0.0,0.0,0.0,9.520364058721605e-06
handed,3.429657720159528e-05,0.00021366560208717556,2.457324465122375e-05,0.00010472400464593766
handedness,0.0,0.0,0.0,9.520364058721605e-06
handful,4.8995110287993256e-06,1.1245558004588187e-05,0.0,0.0
handicap,0.0,3.3736674013764564e-05,0.0,0.0
handing,9.799022057598651e-06,0.0,0.0,9.520364058721605e-06
handkerchief,4.4095599259193934e-05,1.1245558004588187e-05,8.191081550407916e-06,8.568327652849445e-05
handkerchiefs,4.8995110287993256e-06,0.0,0.0,9.520364058721605e-06
handle,2.449755514399663e-05,8.99644640367055e-05,0.0,1.904072811744321e-05
handled,0.0,0.0,0.0,9.520364058721605e-06
handling,0.0,0.0,0.0,1.904072811744321e-05
hands,0.0007349266543198988,0.0003711034141514102,5.7337570852855414e-05,0.0006949865762866772
handsome,4.4095599259193934e-05,1.1245558004588187e-05,0.0003030700173650929,3.808145623488642e-05
handsomely,0.0,1.1245558004588187e-05,1.6382163100815833e-05,0.0
handsomer,0.0,0.0,2.457324465122375e-05,0.0
handsomest,0.0,0.0,3.2764326201631665e-05,0.0
handwriting,1.9598044115197302e-05,0.0,0.0,1.904072811744321e-05
handy,0.0,0.0,0.0,1.904072811744321e-05
hang,0.00011758826469118382,4.498223201835275e-05,8.191081550407916e-06,1.904072811744321e-05
hanged,1.4698533086397977e-05,0.0,0.0,2.8561092176164816e-05
hanging,7.349266543198989e-05,3.3736674013764564e-05,8.191081550407916e-06,6.664254841105123e-05
hangings,4.8995110287993256e-06,0.0,0.0,0.0
hangs,0.0,0.0,0.0,1.904072811744321e-05
hankeys,0.0,0.0,0.0,9.520364058721605e-06
hanover,0.0,0.0,0.0,1.904072811744321e-05
hansom,0.0,0.0,0.0,5.712218435232963e-05
hansoms,0.0,0.0,0.0,9.520364058721605e-06
hapless,4.8995110287993256e-06,0.0,0.0,0.0
happen,0.00013718630880638113,0.00011245558004588187,9.8292978604895e-05,2.8561092176164816e-05
happened,0.0003233677279007555,0.00019117448607799918,0.00019658595720979,0.00021896837335059693
happening,3.9196088230394604e-05,5.6227790022940935e-05,1.6382163100815833e-05,9.520364058721605e-06
happens,2.449755514399663e-05,5.6227790022940935e-05,3.2764326201631665e-05,1.904072811744321e-05
happier,1.4698533086397977e-05,1.1245558004588187e-05,2.457324465122375e-05,0.0
happiest,4.8995110287993256e-06,0.0,8.191081550407916e-05,0.0
happily,9.799022057598651e-06,6.747334802752913e-05,4.095540775203958e-05,1.904072811744321e-05
happiness,9.309070954718719e-05,1.1245558004588187e-05,0.0005897578716293699,2.8561092176164816e-05
happy,0.0001518848418927791,0.0004273312041743511,0.000679859768683857,0.0001713665530569889
harangue,4.8995110287993256e-06,0.0,0.0,0.0
harassed,4.8995110287993256e-06,0.0,0.0,0.0
harassing,4.8995110287993256e-06,0.0,0.0,0.0
harbour,4.8995110287993256e-06,0.0,0.0,0.0
harboured,0.0,0.0,8.191081550407916e-06,0.0
hard,0.00010778924263358517,0.0005285412262156448,9.8292978604895e-05,0.0002760905577029266
harden,4.8995110287993256e-06,1.1245558004588187e-05,0.0,0.0
hardened,4.8995110287993256e-06,1.1245558004588187e-05,8.191081550407916e-06,3.808145623488642e-05
harder,4.8995110287993256e-06,1.1245558004588187e-05,0.0,0.0
hardest,9.799022057598651e-06,0.0,8.191081550407916e-06,9.520364058721605e-06
hardihood,0.0,0.0,0.0,9.520364058721605e-06
hardly,0.00023517652938236764,7.871890603211732e-05,0.00037678975131876413,0.0004760182029360803
hardness,0.0,1.1245558004588187e-05,0.0,0.0
hardship,4.8995110287993256e-06,0.0,8.191081550407916e-06,0.0
hardships,9.799022057598651e-06,0.0,8.191081550407916e-06,0.0
hardworking,4.8995110287993256e-06,0.0,0.0,0.0
hardy,0.0,0.0,0.0,1.904072811744321e-05
hare,4.8995110287993256e-06,1.1245558004588187e-05,0.0,9.520364058721605e-06
hares,4.8995110287993256e-06,0.0,0.0,0.0
hareskin,4.8995110287993256e-06,0.0,0.0,0.0
harkov,4.8995110287993256e-06,0.0,0.0,0.0
harlamovs,1.4698533086397977e-05,0.0,0.0,0.0
harley,0.0,0.0,0.0,9.520364058721605e-06
harlot,1.4698533086397977e-05,0.0,0.0,0.0
harlotry,0.0,1.1245558004588187e-05,0.0,0.0
harlots,0.0,1.1245558004588187e-05,0.0,0.0
harm,4.899511028799326e-05,0.0,3.2764326201631665e-05,7.616291246977284e-05
harmful,4.8995110287993256e-06,0.0,0.0,0.0
harmless,4.8995110287993256e-06,0.0,0.0,0.0
harmoniously,4.8995110287993256e-06,0.0,0.0,0.0
harmonium,0.0,0.0,0.0,9.520364058721605e-06
harmony,9.799022057598651e-06,0.0,8.191081550407916e-06,9.520364058721605e-06
harness,0.0,0.0,0.0,1.904072811744321e-05
harnessed,4.8995110287993256e-06,0.0,0.0,0.0
harp,0.0,0.0,8.191081550407916e-06,0.0
harping,4.8995110287993256e-06,0.0,0.0,0.0
harpy,4.8995110287993256e-06,0.0,0.0,0.0
harriet,0.0,0.0,1.6382163100815833e-05,0.0
harringtons,0.0,0.0,8.191081550407916e-06,0.0
harris,0.0,0.0,0.0,9.520364058721605e-06
harrow,0.0,0.0,0.0,2.8561092176164816e-05
harsh,1.9598044115197302e-05,0.0,0.0,9.520364058721605e-06
harshly,1.4698533086397977e-05,0.0,8.191081550407916e-06,9.520364058721605e-06
hartz,0.0,2.2491116009176375e-05,0.0,0.0
harvest,0.0,0.0,0.0,9.520364058721605e-06
has,0.0018765127240301417,0.0004723134361927039,0.001851184430392189,0.002703783392676936
hash,4.8995110287993256e-06,0.0,0.0,0.0
hasnt,4.899511028799326e-05,3.3736674013764564e-05,0.0,0.0
hasp,0.0,0.0,0.0,9.520364058721605e-06
hast,2.449755514399663e-05,0.0,0.0,0.0
haste,0.00025477457349756496,0.0,7.371973395367124e-05,1.904072811744321e-05
hasten,9.799022057598651e-06,0.0,8.191081550407916e-06,0.0
hastened,8.329168748958855e-05,0.0,3.2764326201631665e-05,2.8561092176164816e-05
hastening,1.4698533086397977e-05,0.0,1.6382163100815833e-05,1.904072811744321e-05
hastily,3.9196088230394604e-05,0.0,7.371973395367124e-05,9.520364058721605e-06
hasty,1.4698533086397977e-05,0.0,4.095540775203958e-05,0.0
hat,0.00018128190806557506,0.00016868337006882282,1.6382163100815833e-05,0.0004760182029360803
hatched,4.8995110287993256e-06,0.0,0.0,0.0
hatching,4.8995110287993256e-06,0.0,0.0,0.0
hate,5.879413234559191e-05,6.747334802752913e-05,7.371973395367124e-05,9.520364058721605e-06
hated,2.449755514399663e-05,4.498223201835275e-05,3.2764326201631665e-05,9.520364058721605e-06
hateful,2.9397066172795955e-05,0.0,0.0,0.0
hatefully,0.0,0.0,8.191081550407916e-06,0.0
hates,0.0,1.1245558004588187e-05,1.6382163100815833e-05,0.0
hatfield,0.0,0.0,8.191081550407916e-06,0.0
hath,4.8995110287993256e-06,0.0,0.0,0.0
hatherley,0.0,0.0,0.0,0.00016184618899826728
hatherleys,0.0,0.0,0.0,9.520364058721605e-06
hating,0.0,0.0,8.191081550407916e-06,0.0
hatred,7.349266543198989e-05,0.0,8.191081550407916e-06,0.0
hats,1.4698533086397977e-05,6.747334802752913e-05,0.0,9.520364058721605e-06
hatted,0.0,1.1245558004588187e-05,0.0,0.0
hatter,4.8995110287993256e-06,0.0,0.0,0.0
hatty,0.0,0.0,0.0,2.8561092176164816e-05
haughtily,1.4698533086397977e-05,0.0,0.0,0.0
haughtiness,1.4698533086397977e-05,0.0,0.0,0.0
haughty,5.389462131679259e-05,1.1245558004588187e-05,2.457324465122375e-05,0.0
hauled,4.8995110287993256e-06,4.498223201835275e-05,0.0,0.0
hauling,0.0,4.498223201835275e-05,0.0,9.520364058721605e-06
haunch,0.0,0.0,8.191081550407916e-06,0.0
haunches,4.8995110287993256e-06,1.1245558004588187e-05,0.0,0.0
haunt,4.8995110287993256e-06,0.0,8.191081550407916e-06,0.0
haunted,3.429657720159528e-05,0.0,0.0,0.0
haunts,4.8995110287993256e-06,0.0,0.0,0.0
hauteur,0.0,0.0,1.6382163100815833e-05,0.0
have,0.005614839639004028,0.005476586748234448,0.006929654991645097,0.008796816390258764
haven,4.8995110287993256e-06,0.0,0.0,0.0
havent,0.00018618141909437438,0.0004385767621789393,0.0,0.0
haversack,0.0,1.1245558004588187e-05,0.0,0.0
having,0.00029397066172795954,0.00020242004408258738,0.0007699616657383441,0.0006473847559930691
hawaii,0.0,2.2491116009176375e-05,0.0,0.0
hawk,0.0,0.0,0.0,9.520364058721605e-06
hawks,0.0,1.1245558004588187e-05,0.0,0.0
hay,0.00012738728674878248,0.00019117448607799918,0.0,9.520364058721605e-06
haye,0.0,0.0,8.191081550407916e-06,0.0
hayfever,0.0,1.1245558004588187e-05,0.0,0.0
hayling,0.0,0.0,0.0,9.520364058721605e-06
hazarded,0.0,0.0,8.191081550407916e-06,9.520364058721605e-06
haze,0.0,0.0,0.0,9.520364058721605e-06
he,0.023414763206631977,0.0096149520939229,0.010935093869794568,0.013966374074144595
head,0.0009358066065006713,0.0008434168503441141,0.00027030569116346124,0.0006473847559930691
headache,0.0,0.0,1.6382163100815833e-05,9.520364058721605e-06
headdress,4.8995110287993256e-06,0.0,0.0,0.0
headed,3.9196088230394604e-05,0.0,8.191081550407916e-06,0.0002094480092918753
headgear,4.8995110287993256e-06,0.0,0.0,9.520364058721605e-06
heading,0.0,0.0,0.0,2.8561092176164816e-05
headings,0.0,0.0,0.0,9.520364058721605e-06
headland,0.0,1.1245558004588187e-05,0.0,0.0
headlights,0.0,1.1245558004588187e-05,0.0,0.0
headlines,0.0,1.1245558004588187e-05,0.0,0.0
headlong,4.8995110287993256e-06,0.0,0.0,0.0
heads,2.9397066172795955e-05,5.6227790022940935e-05,8.191081550407916e-06,8.568327652849445e-05
headstrong,4.8995110287993256e-06,0.0,3.2764326201631665e-05,9.520364058721605e-06
headwaiter,0.0,2.2491116009176375e-05,0.0,0.0
heal,0.0,0.0,8.191081550407916e-06,0.0
healed,0.0,1.1245558004588187e-05,0.0,0.0
health,3.429657720159528e-05,2.2491116009176375e-05,0.00014743946790734248,4.760182029360803e-05
healthful,0.0,0.0,8.191081550407916e-06,0.0
healthfulness,0.0,0.0,8.191081550407916e-06,0.0
healthy,9.799022057598651e-06,7.871890603211732e-05,8.191081550407916e-06,9.520364058721605e-06
heap,2.449755514399663e-05,0.0,0.0,9.520364058721605e-06
heaped,4.8995110287993256e-06,0.0,0.0,9.520364058721605e-06
hear,0.00040665941539034405,0.00032612118213305746,0.0005733757085285541,0.00030465164987909137
heard,0.0007741227425502935,0.0007084701542890558,0.0007044330133350807,0.0010758011386355413
hearers,0.0,0.0,8.191081550407916e-06,0.0
hearest,4.8995110287993256e-06,0.0,0.0,0.0
hearing,7.349266543198989e-05,2.2491116009176375e-05,0.00019658595720979,2.8561092176164816e-05
hears,4.8995110287993256e-06,0.0,8.191081550407916e-06,1.904072811744321e-05
heart,0.000646735455801511,3.3736674013764564e-05,0.0003685986697683562,0.00023800910146804015
hearted,5.879413234559191e-05,1.1245558004588187e-05,8.191081550407916e-06,2.8561092176164816e-05
heartedness,0.0,0.0,8.191081550407916e-06,0.0
heartening,0.0,0.0,8.191081550407916e-06,0.0
heartfelt,4.8995110287993256e-06,0.0,8.191081550407916e-06,0.0
hearth,0.0,1.1245558004588187e-05,8.191081550407916e-06,0.0
heartily,1.9598044115197302e-05,1.1245558004588187e-05,8.191081550407916e-05,6.664254841105123e-05
heartless,1.4698533086397977e-05,0.0,0.0,9.520364058721605e-06
heartrending,4.8995110287993256e-06,0.0,0.0,0.0
hearts,1.9598044115197302e-05,2.2491116009176375e-05,0.0,2.8561092176164816e-05
hearty,0.0,0.0,1.6382163100815833e-05,4.760182029360803e-05
heat,8.819119851838787e-05,4.498223201835275e-05,0.0,0.0
heated,0.0,1.1245558004588187e-05,0.0,9.520364058721605e-06
heather,0.0,0.0,0.0,9.520364058721605e-06
heaved,4.8995110287993256e-06,0.0,0.0,0.0
heaven,4.4095599259193934e-05,0.0,8.191081550407916e-05,2.8561092176164816e-05
heavenly,4.8995110287993256e-06,0.0,0.0,0.0
heavens,0.00015678435292157842,0.0,2.457324465122375e-05,8.568327652849445e-05
heavier,0.0,0.0,8.191081550407916e-06,1.904072811744321e-05
heavily,4.899511028799326e-05,6.747334802752913e-05,0.0,0.00012376473276338087
heaving,9.799022057598651e-06,0.0,0.0,9.520364058721605e-06
heavy,9.309070954718719e-05,0.00012370113805047008,3.2764326201631665e-05,0.0002856109217616482
hebrew,0.0,0.0,0.0,9.520364058721605e-06
hectic,1.4698533086397977e-05,0.0,0.0,0.0
hed,5.879413234559191e-05,0.0,0.0,9.520364058721605e-06
hedge,0.0,8.99644640367055e-05,8.191081550407916e-06,1.904072811744321e-05
hedges,0.0,2.2491116009176375e-05,0.0,1.904072811744321e-05
heed,0.0,0.0,0.0,9.520364058721605e-06
heeding,4.8995110287993256e-06,0.0,0.0,0.0
heedless,9.799022057598651e-06,0.0,8.191081550407916e-06,0.0
heedlessly,4.8995110287993256e-06,0.0,0.0,0.0
heedlessness,4.8995110287993256e-06,0.0,0.0,0.0
heel,0.0,1.1245558004588187e-05,0.0,1.904072811744321e-05
heelless,0.0,0.0,0.0,9.520364058721605e-06
heels,3.429657720159528e-05,2.2491116009176375e-05,0.0,5.712218435232963e-05
heh,0.0,0.0,0.0,1.904072811744321e-05
height,2.449755514399663e-05,0.0,2.457324465122375e-05,4.760182029360803e-05
heighten,0.0,0.0,8.191081550407916e-06,0.0
heightened,0.0,0.0,6.552865240326333e-05,0.0
heinous,0.0,0.0,8.191081550407916e-06,9.520364058721605e-06
heiress,0.0,0.0,8.191081550407916e-06,1.904072811744321e-05
heirs,0.0,0.0,8.191081550407916e-06,9.520364058721605e-06
held,0.00021557848526717035,0.000719715712293644,4.095540775203958e-05,0.00024752946552676175
helen,0.0,3.3736674013764564e-05,0.0,3.808145623488642e-05
hell,0.00010778924263358517,0.0003935945301605866,0.0,1.904072811744321e-05
hellish,0.0,0.0,0.0,1.904072811744321e-05
hello,0.0,0.00011245558004588187,0.0,0.0
helmet,4.8995110287993256e-06,4.498223201835275e-05,0.0,0.0
helmets,0.0,0.00012370113805047008,0.0,0.0
help,0.0003968603933327454,0.00016868337006882282,0.0003358343435667246,0.00044745711075991546
helped,3.9196088230394604e-05,6.747334802752913e-05,0.0,2.8561092176164816e-05
helper,0.0,0.0,0.0,1.904072811744321e-05
helping,2.9397066172795955e-05,1.1245558004588187e-05,0.0,9.520364058721605e-06
helpless,3.429657720159528e-05,0.0,0.0,2.8561092176164816e-05
helplessly,1.9598044115197302e-05,0.0,0.0,0.0
helplessness,2.449755514399663e-05,0.0,0.0,0.0
helps,4.8995110287993256e-06,1.1245558004588187e-05,0.0,9.520364058721605e-06
helvetia,0.0,1.1245558004588187e-05,0.0,0.0
hem,4.8995110287993256e-06,0.0,0.0,0.0
hemlock,0.0,1.1245558004588187e-05,0.0,0.0
hemmed,4.8995110287993256e-06,0.0,0.0,0.0
hemorrhage,0.0,4.498223201835275e-05,0.0,0.0
hempen,4.8995110287993256e-06,0.0,0.0,0.0
hen,4.8995110287993256e-06,0.0,0.0,0.0
hence,9.799022057598651e-06,0.0,8.191081550407916e-06,4.760182029360803e-05
henceforth,0.0,0.0,8.191081550407916e-06,0.0
henriette,4.8995110287993256e-06,0.0,0.0,0.0
henry,0.0,0.00019117448607799918,0.0,9.520364058721606e-05
hens,9.799022057598651e-06,0.0,0.0,0.0
her,0.008961205671673966,0.0034411407494039856,0.018249729694308835,0.004093756545250291
herald,0.0,0.0,0.0,9.520364058721605e-06
hercules,0.0,0.0,0.0,9.520364058721605e-06
herd,0.0,0.0,0.0,9.520364058721605e-06
here,0.001729527393166162,0.0017318159327065809,0.0005651846269781462,0.001275728783868695
hereabouts,0.0,0.0,1.6382163100815833e-05,0.0
hereafter,0.0,0.0,2.457324465122375e-05,0.0
hereditary,0.0,0.0,0.0,3.808145623488642e-05
hereford,0.0,0.0,0.0,1.904072811744321e-05
herefordshire,0.0,0.0,0.0,1.904072811744321e-05
heres,6.369364337439124e-05,3.3736674013764564e-05,8.191081550407916e-06,4.760182029360803e-05
heretofore,0.0,0.0,8.191081550407916e-06,0.0
hereupon,4.8995110287993256e-06,0.0,0.0,0.0
herewith,9.799022057598651e-06,0.0,0.0,0.0
hermit,4.8995110287993256e-06,0.0,0.0,0.0
hermitage,0.0,0.0,8.191081550407916e-06,0.0
hernia,0.0,2.2491116009176375e-05,0.0,0.0
hero,0.0,2.2491116009176375e-05,0.0,0.0
heroes,0.0,2.2491116009176375e-05,0.0,0.0
heroic,1.4698533086397977e-05,3.3736674013764564e-05,0.0,9.520364058721605e-06
heroism,4.8995110287993256e-06,0.0,0.0,0.0
herrings,4.8995110287993256e-06,0.0,0.0,0.0
hers,2.9397066172795955e-05,2.2491116009176375e-05,6.552865240326333e-05,1.904072811744321e-05
herself,0.0006075393675711164,3.3736674013764564e-05,0.001859375511942597,9.520364058721606e-05
hertfordshire,0.0,0.0,0.0003358343435667246,0.0
heruvimov,1.4698533086397977e-05,0.0,0.0,0.0
hes,0.0002988701727567589,0.0005622779002294094,0.0,0.00012376473276338087
hesitate,9.799022057598651e-06,0.0,2.457324465122375e-05,9.520364058721605e-06
hesitated,1.9598044115197302e-05,0.0,2.457324465122375e-05,2.8561092176164816e-05
hesitating,4.4095599259193934e-05,0.0,8.191081550407916e-06,1.904072811744321e-05
hesitatingly,9.799022057598651e-06,0.0,0.0,0.0
hesitation,4.899511028799326e-05,0.0,2.457324465122375e-05,1.904072811744321e-05
hey,7.349266543198989e-05,3.3736674013764564e-05,0.0,0.0
hi,4.8995110287993256e-06,1.1245558004588187e-05,0.0,0.0
hid,5.389462131679259e-05,0.0,0.0,9.520364058721605e-06
hidden,0.00010288973160478584,0.0,0.0,9.520364058721605e-06
hide,6.369364337439124e-05,1.1245558004588187e-05,1.6382163100815833e-05,1.904072811744321e-05
hideous,7.349266543198989e-05,0.0,0.0,3.808145623488642e-05
hideously,9.799022057598651e-06,0.0,0.0,0.0
hideousness,9.799022057598651e-06,0.0,0.0,0.0
hiders,0.0,1.1245558004588187e-05,0.0,0.0
hides,4.8995110287993256e-06,1.1245558004588187e-05,0.0,0.0
hiding,7.349266543198989e-05,0.0,0.0,0.0
high,0.00014698533086397977,0.000359857856146822,0.00014743946790734248,0.00024752946552676175
higher,3.429657720159528e-05,1.1245558004588187e-05,3.2764326201631665e-05,2.8561092176164816e-05
highest,1.4698533086397977e-05,2.2491116009176375e-05,7.371973395367124e-05,6.664254841105123e-05
highly,3.429657720159528e-05,0.0,0.00022935028341142166,3.808145623488642e-05
highness,0.0,0.0,0.0,9.520364058721605e-06
highroad,0.0,1.1245558004588187e-05,0.0,0.0
highway,0.0,2.2491116009176375e-05,0.0,1.904072811744321e-05
hill,4.8995110287993256e-06,0.00013494669605505826,8.191081550407916e-05,1.904072811744321e-05
hills,0.0,0.00012370113805047008,2.457324465122375e-05,1.904072811744321e-05
hillside,0.0,3.3736674013764564e-05,0.0,0.0
hilt,0.0,1.1245558004588187e-05,0.0,0.0
him,0.00777552400270453,0.0028563717331654,0.006257986304511648,0.004131838001485177
himself,0.0016560347277341722,0.00010121002204129369,0.0010402673569018053,0.0006949865762866772
hinder,1.4698533086397977e-05,0.0,0.0,0.0
hindered,9.799022057598651e-06,0.0,0.0,0.0
hindering,4.8995110287993256e-06,0.0,0.0,0.0
hinders,0.0,0.0,0.0,9.520364058721605e-06
hindrance,4.8995110287993256e-06,0.0,0.0,9.520364058721605e-06
hinges,0.0,0.0,0.0,1.904072811744321e-05
hint,4.4095599259193934e-05,0.0,9.8292978604895e-05,1.904072811744321e-05
hinted,2.449755514399663e-05,0.0,8.191081550407916e-06,9.520364058721605e-06
hinting,4.8995110287993256e-06,0.0,0.0,9.520364058721605e-06
hints,4.8995110287993256e-06,0.0,3.2764326201631665e-05,0.0
hips,9.799022057598651e-06,2.2491116009176375e-05,0.0,0.0
hire,0.0,0.0,8.191081550407916e-06,0.0
hired,4.8995110287993256e-06,0.0,8.191081550407916e-06,9.520364058721605e-06
his,0.010254676583276988,0.00322747514731681,0.01041086465056846,0.01102458157999962
hiss,0.0,0.0,0.0,9.520364058721605e-06
historical,4.8995110287993256e-06,0.0,0.0,0.0
histories,4.8995110287993256e-06,0.0,8.191081550407916e-06,0.0
history,2.9397066172795955e-05,0.0,3.2764326201631665e-05,2.8561092176164816e-05
hit,2.9397066172795955e-05,0.00020242004408258738,0.0,2.8561092176164816e-05
hitch,4.8995110287993256e-06,0.0,0.0,0.0
hither,0.0,0.0,2.457324465122375e-05,0.0
hitherto,3.429657720159528e-05,0.0,1.6382163100815833e-05,9.520364058721605e-06
hitter,0.0,2.2491116009176375e-05,0.0,0.0
hitting,1.4698533086397977e-05,1.1245558004588187e-05,0.0,0.0
hm,0.00018128190806557506,0.0,0.0,0.0
ho,4.8995110287993256e-06,0.00023615671809635195,0.0,0.0
hoard,0.0,0.0,0.0,9.520364058721605e-06
hoarding,1.4698533086397977e-05,0.0,0.0,0.0
hoarse,2.449755514399663e-05,0.0,0.0,1.904072811744321e-05
hoarsely,0.0,0.0,0.0,9.520364058721605e-06
hoax,0.0,0.0,0.0,9.520364058721605e-06
hobbies,0.0,0.0,0.0,9.520364058721605e-06
hobby,0.0,0.0,0.0,9.520364058721605e-06
hobnailed,0.0,1.1245558004588187e-05,0.0,0.0
hof,4.8995110287993256e-06,0.0,0.0,0.0
hog,0.0,2.2491116009176375e-05,0.0,0.0
holborn,0.0,0.0,0.0,1.904072811744321e-05
hold,0.00018618141909437438,0.0003486122981422338,5.7337570852855414e-05,7.616291246977284e-05
holder,0.0,0.0,0.0,0.00021896837335059693
holding,0.00010778924263358517,0.0003148756241284693,1.6382163100815833e-05,5.712218435232963e-05
holds,4.8995110287993256e-06,0.0,0.0,0.0
hole,7.349266543198989e-05,3.3736674013764564e-05,0.0,4.760182029360803e-05
holes,1.4698533086397977e-05,7.871890603211732e-05,0.0,1.904072811744321e-05
holiday,9.799022057598651e-06,0.0,0.0,1.904072811744321e-05
holidays,9.799022057598651e-06,0.0,0.0,0.0
holland,0.0,0.0,0.0,1.904072811744321e-05
hollow,2.9397066172795955e-05,3.3736674013764564e-05,0.0,3.808145623488642e-05
hollowed,0.0,0.0,0.0,9.520364058721605e-06
holmes,0.0,0.0,0.0,0.00438888783107066
holstein,4.8995110287993256e-06,0.0,0.0,0.0
holster,0.0,8.99644640367055e-05,0.0,0.0
holy,2.9397066172795955e-05,3.3736674013764564e-05,0.0,0.0
homage,1.4698533086397977e-05,0.0,0.0,0.0
home,0.0005193481690527285,0.0003711034141514102,0.0005488024638773304,0.00045697747481863706
homecoming,0.0,1.1245558004588187e-05,0.0,0.0
homely,0.0,0.0,0.0,3.808145623488642e-05
homesteads,0.0,0.0,0.0,9.520364058721605e-06
homeward,0.0,0.0,0.0,2.8561092176164816e-05
homewards,9.799022057598651e-06,0.0,0.0,0.0
homicidal,9.799022057598651e-06,0.0,0.0,0.0
honest,7.349266543198989e-05,2.2491116009176375e-05,8.191081550407916e-06,9.520364058721605e-06
honestly,4.8995110287993256e-06,0.0,3.2764326201631665e-05,0.0
honesty,1.4698533086397977e-05,0.0,0.0,0.0
honey,4.8995110287993256e-06,0.0,0.0,0.0
honeymoon,0.0,0.0,0.0,1.904072811744321e-05
honked,0.0,1.1245558004588187e-05,0.0,0.0
honor,0.0,3.3736674013764564e-05,0.0,0.0
honored,0.0,3.3736674013764564e-05,0.0,0.0
honoria,0.0,0.0,0.0,9.520364058721605e-06
honour,0.00016168386395037774,0.0,0.00034402542511713244,0.00011424436870465926
honourable,0.0001126887536623845,0.0,5.7337570852855414e-05,9.520364058721605e-06
honoured,0.00010288973160478584,0.0,7.371973395367124e-05,0.0
honours,4.8995110287993256e-06,0.0,1.6382163100815833e-05,0.0
hood,4.8995110287993256e-06,1.1245558004588187e-05,0.0,9.520364058721605e-06
hoof,4.8995110287993256e-06,0.0,0.0,0.0
hoofs,4.8995110287993256e-06,1.1245558004588187e-05,0.0,1.904072811744321e-05
hook,4.4095599259193934e-05,3.3736674013764564e-05,0.0,1.904072811744321e-05
hooked,4.8995110287993256e-06,1.1245558004588187e-05,0.0,0.0
hooking,0.0,1.1245558004588187e-05,0.0,0.0
hooks,4.8995110287993256e-06,0.0,0.0,0.0
hop,0.0,1.1245558004588187e-05,0.0,0.0
hope,0.00016168386395037774,0.00025864783410552833,0.0009911208675993579,0.0002951312858203698
hoped,2.9397066172795955e-05,0.00012370113805047008,0.0001556305494577504,3.808145623488642e-05
hopeful,0.0,0.0,0.0,9.520364058721605e-06
hopefully,9.799022057598651e-06,1.1245558004588187e-05,0.0,0.0
hopeless,3.9196088230394604e-05,2.2491116009176375e-05,5.7337570852855414e-05,1.904072811744321e-05
hopelessly,4.899511028799326e-05,0.0,0.0,0.0
hopelessness,4.8995110287993256e-06,0.0,0.0,0.0
hopes,7.839217646078921e-05,1.1245558004588187e-05,0.00018839487565938207,6.664254841105123e-05
hoping,3.429657720159528e-05,1.1245558004588187e-05,3.2764326201631665e-05,9.520364058721605e-06
hopkins,0.0,0.0,0.0,1.904072811744321e-05
horace,0.0,0.0,0.0,9.520364058721605e-06
horizon,4.8995110287993256e-06,0.0,0.0,0.0
horizontally,4.8995110287993256e-06,0.0,0.0,0.0
horn,4.8995110287993256e-06,0.0,0.0,0.0
horner,0.0,0.0,0.0,0.00012376473276338087
horrible,3.429657720159528e-05,0.0,8.191081550407916e-06,0.00012376473276338087
horribly,1.9598044115197302e-05,0.0,0.0,9.520364058721605e-06
horrid,1.4698533086397977e-05,0.0,2.457324465122375e-05,2.8561092176164816e-05
horrified,9.799022057598651e-06,0.0,0.0,0.0
horrify,0.0,0.0,0.0,1.904072811744321e-05
horror,0.00012738728674878248,0.0,4.095540775203958e-05,0.00011424436870465926
horrors,4.8995110287993256e-06,0.0,0.0,9.520364058721605e-06
horse,3.9196088230394604e-05,0.00019117448607799918,2.457324465122375e-05,7.616291246977284e-05
horseback,4.8995110287993256e-06,0.0,1.6382163100815833e-05,0.0
horses,5.389462131679259e-05,0.00022491116009176374,6.552865240326333e-05,6.664254841105123e-05
horsewoman,0.0,0.0,8.191081550407916e-06,0.0
horsey,0.0,0.0,0.0,1.904072811744321e-05
horsham,0.0,0.0,0.0,9.520364058721606e-05
hosmer,0.0,0.0,0.0,0.00021896837335059693
hospital,8.329168748958855e-05,0.0008659079663532904,0.0,9.520364058721605e-06
hospitality,1.4698533086397977e-05,0.0,2.457324465122375e-05,9.520364058721605e-06
hospitals,4.8995110287993256e-06,0.00011245558004588187,0.0,0.0
host,4.8995110287993256e-06,0.0,0.0,9.520364058721605e-06
hostile,1.4698533086397977e-05,1.1245558004588187e-05,0.0,0.0
hostility,9.799022057598651e-06,0.0,0.0,0.0
hot,6.859315440319056e-05,0.00032612118213305746,2.457324465122375e-05,0.00010472400464593766
hotel,2.449755514399663e-05,0.0005172956682110567,8.191081550407916e-06,0.00013328509682210247
hotels,0.0,5.6227790022940935e-05,8.191081550407916e-06,1.904072811744321e-05
hotly,4.4095599259193934e-05,0.0,0.0,0.0
hotter,0.0,1.1245558004588187e-05,0.0,0.0
hound,0.0,0.0,0.0,1.904072811744321e-05
hour,0.00034296577201595283,0.00011245558004588187,0.00027849677271386917,0.00030465164987909137
hours,9.309070954718719e-05,0.00011245558004588187,0.0002539235280626454,0.00021896837335059693
house,0.0005928408344847184,0.0004723134361927039,0.0008682546443432391,0.0011424436870465927
household,9.799022057598651e-06,1.1245558004588187e-05,8.191081550407916e-06,7.616291246977284e-05
housekeeper,0.0,0.0,0.00012286622325611874,1.904072811744321e-05
housekeepers,0.0,0.0,8.191081550407916e-06,9.520364058721605e-06
housekeeping,0.0,0.0,2.457324465122375e-05,0.0
housemaid,0.0,0.0,1.6382163100815833e-05,9.520364058721605e-06
housemaids,0.0,0.0,8.191081550407916e-06,0.0
houses,7.839217646078921e-05,0.00024740227610094015,3.2764326201631665e-05,0.00012376473276338087
hover,0.0,0.0,0.0,9.520364058721605e-06
hovering,4.8995110287993256e-06,0.0,0.0,0.0
how,0.0025967408452636427,0.0020129548828212857,0.0018839487565938207,0.0013423713322797464
however,0.00022047799629596967,3.3736674013764564e-05,0.0010976049277546607,0.0010186789542832118
howl,0.0,0.0,0.0,9.520364058721605e-06
howled,9.799022057598651e-06,0.0,0.0,0.0
howling,1.4698533086397977e-05,0.0,0.0,9.520364058721605e-06
hows,4.8995110287993256e-06,4.498223201835275e-05,0.0,0.0
howsoever,0.0,0.0,8.191081550407916e-06,0.0
hoyle,0.0,1.1245558004588187e-05,0.0,0.0
hubbub,0.0,0.0,0.0,1.904072811744321e-05
hubs,0.0,1.1245558004588187e-05,0.0,0.0
huckster,2.449755514399663e-05,0.0,0.0,0.0
hucksters,4.8995110287993256e-06,0.0,0.0,0.0
huddled,4.8995110287993256e-06,1.1245558004588187e-05,0.0,2.8561092176164816e-05
hudson,0.0,0.0,0.0,3.808145623488642e-05
huffed,0.0,0.0,0.0,9.520364058721605e-06
huffily,9.799022057598651e-06,0.0,0.0,0.0
hug,1.4698533086397977e-05,0.0,8.191081550407916e-06,0.0
huge,6.859315440319056e-05,0.0,0.0,0.00010472400464593766
hugged,9.799022057598651e-06,0.0,0.0,9.520364058721605e-06
hugging,4.8995110287993256e-06,0.0,0.0,0.0
hugh,0.0,0.0,0.0,3.808145623488642e-05
hugos,0.0,1.1245558004588187e-05,0.0,0.0
hugs,4.8995110287993256e-06,0.0,0.0,0.0
hullo,4.8995110287993256e-06,0.0,0.0,3.808145623488642e-05
hulloa,4.8995110287993256e-06,0.0,0.0,0.0
hum,0.0,0.0,0.0,8.568327652849445e-05
human,7.349266543198989e-05,1.1245558004588187e-05,4.91464893024475e-05,0.00011424436870465926
humane,1.9598044115197302e-05,0.0,0.0,0.0
humanity,7.349266543198989e-05,0.0,1.6382163100815833e-05,9.520364058721605e-06
humanum,4.8995110287993256e-06,0.0,0.0,0.0
humble,1.9598044115197302e-05,0.0,7.371973395367124e-05,1.904072811744321e-05
humbled,1.4698533086397977e-05,0.0,3.2764326201631665e-05,0.0
humbler,0.0,0.0,0.0,9.520364058721605e-06
humbling,0.0,0.0,8.191081550407916e-06,0.0
humbly,1.4698533086397977e-05,0.0,0.0,0.0
humbugging,4.8995110287993256e-06,0.0,0.0,0.0
humdrum,0.0,0.0,0.0,9.520364058721605e-06
humiliate,4.8995110287993256e-06,0.0,0.0,0.0
humiliated,2.449755514399663e-05,0.0,0.0,0.0
humiliating,2.9397066172795955e-05,0.0,1.6382163100815833e-05,0.0
humiliation,4.8995110287993256e-06,0.0,1.6382163100815833e-05,1.904072811744321e-05
humility,4.8995110287993256e-06,0.0,4.095540775203958e-05,0.0
humming,4.8995110287993256e-06,0.0,0.0,1.904072811744321e-05
humour,3.429657720159528e-05,0.0,0.00020477703876019789,9.520364058721605e-06
humoured,3.429657720159528e-05,0.0,5.7337570852855414e-05,9.520364058721605e-06
humouredly,9.799022057598651e-06,0.0,0.0,0.0
humours,0.0,0.0,0.0,9.520364058721605e-06
hun,0.0,3.3736674013764564e-05,0.0,0.0
hunchback,4.8995110287993256e-06,0.0,0.0,0.0
hundred,0.00025477457349756496,0.00029238450811929287,4.91464893024475e-05,0.0001808869171157105
hundreds,2.9397066172795955e-05,0.0,0.0,1.904072811744321e-05
hundredth,1.4698533086397977e-05,1.1245558004588187e-05,0.0,0.0
hundredweight,4.8995110287993256e-06,0.0,0.0,0.0
hung,4.899511028799326e-05,0.00013494669605505826,0.0,7.616291246977284e-05
hungarian,0.0,1.1245558004588187e-05,0.0,0.0
hunger,1.4698533086397977e-05,0.0,0.0,0.0
hungering,4.8995110287993256e-06,0.0,0.0,0.0
hungrily,0.0,0.0,0.0,9.520364058721605e-06
hungry,4.4095599259193934e-05,0.00023615671809635195,0.0,1.904072811744321e-05
hunsford,0.0,0.0,0.00020477703876019789,0.0
hunt,0.0,1.1245558004588187e-05,0.0,1.904072811744321e-05
hunted,9.799022057598651e-06,2.2491116009176375e-05,0.0,9.520364058721605e-06
hunter,0.0,2.2491116009176375e-05,0.0,0.00019992764523315372
hunters,4.8995110287993256e-06,1.1245558004588187e-05,0.0,9.520364058721605e-06
hunting,9.799022057598651e-06,4.498223201835275e-05,8.191081550407916e-06,4.760182029360803e-05
hurled,0.0,0.0,0.0,2.8561092176164816e-05
hurling,0.0,0.0,0.0,1.904072811744321e-05
hurrah,9.799022057598651e-06,0.0,0.0,0.0
hurricane,9.799022057598651e-06,0.0,0.0,0.0
hurried,7.349266543198989e-05,4.498223201835275e-05,8.191081550407916e-05,0.0002094480092918753
hurriedly,0.0001518848418927791,0.0,0.0,4.760182029360803e-05
hurry,0.00015678435292157842,0.00010121002204129369,9.010189705448707e-05,8.568327652849445e-05
hurrying,3.429657720159528e-05,5.6227790022940935e-05,2.457324465122375e-05,3.808145623488642e-05
hurst,0.0,0.0,0.0002621146096130533,0.0
hursts,0.0,0.0,1.6382163100815833e-05,0.0
hurt,2.449755514399663e-05,0.0002698933921101165,4.91464893024475e-05,4.760182029360803e-05
hurting,9.799022057598651e-06,0.0,0.0,0.0
hurts,1.4698533086397977e-05,2.2491116009176375e-05,8.191081550407916e-06,1.904072811744321e-05
husband,0.00018128190806557506,4.498223201835275e-05,0.00034402542511713244,0.0002094480092918753
husbands,3.429657720159528e-05,1.1245558004588187e-05,9.8292978604895e-05,5.712218435232963e-05
hush,5.879413234559191e-05,2.2491116009176375e-05,0.0,1.904072811744321e-05
hushed,4.8995110287993256e-06,0.0,8.191081550407916e-06,0.0
hushing,4.8995110287993256e-06,0.0,0.0,9.520364058721605e-06
huskily,4.8995110287993256e-06,0.0,0.0,0.0
husky,9.799022057598651e-06,0.0,0.0,0.0
hussar,4.8995110287993256e-06,0.0,0.0,0.0
hussy,9.799022057598651e-06,0.0,0.0,0.0
hyde,0.0,0.0,0.0,9.520364058721605e-06
hydraulic,0.0,0.0,0.0,9.520364058721606e-05
hydraulics,0.0,0.0,0.0,9.520364058721605e-06
hydrochloric,0.0,0.0,0.0,9.520364058721605e-06
hypochondria,1.4698533086397977e-05,0.0,0.0,0.0
hypochondriac,9.799022057598651e-06,0.0,0.0,0.0
hypochondriacal,4.8995110287993256e-06,0.0,0.0,0.0
hypocrisy,4.8995110287993256e-06,0.0,8.191081550407916e-06,0.0
hypocritical,0.0,0.0,1.6382163100815833e-05,0.0
hypothesis,4.8995110287993256e-06,0.0,0.0,3.808145623488642e-05
hysterical,3.429657720159528e-05,0.0,0.0,1.904072811744321e-05
hysterically,4.8995110287993256e-06,0.0,0.0,0.0
hysterics,9.799022057598651e-06,0.0,8.191081550407916e-06,0.0
hôtel,0.0,1.1245558004588187e-05,0.0,0.0
i,0.019387365140958932,0.03789753047546219,0.01693915664624357,0.028542051448047372
ice,4.8995110287993256e-06,0.00014619225405964643,0.0,9.520364058721605e-06
iced,0.0,1.1245558004588187e-05,0.0,0.0
ich,4.8995110287993256e-06,0.0,0.0,0.0
icicle,0.0,1.1245558004588187e-05,0.0,0.0
icing,0.0,1.1245558004588187e-05,0.0,0.0
icy,4.8995110287993256e-06,3.3736674013764564e-05,0.0,0.0
id,0.0001910809301231737,0.0004610678781881157,0.0,3.808145623488642e-05
idea,0.0004899511028799326,6.747334802752913e-05,0.0004013629959699879,0.00021896837335059693
ideal,0.0,1.1245558004588187e-05,0.0,1.904072811744321e-05
idealism,4.8995110287993256e-06,0.0,0.0,0.0
idealist,4.8995110287993256e-06,0.0,0.0,0.0
ideals,9.799022057598651e-06,0.0,0.0,0.0
ideas,0.00018128190806557506,0.0,0.0001064840601553029,1.904072811744321e-05
identical,0.0,0.0,0.0,9.520364058721605e-06
identified,0.0,1.1245558004588187e-05,0.0,1.904072811744321e-05
identify,0.0,0.0,0.0,9.520364058721605e-06
identity,0.0,0.0,0.0,1.904072811744321e-05
idiocy,1.9598044115197302e-05,0.0,0.0,0.0
idiot,2.9397066172795955e-05,0.0,0.0,9.520364058721605e-06
idiotic,1.4698533086397977e-05,0.0,0.0,0.0
idiotically,4.8995110287993256e-06,0.0,0.0,0.0
idiots,4.8995110287993256e-06,0.0,0.0,0.0
idle,9.799022057598651e-06,0.0,6.552865240326333e-05,9.520364058721605e-06
idleness,4.8995110287993256e-06,0.0,1.6382163100815833e-05,0.0
idler,0.0,0.0,0.0,9.520364058721605e-06
idly,4.8995110287993256e-06,0.0,0.0,0.0
if,0.002861314440818806,0.0029800728712158697,0.002850496379541955,0.0024752946552676174
ignominy,4.8995110287993256e-06,0.0,0.0,0.0
ignorance,4.8995110287993256e-06,0.0,6.552865240326333e-05,2.8561092176164816e-05
ignorant,9.799022057598651e-06,3.3736674013764564e-05,0.00013105730480652666,2.8561092176164816e-05
ignore,0.0,1.1245558004588187e-05,0.0,0.0
ignored,0.0,2.2491116009176375e-05,0.0,0.0
ignotum,0.0,0.0,0.0,9.520364058721605e-06
ikon,1.9598044115197302e-05,0.0,0.0,0.0
ikons,9.799022057598651e-06,0.0,0.0,0.0
il,0.0,1.1245558004588187e-05,0.0,0.0
ill,0.0011905811799982362,0.002035445998830462,0.0006225221978310016,0.0002951312858203698
illegal,0.0,0.0,0.0,9.520364058721605e-06
illegally,0.0,0.0,0.0,9.520364058721605e-06
illiberal,0.0,0.0,8.191081550407916e-06,0.0
illiterate,0.0,0.0,8.191081550407916e-06,0.0
illness,0.00020577946320957167,0.0,1.6382163100815833e-05,9.520364058721605e-06
illnesses,4.8995110287993256e-06,0.0,0.0,0.0
illuminated,0.0,0.0,0.0,9.520364058721605e-06
illustrate,0.0,0.0,0.0,9.520364058721605e-06
illustrated,0.0,1.1245558004588187e-05,0.0,0.0
illustration,0.0,0.0,8.191081550407916e-06,0.0
illustrious,0.0,0.0,8.191081550407916e-06,9.520364058721605e-06
ilya,0.00016168386395037774,0.0,0.0,0.0
im,0.00028907115069916025,0.002575232783050695,8.191081550407916e-06,3.808145623488642e-05
image,5.389462131679259e-05,0.0,0.0,0.0
images,2.449755514399663e-05,0.0,0.0,0.0
imaginable,0.0,0.0,1.6382163100815833e-05,0.0
imaginary,4.8995110287993256e-06,0.0,4.095540775203958e-05,0.0
imagination,3.9196088230394604e-05,0.0,3.2764326201631665e-05,2.8561092176164816e-05
imaginations,0.0,0.0,8.191081550407916e-06,0.0
imagine,0.0001518848418927791,3.3736674013764564e-05,0.00022115920186101373,0.0002760905577029266
imagined,3.429657720159528e-05,1.1245558004588187e-05,4.095540775203958e-05,0.0
imagines,9.799022057598651e-06,0.0,0.0,0.0
imagining,9.799022057598651e-06,0.0,0.0,0.0
imbecile,4.8995110287993256e-06,0.0,0.0,2.8561092176164816e-05
imbecility,4.8995110287993256e-06,0.0,0.0,9.520364058721605e-06
imbedded,0.0,0.0,0.0,9.520364058721605e-06
imbibed,4.8995110287993256e-06,0.0,0.0,0.0
imitate,0.0,0.0,8.191081550407916e-06,9.520364058721605e-06
imitated,0.0,0.0,8.191081550407916e-06,9.520364058721605e-06
imitation,0.0,0.0,8.191081550407916e-06,0.0
imitations,0.0,0.0,8.191081550407916e-06,0.0
immeasurable,9.799022057598651e-06,0.0,0.0,0.0
immeasurably,4.8995110287993256e-06,0.0,0.0,0.0
immediate,1.9598044115197302e-05,0.0,9.8292978604895e-05,9.520364058721605e-06
immediately,0.00014698533086397977,0.0,0.0004996559745748828,6.664254841105123e-05
immemorial,4.8995110287993256e-06,0.0,0.0,0.0
immense,3.429657720159528e-05,0.0,0.0,9.520364058721606e-05
immensely,0.0,0.0,0.0,2.8561092176164816e-05
imminent,1.4698533086397977e-05,0.0,0.0,9.520364058721605e-06
immoderate,4.8995110287993256e-06,0.0,0.0,0.0
immoral,0.0,0.0,8.191081550407916e-06,0.0
immovable,2.449755514399663e-05,0.0,1.6382163100815833e-05,0.0
immovably,4.8995110287993256e-06,0.0,0.0,0.0
imola,0.0,1.1245558004588187e-05,0.0,0.0
imparted,0.0,0.0,8.191081550407916e-06,0.0
impartial,0.0,0.0,2.457324465122375e-05,0.0
impartiality,0.0,0.0,8.191081550407916e-06,0.0
impartially,1.4698533086397977e-05,1.1245558004588187e-05,0.0,0.0
impassable,0.0,0.0,8.191081550407916e-06,9.520364058721605e-06
impatience,7.839217646078921e-05,0.0,8.191081550407916e-05,1.904072811744321e-05
impatient,4.4095599259193934e-05,0.0,6.552865240326333e-05,1.904072811744321e-05
impatiently,2.9397066172795955e-05,0.0,4.095540775203958e-05,2.8561092176164816e-05
impelled,9.799022057598651e-06,0.0,8.191081550407916e-06,0.0
impending,0.0,0.0,0.0,9.520364058721605e-06
impenetrably,0.0,0.0,1.6382163100815833e-05,0.0
imperative,4.8995110287993256e-06,0.0,0.0,0.0
imperfection,0.0,0.0,8.191081550407916e-06,0.0
imperfectly,0.0,0.0,8.191081550407916e-06,0.0
imperial,0.0,0.0,0.0,9.520364058721605e-06
imperilled,0.0,0.0,0.0,9.520364058721605e-06
imperious,4.8995110287993256e-06,0.0,0.0,0.0
imperiously,4.8995110287993256e-06,0.0,0.0,0.0
impersonal,0.0,0.0,0.0,9.520364058721605e-06
impertinence,9.799022057598651e-06,0.0,6.552865240326333e-05,0.0
impertinent,4.8995110287993256e-06,0.0,4.91464893024475e-05,1.904072811744321e-05
imperturbably,0.0,0.0,0.0,9.520364058721605e-06
impetuous,0.0,0.0,8.191081550407916e-06,9.520364058721605e-06
impetuously,4.8995110287993256e-06,0.0,0.0,0.0
implacability,0.0,0.0,8.191081550407916e-06,0.0
implacable,0.0,0.0,8.191081550407916e-06,9.520364058721605e-06
implicate,0.0,0.0,0.0,1.904072811744321e-05
implicated,0.0,0.0,0.0,9.520364058721605e-06
implicates,0.0,0.0,0.0,9.520364058721605e-06
implicating,0.0,0.0,0.0,9.520364058721605e-06
implicit,4.8995110287993256e-06,0.0,8.191081550407916e-06,9.520364058721605e-06
implicitness,0.0,0.0,8.191081550407916e-06,0.0
implied,4.8995110287993256e-06,0.0,8.191081550407916e-06,0.0
implies,0.0,0.0,8.191081550407916e-06,9.520364058721605e-06
implore,0.0,0.0,0.0,1.904072811744321e-05
implored,1.4698533086397977e-05,0.0,0.0,1.904072811744321e-05
imploring,1.4698533086397977e-05,0.0,0.0,9.520364058721605e-06
imploringly,4.8995110287993256e-06,0.0,0.0,0.0
imply,0.0,0.0,8.191081550407916e-06,9.520364058721605e-06
impolite,0.0,1.1245558004588187e-05,0.0,0.0
impolitic,0.0,0.0,8.191081550407916e-06,0.0
import,0.0,1.1245558004588187e-05,0.0,0.0
importance,4.899511028799326e-05,0.0,0.00022115920186101373,0.00015232582493954569
important,0.00012248777571998316,2.2491116009176375e-05,8.191081550407916e-05,0.00019992764523315372
importers,0.0,0.0,0.0,9.520364058721605e-06
importing,0.0,0.0,8.191081550407916e-06,0.0
importune,0.0,0.0,8.191081550407916e-06,0.0
importuned,0.0,0.0,8.191081550407916e-06,0.0
impose,9.799022057598651e-06,0.0,1.6382163100815833e-05,0.0
imposed,4.8995110287993256e-06,0.0,3.2764326201631665e-05,0.0
imposing,4.8995110287993256e-06,0.0,8.191081550407916e-06,9.520364058721605e-06
impossibility,1.4698533086397977e-05,0.0,0.0,9.520364058721605e-06
impossible,9.799022057598651e-05,8.99644640367055e-05,0.0003604075882179483,0.00013328509682210247
impotence,2.449755514399663e-05,0.0,0.0,0.0
impractical,0.0,1.1245558004588187e-05,0.0,0.0
impracticality,4.8995110287993256e-06,0.0,0.0,0.0
impress,4.8995110287993256e-06,0.0,0.0,0.0
impressed,2.9397066172795955e-05,4.498223201835275e-05,8.191081550407916e-06,5.712218435232963e-05
impresses,4.8995110287993256e-06,0.0,0.0,0.0
impressing,0.0,0.0,8.191081550407916e-06,0.0
impression,0.00010288973160478584,4.498223201835275e-05,5.7337570852855414e-05,0.00015232582493954569
impressionable,4.8995110287993256e-06,0.0,0.0,0.0
impressions,9.799022057598651e-06,0.0,0.0,2.8561092176164816e-05
impressive,1.4698533086397977e-05,2.2491116009176375e-05,8.191081550407916e-06,9.520364058721605e-06
impressively,1.9598044115197302e-05,0.0,0.0,0.0
imprisoned,0.0,0.0,0.0,9.520364058721605e-06
imprisonment,4.8995110287993256e-06,0.0,0.0,2.8561092176164816e-05
improbabilities,0.0,0.0,0.0,9.520364058721605e-06
improbable,0.0,0.0,5.7337570852855414e-05,1.904072811744321e-05
impromptu,4.8995110287993256e-06,0.0,0.0,0.0
improper,0.0,0.0,1.6382163100815833e-05,0.0
improprieties,0.0,0.0,8.191081550407916e-06,0.0
impropriety,0.0,0.0,4.095540775203958e-05,0.0
improve,4.8995110287993256e-06,0.0,2.457324465122375e-05,0.0
improved,4.8995110287993256e-06,1.1245558004588187e-05,4.91464893024475e-05,1.904072811744321e-05
improvement,9.799022057598651e-06,0.0,7.371973395367124e-05,0.0
improvements,4.8995110287993256e-06,0.0,8.191081550407916e-06,0.0
improves,0.0,0.0,1.6382163100815833e-05,0.0
improving,0.0,0.0,0.0,9.520364058721605e-06
improvisations,0.0,0.0,0.0,9.520364058721605e-06
imprudence,0.0,0.0,8.191081550407916e-05,1.904072811744321e-05
imprudent,0.0,0.0,9.010189705448707e-05,0.0
imprudently,4.8995110287993256e-06,0.0,0.0,9.520364058721605e-06
imps,4.8995110287993256e-06,0.0,0.0,0.0
impudence,4.8995110287993256e-06,0.0,1.6382163100815833e-05,0.0
impudent,2.449755514399663e-05,0.0,8.191081550407916e-06,0.0
impudently,4.8995110287993256e-06,0.0,0.0,0.0
impulse,2.449755514399663e-05,0.0,2.457324465122375e-05,1.904072811744321e-05
impulses,4.8995110287993256e-06,1.1245558004588187e-05,8.191081550407916e-06,0.0
impulsive,0.0,0.0,0.0,9.520364058721605e-06
impulsively,0.0,0.0,0.0,9.520364058721605e-06
impulsiveness,4.8995110287993256e-06,0.0,0.0,0.0
impunity,4.8995110287993256e-06,0.0,8.191081550407916e-06,2.8561092176164816e-05
impurities,0.0,0.0,8.191081550407916e-06,0.0
impute,0.0,0.0,8.191081550407916e-06,0.0
imputed,0.0,0.0,3.2764326201631665e-05,0.0
imputing,0.0,0.0,8.191081550407916e-06,0.0
in,0.015546148494380262,0.015159012190184878,0.015358277907014842,0.01679392219958491
inaccurate,0.0,1.1245558004588187e-05,0.0,0.0
inadequate,0.0,0.0,8.191081550407916e-06,9.520364058721605e-06
inappropriately,4.8995110287993256e-06,0.0,0.0,0.0
inarticulate,0.0,0.0,0.0,9.520364058721605e-06
inarticulately,4.8995110287993256e-06,0.0,0.0,0.0
inartistic,4.8995110287993256e-06,0.0,0.0,0.0
inattention,4.8995110287993256e-06,0.0,1.6382163100815833e-05,0.0
inattentive,9.799022057598651e-06,0.0,1.6382163100815833e-05,0.0
inaudibly,4.8995110287993256e-06,0.0,0.0,0.0
incalculable,0.0,0.0,0.0,9.520364058721605e-06
incapable,4.4095599259193934e-05,0.0,6.552865240326333e-05,1.904072811744321e-05
incarnate,0.0,0.0,0.0,9.520364058721605e-06
incautious,4.8995110287993256e-06,0.0,0.0,0.0
incautiously,4.8995110287993256e-06,0.0,8.191081550407916e-06,0.0
incense,4.8995110287993256e-06,0.0,0.0,0.0
incensed,4.8995110287993256e-06,0.0,1.6382163100815833e-05,0.0
inception,0.0,0.0,0.0,9.520364058721605e-06
incessant,4.8995110287993256e-06,0.0,8.191081550407916e-06,0.0
incessantly,9.799022057598651e-06,0.0,1.6382163100815833e-05,0.0
inch,9.799022057598651e-06,0.0,0.0,0.0
inches,1.4698533086397977e-05,1.1245558004588187e-05,8.191081550407916e-06,1.904072811744321e-05
incident,3.9196088230394604e-05,1.1245558004588187e-05,0.0,8.568327652849445e-05
incidentally,4.8995110287993256e-06,0.0,0.0,0.0
incidents,4.8995110287993256e-06,0.0,0.0,4.760182029360803e-05
incision,0.0,1.1245558004588187e-05,0.0,0.0
incisive,0.0,0.0,0.0,2.8561092176164816e-05
incitement,4.8995110287993256e-06,0.0,0.0,0.0
incites,0.0,0.0,0.0,9.520364058721605e-06
incivility,0.0,0.0,2.457324465122375e-05,0.0
inclination,9.799022057598651e-06,0.0,0.00017201271255856622,0.0
inclinations,0.0,0.0,1.6382163100815833e-05,0.0
inclined,9.799022057598651e-06,0.0,8.191081550407916e-05,5.712218435232963e-05
include,0.0,0.0,8.191081550407916e-06,0.0
included,0.0,0.0,1.6382163100815833e-05,9.520364058721605e-06
including,1.4698533086397977e-05,0.0,1.6382163100815833e-05,0.0
incognito,4.8995110287993256e-06,0.0,0.0,9.520364058721605e-06
incoherence,4.8995110287993256e-06,0.0,0.0,0.0
incoherent,1.9598044115197302e-05,0.0,0.0,9.520364058721605e-06
incoherently,1.9598044115197302e-05,0.0,0.0,0.0
income,0.0,0.0,9.010189705448707e-05,5.712218435232963e-05
incomparably,9.799022057598651e-06,0.0,0.0,0.0
incompatible,9.799022057598651e-06,0.0,0.0,0.0
incomplete,4.8995110287993256e-06,0.0,0.0,9.520364058721605e-06
incomprehensible,0.0,0.0,1.6382163100815833e-05,0.0
inconceivable,4.8995110287993256e-06,0.0,8.191081550407916e-06,0.0
incongruity,4.8995110287993256e-06,0.0,0.0,0.0
incongruous,2.449755514399663e-05,0.0,0.0,0.0
inconsequential,0.0,0.0,0.0,9.520364058721605e-06
inconsiderable,0.0,0.0,8.191081550407916e-06,0.0
inconsistencies,0.0,0.0,8.191081550407916e-06,0.0
inconsistency,0.0,0.0,1.6382163100815833e-05,0.0
inconstancies,0.0,0.0,8.191081550407916e-06,0.0
incontestably,4.8995110287993256e-06,0.0,0.0,0.0
inconvenience,9.799022057598651e-06,0.0,4.91464893024475e-05,3.808145623488642e-05
inconveniences,0.0,0.0,1.6382163100815833e-05,0.0
inconvenient,4.8995110287993256e-06,0.0,3.2764326201631665e-05,0.0
incorrect,4.8995110287993256e-06,0.0,0.0,0.0
incorrigible,0.0,0.0,0.0,9.520364058721605e-06
incorruptible,4.8995110287993256e-06,0.0,0.0,0.0
increase,4.8995110287993256e-06,0.0,4.91464893024475e-05,0.0
increased,2.449755514399663e-05,0.0,9.010189705448707e-05,3.808145623488642e-05
increases,0.0,0.0,8.191081550407916e-06,0.0
increasing,1.4698533086397977e-05,0.0,8.191081550407916e-05,9.520364058721605e-06
incredible,9.799022057598651e-06,0.0,2.457324465122375e-05,9.520364058721605e-06
incredibly,1.4698533086397977e-05,0.0,0.0,0.0
incredulity,4.8995110287993256e-06,0.0,2.457324465122375e-05,1.904072811744321e-05
incredulous,9.799022057598651e-06,0.0,2.457324465122375e-05,0.0
incriminate,0.0,0.0,0.0,9.520364058721605e-06
incumbent,0.0,0.0,3.2764326201631665e-05,0.0
incur,0.0,0.0,8.191081550407916e-06,0.0
incurred,0.0,1.1245558004588187e-05,8.191081550407916e-06,0.0
indebted,9.799022057598651e-06,0.0,6.552865240326333e-05,2.8561092176164816e-05
indecision,4.8995110287993256e-06,0.0,8.191081550407916e-06,0.0
indecorous,9.799022057598651e-06,0.0,0.0,0.0
indecorously,4.8995110287993256e-06,0.0,0.0,0.0
indecorum,0.0,0.0,8.191081550407916e-06,0.0
indeed,0.0006663334999167084,0.0,0.00078634382883916,0.0005902625716407396
indefinite,0.0,0.0,8.191081550407916e-06,0.0
indefinitely,4.8995110287993256e-06,1.1245558004588187e-05,0.0,0.0
indelible,4.8995110287993256e-06,0.0,0.0,0.0
indelicacy,0.0,0.0,1.6382163100815833e-05,0.0
indelicate,4.8995110287993256e-06,0.0,8.191081550407916e-06,0.0
indentations,0.0,1.1245558004588187e-05,0.0,0.0
independence,2.9397066172795955e-05,0.0,4.91464893024475e-05,0.0
independent,1.4698533086397977e-05,0.0,1.6382163100815833e-05,2.8561092176164816e-05
independently,4.8995110287993256e-06,0.0,0.0,0.0
indescribable,2.9397066172795955e-05,0.0,0.0,0.0
index,0.0,0.0,0.0,1.904072811744321e-05
indexing,0.0,0.0,0.0,9.520364058721605e-06
india,9.799022057598651e-06,0.0,0.0,4.760182029360803e-05
indian,0.0,0.0,0.0,4.760182029360803e-05
indians,0.0,0.0,0.0,9.520364058721605e-06
indicate,0.0,0.0,0.0,1.904072811744321e-05
indicated,0.0,0.0,8.191081550407916e-06,5.712218435232963e-05
indicating,9.799022057598651e-06,0.0,0.0,0.0
indication,0.0,0.0,0.0,9.520364058721605e-06
indications,4.8995110287993256e-06,0.0,0.0,1.904072811744321e-05
indifference,1.4698533086397977e-05,0.0,0.00013924838635693458,0.0
indifferent,1.9598044115197302e-05,0.0,0.00013105730480652666,9.520364058721605e-06
indifferently,1.4698533086397977e-05,0.0,0.0,0.0
indignant,1.9598044115197302e-05,0.0,1.6382163100815833e-05,0.0
indignantly,1.4698533086397977e-05,0.0,0.0,0.0
indignation,6.369364337439124e-05,0.0,6.552865240326333e-05,1.904072811744321e-05
indignity,0.0,0.0,1.6382163100815833e-05,0.0
indirect,0.0,0.0,1.6382163100815833e-05,9.520364058721605e-06
indirectly,4.8995110287993256e-06,0.0,0.0,1.904072811744321e-05
indiscreet,0.0,0.0,8.191081550407916e-06,0.0
indiscreetly,0.0,0.0,0.0,9.520364058721605e-06
indiscretion,4.8995110287993256e-06,0.0,0.0,9.520364058721605e-06
indiscriminately,4.8995110287993256e-06,0.0,0.0,0.0
indispensable,1.4698533086397977e-05,0.0,0.0,0.0
indispensably,0.0,0.0,8.191081550407916e-06,0.0
indisposed,0.0,0.0,1.6382163100815833e-05,0.0
indisposition,0.0,0.0,0.0,9.520364058721605e-06
indistinct,4.8995110287993256e-06,0.0,0.0,0.0
indistinctly,9.799022057598651e-06,0.0,8.191081550407916e-06,0.0
indistinguishable,4.8995110287993256e-06,0.0,0.0,9.520364058721605e-06
individual,9.799022057598651e-06,0.0,1.6382163100815833e-05,1.904072811744321e-05
individualism,4.8995110287993256e-06,0.0,0.0,0.0
individuality,0.0,0.0,0.0,1.904072811744321e-05
individually,0.0,0.0,8.191081550407916e-06,0.0
indolence,0.0,0.0,1.6382163100815833e-05,0.0
indolent,0.0,0.0,8.191081550407916e-06,0.0
indoor,9.799022057598651e-06,0.0,0.0,0.0
indoors,0.0,0.0,0.0,2.8561092176164816e-05
induce,1.4698533086397977e-05,0.0,2.457324465122375e-05,1.904072811744321e-05
induced,1.4698533086397977e-05,0.0,1.6382163100815833e-05,0.0
inducement,0.0,0.0,4.095540775203958e-05,0.0
inducements,4.8995110287993256e-06,0.0,8.191081550407916e-06,0.0
indulge,0.0,0.0,4.095540775203958e-05,1.904072811744321e-05
indulged,0.0,0.0,1.6382163100815833e-05,9.520364058721605e-06
indulgence,4.8995110287993256e-06,0.0,4.91464893024475e-05,0.0
indulgent,0.0,0.0,8.191081550407916e-06,0.0
indulgently,0.0,0.0,0.0,9.520364058721605e-06
indulging,0.0,0.0,8.191081550407916e-06,0.0
industrial,0.0,2.2491116009176375e-05,0.0,0.0
industrious,9.799022057598651e-06,0.0,0.0,0.0
industriously,0.0,0.0,8.191081550407916e-06,0.0
ineffectual,0.0,0.0,8.191081550407916e-06,0.0
ineptitude,4.8995110287993256e-06,0.0,0.0,0.0
inequality,4.8995110287993256e-06,0.0,0.0,0.0
ineradicable,4.8995110287993256e-06,0.0,0.0,0.0
inevitable,4.899511028799326e-05,0.0,2.457324465122375e-05,0.0
inevitably,4.8995110287993256e-06,0.0,8.191081550407916e-06,0.0
inexhaustible,0.0,0.0,8.191081550407916e-06,0.0
inexorable,0.0,0.0,0.0,1.904072811744321e-05
inexperience,4.8995110287993256e-06,1.1245558004588187e-05,0.0,0.0
inexperienced,9.799022057598651e-06,1.1245558004588187e-05,0.0,0.0
inexplicable,1.9598044115197302e-05,0.0,0.0,1.904072811744321e-05
inexpressible,0.0,0.0,8.191081550407916e-06,0.0
inexpressibly,4.8995110287993256e-06,0.0,8.191081550407916e-06,0.0
inextricable,0.0,0.0,0.0,9.520364058721605e-06
infallible,4.8995110287993256e-06,0.0,0.0,0.0
infamies,4.8995110287993256e-06,0.0,0.0,0.0
infamous,1.4698533086397977e-05,0.0,3.2764326201631665e-05,0.0
infamy,9.799022057598651e-06,0.0,3.2764326201631665e-05,0.0
infancy,0.0,0.0,1.6382163100815833e-05,0.0
infantry,4.8995110287993256e-06,4.498223201835275e-05,0.0,0.0
infatuation,9.799022057598651e-06,0.0,8.191081550407916e-06,0.0
infect,0.0,1.1245558004588187e-05,0.0,0.0
infected,4.8995110287993256e-06,0.0,0.0,0.0
infection,4.8995110287993256e-06,1.1245558004588187e-05,0.0,0.0
infectious,9.799022057598651e-06,0.0,0.0,0.0
infer,0.0,0.0,0.0,1.904072811744321e-05
inference,0.0,0.0,0.0,9.520364058721605e-06
inferences,0.0,0.0,8.191081550407916e-06,3.808145623488642e-05
inferior,1.4698533086397977e-05,0.0,4.095540775203958e-05,0.0
inferiority,4.8995110287993256e-06,0.0,2.457324465122375e-05,0.0
infernal,0.0,0.0,0.0,9.520364058721605e-06
inferred,0.0,0.0,0.0,9.520364058721605e-06
infidel,9.799022057598651e-06,0.0,0.0,0.0
infidelity,4.8995110287993256e-06,0.0,0.0,0.0
infidels,4.8995110287993256e-06,0.0,0.0,0.0
infield,0.0,2.2491116009176375e-05,0.0,0.0
infinite,3.429657720159528e-05,0.0,1.6382163100815833e-05,9.520364058721605e-06
infinitely,1.4698533086397977e-05,0.0,3.2764326201631665e-05,1.904072811744321e-05
infinitesimal,4.8995110287993256e-06,0.0,0.0,0.0
infirmity,0.0,0.0,0.0,9.520364058721605e-06
inflamed,4.8995110287993256e-06,0.0,0.0,9.520364058721605e-06
inflammation,4.8995110287993256e-06,2.2491116009176375e-05,0.0,0.0
inflated,4.8995110287993256e-06,0.0,0.0,0.0
inflexibly,0.0,0.0,8.191081550407916e-06,0.0
inflict,0.0,0.0,1.6382163100815833e-05,0.0
inflicted,4.8995110287993256e-06,6.747334802752913e-05,8.191081550407916e-06,1.904072811744321e-05
infliction,0.0,0.0,8.191081550407916e-06,0.0
influence,6.859315440319056e-05,0.0,0.00011467514170571083,0.00010472400464593766
influenced,4.8995110287993256e-06,0.0,8.191081550407916e-06,0.0
influences,3.9196088230394604e-05,0.0,0.0,0.0
influencing,4.8995110287993256e-06,0.0,8.191081550407916e-06,0.0
inform,3.9196088230394604e-05,0.0,5.7337570852855414e-05,1.904072811744321e-05
informality,0.0,0.0,8.191081550407916e-06,9.520364058721605e-06
information,3.9196088230394604e-05,2.2491116009176375e-05,0.00022115920186101373,7.616291246977284e-05
informative,0.0,1.1245558004588187e-05,0.0,0.0
informed,4.4095599259193934e-05,0.0,9.8292978604895e-05,3.808145623488642e-05
informing,0.0,0.0,1.6382163100815833e-05,9.520364058721605e-06
informs,0.0,0.0,8.191081550407916e-06,0.0
infrequent,4.8995110287993256e-06,0.0,0.0,0.0
infrequently,4.8995110287993256e-06,0.0,0.0,0.0
infuriated,4.8995110287993256e-06,0.0,0.0,0.0
ing,0.0,5.6227790022940935e-05,0.0,0.0
ingenious,4.8995110287993256e-06,1.1245558004588187e-05,1.6382163100815833e-05,1.904072811744321e-05
ingenuity,0.0,0.0,1.6382163100815833e-05,9.520364058721605e-06
ingenuously,4.8995110287993256e-06,0.0,0.0,0.0
ingratitude,9.799022057598651e-06,0.0,8.191081550407916e-06,0.0
inhabitants,0.0,2.2491116009176375e-05,2.457324465122375e-05,0.0
inhabited,4.8995110287993256e-06,0.0,0.0,2.8561092176164816e-05
inhaled,0.0,1.1245558004588187e-05,0.0,0.0
inherit,0.0,0.0,8.191081550407916e-06,9.520364058721605e-06
inheritance,0.0,0.0,0.0,9.520364058721605e-06
inherited,0.0,0.0,8.191081550407916e-06,0.0
inheriting,4.8995110287993256e-06,0.0,1.6382163100815833e-05,0.0
inhumanity,0.0,0.0,8.191081550407916e-06,0.0
inhumanly,4.8995110287993256e-06,0.0,0.0,0.0
inimitably,0.0,0.0,0.0,9.520364058721605e-06
iniquitous,0.0,0.0,8.191081550407916e-06,0.0
iniquity,4.8995110287993256e-06,0.0,0.0,0.0
initial,4.8995110287993256e-06,1.1245558004588187e-05,0.0,0.0
initials,0.0,0.0,0.0,6.664254841105123e-05
initiation,4.8995110287993256e-06,0.0,0.0,0.0
injections,0.0,0.0,0.0,9.520364058721605e-06
injunction,0.0,0.0,8.191081550407916e-06,9.520364058721605e-06
injunctions,0.0,0.0,8.191081550407916e-06,0.0
injure,4.8995110287993256e-06,0.0,1.6382163100815833e-05,0.0
injured,5.389462131679259e-05,0.0,3.2764326201631665e-05,6.664254841105123e-05
injuries,0.0,0.0,8.191081550407916e-06,4.760182029360803e-05
injuring,0.0,0.0,8.191081550407916e-06,1.904072811744321e-05
injurious,4.8995110287993256e-06,0.0,1.6382163100815833e-05,0.0
injury,4.8995110287993256e-06,0.0,8.191081550407916e-06,2.8561092176164816e-05
injustice,0.0,1.1245558004588187e-05,3.2764326201631665e-05,9.520364058721605e-06
injustices,0.0,1.1245558004588187e-05,0.0,0.0
ink,0.0,0.0,0.0,8.568327652849445e-05
inkling,9.799022057598651e-06,0.0,0.0,0.0
inkpot,4.8995110287993256e-06,0.0,0.0,0.0
inmate,0.0,0.0,8.191081550407916e-06,0.0
inmates,4.8995110287993256e-06,0.0,0.0,0.0
inn,0.0,4.498223201835275e-05,5.7337570852855414e-05,6.664254841105123e-05
innate,4.8995110287993256e-06,0.0,0.0,0.0
inner,4.899511028799326e-05,0.0,0.0,4.760182029360803e-05
innkeeper,1.9598044115197302e-05,0.0,0.0,0.0
innocence,1.9598044115197302e-05,0.0,0.0,4.760182029360803e-05
innocent,6.369364337439124e-05,1.1245558004588187e-05,1.6382163100815833e-05,0.00016184618899826728
innocently,0.0,0.0,8.191081550407916e-06,0.0
inns,0.0,0.0,8.191081550407916e-06,0.0
innumerable,1.9598044115197302e-05,0.0,0.0,0.0
inoffensive,0.0,0.0,8.191081550407916e-06,0.0
inquest,4.8995110287993256e-06,0.0,0.0,3.808145623488642e-05
inquire,1.9598044115197302e-05,0.0,8.191081550407916e-05,2.8561092176164816e-05
inquired,2.449755514399663e-05,0.0,6.552865240326333e-05,2.8561092176164816e-05
inquirer,0.0,0.0,0.0,9.520364058721605e-06
inquiries,4.899511028799326e-05,0.0,0.00018839487565938207,6.664254841105123e-05
inquiring,2.9397066172795955e-05,0.0,4.095540775203958e-05,9.520364058721605e-06
inquiringly,4.899511028799326e-05,0.0,0.0,0.0
inquiry,3.429657720159528e-05,0.0,8.191081550407916e-05,0.00011424436870465926
inquisition,0.0,1.1245558004588187e-05,0.0,0.0
inquisitive,9.799022057598651e-06,0.0,0.0,0.0
inquisitively,3.9196088230394604e-05,0.0,0.0,0.0
ins,9.799022057598651e-06,0.0,0.0,0.0
insane,3.429657720159528e-05,0.0,0.0,9.520364058721605e-06
insanely,0.0,0.0,0.0,9.520364058721605e-06
insanity,2.449755514399663e-05,0.0,0.0,0.0
insatiable,4.8995110287993256e-06,0.0,0.0,0.0
inscribed,4.8995110287993256e-06,0.0,0.0,0.0
inscrutable,0.0,0.0,0.0,9.520364058721605e-06
insect,4.8995110287993256e-06,0.0,0.0,0.0
insects,0.0,0.0,0.0,9.520364058721605e-06
insensibility,4.8995110287993256e-06,0.0,4.095540775203958e-05,9.520364058721605e-06
insensible,0.0,0.0,3.2764326201631665e-05,0.0
insensibly,0.0,0.0,0.0,9.520364058721605e-06
inside,5.879413234559191e-05,0.0004948045522018803,0.0,0.00012376473276338087
insight,0.0,0.0,0.0,2.8561092176164816e-05
insignificance,4.8995110287993256e-06,0.0,2.457324465122375e-05,0.0
insignificant,9.799022057598651e-06,0.0,8.191081550407916e-06,0.0
insincere,0.0,0.0,1.6382163100815833e-05,0.0
insinuating,9.799022057598651e-06,0.0,8.191081550407916e-06,1.904072811744321e-05
insinuation,9.799022057598651e-06,0.0,0.0,0.0
insinuations,4.8995110287993256e-06,0.0,0.0,0.0
insipid,0.0,0.0,8.191081550407916e-06,0.0
insipidity,0.0,0.0,8.191081550407916e-06,0.0
insist,3.9196088230394604e-05,0.0,6.552865240326333e-05,1.904072811744321e-05
insisted,6.369364337439124e-05,0.0,8.191081550407916e-06,1.904072811744321e-05
insistence,1.4698533086397977e-05,0.0,0.0,0.0
insistent,4.8995110287993256e-06,0.0,0.0,0.0
insistently,1.9598044115197302e-05,0.0,0.0,0.0
insists,0.0,0.0,8.191081550407916e-06,9.520364058721605e-06
insolence,2.449755514399663e-05,0.0,8.191081550407916e-06,9.520364058721605e-06
insolent,2.449755514399663e-05,0.0,4.095540775203958e-05,0.0
insolently,4.8995110287993256e-06,0.0,0.0,0.0
inspect,0.0,0.0,0.0,9.520364058721605e-06
inspection,0.0,0.0,1.6382163100815833e-05,2.8561092176164816e-05
inspector,0.0,0.0,0.0,0.0002760905577029266
inspire,0.0,0.0,8.191081550407916e-06,0.0
inspired,9.799022057598651e-06,0.0,1.6382163100815833e-05,0.0
inspires,0.0,0.0,8.191081550407916e-06,0.0
inspiring,0.0,0.0,8.191081550407916e-06,9.520364058721605e-06
inst,0.0,0.0,0.0,1.904072811744321e-05
instability,0.0,0.0,8.191081550407916e-06,0.0
installed,0.0,1.1245558004588187e-05,0.0,0.0
instalment,9.799022057598651e-06,0.0,0.0,0.0
instance,0.00019598044115197303,0.0,5.7337570852855414e-05,4.760182029360803e-05
instances,4.8995110287993256e-06,0.0,3.2764326201631665e-05,0.0
instant,0.000225377507324769,0.0,4.91464893024475e-05,0.0002951312858203698
instantaneous,0.0,0.0,8.191081550407916e-06,0.0
instantaneously,4.8995110287993256e-06,0.0,0.0,0.0
instantly,7.839217646078921e-05,3.3736674013764564e-05,0.0002539235280626454,0.00016184618899826728
instead,9.799022057598651e-05,8.99644640367055e-05,0.00017201271255856622,7.616291246977284e-05
instep,0.0,0.0,0.0,9.520364058721605e-06
instigation,9.799022057598651e-06,0.0,0.0,0.0
instigator,4.8995110287993256e-06,0.0,0.0,0.0
instinct,1.4698533086397977e-05,0.0,0.0,2.8561092176164816e-05
instinctive,4.8995110287993256e-06,0.0,0.0,0.0
instinctively,9.799022057598651e-06,0.0,1.6382163100815833e-05,0.0
instincts,0.0,0.0,0.0,2.8561092176164816e-05
instituted,0.0,0.0,8.191081550407916e-06,1.904072811744321e-05
institution,1.4698533086397977e-05,0.0,0.0,0.0
institutions,4.8995110287993256e-06,0.0,0.0,0.0
instruct,4.8995110287993256e-06,0.0,8.191081550407916e-06,0.0
instructed,0.0,0.0,8.191081550407916e-06,0.0
instructing,0.0,0.0,8.191081550407916e-06,0.0
instruction,4.8995110287993256e-06,0.0,1.6382163100815833e-05,9.520364058721605e-06
instructions,2.9397066172795955e-05,2.2491116009176375e-05,2.457324465122375e-05,1.904072811744321e-05
instructive,0.0,0.0,0.0,2.8561092176164816e-05
instrument,0.0,0.0,9.010189705448707e-05,1.904072811744321e-05
instruments,0.0,1.1245558004588187e-05,0.0,0.0
insufferable,2.449755514399663e-05,0.0,8.191081550407916e-06,0.0
insufferably,4.8995110287993256e-06,0.0,8.191081550407916e-06,0.0
insufficient,0.0,0.0,8.191081550407916e-05,1.904072811744321e-05
insult,6.369364337439124e-05,0.0,0.0,1.904072811744321e-05
insulted,5.389462131679259e-05,2.2491116009176375e-05,8.191081550407916e-06,0.0
insulting,2.9397066172795955e-05,1.1245558004588187e-05,8.191081550407916e-06,0.0
insults,9.799022057598651e-06,0.0,0.0,0.0
insupportable,0.0,0.0,2.457324465122375e-05,0.0
insurance,0.0,1.1245558004588187e-05,0.0,0.0
insure,0.0,0.0,1.6382163100815833e-05,0.0
insured,4.8995110287993256e-06,0.0,0.0,0.0
insurmountable,4.8995110287993256e-06,0.0,0.0,0.0
integral,4.8995110287993256e-06,0.0,0.0,0.0
integrity,0.0,0.0,2.457324465122375e-05,0.0
intellect,1.9598044115197302e-05,0.0,0.0,0.0
intellectual,1.4698533086397977e-05,0.0,0.0,2.8561092176164816e-05
intellectually,4.8995110287993256e-06,0.0,0.0,0.0
intelligence,3.9196088230394604e-05,0.0,0.0001556305494577504,9.520364058721605e-06
intelligent,5.389462131679259e-05,2.2491116009176375e-05,3.2764326201631665e-05,9.520364058721605e-06
intelligible,9.799022057598651e-06,0.0,3.2764326201631665e-05,0.0
intend,3.429657720159528e-05,0.0,1.6382163100815833e-05,9.520364058721605e-06
intended,4.4095599259193934e-05,0.0,0.00018020379410897414,9.520364058721605e-06
intending,2.449755514399663e-05,0.0,5.7337570852855414e-05,0.0
intense,9.309070954718719e-05,0.0,0.0,1.904072811744321e-05
intensely,9.799022057598651e-06,0.0,0.0,0.0
intensified,0.0,0.0,0.0,9.520364058721605e-06
intensity,1.4698533086397977e-05,0.0,0.0,9.520364058721605e-06
intent,1.9598044115197302e-05,1.1245558004588187e-05,0.0,0.0
intention,1.4698533086397977e-05,0.0,0.00013105730480652666,9.520364058721606e-05
intentional,4.8995110287993256e-06,0.0,0.0,0.0
intentionally,1.9598044115197302e-05,0.0,1.6382163100815833e-05,0.0
intentioned,4.8995110287993256e-06,0.0,0.0,0.0
intentions,2.9397066172795955e-05,0.0,3.2764326201631665e-05,9.520364058721605e-06
intently,0.0001910809301231737,0.0,1.6382163100815833e-05,9.520364058721605e-06
inter,0.0,0.0,8.191081550407916e-06,0.0
intercourse,0.0,0.0,4.91464893024475e-05,0.0
interest,0.0001910809301231737,4.498223201835275e-05,0.0002129681203106058,0.000361773834231421
interested,9.799022057598651e-05,2.2491116009176375e-05,6.552865240326333e-05,0.00011424436870465926
interestedly,0.0,1.1245558004588187e-05,0.0,0.0
interesting,0.00012248777571998316,1.1245558004588187e-05,0.00011467514170571083,0.00019992764523315372
interests,3.9196088230394604e-05,0.0,0.0,3.808145623488642e-05
interfere,4.8995110287993256e-06,0.0,8.191081550407916e-06,3.808145623488642e-05
interfered,9.799022057598651e-06,0.0,0.0,0.0
interference,0.0,0.0,0.0001064840601553029,0.0
interfering,0.0,0.0,8.191081550407916e-06,0.0
interim,0.0,0.0,0.0,9.520364058721605e-06
interiors,0.0,1.1245558004588187e-05,0.0,0.0
interjected,0.0,0.0,0.0,9.520364058721605e-06
intermediate,0.0,0.0,8.191081550407916e-06,0.0
intermission,0.0,0.0,2.457324465122375e-05,0.0
intern,0.0,1.1245558004588187e-05,0.0,0.0
interpose,4.8995110287993256e-06,0.0,8.191081550407916e-06,0.0
interposed,3.9196088230394604e-05,0.0,0.0,9.520364058721605e-06
interpret,1.4698533086397977e-05,0.0,0.0,0.0
interpretation,9.799022057598651e-06,0.0,8.191081550407916e-06,0.0
interpreted,4.8995110287993256e-06,0.0,0.0,0.0
interrogated,4.8995110287993256e-06,0.0,0.0,0.0
interrogations,4.8995110287993256e-06,0.0,0.0,0.0
interrogator,4.8995110287993256e-06,0.0,0.0,0.0
interrupt,9.799022057598651e-06,0.0,4.095540775203958e-05,9.520364058721605e-06
interrupted,0.00016168386395037774,1.1245558004588187e-05,7.371973395367124e-05,9.520364058721605e-06
interrupting,1.9598044115197302e-05,0.0,1.6382163100815833e-05,0.0
interruption,0.0,0.0,8.191081550407916e-05,9.520364058721605e-06
interruptions,4.8995110287993256e-06,0.0,8.191081550407916e-06,0.0
interspersing,4.8995110287993256e-06,0.0,0.0,0.0
interval,9.799022057598651e-06,2.2491116009176375e-05,3.2764326201631665e-05,0.0
intervals,4.8995110287993256e-06,0.0,2.457324465122375e-05,1.904072811744321e-05
intervene,0.0,0.0,8.191081550407916e-06,0.0
intervened,4.8995110287993256e-06,0.0,0.0,0.0
intervening,4.8995110287993256e-06,0.0,0.0,0.0
interview,0.00010288973160478584,0.0,2.457324465122375e-05,5.712218435232963e-05
interviews,1.9598044115197302e-05,0.0,0.0,0.0
intestine,0.0,1.1245558004588187e-05,0.0,0.0
intimacy,4.8995110287993256e-06,0.0,8.191081550407916e-05,9.520364058721605e-06
intimate,1.4698533086397977e-05,0.0,0.0001064840601553029,4.760182029360803e-05
intimately,0.0,0.0,1.6382163100815833e-05,0.0
intimates,0.0,0.0,8.191081550407916e-06,0.0
intimation,0.0,0.0,8.191081550407916e-06,0.0
intimidate,0.0,0.0,8.191081550407916e-06,0.0
intimidated,9.799022057598651e-06,0.0,8.191081550407916e-06,0.0
into,0.0019745029446061285,0.001563132562637758,0.0011549424986075161,0.0026181001161484415
intolerable,1.9598044115197302e-05,0.0,2.457324465122375e-05,0.0
intonation,9.799022057598651e-06,0.0,0.0,0.0
intra,0.0,1.1245558004588187e-05,0.0,0.0
intrepidity,0.0,0.0,8.191081550407916e-06,0.0
intricate,0.0,0.0,1.6382163100815833e-05,9.520364058721605e-06
intrigue,4.8995110287993256e-06,0.0,0.0,9.520364058721605e-06
intrigues,0.0,0.0,8.191081550407916e-06,0.0
intriguing,4.8995110287993256e-06,0.0,0.0,0.0
introduce,2.9397066172795955e-05,0.0,9.010189705448707e-05,3.808145623488642e-05
introduced,1.4698533086397977e-05,0.0,7.371973395367124e-05,1.904072811744321e-05
introduces,4.8995110287993256e-06,0.0,0.0,0.0
introducing,1.4698533086397977e-05,0.0,3.2764326201631665e-05,1.904072811744321e-05
introduction,4.8995110287993256e-06,0.0,9.010189705448707e-05,1.904072811744321e-05
introspect,0.0,0.0,0.0,9.520364058721605e-06
introspective,0.0,0.0,0.0,2.8561092176164816e-05
intrude,4.8995110287993256e-06,0.0,1.6382163100815833e-05,0.0
intruder,0.0,0.0,8.191081550407916e-06,9.520364058721605e-06
intruding,0.0,0.0,1.6382163100815833e-05,9.520364058721605e-06
intrusion,0.0,0.0,2.457324465122375e-05,1.904072811744321e-05
intrusions,0.0,0.0,0.0,9.520364058721605e-06
intrusive,4.8995110287993256e-06,0.0,0.0,0.0
intrusted,0.0,0.0,0.0,1.904072811744321e-05
intuition,0.0,0.0,0.0,1.904072811744321e-05
intuitions,0.0,0.0,0.0,9.520364058721605e-06
inured,0.0,0.0,8.191081550407916e-06,0.0
invaders,0.0,0.0,0.0,9.520364058721605e-06
invalid,3.429657720159528e-05,0.0,8.191081550407916e-06,0.0
invaluable,4.8995110287993256e-06,0.0,2.457324465122375e-05,2.8561092176164816e-05
invariable,0.0,0.0,8.191081550407916e-06,9.520364058721605e-06
invariably,9.799022057598651e-06,0.0,1.6382163100815833e-05,2.8561092176164816e-05
invectives,0.0,0.0,8.191081550407916e-06,0.0
invent,4.8995110287993256e-06,0.0,8.191081550407916e-06,3.808145623488642e-05
invented,2.449755514399663e-05,0.0,0.0,0.0
inventing,0.0,0.0,8.191081550407916e-06,0.0
invention,9.799022057598651e-06,0.0,8.191081550407916e-06,9.520364058721605e-06
invents,4.8995110287993256e-06,0.0,0.0,0.0
invested,0.0,0.0,0.0,9.520364058721605e-06
investigate,4.8995110287993256e-06,0.0,0.0,9.520364058721605e-06
investigated,4.8995110287993256e-06,0.0,0.0,9.520364058721605e-06
investigating,4.8995110287993256e-06,0.0,0.0,0.0
investigation,1.4698533086397977e-05,0.0,0.0,0.00011424436870465926
investigations,9.799022057598651e-06,0.0,8.191081550407916e-06,2.8561092176164816e-05
investigators,4.8995110287993256e-06,0.0,0.0,0.0
investment,0.0,0.0,0.0,9.520364058721605e-06
investments,0.0,0.0,0.0,1.904072811744321e-05
inveterate,9.799022057598651e-06,0.0,0.0,0.0
invigorating,0.0,1.1245558004588187e-05,0.0,0.0
inviolate,0.0,0.0,0.0,9.520364058721605e-06
invisible,0.0,0.0,0.0,1.904072811744321e-05
invitation,2.9397066172795955e-05,0.0,0.00027849677271386917,0.0
invitations,0.0,0.0,8.191081550407916e-06,0.0
invite,2.9397066172795955e-05,0.0,4.91464893024475e-05,0.0
invited,0.0001126887536623845,0.0,9.010189705448707e-05,1.904072811744321e-05
inviting,9.799022057598651e-06,0.0,2.457324465122375e-05,0.0
involuntarily,2.449755514399663e-05,0.0,1.6382163100815833e-05,0.0
involuntary,4.8995110287993256e-06,0.0,8.191081550407916e-06,0.0
involve,0.0,0.0,1.6382163100815833e-05,0.0
involved,4.8995110287993256e-06,1.1245558004588187e-05,2.457324465122375e-05,9.520364058721605e-06
involves,0.0,0.0,8.191081550407916e-06,0.0
involving,4.8995110287993256e-06,0.0,1.6382163100815833e-05,0.0
inward,1.9598044115197302e-05,0.0,0.0,1.904072811744321e-05
inwardly,1.9598044115197302e-05,0.0,0.0,0.0
iodoform,0.0,0.0,0.0,9.520364058721605e-06
iota,0.0,0.0,0.0,9.520364058721605e-06
iou,4.8995110287993256e-06,0.0,0.0,0.0
ireland,0.0,4.498223201835275e-05,0.0,0.0
irene,0.0,0.0,0.0,0.00015232582493954569
irenes,0.0,0.0,0.0,9.520364058721605e-06
irish,0.0,0.0,8.191081550407916e-06,9.520364058721605e-06
irksome,4.8995110287993256e-06,0.0,1.6382163100815833e-05,0.0
iron,2.9397066172795955e-05,0.00011245558004588187,0.0,0.00011424436870465926
ironical,3.9196088230394604e-05,0.0,0.0,0.0
ironically,9.799022057598651e-06,0.0,0.0,0.0
ironwork,0.0,1.1245558004588187e-05,0.0,0.0
irony,1.4698533086397977e-05,0.0,0.0,0.0
irrational,4.8995110287993256e-06,0.0,0.0,0.0
irrefutable,9.799022057598651e-06,0.0,0.0,0.0
irregular,2.449755514399663e-05,0.0,0.0,0.0
irregularity,4.8995110287993256e-06,0.0,8.191081550407916e-06,0.0
irregularly,0.0,1.1245558004588187e-05,0.0,0.0
irrelevant,3.9196088230394604e-05,0.0,0.0,0.0
irreligious,0.0,0.0,8.191081550407916e-06,0.0
irremediable,0.0,0.0,8.191081550407916e-06,0.0
irreproachable,4.8995110287993256e-06,0.0,8.191081550407916e-06,0.0
irresistible,9.799022057598651e-06,0.0,0.0,9.520364058721605e-06
irresistibly,9.799022057598651e-06,0.0,0.0,0.0
irresponsible,9.799022057598651e-06,0.0,0.0,0.0
irretrievable,0.0,0.0,8.191081550407916e-06,0.0
irrevocable,4.8995110287993256e-06,0.0,0.0,0.0
irrevocably,1.9598044115197302e-05,0.0,8.191081550407916e-06,0.0
irrigation,0.0,1.1245558004588187e-05,0.0,0.0
irritability,2.9397066172795955e-05,0.0,0.0,0.0
irritable,7.349266543198989e-05,0.0,1.6382163100815833e-05,0.0
irritably,7.349266543198989e-05,0.0,0.0,0.0
irritate,2.449755514399663e-05,0.0,0.0,0.0
irritated,7.349266543198989e-05,0.0,8.191081550407916e-06,0.0
irritating,2.449755514399663e-05,0.0,0.0,0.0
irritation,3.9196088230394604e-05,0.0,2.457324465122375e-05,0.0
irtish,4.8995110287993256e-06,0.0,0.0,0.0
is,0.007006300771183036,0.0048693266159866855,0.007019756888699584,0.010700889202003084
isa,0.0,0.0,0.0,3.808145623488642e-05
island,1.9598044115197302e-05,7.871890603211732e-05,0.0,1.904072811744321e-05
islands,1.9598044115197302e-05,1.1245558004588187e-05,0.0,0.0
isle,0.0,0.0,0.0,9.520364058721605e-06
isles,0.0,2.2491116009176375e-05,0.0,0.0
isnt,0.00021557848526717035,0.0005285412262156448,0.0,3.808145623488642e-05
isola,0.0,3.3736674013764564e-05,0.0,0.0
isolated,4.8995110287993256e-06,0.0,0.0,9.520364058721605e-06
isolation,4.8995110287993256e-06,0.0,0.0,9.520364058721605e-06
isonzo,0.0,2.2491116009176375e-05,0.0,0.0
issue,0.0,0.0,0.0,1.904072811744321e-05
issued,4.8995110287993256e-06,0.0,0.0,0.0
issues,0.0,0.0,0.0,1.904072811744321e-05
issuing,4.8995110287993256e-06,0.0,0.0,0.0
it,0.014664236509196382,0.01631730466465746,0.012556928016775335,0.01619413926388545
italia,0.0,3.3736674013764564e-05,0.0,0.0
italian,0.0,0.0006409968062615267,8.191081550407916e-06,9.520364058721605e-06
italiani,0.0,1.1245558004588187e-05,0.0,0.0
italians,0.0,0.00033736674013764564,0.0,0.0
italy,0.0,0.00016868337006882282,0.0,0.0
itch,0.0,2.2491116009176375e-05,0.0,0.0
itched,0.0,1.1245558004588187e-05,0.0,0.0
itching,0.0,1.1245558004588187e-05,0.0,0.0
item,4.8995110287993256e-06,0.0,0.0,1.904072811744321e-05
items,4.8995110287993256e-06,0.0,0.0,9.520364058721605e-06
itll,4.8995110287993256e-06,0.0,0.0,9.520364058721605e-06
its,0.0024595545364572615,0.0021928838108946965,0.0008518724812424232,0.0011234029589291495
itself,7.349266543198989e-05,4.498223201835275e-05,7.371973395367124e-05,0.0001713665530569889
ivan,2.449755514399663e-05,0.0,0.0,0.0
ivanitch,4.8995110287993256e-06,0.0,0.0,0.0
ivanitchs,4.8995110287993256e-06,0.0,0.0,0.0
ivanovitch,8.329168748958855e-05,0.0,0.0,0.0
ivanovitchs,4.8995110287993256e-06,0.0,0.0,0.0
ivanovna,0.0013179684667470187,0.0,0.0,0.0
ivanovnas,0.00017148288600797641,0.0,0.0,0.0
ive,0.00087211296312628,0.0005285412262156448,0.0,7.616291246977284e-05
ivory,4.8995110287993256e-06,0.0,0.0,9.520364058721605e-06
j,0.0,0.0,0.0,9.520364058721605e-06
jabez,0.0,0.0,0.0,8.568327652849445e-05
jack,4.8995110287993256e-06,0.0,0.0,3.808145623488642e-05
jacket,9.799022057598651e-06,1.1245558004588187e-05,0.0,6.664254841105123e-05
jackets,0.0,2.2491116009176375e-05,0.0,0.0
jacksons,0.0,0.0,0.0,9.520364058721605e-06
jagged,0.0,1.1245558004588187e-05,0.0,9.520364058721605e-06
jai,4.8995110287993256e-06,0.0,0.0,0.0
jail,0.0,5.6227790022940935e-05,0.0,0.0
jam,4.8995110287993256e-06,6.747334802752913e-05,0.0,0.0
jamaica,4.8995110287993256e-06,0.0,0.0,0.0
jaman,0.0,1.1245558004588187e-05,0.0,0.0
james,0.0,0.0,0.0,0.0001713665530569889
jamess,0.0,0.0,4.91464893024475e-05,2.8561092176164816e-05
jane,0.0,0.0,0.00216244552930769,9.520364058721605e-06
janes,0.0,0.0,0.00022935028341142166,0.0
january,4.8995110287993256e-06,2.2491116009176375e-05,1.6382163100815833e-05,3.808145623488642e-05
japalac,0.0,4.498223201835275e-05,0.0,0.0
japan,0.0,2.2491116009176375e-05,0.0,0.0
japanese,0.0,3.3736674013764564e-05,0.0,0.0
jar,4.8995110287993256e-06,1.1245558004588187e-05,0.0,0.0
jargon,9.799022057598651e-06,0.0,0.0,0.0
jaundice,4.8995110287993256e-06,0.00014619225405964643,0.0,0.0
jauntily,4.8995110287993256e-06,0.0,0.0,0.0
jaunty,1.9598044115197302e-05,0.0,0.0,0.0
jaw,0.0,1.1245558004588187e-05,0.0,1.904072811744321e-05
jawed,0.0,1.1245558004588187e-05,0.0,0.0
jealous,2.9397066172795955e-05,4.498223201835275e-05,2.457324465122375e-05,0.0
jealously,4.8995110287993256e-06,0.0,0.0,9.520364058721605e-06
jealousy,4.8995110287993256e-06,0.0,3.2764326201631665e-05,1.904072811744321e-05
jeer,2.449755514399663e-05,0.0,0.0,0.0
jeered,1.9598044115197302e-05,0.0,0.0,0.0
jeering,2.449755514399663e-05,0.0,0.0,0.0
jeeringly,4.8995110287993256e-06,0.0,0.0,0.0
jelly,4.8995110287993256e-06,0.0,0.0,0.0
jem,0.0,0.0,0.0,2.8561092176164816e-05
jems,0.0,0.0,0.0,9.520364058721605e-06
jenkinson,0.0,0.0,6.552865240326333e-05,0.0
jenkinsons,0.0,0.0,8.191081550407916e-06,0.0
jephro,0.0,0.0,0.0,1.904072811744321e-05
jeremiah,0.0,0.0,0.0,9.520364058721605e-06
jerk,0.0,2.2491116009176375e-05,0.0,0.0
jerked,4.8995110287993256e-06,2.2491116009176375e-05,0.0,1.904072811744321e-05
jerkily,4.8995110287993256e-06,0.0,0.0,9.520364058721605e-06
jerking,0.0,1.1245558004588187e-05,0.0,9.520364058721605e-06
jerks,0.0,1.1245558004588187e-05,0.0,0.0
jerky,4.8995110287993256e-06,1.1245558004588187e-05,0.0,0.0
jersey,0.0,0.0,0.0,9.520364058721605e-06
jerusalem,1.4698533086397977e-05,0.0,0.0,0.0
jest,4.8995110287993256e-06,0.0,0.0,1.904072811744321e-05
jesting,0.0,0.0,0.0,9.520364058721605e-06
jestingly,0.0,0.0,8.191081550407916e-06,0.0
jesuitical,4.8995110287993256e-06,0.0,0.0,0.0
jesus,6.369364337439124e-05,5.6227790022940935e-05,0.0,0.0
jet,0.0,0.0,0.0,2.8561092176164816e-05
jew,1.4698533086397977e-05,0.0,0.0,0.0
jewel,3.429657720159528e-05,0.0,8.191081550407916e-06,8.568327652849445e-05
jewelers,4.8995110287993256e-06,0.0,0.0,0.0
jewellers,4.8995110287993256e-06,0.0,0.0,9.520364058721605e-06
jewellery,4.8995110287993256e-06,0.0,0.0,9.520364058721605e-06
jewels,1.4698533086397977e-05,0.0,8.191081550407916e-06,1.904072811744321e-05
jewish,4.8995110287993256e-06,0.0,0.0,0.0
jews,2.9397066172795955e-05,0.0,0.0,0.0
jezail,0.0,0.0,0.0,9.520364058721605e-06
jilt,0.0,0.0,8.191081550407916e-06,0.0
jingling,9.799022057598651e-06,0.0,0.0,0.0
job,4.899511028799326e-05,4.498223201835275e-05,0.0,2.8561092176164816e-05
jobs,4.8995110287993256e-06,0.0,0.0,0.0
jockey,0.0,3.3736674013764564e-05,0.0,0.0
jockeys,0.0,2.2491116009176375e-05,0.0,0.0
jog,4.8995110287993256e-06,0.0,0.0,0.0
johann,4.8995110287993256e-06,0.0,0.0,0.0
john,4.8995110287993256e-06,0.0,1.6382163100815833e-05,0.00023800910146804015
johns,0.0,0.0,0.0,9.520364058721605e-06
join,9.799022057598651e-06,4.498223201835275e-05,0.0001556305494577504,2.8561092176164816e-05
joined,2.449755514399663e-05,2.2491116009176375e-05,0.00022935028341142166,2.8561092176164816e-05
joining,0.0,0.0,4.095540775203958e-05,0.0
joint,0.0,0.0,0.0,9.520364058721605e-06
joints,0.0,1.1245558004588187e-05,8.191081550407916e-06,0.0
joke,2.449755514399663e-05,0.00014619225405964643,2.457324465122375e-05,2.8561092176164816e-05
joker,0.0,1.1245558004588187e-05,0.0,0.0
jokes,1.9598044115197302e-05,0.0,8.191081550407916e-06,9.520364058721605e-06
joking,1.9598044115197302e-05,2.2491116009176375e-05,8.191081550407916e-06,3.808145623488642e-05
jollification,0.0,0.0,0.0,9.520364058721605e-06
jolly,9.799022057598651e-06,0.0,0.0,0.0
jolt,0.0,1.1245558004588187e-05,0.0,0.0
jolted,0.0,0.0,0.0,9.520364058721605e-06
jones,0.0,0.0,2.457324465122375e-05,0.00010472400464593766
joness,0.0,0.0,1.6382163100815833e-05,0.0
joseph,0.0,1.1245558004588187e-05,0.0,9.520364058721605e-06
jostled,4.8995110287993256e-06,0.0,0.0,0.0
jostling,4.8995110287993256e-06,0.0,0.0,9.520364058721605e-06
jot,0.0,0.0,8.191081550407916e-06,9.520364058721605e-06
jour,0.0,1.1245558004588187e-05,0.0,0.0
journal,4.8995110287993256e-06,0.0,0.0,0.0
journalist,4.8995110287993256e-06,0.0,0.0,0.0
journey,7.349266543198989e-05,2.2491116009176375e-05,0.00017201271255856622,8.568327652849445e-05
journeyed,0.0,0.0,0.0,9.520364058721605e-06
journeyman,4.8995110287993256e-06,0.0,0.0,0.0
journeys,0.0,0.0,8.191081550407916e-06,9.520364058721605e-06
jove,2.9397066172795955e-05,0.0,0.0,1.904072811744321e-05
jovial,4.8995110287993256e-06,0.0,0.0,1.904072811744321e-05
jowl,0.0,0.0,0.0,9.520364058721605e-06
joy,6.859315440319056e-05,0.0,9.8292978604895e-05,4.760182029360803e-05
joyful,1.9598044115197302e-05,0.0,1.6382163100815833e-05,0.0
joyfully,0.0,0.0,8.191081550407916e-06,0.0
judge,0.00010288973160478584,0.0,9.8292978604895e-05,3.808145623488642e-05
judged,9.799022057598651e-06,0.0,5.7337570852855414e-05,9.520364058721605e-06
judges,9.799022057598651e-06,0.0,0.0,0.0
judging,3.429657720159528e-05,0.0,2.457324465122375e-05,0.0
judgment,3.429657720159528e-05,1.1245558004588187e-05,0.00011467514170571083,2.8561092176164816e-05
judicial,0.0,0.0,0.0,9.520364058721605e-06
judy,4.8995110287993256e-06,0.0,0.0,0.0
jug,1.4698533086397977e-05,3.3736674013764564e-05,0.0,9.520364058721605e-06
julia,0.0,0.0,0.0,2.8561092176164816e-05
july,4.8995110287993256e-06,0.0,8.191081550407916e-06,0.0
jumbled,0.0,0.0,8.191081550407916e-06,0.0
jump,1.4698533086397977e-05,1.1245558004588187e-05,0.0,5.712218435232963e-05
jumped,0.00010778924263358517,3.3736674013764564e-05,8.191081550407916e-06,2.8561092176164816e-05
jumper,0.0,1.1245558004588187e-05,0.0,0.0
jumping,3.9196088230394604e-05,0.0,8.191081550407916e-06,1.904072811744321e-05
jumps,0.0,0.0,8.191081550407916e-06,0.0
junction,0.0,1.1245558004588187e-05,0.0,0.0
june,0.0,0.0,2.457324465122375e-05,2.8561092176164816e-05
junior,0.0,0.0,8.191081550407916e-06,9.520364058721605e-06
junk,0.0,1.1245558004588187e-05,0.0,0.0
juries,4.8995110287993256e-06,0.0,0.0,0.0
jury,0.0,0.0,0.0,6.664254841105123e-05
juryman,0.0,0.0,0.0,9.520364058721605e-06
just,0.00138166211012141,0.0012707480545184652,0.0005897578716293699,0.0011995658713989223
juster,9.799022057598651e-06,0.0,0.0,0.0
justice,4.899511028799326e-05,1.1245558004588187e-05,0.00012286622325611874,5.712218435232963e-05
justifiable,9.799022057598651e-06,0.0,0.0,0.0
justification,9.799022057598651e-06,0.0,8.191081550407916e-06,0.0
justified,9.799022057598651e-06,0.0,4.095540775203958e-05,9.520364058721605e-06
justify,2.449755514399663e-05,0.0,4.91464893024475e-05,0.0
justifying,0.0,0.0,8.191081550407916e-06,0.0
justly,9.799022057598651e-06,0.0,2.457324465122375e-05,0.0
jutted,0.0,0.0,0.0,9.520364058721605e-06
jutting,0.0,0.0,0.0,9.520364058721605e-06
juxtaposition,4.8995110287993256e-06,0.0,0.0,0.0
k,1.4698533086397977e-05,0.0,0.0,0.00019992764523315372
kammerjunker,4.8995110287993256e-06,0.0,0.0,0.0
kapernaumov,3.9196088230394604e-05,0.0,0.0,0.0
kapernaumovs,3.429657720159528e-05,0.0,0.0,0.0
karl,2.9397066172795955e-05,0.0,0.0,0.0
kate,0.0,0.0,0.0,3.808145623488642e-05
katerina,0.0010582943822206544,0.0,0.0,0.0
katia,2.9397066172795955e-05,0.0,0.0,0.0
kazan,4.8995110287993256e-06,0.0,0.0,0.0
keen,2.9397066172795955e-05,0.0,0.0,0.00011424436870465926
keener,0.0,0.0,8.191081550407916e-06,9.520364058721605e-06
keenest,0.0,0.0,2.457324465122375e-05,2.8561092176164816e-05
keenly,4.8995110287993256e-06,0.0,0.0,8.568327652849445e-05
keep,0.0003772623492175481,0.000359857856146822,0.0002129681203106058,0.00025704982958548334
keeper,1.4698533086397977e-05,0.0,0.0,0.00010472400464593766
keepers,4.8995110287993256e-06,0.0,0.0,0.0
keeping,0.00013718630880638113,7.871890603211732e-05,3.2764326201631665e-05,3.808145623488642e-05
keeps,4.899511028799326e-05,3.3736674013764564e-05,2.457324465122375e-05,2.8561092176164816e-05
keepsake,4.8995110287993256e-06,0.0,0.0,0.0
kempt,0.0,0.0,0.0,9.520364058721605e-06
kempton,0.0,1.1245558004588187e-05,0.0,0.0
kenilworth,0.0,0.0,8.191081550407916e-06,0.0
kensington,0.0,0.0,0.0,9.520364058721605e-06
kent,0.0,0.0,0.00011467514170571083,2.8561092176164816e-05
kepler,4.8995110287993256e-06,0.0,0.0,0.0
kept,0.00032826723892955483,0.0003486122981422338,0.00013924838635693458,0.00011424436870465926
kerchief,3.429657720159528e-05,0.0,0.0,0.0
kettle,0.0,1.1245558004588187e-05,0.0,9.520364058721605e-06
key,8.329168748958855e-05,3.3736674013764564e-05,0.0,0.00015232582493954569
keyhole,4.8995110287993256e-06,0.0,0.0,9.520364058721605e-06
keys,4.899511028799326e-05,3.3736674013764564e-05,0.0,4.760182029360803e-05
kick,1.4698533086397977e-05,1.1245558004588187e-05,0.0,0.0
kicked,0.0,1.1245558004588187e-05,0.0,9.520364058721605e-06
kicking,1.9598044115197302e-05,3.3736674013764564e-05,0.0,0.0
kicks,0.0,0.0,0.0,9.520364058721605e-06
kid,0.0,1.1245558004588187e-05,0.0,0.0
kilburn,0.0,0.0,0.0,2.8561092176164816e-05
kill,0.0001322867977775818,0.00010121002204129369,8.191081550407916e-06,9.520364058721605e-06
killed,0.00020577946320957167,0.00033736674013764564,3.2764326201631665e-05,2.8561092176164816e-05
killer,4.8995110287993256e-06,0.0,0.0,0.0
killing,2.449755514399663e-05,2.2491116009176375e-05,0.0,9.520364058721605e-06
kills,0.0,3.3736674013764564e-05,0.0,0.0
kiln,9.799022057598651e-06,0.0,0.0,0.0
kilns,4.8995110287993256e-06,0.0,0.0,0.0
kilometres,0.0,3.3736674013764564e-05,0.0,0.0
kilos,0.0,1.1245558004588187e-05,0.0,0.0
kind,0.00019598044115197303,0.00011245558004588187,0.0005160381376756987,0.00019992764523315372
kinder,4.8995110287993256e-06,0.0,1.6382163100815833e-05,0.0
kindest,0.0,0.0,8.191081550407916e-06,0.0
kindle,4.8995110287993256e-06,0.0,0.0,0.0
kindled,4.8995110287993256e-06,0.0,0.0,9.520364058721605e-06
kindliness,4.8995110287993256e-06,0.0,0.0,9.520364058721605e-06
kindly,8.819119851838787e-05,0.0,5.7337570852855414e-05,0.00015232582493954569
kindness,2.9397066172795955e-05,0.0,0.00023754136496182955,4.760182029360803e-05
kindred,0.0,0.0,8.191081550407916e-06,0.0
kinds,9.799022057598651e-06,1.1245558004588187e-05,0.0,0.0
king,0.0,5.6227790022940935e-05,6.552865240326333e-05,0.00023800910146804015
kingdom,1.9598044115197302e-05,0.0,3.2764326201631665e-05,1.904072811744321e-05
kings,0.0,2.2491116009176375e-05,0.0,1.904072811744321e-05
kirsch,0.0,1.1245558004588187e-05,0.0,0.0
kiss,7.349266543198989e-05,0.00012370113805047008,8.191081550407916e-06,0.0
kissed,9.309070954718719e-05,0.00025864783410552833,1.6382163100815833e-05,9.520364058721605e-06
kisses,1.4698533086397977e-05,0.0,0.0,0.0
kissing,6.859315440319056e-05,0.0,0.0,0.0
kit,0.0,1.1245558004588187e-05,0.0,0.0
kitchen,0.0001126887536623845,0.00010121002204129369,8.191081550407916e-06,5.712218435232963e-05
kitchens,9.799022057598651e-06,0.0,0.0,0.0
kitty,0.0,0.0,0.0005651846269781462,0.0
kittys,0.0,0.0,1.6382163100815833e-05,0.0
klan,0.0,0.0,0.0,1.904072811744321e-05
klopstock,4.8995110287993256e-06,0.0,0.0,0.0
klux,0.0,0.0,0.0,1.904072811744321e-05
knacks,4.8995110287993256e-06,0.0,0.0,0.0
knapsack,0.0,1.1245558004588187e-05,0.0,0.0
knave,4.8995110287993256e-06,0.0,0.0,0.0
knaves,4.8995110287993256e-06,0.0,0.0,0.0
knee,1.9598044115197302e-05,0.00032612118213305746,0.0,6.664254841105123e-05
kneecap,0.0,1.1245558004588187e-05,0.0,0.0
kneel,1.4698533086397977e-05,0.0,0.0,0.0
kneeling,9.799022057598651e-06,0.0,0.0,9.520364058721605e-06
knees,0.00010778924263358517,1.1245558004588187e-05,8.191081550407916e-06,9.520364058721606e-05
knelt,2.9397066172795955e-05,1.1245558004588187e-05,0.0,9.520364058721605e-06
knew,0.0006369364337439124,0.0007871890603211732,0.0004668916483732512,0.0005426607513471315
knick,4.8995110287993256e-06,0.0,0.0,0.0
knife,1.4698533086397977e-05,4.498223201835275e-05,0.0,3.808145623488642e-05
knighthood,0.0,0.0,1.6382163100815833e-05,0.0
knits,4.8995110287993256e-06,0.0,0.0,0.0
knitted,1.4698533086397977e-05,0.0,0.0,1.904072811744321e-05
knitting,9.799022057598651e-06,0.0,0.0,0.0
knives,4.8995110287993256e-06,0.0,0.0,0.0
knobs,0.0,1.1245558004588187e-05,0.0,0.0
knock,3.429657720159528e-05,1.1245558004588187e-05,0.0,3.808145623488642e-05
knocked,4.899511028799326e-05,0.00011245558004588187,0.0,2.8561092176164816e-05
knocking,4.4095599259193934e-05,0.0,0.0,0.0
knocks,4.8995110287993256e-06,0.0,0.0,0.0
knopps,4.8995110287993256e-06,0.0,0.0,0.0
knot,4.8995110287993256e-06,0.0,0.0,2.8561092176164816e-05
knots,0.0,0.0,0.0,1.904072811744321e-05
knotted,4.8995110287993256e-06,0.0,0.0,0.0
knotting,0.0,1.1245558004588187e-05,0.0,0.0
know,0.0025918413342348435,0.0024965138770185777,0.001957668490547492,0.001618461889982673
knowing,0.00011758826469118382,2.2491116009176375e-05,0.00022115920186101373,6.664254841105123e-05
knowledge,1.9598044115197302e-05,2.2491116009176375e-05,0.00016382163100815833,0.00012376473276338087
known,0.0001665833749791771,6.747334802752913e-05,0.0004668916483732512,0.0002760905577029266
knows,0.0002449755514399663,0.00010121002204129369,7.371973395367124e-05,0.00011424436870465926
kobelev,4.8995110287993256e-06,0.0,0.0,0.0
kobilatnikovs,4.8995110287993256e-06,0.0,0.0,0.0
koch,0.00010288973160478584,0.0,0.0,0.0
kolomensky,9.799022057598651e-06,0.0,0.0,0.0
kolya,7.839217646078921e-05,0.0,0.0,0.0
kozel,9.799022057598651e-06,0.0,0.0,0.0
kozels,1.4698533086397977e-05,0.0,0.0,0.0
kramm,0.0,0.0,0.0,1.904072811744321e-05
krestovsky,9.799022057598651e-06,0.0,0.0,0.0
kriegsrath,4.8995110287993256e-06,0.0,0.0,0.0
kryukov,4.8995110287993256e-06,0.0,0.0,0.0
ku,0.0,0.0,0.0,1.904072811744321e-05
kuk,0.0,1.1245558004588187e-05,0.0,0.0
kympton,0.0,0.0,8.191081550407916e-06,0.0
kümmel,0.0,4.498223201835275e-05,0.0,0.0
l,0.0,0.0,0.0,9.520364058721605e-06
la,3.429657720159528e-05,3.3736674013764564e-05,2.457324465122375e-05,9.520364058721605e-06
label,0.0,0.0,0.0,9.520364058721605e-06
labels,0.0,1.1245558004588187e-05,0.0,0.0
labor,0.0,4.498223201835275e-05,0.0,0.0
labour,9.799022057598651e-06,0.0,8.191081550407916e-06,3.808145623488642e-05
labyrinth,0.0,0.0,0.0,2.8561092176164816e-05
lace,4.8995110287993256e-06,0.0,8.191081550407916e-06,1.904072811744321e-05
laced,0.0,1.1245558004588187e-05,0.0,0.0
lacerations,0.0,1.1245558004588187e-05,0.0,0.0
lachrymose,4.8995110287993256e-06,0.0,0.0,0.0
lack,1.9598044115197302e-05,0.0,0.0,9.520364058721605e-06
laconic,0.0,0.0,8.191081550407916e-06,0.0
lad,0.0,0.0,8.191081550407916e-06,0.00010472400464593766
ladder,0.0,2.2491116009176375e-05,0.0,2.8561092176164816e-05
laden,4.8995110287993256e-06,0.0,0.0,9.520364058721605e-06
ladies,0.00015678435292157842,0.0,0.0006061400347301858,8.568327652849445e-05
ladled,0.0,1.1245558004588187e-05,0.0,0.0
lads,4.8995110287993256e-06,0.0,0.0,0.0
lady,0.00018128190806557506,0.00014619225405964643,0.0014907768421742406,0.0006854662122279556
ladys,9.799022057598651e-06,0.0,6.552865240326333e-05,7.616291246977284e-05
ladyship,0.0,0.0,0.0002457324465122375,0.0
ladyships,0.0,0.0,9.8292978604895e-05,9.520364058721605e-06
lagged,0.0,0.0,1.6382163100815833e-05,0.0
lagging,4.8995110287993256e-06,0.0,0.0,0.0
lago,0.0,1.1245558004588187e-05,0.0,0.0
laid,0.0001518848418927791,7.871890603211732e-05,6.552865240326333e-05,0.00030465164987909137
lain,0.0,1.1245558004588187e-05,0.0,9.520364058721605e-06
laity,0.0,0.0,8.191081550407916e-06,0.0
lajdak,4.8995110287993256e-06,0.0,0.0,0.0
lake,0.0,0.000719715712293644,0.0,2.8561092176164816e-05
lakes,0.0,1.1245558004588187e-05,4.91464893024475e-05,0.0
lalliaz,0.0,2.2491116009176375e-05,0.0,0.0
lambs,4.8995110287993256e-06,0.0,0.0,0.0
lambton,0.0,0.0,8.191081550407916e-05,0.0
lame,1.9598044115197302e-05,0.0,0.0,9.520364058721605e-06
lameness,0.0,0.0,0.0,9.520364058721605e-06
lament,0.0,0.0,2.457324465122375e-05,0.0
lamentations,0.0,0.0,2.457324465122375e-05,0.0
lamented,0.0,0.0,8.191081550407916e-06,0.0
lamenting,4.8995110287993256e-06,0.0,8.191081550407916e-06,0.0
lamp,1.4698533086397977e-05,4.498223201835275e-05,0.0,0.00026657019364420494
lamplight,4.8995110287993256e-06,0.0,0.0,0.0
lamps,4.8995110287993256e-06,0.0,0.0,1.904072811744321e-05
lancaster,0.0,0.0,0.0,1.904072811744321e-05
lance,0.0,1.1245558004588187e-05,0.0,0.0
lancet,0.0,2.2491116009176375e-05,0.0,0.0
land,1.4698533086397977e-05,1.1245558004588187e-05,8.191081550407916e-06,8.568327652849445e-05
landau,0.0,0.0,0.0,3.808145623488642e-05
landed,0.0,3.3736674013764564e-05,0.0,9.520364058721605e-06
landing,2.9397066172795955e-05,0.0,8.191081550407916e-06,2.8561092176164816e-05
landlady,0.0002694731065839629,0.0,0.0,2.8561092176164816e-05
landladys,7.349266543198989e-05,0.0,0.0,9.520364058721605e-06
landlord,9.799022057598651e-06,0.0,1.6382163100815833e-05,4.760182029360803e-05
landowner,1.4698533086397977e-05,0.0,0.0,9.520364058721605e-06
landowners,0.0,0.0,0.0,9.520364058721605e-06
landscape,9.799022057598651e-06,0.0,0.0,9.520364058721605e-06
lane,0.0,0.0,8.191081550407916e-05,0.00021896837335059693
lanes,0.0,0.0,8.191081550407916e-06,9.520364058721605e-06
langham,0.0,0.0,0.0,9.520364058721605e-06
language,2.449755514399663e-05,4.498223201835275e-05,4.095540775203958e-05,9.520364058721605e-06
languages,4.8995110287993256e-06,0.0,8.191081550407916e-06,0.0
languid,4.8995110287993256e-06,0.0,0.0,1.904072811744321e-05
languidly,4.8995110287993256e-06,0.0,0.0,0.0
languor,0.0,0.0,8.191081550407916e-06,1.904072811744321e-05
lank,0.0,0.0,0.0,9.520364058721605e-06
lanky,4.8995110287993256e-06,0.0,0.0,0.0
lantern,9.799022057598651e-06,0.0,0.0,9.520364058721606e-05
lanterns,0.0,0.0,0.0,9.520364058721605e-06
lanyard,0.0,1.1245558004588187e-05,0.0,0.0
lap,0.0,1.1245558004588187e-05,0.0,4.760182029360803e-05
lapels,0.0,1.1245558004588187e-05,0.0,0.0
lapse,0.0,0.0,0.0,9.520364058721605e-06
larder,0.0,0.0,8.191081550407916e-06,0.0
large,9.309070954718719e-05,5.6227790022940935e-05,0.00018839487565938207,0.00039033492640758584
larger,9.799022057598651e-06,2.2491116009176375e-05,4.91464893024475e-05,6.664254841105123e-05
largest,0.0,0.0,8.191081550407916e-06,3.808145623488642e-05
larks,0.0,2.2491116009176375e-05,0.0,0.0
lascar,0.0,0.0,0.0,0.00011424436870465926
lash,1.4698533086397977e-05,0.0,0.0,3.808145623488642e-05
lashed,9.799022057598651e-06,0.0,0.0,1.904072811744321e-05
lashing,0.0,1.1245558004588187e-05,0.0,0.0
lassitude,0.0,0.0,0.0,9.520364058721605e-06
last,0.001366963577035012,0.00019117448607799918,0.000966547622948134,0.0009044345855785525
lasted,7.349266543198989e-05,2.2491116009176375e-05,2.457324465122375e-05,0.0
lasting,0.0,0.0,1.6382163100815833e-05,9.520364058721605e-06
lastly,0.0,0.0,8.191081550407916e-06,0.0
lasts,4.8995110287993256e-06,0.0,0.0,0.0
latch,4.4095599259193934e-05,0.0,0.0,9.520364058721605e-06
latched,9.799022057598651e-06,0.0,0.0,0.0
late,0.00028907115069916025,0.00020242004408258738,0.0001556305494577504,0.00026657019364420494
lately,4.4095599259193934e-05,0.0,9.8292978604895e-05,6.664254841105123e-05
lateness,0.0,0.0,0.0,9.520364058721605e-06
later,0.0003380662609871535,0.00025864783410552833,2.457324465122375e-05,0.0001428054608808241
lateral,0.0,0.0,0.0,9.520364058721605e-06
latest,4.8995110287993256e-06,0.0,8.191081550407916e-06,0.0
lathered,0.0,1.1245558004588187e-05,0.0,0.0
laths,0.0,1.1245558004588187e-05,0.0,0.0
latin,0.0,3.3736674013764564e-05,0.0,0.0
latisana,0.0,1.1245558004588187e-05,0.0,0.0
latrine,0.0,1.1245558004588187e-05,0.0,0.0
latrines,0.0,1.1245558004588187e-05,0.0,0.0
latter,0.00016168386395037774,0.0,0.00018020379410897414,9.520364058721606e-05
latterly,0.0,0.0,8.191081550407916e-06,0.0
latters,9.799022057598651e-06,0.0,0.0,0.0
laudable,0.0,0.0,8.191081550407916e-06,0.0
laudanum,0.0,0.0,0.0,9.520364058721605e-06
laugh,0.00018128190806557506,3.3736674013764564e-05,0.00014743946790734248,6.664254841105123e-05
laughed,0.00023517652938236764,0.00029238450811929287,9.010189705448707e-05,0.00019040728117443212
laughing,0.00030866919481435754,8.99644640367055e-05,9.010189705448707e-05,0.0001713665530569889
laughingly,0.0,0.0,1.6382163100815833e-05,0.0
laughs,4.8995110287993256e-06,0.0,0.0,0.0
laughter,0.00018128190806557506,1.1245558004588187e-05,1.6382163100815833e-05,4.760182029360803e-05
launched,4.8995110287993256e-06,0.0,0.0,0.0
laundry,4.8995110287993256e-06,0.0,0.0,0.0
laurel,0.0,0.0,8.191081550407916e-06,1.904072811744321e-05
lausanne,0.0,4.498223201835275e-05,0.0,0.0
lavender,4.8995110287993256e-06,0.0,0.0,0.0
lavish,4.8995110287993256e-06,0.0,0.0,0.0
lavished,9.799022057598651e-06,0.0,0.0,0.0
law,0.00014208581983518045,4.498223201835275e-05,0.00013105730480652666,0.00011424436870465926
lawful,4.8995110287993256e-06,0.0,0.0,0.0
lawfully,0.0,0.0,8.191081550407916e-06,0.0
lawgiver,4.8995110287993256e-06,0.0,0.0,0.0
lawn,0.0,0.0,4.91464893024475e-05,0.00011424436870465926
laws,4.8995110287993256e-06,0.0,8.191081550407916e-06,0.0
lawyer,4.899511028799326e-05,0.0,0.0,6.664254841105123e-05
lawyers,2.449755514399663e-05,0.0,0.0,0.0
lay,0.0003233677279007555,0.0005510323422248212,4.91464893024475e-05,0.00039985529046630743
layers,0.0,0.0,0.0,9.520364058721605e-06
laying,4.4095599259193934e-05,0.0,1.6382163100815833e-05,6.664254841105123e-05
lays,0.0,0.0,0.0,9.520364058721605e-06
lazarus,3.429657720159528e-05,0.0,0.0,0.0
lazily,1.9598044115197302e-05,0.0,0.0,1.904072811744321e-05
laziness,4.8995110287993256e-06,0.0,0.0,0.0
lazy,1.4698533086397977e-05,0.0,0.0,0.0
le,4.8995110287993256e-06,1.1245558004588187e-05,0.0,0.0
lead,4.899511028799326e-05,2.2491116009176375e-05,5.7337570852855414e-05,9.520364058721606e-05
leaden,9.799022057598651e-06,0.0,0.0,0.0
leadenhall,0.0,0.0,0.0,4.760182029360803e-05
leader,0.0,0.0,0.0,9.520364058721605e-06
leaders,9.799022057598651e-06,1.1245558004588187e-05,0.0,0.0
leading,8.819119851838787e-05,5.6227790022940935e-05,4.095540775203958e-05,2.8561092176164816e-05
leads,2.9397066172795955e-05,1.1245558004588187e-05,1.6382163100815833e-05,2.8561092176164816e-05
leaf,1.9598044115197302e-05,0.0,0.0,1.904072811744321e-05
leafy,0.0,1.1245558004588187e-05,0.0,0.0
league,0.0,2.2491116009176375e-05,0.0,0.0001428054608808241
leagues,0.0,1.1245558004588187e-05,0.0,0.0
leakage,0.0,0.0,0.0,9.520364058721605e-06
leaked,0.0,1.1245558004588187e-05,0.0,0.0
leaking,0.0,0.0,0.0,9.520364058721605e-06
lean,0.0,0.0,0.0,1.904072811744321e-05
leaned,5.389462131679259e-05,0.00010121002204129369,0.0,4.760182029360803e-05
leaning,1.4698533086397977e-05,2.2491116009176375e-05,8.191081550407916e-06,6.664254841105123e-05
leap,9.799022057598651e-06,0.0,0.0,0.0
leaped,9.799022057598651e-06,0.0,0.0,9.520364058721605e-06
leaping,4.8995110287993256e-06,0.0,0.0,0.0
leaps,0.0,0.0,0.0,9.520364058721605e-06
leapt,1.9598044115197302e-05,0.0,0.0,0.0
learn,2.9397066172795955e-05,0.00011245558004588187,8.191081550407916e-05,0.00010472400464593766
learned,5.879413234559191e-05,5.6227790022940935e-05,2.457324465122375e-05,9.520364058721606e-05
learning,1.4698533086397977e-05,1.1245558004588187e-05,8.191081550407916e-06,9.520364058721605e-06
learns,4.8995110287993256e-06,0.0,0.0,0.0
learnt,9.799022057598651e-05,0.0,0.00011467514170571083,0.0
lease,0.0,0.0,8.191081550407916e-06,0.0
least,0.0004164584374479427,3.3736674013764564e-05,0.0005324203007765145,0.0003427331061139778
leather,4.899511028799326e-05,0.00015743781206423464,0.0,5.712218435232963e-05
leatherhead,0.0,0.0,0.0,3.808145623488642e-05
leathers,0.0,1.1245558004588187e-05,0.0,0.0
leave,0.00034296577201595283,0.0006072601322477621,0.0005078470561252908,0.00045697747481863706
leaves,1.4698533086397977e-05,0.00013494669605505826,1.6382163100815833e-05,5.712218435232963e-05
leaving,0.00011758826469118382,5.6227790022940935e-05,0.00014743946790734248,8.568327652849445e-05
lebanon,0.0,0.0,0.0,9.520364058721605e-06
lebeziatnikov,0.0003527647940735515,0.0,0.0,0.0
lebeziatnikovs,1.9598044115197302e-05,0.0,0.0,0.0
lecture,0.0,0.0,0.0,9.520364058721605e-06
lecturer,9.799022057598651e-06,1.1245558004588187e-05,0.0,0.0
lectures,4.8995110287993256e-06,0.0,0.0,9.520364058721605e-06
led,6.859315440319056e-05,0.00015743781206423464,0.00014743946790734248,0.00023800910146804015
ledge,4.8995110287993256e-06,1.1245558004588187e-05,0.0,0.0
ledger,0.0,0.0,0.0,2.8561092176164816e-05
ledgers,0.0,0.0,0.0,9.520364058721605e-06
lee,0.0,0.0,0.0,6.664254841105123e-05
left,0.0006712330109455077,0.0006972245962844676,0.0005324203007765145,0.0008663531293436661
leg,3.9196088230394604e-05,0.0002698933921101165,0.0,6.664254841105123e-05
legacy,4.8995110287993256e-06,0.0,8.191081550407916e-06,0.0
legal,0.00012738728674878248,0.0,8.191081550407916e-06,3.808145623488642e-05
legality,4.8995110287993256e-06,0.0,0.0,0.0
legally,1.9598044115197302e-05,0.0,8.191081550407916e-06,0.0
legend,4.8995110287993256e-06,0.0,0.0,0.0
legged,0.0,0.0,0.0,3.808145623488642e-05
leggings,0.0,0.0,0.0,9.520364058721605e-06
legible,0.0,0.0,0.0,9.520364058721605e-06
legibly,4.8995110287993256e-06,0.0,0.0,0.0
legion,4.8995110287993256e-06,0.0,0.0,0.0
legislators,4.8995110287993256e-06,0.0,0.0,0.0
legitimate,4.8995110287993256e-06,3.3736674013764564e-05,0.0,0.0
legs,9.799022057598651e-05,0.00029238450811929287,0.0,6.664254841105123e-05
leisure,0.0,0.0,0.0001064840601553029,0.0
leisurely,0.0,0.0,8.191081550407916e-06,0.0
lemon,4.8995110287993256e-06,1.1245558004588187e-05,0.0,9.520364058721605e-06
lend,9.799022057598651e-06,1.1245558004588187e-05,8.191081550407916e-06,0.0
length,1.9598044115197302e-05,2.2491116009176375e-05,0.0002621146096130533,3.808145623488642e-05
lengthen,0.0,0.0,0.0,9.520364058721605e-06
lengthened,0.0,0.0,0.0,1.904072811744321e-05
lengths,0.0,1.1245558004588187e-05,0.0,9.520364058721605e-06
lengthy,0.0,0.0,0.0,9.520364058721605e-06
lenient,0.0,0.0,0.0,9.520364058721605e-06
lens,0.0,0.0,0.0,0.00011424436870465926
lenses,0.0,0.0,0.0,9.520364058721605e-06
lent,2.9397066172795955e-05,0.0,0.0,9.520364058721605e-06
les,4.8995110287993256e-06,1.1245558004588187e-05,0.0,0.0
lesercito,0.0,1.1245558004588187e-05,0.0,0.0
less,0.00012248777571998316,7.871890603211732e-05,0.0006389043609318175,0.000361773834231421
lessen,4.8995110287993256e-06,1.1245558004588187e-05,3.2764326201631665e-05,0.0
lessened,0.0,1.1245558004588187e-05,8.191081550407916e-06,0.0
lessening,4.8995110287993256e-06,0.0,8.191081550407916e-06,0.0
lesser,4.8995110287993256e-06,0.0,0.0,0.0
lesson,5.389462131679259e-05,0.0,1.6382163100815833e-05,0.0
lessons,8.819119851838787e-05,0.0,0.0,0.0
lest,0.0,0.0,6.552865240326333e-05,2.8561092176164816e-05
lestrade,0.0,0.0,0.0,0.0003522534701726994
lestrades,0.0,0.0,0.0,9.520364058721605e-06
let,0.0009652036726734671,0.0008771535243578786,0.0006143311162805937,0.0006569051200517908
lethargy,4.8995110287993256e-06,0.0,0.0,9.520364058721605e-06
lets,4.899511028799326e-05,0.0003935945301605866,0.0,1.904072811744321e-05
lett,4.8995110287993256e-06,0.0,0.0,0.0
letter,0.00030866919481435754,5.6227790022940935e-05,0.0009501654598473182,0.0002856109217616482
letters,6.369364337439124e-05,5.6227790022940935e-05,0.00012286622325611874,0.00025704982958548334
letting,2.449755514399663e-05,1.1245558004588187e-05,4.095540775203958e-05,0.0
letto,0.0,1.1245558004588187e-05,0.0,0.0
lettres,4.8995110287993256e-06,0.0,0.0,0.0
lettuce,0.0,1.1245558004588187e-05,0.0,0.0
level,4.899511028799326e-05,7.871890603211732e-05,0.0,3.808145623488642e-05
levelled,0.0,0.0,8.191081550407916e-06,0.0
levers,0.0,0.0,0.0,2.8561092176164816e-05
levées,4.8995110287993256e-06,0.0,0.0,0.0
lewes,4.8995110287993256e-06,0.0,0.0,0.0
lewis,0.0,0.0,2.457324465122375e-05,0.0
lheure,0.0,1.1245558004588187e-05,0.0,0.0
lhomme,0.0,0.0,0.0,9.520364058721605e-06
liable,9.799022057598651e-06,2.2491116009176375e-05,1.6382163100815833e-05,0.0
liaison,0.0,1.1245558004588187e-05,0.0,0.0
liar,4.8995110287993256e-06,0.0,0.0,9.520364058721605e-06
libel,9.799022057598651e-06,0.0,0.0,0.0
liberal,9.799022057598651e-06,0.0,4.095540775203958e-05,0.0
liberalism,4.8995110287993256e-06,0.0,0.0,0.0
liberality,4.8995110287993256e-06,0.0,1.6382163100815833e-05,0.0
liberally,0.0,0.0,1.6382163100815833e-05,0.0
liberated,0.0,0.0,0.0,9.520364058721605e-06
liberties,0.0,0.0,8.191081550407916e-06,9.520364058721605e-06
liberty,9.799022057598651e-06,0.0,5.7337570852855414e-05,3.808145623488642e-05
libraries,0.0,0.0,0.0,9.520364058721605e-06
library,0.0,1.1245558004588187e-05,0.00018839487565938207,1.904072811744321e-05
libya,0.0,1.1245558004588187e-05,0.0,0.0
lice,4.8995110287993256e-06,0.0,0.0,0.0
licence,4.8995110287993256e-06,0.0,1.6382163100815833e-05,0.0
license,9.799022057598651e-06,0.0,0.0,1.904072811744321e-05
licentiousness,0.0,0.0,8.191081550407916e-06,0.0
lichen,0.0,0.0,0.0,1.904072811744321e-05
licking,4.8995110287993256e-06,0.0,0.0,0.0
lid,4.8995110287993256e-06,0.0,0.0,2.8561092176164816e-05
lida,0.00010778924263358517,0.0,0.0,0.0
lidded,0.0,0.0,0.0,9.520364058721605e-06
lids,4.8995110287993256e-06,0.0,0.0,3.808145623488642e-05
lie,0.0001665833749791771,0.00016868337006882282,8.191081550407916e-06,8.568327652849445e-05
lied,4.8995110287993256e-06,3.3736674013764564e-05,0.0,0.0
lies,5.389462131679259e-05,0.0,8.191081550407916e-06,8.568327652849445e-05
lieu,0.0,0.0,1.6382163100815833e-05,0.0
lieutenant,4.4095599259193934e-05,0.00030363006612388105,0.0,0.0
lieutenants,0.0,1.1245558004588187e-05,8.191081550407916e-06,0.0
life,0.000661433988887909,0.00023615671809635195,0.0004587005668228433,0.00045697747481863706
lifeless,9.799022057598651e-06,0.0,0.0,9.520364058721605e-06
lifetime,9.799022057598651e-06,0.0,8.191081550407916e-06,0.0
lift,2.449755514399663e-05,5.6227790022940935e-05,3.2764326201631665e-05,0.0
lifted,8.329168748958855e-05,0.00016868337006882282,1.6382163100815833e-05,1.904072811744321e-05
lifting,1.9598044115197302e-05,3.3736674013764564e-05,0.0,0.0
light,0.00029397066172795954,0.0006859790382798795,0.00013924838635693458,0.0007140273044041204
lighted,7.349266543198989e-05,6.747334802752913e-05,8.191081550407916e-06,9.520364058721605e-06
lighten,0.0,0.0,0.0,9.520364058721605e-06
lightened,4.8995110287993256e-06,0.0,0.0,9.520364058721605e-06
lighter,9.799022057598651e-06,4.498223201835275e-05,0.0,9.520364058721605e-06
lightest,4.8995110287993256e-06,0.0,0.0,0.0
lightheaded,4.8995110287993256e-06,0.0,0.0,0.0
lighthearted,4.8995110287993256e-06,0.0,0.0,0.0
lighthouse,0.0,0.0,0.0,9.520364058721605e-06
lighting,1.4698533086397977e-05,0.0,0.0,2.8561092176164816e-05
lightly,4.8995110287993256e-06,1.1245558004588187e-05,0.0,0.0
lightness,0.0,1.1245558004588187e-05,8.191081550407916e-06,0.0
lightning,2.9397066172795955e-05,1.1245558004588187e-05,0.0,9.520364058721605e-06
lights,4.8995110287993256e-06,0.0002698933921101165,0.0,2.8561092176164816e-05
like,0.002229277518103693,0.002507759435023166,0.0006307132793814095,0.0009234753136959957
liked,0.00010778924263358517,0.00016868337006882282,0.00022115920186101373,1.904072811744321e-05
likelihood,0.0,0.0,4.095540775203958e-05,0.0
likely,0.0001322867977775818,2.2491116009176375e-05,0.0003112610989155008,0.00022848873740931853
likeness,0.0,0.0,2.457324465122375e-05,0.0
likes,2.449755514399663e-05,1.1245558004588187e-05,7.371973395367124e-05,0.0
likewise,4.8995110287993256e-06,0.0,0.00013924838635693458,0.0
liking,1.4698533086397977e-05,0.0,1.6382163100815833e-05,9.520364058721605e-06
lilac,4.8995110287993256e-06,0.0,0.0,0.0
limb,4.8995110287993256e-06,0.0,0.0,1.904072811744321e-05
limbs,4.8995110287993256e-06,0.0,0.0,6.664254841105123e-05
lime,0.0,0.0,0.0,2.8561092176164816e-05
limit,1.4698533086397977e-05,0.0,0.0,9.520364058721605e-06
limited,0.0,0.0,0.0,9.520364058721605e-06
limits,4.8995110287993256e-06,0.0,8.191081550407916e-06,2.8561092176164816e-05
limp,0.0,1.1245558004588187e-05,0.0,2.8561092176164816e-05
limped,0.0,1.1245558004588187e-05,0.0,9.520364058721605e-06
limping,0.0,1.1245558004588187e-05,0.0,9.520364058721605e-06
limps,0.0,0.0,0.0,9.520364058721605e-06
line,6.369364337439124e-05,0.0005960145742431739,6.552865240326333e-05,0.0001808869171157105
lined,9.799022057598651e-06,7.871890603211732e-05,0.0,5.712218435232963e-05
linen,0.00011758826469118382,0.0,0.0,3.808145623488642e-05
lines,4.4095599259193934e-05,8.99644640367055e-05,7.371973395367124e-05,5.712218435232963e-05
linger,4.8995110287993256e-06,0.0,0.0,0.0
lingered,1.4698533086397977e-05,0.0,0.0,0.0
lingering,9.799022057598651e-06,0.0,8.191081550407916e-06,9.520364058721605e-06
lining,9.799022057598651e-06,0.0,0.0,3.808145623488642e-05
link,0.0,0.0,0.0,3.808145623488642e-05
linked,0.0,0.0,0.0,9.520364058721605e-06
links,0.0,0.0,0.0,9.520364058721605e-06
linoleum,0.0,0.0,0.0,9.520364058721605e-06
lip,3.9196088230394604e-05,0.0,0.0,9.520364058721606e-05
lipped,0.0,0.0,0.0,9.520364058721605e-06
lippevechsel,1.9598044115197302e-05,0.0,0.0,0.0
lippevechsels,1.9598044115197302e-05,0.0,0.0,0.0
lips,0.00027437261761276225,6.747334802752913e-05,7.371973395367124e-05,0.0001713665530569889
liqueur,0.0,1.1245558004588187e-05,0.0,0.0
liquid,0.0,1.1245558004588187e-05,0.0,0.0
liquor,4.8995110287993256e-06,0.0,0.0,0.0
lira,0.0,7.871890603211732e-05,0.0,0.0
lire,0.0,0.00024740227610094015,0.0,0.0
lisbon,4.8995110287993256e-06,0.0,0.0,0.0
lisp,4.8995110287993256e-06,0.0,0.0,0.0
list,0.0,2.2491116009176375e-05,2.457324465122375e-05,3.808145623488642e-05
listed,0.0,1.1245558004588187e-05,0.0,0.0
listen,0.0002841716396703609,0.00010121002204129369,9.8292978604895e-05,6.664254841105123e-05
listened,0.0001665833749791771,0.00010121002204129369,0.00017201271255856622,0.0001713665530569889
listener,1.4698533086397977e-05,0.0,2.457324465122375e-05,0.0
listeners,1.4698533086397977e-05,0.0,0.0,0.0
listening,0.0001665833749791771,2.2491116009176375e-05,8.191081550407916e-05,2.8561092176164816e-05
listens,9.799022057598651e-06,0.0,0.0,0.0
listless,9.799022057598651e-06,0.0,0.0,1.904072811744321e-05
listlessly,9.799022057598651e-06,0.0,0.0,0.0
listlessness,4.8995110287993256e-06,0.0,0.0,0.0
lit,0.0,2.2491116009176375e-05,0.0,0.00015232582493954569
literally,4.4095599259193934e-05,2.2491116009176375e-05,0.0,0.0
literary,3.9196088230394604e-05,0.0,0.0,9.520364058721605e-06
literature,1.4698533086397977e-05,0.0,0.0,1.904072811744321e-05
lithe,0.0,0.0,0.0,9.520364058721605e-06
litigation,4.8995110287993256e-06,0.0,0.0,0.0
litter,0.0,0.0,0.0,9.520364058721605e-06
littered,4.8995110287993256e-06,0.0,0.0,0.0
little,0.001415958687323005,0.0018105348387386982,0.0015481144130270962,0.002560977931796112
live,0.0003037696837855582,0.00025864783410552833,0.00017201271255856622,0.0001428054608808241
lived,9.799022057598651e-05,0.00019117448607799918,0.00011467514170571083,0.00011424436870465926
liveliest,0.0,0.0,2.457324465122375e-05,0.0
livelihood,4.8995110287993256e-06,0.0,0.0,0.0
liveliness,4.8995110287993256e-06,0.0,3.2764326201631665e-05,0.0
lively,3.429657720159528e-05,0.0,0.00012286622325611874,0.0
liver,0.0,3.3736674013764564e-05,0.0,9.520364058721605e-06
liverpool,0.0,0.0,8.191081550407916e-06,0.0
livers,0.0,1.1245558004588187e-05,0.0,0.0
livery,0.0,0.0,1.6382163100815833e-05,0.0
lives,6.859315440319056e-05,0.0,3.2764326201631665e-05,7.616291246977284e-05
liveth,4.8995110287993256e-06,0.0,0.0,0.0
livid,0.0,0.0,0.0,9.520364058721605e-06
living,0.00022047799629596967,3.3736674013764564e-05,0.00019658595720979,8.568327652849445e-05
livings,0.0,0.0,8.191081550407916e-06,0.0
livingstones,4.8995110287993256e-06,0.0,0.0,0.0
lizaveta,0.00025967408452636426,0.0,0.0,0.0
lizavetas,3.429657720159528e-05,0.0,0.0,0.0
lizzie,0.0,0.0,1.6382163100815833e-05,0.0
lizzy,0.0,0.0,0.0007617705841879361,0.0
lizzys,0.0,0.0,1.6382163100815833e-05,0.0
lloyds,0.0,0.0,0.0,9.520364058721605e-06
load,1.9598044115197302e-05,5.6227790022940935e-05,0.0,0.0
loaded,4.8995110287993256e-06,8.99644640367055e-05,0.0,0.0
loading,0.0,1.1245558004588187e-05,0.0,9.520364058721605e-06
loads,0.0,1.1245558004588187e-05,0.0,0.0
loaf,1.4698533086397977e-05,0.0,0.0,9.520364058721605e-06
loafer,0.0,1.1245558004588187e-05,0.0,2.8561092176164816e-05
loafing,0.0,0.0,0.0,9.520364058721605e-06
loan,4.8995110287993256e-06,2.2491116009176375e-05,0.0,0.0
loaned,0.0,1.1245558004588187e-05,0.0,0.0
loans,0.0,0.0,0.0,9.520364058721605e-06
loathe,4.8995110287993256e-06,0.0,0.0,0.0
loathed,4.8995110287993256e-06,0.0,0.0,9.520364058721605e-06
loathing,2.9397066172795955e-05,0.0,0.0,9.520364058721605e-06
loathsome,6.369364337439124e-05,0.0,0.0,9.520364058721605e-06
loathsomeness,4.8995110287993256e-06,0.0,0.0,0.0
lobby,0.0,0.0,8.191081550407916e-06,0.0
lobe,0.0,1.1245558004588187e-05,0.0,0.0
lobster,4.8995110287993256e-06,0.0,0.0,9.520364058721605e-06
local,0.0,3.3736674013764564e-05,8.191081550407916e-06,4.760182029360803e-05
locality,4.8995110287993256e-06,0.0,0.0,9.520364058721605e-06
locarno,0.0,0.00012370113805047008,0.0,0.0
locate,0.0,1.1245558004588187e-05,0.0,0.0
lock,8.819119851838787e-05,0.0,8.191081550407916e-06,0.00015232582493954569
locked,0.00012248777571998316,6.747334802752913e-05,0.0,0.0001713665530569889
locker,0.0,1.1245558004588187e-05,0.0,0.0
locket,0.0,0.0,0.0,1.904072811744321e-05
locking,4.8995110287993256e-06,0.0,0.0,0.0
locks,9.799022057598651e-06,0.0,0.0,0.0
locksmiths,4.8995110287993256e-06,0.0,0.0,0.0
locus,0.0,0.0,0.0,9.520364058721605e-06
lodge,2.449755514399663e-05,2.2491116009176375e-05,6.552865240326333e-05,0.0001808869171157105
lodged,2.449755514399663e-05,0.0,0.0,0.0
lodger,4.8995110287993256e-06,0.0,0.0,1.904072811744321e-05
lodgers,9.799022057598651e-05,0.0,0.0,0.0
lodges,9.799022057598651e-06,0.0,1.6382163100815833e-05,0.0
lodging,0.0001910809301231737,0.0,0.0,9.520364058721605e-06
lodgings,0.00013718630880638113,0.0,4.095540775203958e-05,7.616291246977284e-05
loftily,9.799022057598651e-06,0.0,0.0,9.520364058721605e-06
lofty,9.799022057598651e-06,0.0,8.191081550407916e-06,0.0
log,1.4698533086397977e-05,4.498223201835275e-05,0.0,0.0
logic,1.4698533086397977e-05,0.0,0.0,1.904072811744321e-05
logical,3.9196088230394604e-05,1.1245558004588187e-05,0.0,2.8561092176164816e-05
logically,9.799022057598651e-06,0.0,0.0,0.0
logician,0.0,0.0,0.0,9.520364058721605e-06
logs,4.8995110287993256e-06,3.3736674013764564e-05,0.0,0.0
loitering,0.0,0.0,0.0,9.520364058721605e-06
lom,0.0,1.1245558004588187e-05,0.0,0.0
lombard,0.0,1.1245558004588187e-05,0.0,0.0
london,0.0,0.0,0.00043412732217161954,0.00039033492640758584
londoners,0.0,0.0,0.0,9.520364058721605e-06
lone,0.0,0.0,0.0,5.712218435232963e-05
lonelier,4.8995110287993256e-06,0.0,0.0,9.520364058721605e-06
loneliness,0.0,1.1245558004588187e-05,0.0,0.0
lonely,0.0,7.871890603211732e-05,0.0,5.712218435232963e-05
lonesome,0.0,1.1245558004588187e-05,0.0,0.0
long,0.000886811496212678,0.0014506769825918763,0.0009419743782969103,0.0008282716731087797
longbourn,0.0,0.0,0.0007208151764358966,0.0
longed,5.879413234559191e-05,0.0,7.371973395367124e-05,9.520364058721605e-06
longer,6.369364337439124e-05,6.747334802752913e-05,0.0003604075882179483,9.520364058721606e-05
longing,1.9598044115197302e-05,0.0,1.6382163100815833e-05,0.0
loo,0.0,0.0,1.6382163100815833e-05,0.0
look,0.0009358066065006713,0.0006522423642661149,0.0004587005668228433,0.0006949865762866772
looked,0.0014355567314382025,0.0026089694570644597,0.0006143311162805937,0.0004855385669948019
looking,0.001053394871191855,0.0008321712923395259,0.00027030569116346124,0.0005140996591709667
lookout,0.0,0.0,0.0,9.520364058721605e-06
looks,6.859315440319056e-05,4.498223201835275e-05,0.0001064840601553029,0.00011424436870465926
loomed,0.0,0.0,0.0,1.904072811744321e-05
looming,0.0,0.0,0.0,9.520364058721605e-06
loop,4.8995110287993256e-06,0.0,0.0,2.8561092176164816e-05
loophole,0.0,0.0,0.0,9.520364058721605e-06
loose,3.9196088230394604e-05,5.6227790022940935e-05,8.191081550407916e-06,5.712218435232963e-05
loosed,0.0,0.0,0.0,9.520364058721605e-06
loosely,0.0,1.1245558004588187e-05,0.0,0.0
loosen,0.0,1.1245558004588187e-05,0.0,0.0
loosened,0.0,1.1245558004588187e-05,0.0,9.520364058721605e-06
lootenant,0.0,1.1245558004588187e-05,0.0,0.0
lord,7.839217646078921e-05,4.498223201835275e-05,9.8292978604895e-05,0.00039033492640758584
lords,4.8995110287993256e-06,0.0,0.0,9.520364058721605e-06
lordship,0.0,0.0,0.0,9.520364058721605e-06
lose,0.00010778924263358517,5.6227790022940935e-05,9.010189705448707e-05,9.520364058721606e-05
loser,0.0,0.0,8.191081550407916e-06,0.0
loses,0.0,2.2491116009176375e-05,0.0,0.0
losing,4.4095599259193934e-05,6.747334802752913e-05,8.191081550407916e-06,2.8561092176164816e-05
loss,1.9598044115197302e-05,0.0,0.00013924838635693458,9.520364058721606e-05
losses,0.0,0.0,8.191081550407916e-06,0.0
lost,0.0003184682168719562,0.00020242004408258738,0.00023754136496182955,0.00026657019364420494
lot,9.309070954718719e-05,0.00013494669605505826,1.6382163100815833e-05,4.760182029360803e-05
lothman,0.0,0.0,0.0,9.520364058721605e-06
lots,2.449755514399663e-05,4.498223201835275e-05,0.0,0.0
lottery,1.4698533086397977e-05,0.0,2.457324465122375e-05,0.0
loud,8.329168748958855e-05,5.6227790022940935e-05,1.6382163100815833e-05,2.8561092176164816e-05
louder,2.449755514399663e-05,0.0,8.191081550407916e-06,2.8561092176164816e-05
loudly,6.369364337439124e-05,1.1245558004588187e-05,1.6382163100815833e-05,5.712218435232963e-05
loudness,4.8995110287993256e-06,0.0,0.0,0.0
louisa,0.0,0.0,4.91464893024475e-05,0.0
louisiana,0.0,0.0,0.0,9.520364058721605e-06
lounged,0.0,0.0,0.0,2.8561092176164816e-05
loungers,0.0,0.0,0.0,1.904072811744321e-05
lounging,4.8995110287993256e-06,0.0,0.0,4.760182029360803e-05
louse,6.859315440319056e-05,0.0,0.0,0.0
louvain,4.8995110287993256e-06,0.0,0.0,0.0
love,0.0003625638161311501,0.0008434168503441141,0.0007535795026375283,0.0001713665530569889
loved,0.00010778924263358517,0.00015743781206423464,8.191081550407916e-05,4.760182029360803e-05
loveliest,0.0,0.0,8.191081550407916e-06,0.0
loveliness,0.0,0.0,1.6382163100815833e-05,0.0
lovely,0.0,0.0007646979443119967,2.457324465122375e-05,4.760182029360803e-05
lover,1.4698533086397977e-05,0.0,4.095540775203958e-05,6.664254841105123e-05
lovers,0.0,0.0,3.2764326201631665e-05,9.520364058721605e-06
loves,5.879413234559191e-05,4.498223201835275e-05,1.6382163100815833e-05,3.808145623488642e-05
loving,9.799022057598651e-06,5.6227790022940935e-05,1.6382163100815833e-05,2.8561092176164816e-05
low,7.839217646078921e-05,0.000179928928073411,6.552865240326333e-05,0.0001713665530569889
lower,4.899511028799326e-05,2.2491116009176375e-05,3.2764326201631665e-05,6.664254841105123e-05
lowered,1.4698533086397977e-05,3.3736674013764564e-05,0.0,9.520364058721605e-06
lowering,0.0,1.1245558004588187e-05,0.0,0.0
lowest,0.0,0.0,8.191081550407916e-06,1.904072811744321e-05
lowliest,0.0,0.0,0.0,9.520364058721605e-06
lowness,0.0,0.0,8.191081550407916e-06,0.0
lucas,0.0,0.0,0.0005324203007765145,0.0
lucases,0.0,0.0,0.00011467514170571083,0.0
lucass,0.0,0.0,4.095540775203958e-05,0.0
lucid,0.0,0.0,0.0,9.520364058721605e-06
luck,2.9397066172795955e-05,0.00016868337006882282,3.2764326201631665e-05,1.904072811744321e-05
luckiest,0.0,0.0,8.191081550407916e-06,0.0
luckily,4.8995110287993256e-06,0.0,3.2764326201631665e-05,0.0
luckless,1.4698533086397977e-05,0.0,8.191081550407916e-06,0.0
lucky,9.799022057598651e-06,5.6227790022940935e-05,4.91464893024475e-05,2.8561092176164816e-05
lucrative,0.0,0.0,0.0,9.520364058721605e-06
lucy,0.0,0.0,0.0,2.8561092176164816e-05
ludwigovna,4.899511028799326e-05,0.0,0.0,0.0
luge,0.0,8.99644640367055e-05,0.0,0.0
luggage,4.8995110287993256e-06,2.2491116009176375e-05,0.0,9.520364058721605e-06
luigi,0.0,2.2491116009176375e-05,0.0,0.0
luino,0.0,4.498223201835275e-05,0.0,0.0
luise,4.4095599259193934e-05,0.0,0.0,0.0
lullaby,4.8995110287993256e-06,0.0,0.0,0.0
lumber,0.0,0.0,0.0,2.8561092176164816e-05
lump,4.8995110287993256e-06,0.0,0.0,0.0
lumps,4.8995110287993256e-06,0.0,0.0,0.0
lunatic,4.8995110287993256e-06,0.0,0.0,9.520364058721605e-06
lunch,2.449755514399663e-05,0.00024740227610094015,0.0,5.712218435232963e-05
luncheon,0.0,0.0,8.191081550407916e-06,9.520364058721605e-06
lungs,4.8995110287993256e-06,1.1245558004588187e-05,0.0,0.0
lurched,9.799022057598651e-06,1.1245558004588187e-05,0.0,9.520364058721605e-06
lure,0.0,0.0,0.0,9.520364058721605e-06
lured,0.0,0.0,0.0,9.520364058721605e-06
lurid,0.0,0.0,0.0,1.904072811744321e-05
lurking,0.0,0.0,8.191081550407916e-06,9.520364058721605e-06
lust,0.0,1.1245558004588187e-05,0.0,2.8561092176164816e-05
lustre,0.0,0.0,8.191081550407916e-06,9.520364058721605e-06
lustreless,4.8995110287993256e-06,0.0,0.0,0.0
lustrous,0.0,0.0,0.0,9.520364058721605e-06
lusts,4.8995110287993256e-06,0.0,0.0,0.0
luxuriant,0.0,0.0,0.0,9.520364058721605e-06
luxuries,4.8995110287993256e-06,0.0,0.0,9.520364058721605e-06
luxurious,9.799022057598651e-06,1.1245558004588187e-05,0.0,9.520364058721605e-06
luxury,9.799022057598651e-06,1.1245558004588187e-05,0.0,0.0
luzhin,0.0005046496359663305,0.0,0.0,0.0
luzhins,4.899511028799326e-05,0.0,0.0,0.0
lycurgus,9.799022057598651e-06,0.0,0.0,0.0
lydia,0.0,0.0,0.0010894138462042527,0.0
lydias,0.0,0.0,0.0003112610989155008,0.0
lying,0.0003331667499583542,0.00025864783410552833,8.191081550407916e-06,0.00013328509682210247
lymph,4.8995110287993256e-06,0.0,0.0,0.0
lyon,0.0,0.0,0.0,9.520364058721605e-06
lyrico,0.0,1.1245558004588187e-05,0.0,0.0
lysander,0.0,0.0,0.0,6.664254841105123e-05
lysol,0.0,1.1245558004588187e-05,0.0,0.0
lœuvre,0.0,0.0,0.0,9.520364058721605e-06
m,0.0,1.1245558004588187e-05,8.191081550407916e-06,9.520364058721605e-06
maam,0.0,1.1245558004588187e-05,6.552865240326333e-05,0.0
mac,0.0,5.6227790022940935e-05,0.0,0.0
macaroni,0.0,4.498223201835275e-05,0.0,0.0
macedonias,0.0,1.1245558004588187e-05,0.0,0.0
machine,0.0,0.00021366560208717556,0.0,0.00015232582493954569
machinery,0.0,0.0,0.0,1.904072811744321e-05
machines,0.0,1.1245558004588187e-05,0.0,0.0
mack,4.8995110287993256e-06,0.0,0.0,0.0
mad,0.000225377507324769,2.2491116009176375e-05,0.0,0.00015232582493954569
madam,5.879413234559191e-05,0.0,0.00016382163100815833,0.00011424436870465926
madame,7.349266543198989e-05,7.871890603211732e-05,0.0,9.520364058721605e-06
maddened,4.8995110287993256e-06,0.0,0.0,0.0
maddening,0.0,0.0,0.0,1.904072811744321e-05
madder,4.8995110287993256e-06,0.0,0.0,0.0
made,0.001126887536623845,0.0006972245962844676,0.0010402673569018053,0.001037719682400655
madeira,9.799022057598651e-06,0.0,0.0,0.0
mademoiselle,1.4698533086397977e-05,0.0,0.0,0.0
mademoiselles,0.0,0.0,0.0,9.520364058721605e-06
madhouse,9.799022057598651e-06,0.0,0.0,0.0
madly,0.0,0.0,0.0,9.520364058721605e-06
madman,6.859315440319056e-05,0.0,0.0,9.520364058721605e-06
madmen,1.4698533086397977e-05,0.0,0.0,0.0
madness,1.4698533086397977e-05,1.1245558004588187e-05,0.0,9.520364058721605e-06
madonna,9.799022057598651e-06,0.0,0.0,0.0
madonnas,9.799022057598651e-06,0.0,0.0,0.0
madre,0.0,1.1245558004588187e-05,0.0,0.0
madwoman,9.799022057598651e-06,0.0,0.0,0.0
magazine,1.4698533086397977e-05,1.1245558004588187e-05,0.0,0.0
magazines,4.8995110287993256e-06,3.3736674013764564e-05,0.0,0.0
magenta,0.0,1.1245558004588187e-05,0.0,0.0
maggie,0.0,0.0,0.0,1.904072811744321e-05
maggiore,0.0,0.00013494669605505826,0.0,0.0
magician,0.0,0.0,0.0,9.520364058721605e-06
magistrate,0.0,0.0,8.191081550407916e-06,1.904072811744321e-05
magistrates,0.0,0.0,0.0,9.520364058721605e-06
magnanimity,4.8995110287993256e-06,0.0,0.0,0.0
magnanimous,9.799022057598651e-06,0.0,0.0,0.0
magnificent,2.449755514399663e-05,2.2491116009176375e-05,0.0,1.904072811744321e-05
magnifico,0.0,0.0,0.0,9.520364058721605e-06
magnifying,0.0,0.0,0.0,2.8561092176164816e-05
magnitude,0.0,0.0,8.191081550407916e-06,0.0
magyars,0.0,1.1245558004588187e-05,0.0,0.0
mahogany,0.0,1.1245558004588187e-05,0.0,9.520364058721605e-06
mahomet,1.4698533086397977e-05,0.0,0.0,0.0
maid,4.8995110287993256e-06,2.2491116009176375e-05,2.457324465122375e-05,0.0002094480092918753
maiden,4.8995110287993256e-06,0.0,8.191081550407916e-06,3.808145623488642e-05
maidish,4.8995110287993256e-06,0.0,0.0,0.0
maids,0.0,0.0,0.0,2.8561092176164816e-05
maidservants,4.8995110287993256e-06,0.0,0.0,0.0
mail,9.799022057598651e-06,0.0,0.0,1.904072811744321e-05
main,9.799022057598651e-06,0.00023615671809635195,0.0,6.664254841105123e-05
mainland,4.8995110287993256e-06,0.0,0.0,0.0
maintain,2.9397066172795955e-05,0.0,8.191081550407916e-06,0.0
maintained,5.389462131679259e-05,0.0,1.6382163100815833e-05,0.0
maintaining,0.0,0.0,8.191081550407916e-06,0.0
maintenance,0.0,0.0,0.0,9.520364058721605e-06
majestic,4.8995110287993256e-06,0.0,0.0,0.0
majesty,4.8995110287993256e-06,0.0,0.0,0.00015232582493954569
majestys,0.0,0.0,0.0,1.904072811744321e-05
major,1.9598044115197302e-05,0.000775943502316585,0.0,5.712218435232963e-05
majority,4.8995110287993256e-06,0.0,0.0,0.0
majors,0.0,5.6227790022940935e-05,0.0,0.0
make,0.0009799022057598653,0.0008546624083487022,0.001367910618918122,0.0006949865762866772
maker,4.8995110287993256e-06,0.0,0.0,9.520364058721605e-06
makers,0.0,0.0,0.0,9.520364058721605e-06
makes,0.00011758826469118382,0.00019117448607799918,5.7337570852855414e-05,8.568327652849445e-05
making,0.0002645735955551636,0.00014619225405964643,0.00029487893581468496,0.00016184618899826728
makings,0.0,0.0,0.0,9.520364058721605e-06
malaria,0.0,3.3736674013764564e-05,0.0,0.0
malay,0.0,0.0,0.0,9.520364058721605e-06
malaya,4.8995110287993256e-06,0.0,0.0,0.0
male,4.8995110287993256e-06,0.0,8.191081550407916e-06,2.8561092176164816e-05
malice,1.4698533086397977e-05,0.0,1.6382163100815833e-05,0.0
malicious,2.449755514399663e-05,0.0,1.6382163100815833e-05,0.0
maliciously,1.9598044115197302e-05,0.0,0.0,0.0
malignance,4.8995110287993256e-06,0.0,0.0,0.0
malignant,3.429657720159528e-05,0.0,0.0,9.520364058721605e-06
malignantly,1.4698533086397977e-05,0.0,0.0,0.0
mall,0.0,0.0,0.0,9.520364058721605e-06
mama,0.0,8.99644640367055e-05,0.0,0.0
mamma,8.329168748958855e-05,0.0,9.010189705448707e-05,0.0
mammas,1.4698533086397977e-05,0.0,0.0,0.0
mammy,9.799022057598651e-06,0.0,0.0,0.0
man,0.0022488755622188904,0.000899644640367055,0.0011877068248091478,0.002751385212970544
manage,3.429657720159528e-05,2.2491116009176375e-05,2.457324465122375e-05,2.8561092176164816e-05
managed,5.879413234559191e-05,0.0,8.191081550407916e-06,9.520364058721606e-05
management,0.0,0.0,3.2764326201631665e-05,1.904072811744321e-05
manager,0.0,7.871890603211732e-05,8.191081550407916e-06,6.664254841105123e-05
manageress,0.0,0.0,0.0,9.520364058721605e-06
managing,4.8995110287993256e-06,0.0,0.0,9.520364058721605e-06
manera,0.0,0.00019117448607799918,0.0,0.0
manes,4.8995110287993256e-06,0.0,0.0,0.0
mangled,0.0,0.0,0.0,9.520364058721605e-06
mangot,4.8995110287993256e-06,0.0,0.0,0.0
mangy,4.8995110287993256e-06,0.0,0.0,0.0
mania,4.8995110287993256e-06,0.0,0.0,9.520364058721605e-06
maniac,9.799022057598651e-06,0.0,0.0,0.0
maniacs,4.8995110287993256e-06,0.0,0.0,0.0
manifestations,4.8995110287993256e-06,0.0,0.0,9.520364058721605e-06
manifested,0.0,0.0,0.0,9.520364058721605e-06
manifold,0.0,0.0,8.191081550407916e-06,9.520364058721605e-06
mankind,3.9196088230394604e-05,0.0,8.191081550407916e-06,9.520364058721605e-06
manly,4.8995110287993256e-06,0.0,0.0,0.0
manner,6.369364337439124e-05,2.2491116009176375e-05,0.00078634382883916,0.00026657019364420494
mannered,4.8995110287993256e-06,1.1245558004588187e-05,0.0,0.0
manners,4.4095599259193934e-05,3.3736674013764564e-05,0.00037678975131876413,1.904072811744321e-05
manoeuvre,4.8995110287993256e-06,0.0,0.0,0.0
manor,0.0,0.0,1.6382163100815833e-05,2.8561092176164816e-05
mans,8.819119851838787e-05,3.3736674013764564e-05,4.095540775203958e-05,0.00013328509682210247
mansion,0.0,0.0,1.6382163100815833e-05,9.520364058721605e-06
mansions,0.0,0.0,0.0,9.520364058721605e-06
mantegna,0.0,1.1245558004588187e-05,0.0,0.0
mantel,0.0,0.0,2.457324465122375e-05,0.0
mantelpiece,0.0,0.0,0.0,5.712218435232963e-05
mantle,9.799022057598651e-06,0.0,0.0,0.0
manual,0.0,0.0,0.0,1.904072811744321e-05
manuals,9.799022057598651e-06,0.0,0.0,0.0
manufactory,0.0,0.0,0.0,9.520364058721605e-06
manuscript,4.8995110287993256e-06,0.0,0.0,0.0
manuscripts,4.8995110287993256e-06,0.0,0.0,0.0
many,0.0003674633271599494,0.0010008546624083487,0.000974738704498542,0.00039985529046630743
manzoni,0.0,3.3736674013764564e-05,0.0,0.0
manœuvre,0.0,0.0,8.191081550407916e-06,0.0
map,0.0,0.0,0.0,2.8561092176164816e-05
maps,0.0,1.1245558004588187e-05,0.0,0.0
marbank,0.0,0.0,0.0,1.904072811744321e-05
marble,9.799022057598651e-06,7.871890603211732e-05,0.0,9.520364058721605e-06
marbles,0.0,1.1245558004588187e-05,0.0,0.0
marc,0.0,1.1245558004588187e-05,0.0,0.0
march,9.799022057598651e-06,3.3736674013764564e-05,1.6382163100815833e-05,5.712218435232963e-05
marched,0.0,2.2491116009176375e-05,0.0,0.0
marching,0.0,5.6227790022940935e-05,0.0,0.0
mare,7.349266543198989e-05,0.0,0.0,0.0
marfa,0.0003821618602463474,0.0,0.0,0.0
margaux,0.0,1.1245558004588187e-05,0.0,0.0
margin,0.0,0.0,0.0,9.520364058721605e-06
margins,0.0,0.0,0.0,9.520364058721605e-06
maria,4.8995110287993256e-06,2.2491116009176375e-05,0.00014743946790734248,0.0
marias,0.0,0.0,1.6382163100815833e-05,0.0
marines,0.0,0.0,0.0,9.520364058721605e-06
mark,1.9598044115197302e-05,2.2491116009176375e-05,3.2764326201631665e-05,9.520364058721606e-05
marked,6.859315440319056e-05,3.3736674013764564e-05,0.00011467514170571083,9.520364058721606e-05
marker,0.0,1.1245558004588187e-05,0.0,0.0
market,0.0001322867977775818,2.2491116009176375e-05,1.6382163100815833e-05,8.568327652849445e-05
marking,4.8995110287993256e-06,0.0,0.0,0.0
marks,4.8995110287993256e-06,1.1245558004588187e-05,1.6382163100815833e-05,9.520364058721606e-05
marlborough,9.799022057598651e-06,0.0,0.0,0.0
marm,0.0,0.0,0.0,9.520364058721605e-06
marmeladov,0.00018128190806557506,0.0,0.0,0.0
marmeladovs,2.449755514399663e-05,0.0,0.0,0.0
marriage,0.0001518848418927791,0.0,0.0005488024638773304,0.00025704982958548334
marriages,4.8995110287993256e-06,0.0,0.0,0.0
married,0.0001126887536623845,0.0004610678781881157,0.000483273811474067,0.00023800910146804015
marries,0.0,0.0,8.191081550407916e-06,0.0
marron,0.0,1.1245558004588187e-05,0.0,0.0
marry,7.349266543198989e-05,0.00011245558004588187,0.00035221650666754036,6.664254841105123e-05
marrying,3.429657720159528e-05,0.0,0.00018839487565938207,1.904072811744321e-05
mars,4.8995110287993256e-06,0.0,0.0,0.0
marsala,0.0,2.2491116009176375e-05,0.0,0.0
marseilles,0.0,1.1245558004588187e-05,0.0,9.520364058721605e-06
marsh,0.0,2.2491116009176375e-05,0.0,0.0
marshals,4.8995110287993256e-06,0.0,0.0,0.0
marshes,0.0,3.3736674013764564e-05,0.0,0.0
marshy,0.0,0.0,0.0,9.520364058721605e-06
martha,2.449755514399663e-05,0.0,0.0,0.0
martialled,0.0,2.2491116009176375e-05,0.0,0.0
martini,0.0,3.3736674013764564e-05,0.0,0.0
martinis,0.0,1.1245558004588187e-05,0.0,0.0
martyrdom,4.8995110287993256e-06,0.0,0.0,9.520364058721605e-06
marvell,0.0,1.1245558004588187e-05,0.0,0.0
marvelled,1.4698533086397977e-05,0.0,0.0,0.0
mary,1.9598044115197302e-05,4.498223201835275e-05,0.0003112610989155008,0.0002094480092918753
marys,0.0,0.0,8.191081550407916e-06,0.0
masculine,0.0,1.1245558004588187e-05,0.0,9.520364058721605e-06
mashers,0.0,3.3736674013764564e-05,0.0,0.0
mask,9.799022057598651e-06,0.00024740227610094015,0.0,4.760182029360803e-05
masked,0.0,0.0,0.0,9.520364058721605e-06
masks,0.0,1.1245558004588187e-05,0.0,0.0
masonry,0.0,0.0,0.0,9.520364058721605e-06
masons,0.0,2.2491116009176375e-05,0.0,0.0
masquerader,0.0,1.1245558004588187e-05,0.0,0.0
mass,2.449755514399663e-05,1.1245558004588187e-05,0.0,1.904072811744321e-05
massacre,4.8995110287993256e-06,0.0,0.0,0.0
massage,0.0,1.1245558004588187e-05,0.0,0.0
masses,9.799022057598651e-06,0.0,0.0,9.520364058721605e-06
massive,9.799022057598651e-06,0.0,0.0,5.712218435232963e-05
master,1.4698533086397977e-05,1.1245558004588187e-05,0.00020477703876019789,0.00012376473276338087
mastered,1.4698533086397977e-05,0.0,0.0,0.0
masterful,4.8995110287993256e-06,0.0,0.0,0.0
masterly,9.799022057598651e-06,0.0,8.191081550407916e-06,9.520364058721605e-06
masters,0.0,0.0,4.095540775203958e-05,9.520364058721605e-06
mastery,9.799022057598651e-06,0.0,0.0,9.520364058721605e-06
mastiff,0.0,0.0,0.0,1.904072811744321e-05
mat,0.0,0.0,0.0,1.904072811744321e-05
match,3.9196088230394604e-05,0.0,0.00019658595720979,5.712218435232963e-05
matched,0.0,1.1245558004588187e-05,0.0,0.0
matches,9.799022057598651e-06,0.0,0.0,3.808145623488642e-05
material,5.879413234559191e-05,1.1245558004588187e-05,7.371973395367124e-05,3.808145623488642e-05
materially,0.0,0.0,4.095540775203958e-05,0.0
materials,9.799022057598651e-06,0.0,0.0,0.0
maternal,0.0,0.0,1.6382163100815833e-05,0.0
maternity,0.0,1.1245558004588187e-05,0.0,0.0
mates,2.9397066172795955e-05,0.0,0.0,9.520364058721605e-06
mathematical,9.799022057598651e-06,0.0,0.0,0.0
mathematically,4.8995110287993256e-06,0.0,0.0,0.0
mathematics,9.799022057598651e-06,0.0,0.0,0.0
matheson,0.0,0.0,0.0,9.520364058721605e-06
matlock,0.0,0.0,1.6382163100815833e-05,0.0
matrimonial,0.0,0.0,8.191081550407916e-06,0.0
matrimoniale,0.0,1.1245558004588187e-05,0.0,0.0
matrimony,0.0,0.0,4.91464893024475e-05,0.0
matron,0.0,3.3736674013764564e-05,0.0,0.0
matronly,0.0,3.3736674013764564e-05,0.0,0.0
mats,0.0,1.1245558004588187e-05,0.0,0.0
mattarone,0.0,1.1245558004588187e-05,0.0,0.0
matter,0.0004899511028799326,0.0003935945301605866,0.00023754136496182955,0.0011900455073402007
matters,7.349266543198989e-05,0.0,6.552865240326333e-05,0.00019040728117443212
matting,0.0,5.6227790022940935e-05,0.0,0.0
mattings,0.0,1.1245558004588187e-05,0.0,0.0
mattress,0.0,1.1245558004588187e-05,0.0,0.0
mattresses,0.0,1.1245558004588187e-05,0.0,0.0
mature,0.0,0.0,8.191081550407916e-06,9.520364058721605e-06
matured,4.8995110287993256e-06,0.0,0.0,0.0
maturer,4.8995110287993256e-06,0.0,0.0,0.0
maturity,4.8995110287993256e-06,0.0,0.0,0.0
matvey,4.8995110287993256e-06,0.0,0.0,0.0
maudsley,0.0,0.0,0.0,9.520364058721605e-06
mauritius,0.0,0.0,0.0,9.520364058721605e-06
mauvais,4.8995110287993256e-06,0.0,0.0,0.0
mawkish,4.8995110287993256e-06,0.0,0.0,0.0
maxim,0.0,0.0,0.0,9.520364058721605e-06
may,0.0009407061175294706,0.00021366560208717556,0.0015808787392287277,0.0018755117195681562
maybe,0.00015678435292157842,0.0006072601322477621,0.0,1.904072811744321e-05
maynt,9.799022057598651e-06,0.0,0.0,0.0
mayoralty,0.0,0.0,8.191081550407916e-06,0.0
mazurka,4.8995110287993256e-06,0.0,0.0,0.0
maître,4.8995110287993256e-06,0.0,0.0,0.0
mcadams,0.0,2.2491116009176375e-05,0.0,0.0
mccarthy,0.0,0.0,0.0,0.00031417201393781297
mccarthys,0.0,0.0,0.0,6.664254841105123e-05
mccauley,0.0,0.0,0.0,1.904072811744321e-05
mcfarlanes,0.0,0.0,0.0,9.520364058721605e-06
mcquires,0.0,0.0,0.0,9.520364058721605e-06
me,0.00523757728978648,0.006871035940803382,0.003685986697683562,0.006045431177288219
meadow,0.0,0.0,0.0,9.520364058721605e-06
meadows,4.8995110287993256e-06,3.3736674013764564e-05,8.191081550407916e-06,1.904072811744321e-05
meal,4.8995110287993256e-06,0.00010121002204129369,0.0,2.8561092176164816e-05
meals,4.8995110287993256e-06,1.1245558004588187e-05,0.0,0.0
mean,0.00044095599259193934,0.00025864783410552833,0.00027030569116346124,0.00019040728117443212
meanest,0.0,0.0,8.191081550407916e-06,0.0
meaning,7.349266543198989e-05,2.2491116009176375e-05,0.00011467514170571083,4.760182029360803e-05
meaningless,9.799022057598651e-06,0.0,0.0,0.0
meanly,0.0,0.0,2.457324465122375e-05,9.520364058721605e-06
meanness,2.449755514399663e-05,0.0,8.191081550407916e-06,0.0
means,0.0002449755514399663,2.2491116009176375e-05,0.0004668916483732512,0.0001808869171157105
meant,0.00017638239703677574,0.00010121002204129369,0.00022935028341142166,5.712218435232963e-05
meantime,9.799022057598651e-06,1.1245558004588187e-05,1.6382163100815833e-05,2.8561092176164816e-05
meanwhile,0.0001126887536623845,0.0,4.095540775203958e-05,9.520364058721605e-06
measure,1.4698533086397977e-05,1.1245558004588187e-05,4.095540775203958e-05,9.520364058721605e-06
measured,9.799022057598651e-06,0.0,0.0,2.8561092176164816e-05
measurement,0.0,1.1245558004588187e-05,0.0,0.0
measures,1.4698533086397977e-05,0.0,2.457324465122375e-05,1.904072811744321e-05
measuring,1.4698533086397977e-05,0.0,0.0,0.0
meat,1.9598044115197302e-05,0.00010121002204129369,3.2764326201631665e-05,0.0
mechanic,0.0,1.1245558004588187e-05,0.0,0.0
mechanical,0.0,1.1245558004588187e-05,0.0,0.0
mechanically,6.859315440319056e-05,0.0,8.191081550407916e-06,0.0
mechanics,4.8995110287993256e-06,7.871890603211732e-05,0.0,0.0
mechano,0.0,2.2491116009176375e-05,0.0,0.0
medaglia,0.0,1.1245558004588187e-05,0.0,0.0
medal,1.4698533086397977e-05,6.747334802752913e-05,0.0,0.0
medals,0.0,4.498223201835275e-05,0.0,0.0
meddle,4.8995110287993256e-06,0.0,0.0,9.520364058721605e-06
meddler,0.0,0.0,0.0,9.520364058721605e-06
meddling,4.8995110287993256e-06,0.0,0.0,0.0
mediation,4.8995110287993256e-06,0.0,0.0,0.0
medical,4.8995110287993256e-06,0.00011245558004588187,0.0,8.568327652849445e-05
medically,0.0,1.1245558004588187e-05,0.0,0.0
medicine,1.9598044115197302e-05,1.1245558004588187e-05,0.0,0.0
mediocre,0.0,1.1245558004588187e-05,0.0,0.0
mediocrity,0.0,0.0,8.191081550407916e-06,0.0
meditate,4.8995110287993256e-06,0.0,1.6382163100815833e-05,0.0
meditated,0.0,0.0,1.6382163100815833e-05,0.0
meditating,1.4698533086397977e-05,0.0,2.457324465122375e-05,0.0
meditation,9.799022057598651e-06,0.0,8.191081550407916e-06,9.520364058721605e-06
meditations,0.0,0.0,8.191081550407916e-06,0.0
meditative,0.0,0.0,0.0,9.520364058721605e-06
meditatively,4.8995110287993256e-06,0.0,0.0,0.0
medium,9.799022057598651e-06,1.1245558004588187e-05,0.0,0.0
meek,1.4698533086397977e-05,0.0,0.0,0.0
meekly,9.799022057598651e-06,0.0,0.0,0.0
meekness,4.8995110287993256e-06,0.0,0.0,0.0
meet,0.00014698533086397977,7.871890603211732e-05,0.0002457324465122375,0.00016184618899826728
meeting,0.00014208581983518045,1.1245558004588187e-05,0.00018020379410897414,9.520364058721605e-06
meetings,1.4698533086397977e-05,0.0,1.6382163100815833e-05,1.904072811744321e-05
meets,4.8995110287993256e-06,0.0,1.6382163100815833e-05,9.520364058721605e-06
mehr,9.799022057598651e-06,0.0,0.0,0.0
melancholy,3.9196088230394604e-05,0.0,4.095540775203958e-05,0.0
melbourne,0.0,0.0,0.0,9.520364058721605e-06
mell,4.8995110287993256e-06,0.0,0.0,0.0
melodramatic,4.8995110287993256e-06,0.0,0.0,0.0
melon,0.0,0.0,0.0,9.520364058721605e-06
melted,0.0,1.1245558004588187e-05,0.0,0.0
melteth,4.8995110287993256e-06,0.0,0.0,0.0
melting,9.799022057598651e-06,0.0,0.0,0.0
member,1.4698533086397977e-05,0.0,8.191081550407916e-06,4.760182029360803e-05
members,4.8995110287993256e-06,1.1245558004588187e-05,0.0,0.0
membra,0.0,0.0,0.0,9.520364058721605e-06
memoir,0.0,0.0,0.0,9.520364058721605e-06
memoranda,0.0,0.0,0.0,9.520364058721605e-06
memorial,1.9598044115197302e-05,0.0,0.0,0.0
memories,0.0,0.0,1.6382163100815833e-05,0.0
memory,6.369364337439124e-05,0.0,6.552865240326333e-05,9.520364058721606e-05
memorys,4.8995110287993256e-06,0.0,0.0,0.0
men,0.00046055403670713663,0.0006185056902523503,0.00027849677271386917,0.000361773834231421
menaced,0.0,0.0,0.0,9.520364058721605e-06
menacing,1.9598044115197302e-05,0.0,0.0,0.0
menage,4.8995110287993256e-06,0.0,0.0,0.0
mend,4.8995110287993256e-06,0.0,4.095540775203958e-05,0.0
mended,9.799022057598651e-06,0.0,0.0,0.0
mendicant,0.0,0.0,0.0,9.520364058721605e-06
mendicants,0.0,0.0,0.0,9.520364058721605e-06
mending,9.799022057598651e-06,2.2491116009176375e-05,0.0,0.0
meningen,0.0,0.0,0.0,9.520364058721605e-06
mens,0.0,0.0,0.0,1.904072811744321e-05
mental,1.9598044115197302e-05,0.0,0.0,9.520364058721605e-06
mentally,4.8995110287993256e-06,0.0,0.0,0.0
mention,3.9196088230394604e-05,3.3736674013764564e-05,0.0002457324465122375,1.904072811744321e-05
mentioned,4.4095599259193934e-05,1.1245558004588187e-05,0.00022935028341142166,3.808145623488642e-05
mentioning,2.449755514399663e-05,0.0,5.7337570852855414e-05,0.0
mentions,0.0,1.1245558004588187e-05,0.0,0.0
menu,0.0,2.2491116009176375e-05,0.0,0.0
mercenary,0.0,0.0,4.095540775203958e-05,0.0
merchant,1.4698533086397977e-05,0.0,0.0,9.520364058721605e-06
merchants,9.799022057598651e-06,0.0,0.0,0.0
merciful,3.9196088230394604e-05,0.0,0.0,0.0
mercifully,0.0,0.0,0.0,9.520364058721605e-06
merciless,4.8995110287993256e-06,0.0,0.0,0.0
mercilessly,9.799022057598651e-06,0.0,0.0,0.0
mercurial,0.0,1.1245558004588187e-05,0.0,0.0
mercury,0.0,1.1245558004588187e-05,0.0,0.0
mercy,7.349266543198989e-05,0.0,0.0,1.904072811744321e-05
mercys,4.8995110287993256e-06,0.0,0.0,0.0
mere,4.4095599259193934e-05,0.0,4.095540775203958e-05,9.520364058721606e-05
meredith,0.0,0.0,0.0,9.520364058721605e-06
merely,5.389462131679259e-05,1.1245558004588187e-05,0.00027030569116346124,9.520364058721606e-05
merest,9.799022057598651e-06,0.0,0.0,2.8561092176164816e-05
merged,0.0,1.1245558004588187e-05,0.0,0.0
merit,1.9598044115197302e-05,1.1245558004588187e-05,4.91464893024475e-05,1.904072811744321e-05
merited,0.0,0.0,1.6382163100815833e-05,0.0
merits,0.0,0.0,1.6382163100815833e-05,0.0
merriment,9.799022057598651e-06,0.0,0.0,0.0
merry,4.8995110287993256e-06,0.0,2.457324465122375e-05,2.8561092176164816e-05
merryweather,0.0,0.0,0.0,0.00011424436870465926
meryton,0.0,0.0,0.0004668916483732512,0.0
meshes,0.0,0.0,0.0,9.520364058721605e-06
mesopotamia,0.0,1.1245558004588187e-05,0.0,0.0
mess,9.799022057598651e-06,0.0002698933921101165,8.191081550407916e-06,9.520364058721605e-06
message,2.9397066172795955e-05,0.0,2.457324465122375e-05,1.904072811744321e-05
messages,0.0,0.0,8.191081550407916e-06,0.0
messenger,2.449755514399663e-05,0.0,0.0,9.520364058721605e-06
messes,0.0,1.1245558004588187e-05,0.0,0.0
messiah,0.0,1.1245558004588187e-05,0.0,0.0
messina,0.0,1.1245558004588187e-05,0.0,0.0
mestre,0.0,7.871890603211732e-05,0.0,0.0
met,0.000225377507324769,0.000179928928073411,0.0003194521804659087,0.00038081456234886424
metal,4.8995110287993256e-06,0.00012370113805047008,0.0,9.520364058721606e-05
metallic,0.0,1.1245558004588187e-05,0.0,4.760182029360803e-05
metaphysical,4.8995110287993256e-06,0.0,0.0,0.0
metcalfes,0.0,0.0,8.191081550407916e-06,0.0
meter,0.0,1.1245558004588187e-05,0.0,0.0
method,1.9598044115197302e-05,0.0,4.095540775203958e-05,4.760182029360803e-05
methods,4.8995110287993256e-06,0.0,0.0,8.568327652849445e-05
metres,0.0,1.1245558004588187e-05,0.0,0.0
metropole,0.0,1.1245558004588187e-05,0.0,0.0
metropolis,0.0,0.0,0.0,2.8561092176164816e-05
metropolitan,0.0,0.0,0.0,9.520364058721605e-06
metternich,0.0,1.1245558004588187e-05,0.0,0.0
mews,0.0,0.0,0.0,2.8561092176164816e-05
mexico,0.0,0.0,0.0,9.520364058721605e-06
meyers,0.0,0.00029238450811929287,0.0,0.0
mia,0.0,7.871890603211732e-05,0.0,0.0
mice,4.8995110287993256e-06,0.0,0.0,9.520364058721605e-06
michaelmas,0.0,0.0,1.6382163100815833e-05,0.0
michigan,0.0,1.1245558004588187e-05,0.0,0.0
microbes,9.799022057598651e-06,0.0,0.0,0.0
midday,9.799022057598651e-06,0.0,0.0,9.520364058721605e-06
middle,0.00015678435292157842,6.747334802752913e-05,2.457324465122375e-05,0.00012376473276338087
middlesex,0.0,0.0,0.0,9.520364058721605e-06
midi,0.0,1.1245558004588187e-05,0.0,0.0
midnight,1.4698533086397977e-05,4.498223201835275e-05,0.0,4.760182029360803e-05
midst,1.9598044115197302e-05,0.0,0.0,2.8561092176164816e-05
midway,0.0,0.0,0.0,9.520364058721605e-06
midwives,9.799022057598651e-06,0.0,0.0,0.0
mien,0.0,0.0,8.191081550407916e-06,0.0
might,0.0008035198087230894,0.0004723134361927039,0.0016300252285311753,0.0011995658713989223
mightnt,0.0,1.1245558004588187e-05,0.0,0.0
mighty,4.8995110287993256e-06,0.0,0.0,0.0
mihailovitch,4.8995110287993256e-06,0.0,0.0,0.0
mihailovsky,4.8995110287993256e-06,0.0,0.0,0.0
mikolka,7.839217646078921e-05,0.0,0.0,0.0
mikolkas,4.8995110287993256e-06,0.0,0.0,0.0
milan,0.0,0.00033736674013764564,0.0,0.0
milano,0.0,3.3736674013764564e-05,0.0,0.0
mild,4.8995110287993256e-06,0.0,8.191081550407916e-06,0.0
mildly,0.0,0.0,8.191081550407916e-06,0.0
mildness,0.0,0.0,1.6382163100815833e-05,0.0
mile,9.799022057598651e-06,7.871890603211732e-05,4.91464893024475e-05,3.808145623488642e-05
miles,9.799022057598651e-06,2.2491116009176375e-05,0.00013105730480652666,0.00016184618899826728
militarist,0.0,1.1245558004588187e-05,0.0,0.0
military,2.449755514399663e-05,7.871890603211732e-05,8.191081550407916e-06,9.520364058721605e-06
militia,0.0,0.0,4.91464893024475e-05,0.0
milk,0.0,3.3736674013764564e-05,0.0,4.760182029360803e-05
milkman,4.8995110287993256e-06,0.0,0.0,0.0
milksop,9.799022057598651e-06,0.0,0.0,0.0
milky,4.8995110287993256e-06,0.0,0.0,0.0
mill,0.0,1.1245558004588187e-05,0.0,0.0
millar,0.0,0.0,0.0,4.760182029360803e-05
millers,0.0,0.0,8.191081550407916e-06,0.0
milliner,0.0,0.0,8.191081550407916e-06,0.0
milliners,0.0,0.0,8.191081550407916e-06,0.0
million,1.4698533086397977e-05,1.1245558004588187e-05,0.0,9.520364058721605e-06
millionaire,4.8995110287993256e-06,0.0,0.0,1.904072811744321e-05
millions,2.9397066172795955e-05,1.1245558004588187e-05,0.0,9.520364058721605e-06
millionth,4.8995110287993256e-06,0.0,0.0,0.0
mills,0.0,0.0,0.0,9.520364058721605e-06
mince,0.0,0.0,8.191081550407916e-06,0.0
mincing,4.8995110287993256e-06,0.0,0.0,0.0
mind,0.0007398261653486982,0.00033736674013764564,0.0004668916483732512,0.0005521811154058532
minded,9.799022057598651e-06,0.0,1.6382163100815833e-05,9.520364058721605e-06
mindedly,4.8995110287993256e-06,0.0,0.0,0.0
mindful,0.0,0.0,8.191081550407916e-06,0.0
minds,4.8995110287993256e-06,2.2491116009176375e-05,3.2764326201631665e-05,2.8561092176164816e-05
mine,0.00011758826469118382,0.00011245558004588187,0.00012286622325611874,0.00024752946552676175
mined,0.0,2.2491116009176375e-05,0.0,0.0
mineral,0.0,2.2491116009176375e-05,0.0,0.0
miners,0.0,0.0,0.0,1.904072811744321e-05
mines,0.0,0.0,0.0,1.904072811744321e-05
mingle,4.8995110287993256e-06,0.0,0.0,0.0
mingled,0.0,0.0,8.191081550407916e-06,1.904072811744321e-05
mingling,0.0,0.0,8.191081550407916e-06,0.0
miniature,0.0,0.0,0.0,9.520364058721605e-06
miniatures,0.0,0.0,2.457324465122375e-05,0.0
mining,0.0,0.0,0.0,1.904072811744321e-05
minister,0.0,0.0,0.0,9.520364058721605e-06
ministry,4.8995110287993256e-06,0.0,0.0,0.0
minnenwerfer,0.0,1.1245558004588187e-05,0.0,0.0
minnesota,0.0,2.2491116009176375e-05,0.0,0.0
minor,4.8995110287993256e-06,0.0,0.0,2.8561092176164816e-05
minute,0.0005585442572831231,0.000179928928073411,7.371973395367124e-05,5.712218435232963e-05
minutely,4.8995110287993256e-06,0.0,2.457324465122375e-05,2.8561092176164816e-05
minuteness,4.8995110287993256e-06,0.0,8.191081550407916e-06,0.0
minutes,0.00027437261761276225,5.6227790022940935e-05,0.0003030700173650929,0.00043793674670119387
minutest,4.8995110287993256e-06,0.0,8.191081550407916e-06,0.0
miracle,3.429657720159528e-05,0.0,0.0,0.0
miraculous,0.0,0.0,1.6382163100815833e-05,0.0
mirage,4.8995110287993256e-06,0.0,0.0,0.0
mire,4.8995110287993256e-06,0.0,0.0,0.0
mirror,4.8995110287993256e-06,5.6227790022940935e-05,0.0,2.8561092176164816e-05
mirrors,0.0,0.00010121002204129369,0.0,0.0
mirth,2.449755514399663e-05,0.0,1.6382163100815833e-05,0.0
mirthful,4.8995110287993256e-06,0.0,0.0,0.0
mis,0.0,0.0,1.6382163100815833e-05,0.0
mischance,4.8995110287993256e-06,0.0,8.191081550407916e-06,9.520364058721605e-06
mischief,1.4698533086397977e-05,0.0,2.457324465122375e-05,9.520364058721605e-06
mischievously,0.0,0.0,8.191081550407916e-06,0.0
misconduct,0.0,0.0,1.6382163100815833e-05,0.0
misdeed,4.8995110287993256e-06,0.0,0.0,0.0
miserable,6.369364337439124e-05,0.0,4.91464893024475e-05,3.808145623488642e-05
miserably,9.799022057598651e-06,0.0,8.191081550407916e-06,0.0
miseries,0.0,0.0,8.191081550407916e-06,0.0
miserly,0.0,0.0,8.191081550407916e-06,0.0
misery,7.839217646078921e-05,0.0,0.00012286622325611874,0.0
misfortune,2.9397066172795955e-05,0.0,6.552865240326333e-05,5.712218435232963e-05
misfortunes,9.799022057598651e-06,0.0,4.095540775203958e-05,0.0
misgivings,4.8995110287993256e-06,0.0,0.0,1.904072811744321e-05
misjudged,0.0,0.0,0.0,9.520364058721605e-06
mislead,9.799022057598651e-06,0.0,8.191081550407916e-06,0.0
misleading,0.0,0.0,8.191081550407916e-06,0.0
misleads,0.0,0.0,8.191081550407916e-06,0.0
misled,0.0,0.0,8.191081550407916e-06,0.0
mismanagement,0.0,0.0,8.191081550407916e-06,0.0
misrepresent,9.799022057598651e-06,0.0,0.0,0.0
misrepresentation,0.0,0.0,8.191081550407916e-06,0.0
misrepresented,0.0,0.0,1.6382163100815833e-05,0.0
misrepresenting,4.8995110287993256e-06,0.0,0.0,0.0
miss,1.9598044115197302e-05,0.0009221357563762314,0.00231807607876544,0.0008377920371675012
missed,2.449755514399663e-05,5.6227790022940935e-05,2.457324465122375e-05,6.664254841105123e-05
misses,0.0,1.1245558004588187e-05,0.0,9.520364058721605e-06
missing,1.9598044115197302e-05,0.0,8.191081550407916e-06,0.00012376473276338087
mission,0.0,0.0,0.0,2.8561092176164816e-05
missish,0.0,0.0,8.191081550407916e-06,0.0
missy,2.449755514399663e-05,0.0,0.0,0.0
mist,1.4698533086397977e-05,8.99644640367055e-05,0.0,0.0
mistake,0.00011758826469118382,4.498223201835275e-05,6.552865240326333e-05,4.760182029360803e-05
mistaken,9.309070954718719e-05,0.0,0.00018020379410897414,7.616291246977284e-05
mistakenly,4.8995110287993256e-06,0.0,0.0,0.0
mistakes,2.449755514399663e-05,0.0,1.6382163100815833e-05,0.0
mister,0.0,0.0,0.0,1.904072811744321e-05
mistiness,4.8995110287993256e-06,0.0,0.0,0.0
mistook,0.0,1.1245558004588187e-05,8.191081550407916e-06,0.0
mistral,0.0,1.1245558004588187e-05,0.0,0.0
mistress,2.9397066172795955e-05,0.0,7.371973395367124e-05,3.808145623488642e-05
mistrust,1.4698533086397977e-05,0.0,0.0,0.0
mistrustful,4.8995110287993256e-06,0.0,0.0,0.0
mistrustfully,2.9397066172795955e-05,0.0,0.0,0.0
mistrusting,1.4698533086397977e-05,0.0,0.0,0.0
mists,0.0,1.1245558004588187e-05,0.0,0.0
misty,0.0,1.1245558004588187e-05,0.0,0.0
misunderstand,1.4698533086397977e-05,2.2491116009176375e-05,2.457324465122375e-05,0.0
misunderstanding,1.4698533086397977e-05,0.0,0.0,0.0
misunderstandings,0.0,1.1245558004588187e-05,0.0,0.0
misunderstood,0.0,0.0,2.457324465122375e-05,0.0
mitigation,9.799022057598651e-06,0.0,0.0,0.0
mitka,3.9196088230394604e-05,0.0,0.0,0.0
mitrofanievsky,4.8995110287993256e-06,0.0,0.0,0.0
mix,0.0,0.0,8.191081550407916e-06,0.0
mixed,2.449755514399663e-05,3.3736674013764564e-05,1.6382163100815833e-05,2.8561092176164816e-05
mixing,4.8995110287993256e-06,1.1245558004588187e-05,8.191081550407916e-06,0.0
mixture,0.0,0.0,4.095540775203958e-05,1.904072811744321e-05
mm,0.0,1.1245558004588187e-05,0.0,0.0
moan,1.4698533086397977e-05,0.0,0.0,0.0
moaned,4.8995110287993256e-06,1.1245558004588187e-05,0.0,0.0
moaning,9.799022057598651e-06,2.2491116009176375e-05,0.0,0.0
moans,4.8995110287993256e-06,0.0,0.0,0.0
mobile,4.8995110287993256e-06,1.1245558004588187e-05,0.0,0.0
mobility,0.0,1.1245558004588187e-05,0.0,0.0
mock,4.8995110287993256e-06,0.0,0.0,0.0
mocked,4.8995110287993256e-06,0.0,0.0,0.0
mockery,1.4698533086397977e-05,0.0,0.0,0.0
mocking,3.429657720159528e-05,0.0,0.0,0.0
mockingly,4.8995110287993256e-06,0.0,0.0,0.0
mode,0.0,0.0,4.095540775203958e-05,0.0
model,0.0,0.0,1.6382163100815833e-05,0.0
modena,0.0,1.1245558004588187e-05,0.0,0.0
moderate,1.4698533086397977e-05,0.0,1.6382163100815833e-05,0.0
moderately,0.0,3.3736674013764564e-05,0.0,0.0
moderation,9.799022057598651e-06,1.1245558004588187e-05,1.6382163100815833e-05,0.0
modern,2.9397066172795955e-05,0.0,1.6382163100815833e-05,1.904072811744321e-05
modest,4.8995110287993256e-06,1.1245558004588187e-05,1.6382163100815833e-05,9.520364058721605e-06
modestly,9.799022057598651e-06,0.0,0.0,0.0
modesty,1.4698533086397977e-05,0.0,4.91464893024475e-05,0.0
mohair,4.8995110287993256e-06,0.0,0.0,0.0
moi,4.8995110287993256e-06,0.0,0.0,0.0
moist,0.0,1.1245558004588187e-05,0.0,2.8561092176164816e-05
moistened,0.0,0.0,0.0,9.520364058721605e-06
moisture,0.0,0.0,0.0,2.8561092176164816e-05
mole,4.8995110287993256e-06,0.0,0.0,1.904072811744321e-05
moment,0.0009554046506158686,7.871890603211732e-05,0.0005242292192261066,0.00032369237799653456
momentary,1.4698533086397977e-05,0.0,2.457324465122375e-05,1.904072811744321e-05
moments,0.00010288973160478584,1.1245558004588187e-05,0.00013924838635693458,5.712218435232963e-05
momentum,0.0,1.1245558004588187e-05,0.0,0.0
mon,4.8995110287993256e-06,0.0,0.0,0.0
monarch,0.0,0.0,0.0,9.520364058721605e-06
monastery,1.9598044115197302e-05,0.0,0.0,0.0
monday,0.0,0.0,7.371973395367124e-05,0.00013328509682210247
money,0.0008133188307806881,0.000359857856146822,0.00022115920186101373,0.0004188960185837506
monfalcone,0.0,1.1245558004588187e-05,0.0,0.0
monger,0.0,0.0,0.0,9.520364058721605e-06
monica,0.0,0.0,0.0,2.8561092176164816e-05
monk,4.8995110287993256e-06,0.0,0.0,0.0
monkey,0.0,2.2491116009176375e-05,0.0,0.0
monogram,0.0,0.0,0.0,1.904072811744321e-05
monograph,0.0,0.0,0.0,2.8561092176164816e-05
monologues,9.799022057598651e-06,0.0,0.0,0.0
monomania,9.799022057598651e-06,0.0,0.0,0.0
monomaniac,9.799022057598651e-06,0.0,0.0,9.520364058721605e-06
monomaniacs,9.799022057598651e-06,0.0,0.0,0.0
monosyllable,0.0,0.0,8.191081550407916e-06,9.520364058721605e-06
monosyllables,0.0,0.0,0.0,9.520364058721605e-06
monotonous,0.0,0.0,8.191081550407916e-06,2.8561092176164816e-05
monotony,0.0,0.0,0.0,9.520364058721605e-06
monsieur,0.0,3.3736674013764564e-05,0.0,0.0
monster,3.9196088230394604e-05,0.0,0.0,0.0
monstrous,2.9397066172795955e-05,0.0,0.0,0.0
monstrously,4.8995110287993256e-06,0.0,0.0,0.0
mont,4.8995110287993256e-06,0.0,0.0,0.0
montague,0.0,0.0,0.0,9.520364058721605e-06
montana,0.0,0.0,0.0,9.520364058721605e-06
monte,0.0,3.3736674013764564e-05,0.0,0.0
monter,4.8995110287993256e-06,0.0,0.0,0.0
month,0.00016168386395037774,2.2491116009176375e-05,6.552865240326333e-05,6.664254841105123e-05
monthly,0.0,0.0,8.191081550407916e-06,0.0
months,0.00014698533086397977,0.00020242004408258738,0.00018839487565938207,0.00012376473276338087
montreux,0.0,0.00025864783410552833,0.0,0.0
monumental,1.4698533086397977e-05,0.0,0.0,0.0
monuments,4.8995110287993256e-06,0.0,0.0,0.0
mood,4.4095599259193934e-05,0.0,0.0,2.8561092176164816e-05
moodily,0.0,0.0,0.0,9.520364058721605e-06
moods,0.0,0.0,0.0,9.520364058721605e-06
moody,4.8995110287993256e-06,0.0,0.0,9.520364058721605e-06
moon,1.9598044115197302e-05,0.00010121002204129369,0.0,1.904072811744321e-05
moonless,0.0,0.0,0.0,9.520364058721605e-06
moonlight,1.4698533086397977e-05,1.1245558004588187e-05,0.0,2.8561092176164816e-05
moonshine,0.0,0.0,0.0,2.8561092176164816e-05
moored,4.8995110287993256e-06,0.0,0.0,0.0
mopping,0.0,0.0,0.0,9.520364058721605e-06
moral,6.859315440319056e-05,1.1245558004588187e-05,2.457324465122375e-05,1.904072811744321e-05
morality,9.799022057598651e-06,0.0,8.191081550407916e-06,0.0
moralize,0.0,0.0,8.191081550407916e-06,0.0
morally,4.8995110287993256e-06,0.0,0.0,0.0
morals,4.8995110287993256e-06,0.0,0.0,0.0
moran,0.0,0.0,0.0,0.00012376473276338087
morbid,5.879413234559191e-05,0.0,0.0,0.0
morbidly,9.799022057598651e-06,0.0,0.0,0.0
morcar,0.0,0.0,0.0,1.904072811744321e-05
morcars,0.0,0.0,0.0,1.904072811744321e-05
more,0.0020234980548941217,0.0010908191264450541,0.002629337177680941,0.0016565433462175593
moreover,0.00010288973160478584,0.0,9.010189705448707e-05,0.0
moretti,0.0,1.1245558004588187e-05,0.0,0.0
morgenfrüh,4.8995110287993256e-06,0.0,0.0,0.0
morning,0.0002988701727567589,0.0005622779002294094,0.0006225221978310016,0.0009710771339896038
mornings,0.0,2.2491116009176375e-05,4.095540775203958e-05,1.904072811744321e-05
morocco,0.0,0.0,0.0,1.904072811744321e-05
morose,1.9598044115197302e-05,0.0,0.0,2.8561092176164816e-05
morosely,4.8995110287993256e-06,0.0,0.0,0.0
morris,0.0,0.0,8.191081550407916e-06,1.904072811744321e-05
morrow,0.0002449755514399663,0.00021366560208717556,0.00016382163100815833,0.0001713665530569889
morsel,4.8995110287993256e-06,0.0,0.0,0.0
mortal,4.8995110287993256e-06,0.0,1.6382163100815833e-05,9.520364058721605e-06
mortals,0.0,0.0,0.0,9.520364058721605e-06
mortar,9.799022057598651e-06,5.6227790022940935e-05,0.0,9.520364058721605e-06
mortgage,0.0,0.0,0.0,9.520364058721605e-06
mortification,0.0,0.0,4.91464893024475e-05,0.0
mortifications,0.0,0.0,8.191081550407916e-06,0.0
mortified,4.8995110287993256e-06,0.0,4.095540775203958e-05,0.0
mortifies,0.0,0.0,8.191081550407916e-06,0.0
mortifying,0.0,0.0,4.91464893024475e-05,0.0
mortimers,0.0,0.0,0.0,9.520364058721605e-06
moscow,3.429657720159528e-05,0.0,0.0,0.0
mosquito,0.0,3.3736674013764564e-05,0.0,0.0
moss,0.0,0.0,0.0,1.904072811744321e-05
most,0.0006369364337439124,0.000179928928073411,0.0015153500868254645,0.0008473124012262228
mostly,4.8995110287993256e-06,4.498223201835275e-05,8.191081550407916e-06,2.8561092176164816e-05
mother,0.0009505051395870693,0.00011245558004588187,0.0009174011336456866,0.00019040728117443212
mothers,0.00014698533086397977,1.1245558004588187e-05,0.00020477703876019789,2.8561092176164816e-05
motion,0.0,0.0,8.191081550407916e-06,3.808145623488642e-05
motioned,1.4698533086397977e-05,4.498223201835275e-05,0.0,9.520364058721605e-06
motioning,4.8995110287993256e-06,0.0,0.0,0.0
motionless,1.9598044115197302e-05,0.0,0.0,9.520364058721605e-06
motive,5.879413234559191e-05,0.0,0.00014743946790734248,3.808145623488642e-05
motives,4.8995110287993256e-06,0.0,4.91464893024475e-05,2.8561092176164816e-05
motor,0.0,0.000179928928073411,0.0,0.0
motorman,0.0,1.1245558004588187e-05,0.0,0.0
mottled,0.0,0.0,0.0,9.520364058721605e-06
mould,0.0,0.0,0.0,1.904072811744321e-05
moulton,0.0,0.0,0.0,2.8561092176164816e-05
mount,4.8995110287993256e-06,0.0,1.6382163100815833e-05,0.0
mountain,9.799022057598651e-06,0.0004385767621789393,0.0,0.0
mountains,0.0,0.0006972245962844676,1.6382163100815833e-05,9.520364058721605e-06
mounted,2.9397066172795955e-05,3.3736674013764564e-05,0.0,0.0
mounting,3.429657720159528e-05,0.0,8.191081550407916e-06,0.0
mournful,3.429657720159528e-05,0.0,0.0,0.0
mournfully,1.4698533086397977e-05,0.0,0.0,0.0
mourning,3.429657720159528e-05,0.0,0.0,0.0
mouse,2.9397066172795955e-05,0.0,0.0,0.0
mousseline,0.0,0.0,0.0,9.520364058721605e-06
moustache,9.799022057598651e-06,0.0,0.0,1.904072811744321e-05
moustached,0.0,0.0,0.0,9.520364058721605e-06
moustaches,9.799022057598651e-06,0.0,0.0,0.0
mouth,9.799022057598651e-05,0.00011245558004588187,8.191081550407916e-06,9.520364058721606e-05
mouthed,4.8995110287993256e-06,1.1245558004588187e-05,0.0,9.520364058721605e-06
mouthful,0.0,2.2491116009176375e-05,0.0,0.0
mouths,9.799022057598651e-06,1.1245558004588187e-05,1.6382163100815833e-05,9.520364058721605e-06
movables,4.8995110287993256e-06,0.0,0.0,0.0
move,5.879413234559191e-05,0.00023615671809635195,2.457324465122375e-05,3.808145623488642e-05
moved,0.00018128190806557506,0.00021366560208717556,7.371973395367124e-05,3.808145623488642e-05
movement,5.879413234559191e-05,4.498223201835275e-05,0.0,2.8561092176164816e-05
movements,2.449755514399663e-05,0.0,0.0,0.0
moves,0.0,2.2491116009176375e-05,0.0,9.520364058721605e-06
movies,0.0,1.1245558004588187e-05,0.0,0.0
moving,0.0001322867977775818,0.00021366560208717556,4.91464893024475e-05,3.808145623488642e-05
mr,0.000421357948476742,0.00023615671809635195,0.0063890436093181745,0.0026181001161484415
mrs,0.0,0.00020242004408258738,0.002809540971789915,0.0004188960185837506
much,0.0008819119851838787,0.0014506769825918763,0.0026866747485337966,0.0011424436870465927
mud,1.4698533086397977e-05,0.00013494669605505826,8.191081550407916e-06,4.760182029360803e-05
muddle,1.9598044115197302e-05,0.0,0.0,0.0
muddled,3.9196088230394604e-05,0.0,0.0,0.0
muddles,4.8995110287993256e-06,0.0,0.0,0.0
muddy,4.8995110287993256e-06,0.00014619225405964643,0.0,0.0
muff,0.0,0.0,0.0,9.520364058721605e-06
muffin,0.0,0.0,8.191081550407916e-06,0.0
mufti,0.0,1.1245558004588187e-05,0.0,0.0
mug,4.8995110287993256e-06,1.1245558004588187e-05,0.0,0.0
mugs,0.0,1.1245558004588187e-05,0.0,0.0
mulberry,0.0,4.498223201835275e-05,0.0,0.0
mule,0.0,1.1245558004588187e-05,0.0,0.0
mules,0.0,5.6227790022940935e-05,0.0,0.0
multiple,0.0,1.1245558004588187e-05,0.0,0.0
multiply,0.0,0.0,0.0,9.520364058721605e-06
multitude,0.0,0.0,8.191081550407916e-06,0.0
mumbled,1.9598044115197302e-05,0.0,0.0,1.904072811744321e-05
mumbling,0.0,0.0,0.0,1.904072811744321e-05
munich,4.8995110287993256e-06,1.1245558004588187e-05,0.0,9.520364058721605e-06
munificent,0.0,0.0,0.0,9.520364058721605e-06
munro,0.0,0.0,0.0,1.904072811744321e-05
murder,0.0002449755514399663,0.0,0.0,7.616291246977284e-05
murdered,0.00011758826469118382,0.0,0.0,3.808145623488642e-05
murderer,0.00016168386395037774,0.0,0.0,4.760182029360803e-05
murderers,9.799022057598651e-06,0.0,0.0,9.520364058721605e-06
murdering,9.799022057598651e-06,0.0,0.0,9.520364058721605e-06
murderous,0.0,0.0,0.0,2.8561092176164816e-05
murders,9.799022057598651e-06,0.0,0.0,9.520364058721605e-06
murky,0.0,0.0,0.0,9.520364058721605e-06
murmur,1.4698533086397977e-05,0.0,0.0,0.0
murmured,1.4698533086397977e-05,0.0,0.0,5.712218435232963e-05
murmurs,4.8995110287993256e-06,0.0,8.191081550407916e-06,0.0
muscles,0.0,0.0,0.0,9.520364058721605e-06
mused,4.8995110287993256e-06,0.0,0.0,0.0
musette,0.0,1.1245558004588187e-05,0.0,0.0
musettes,0.0,5.6227790022940935e-05,0.0,0.0
museum,0.0,0.0,0.0,2.8561092176164816e-05
mushrooms,4.8995110287993256e-06,0.0,0.0,0.0
music,9.799022057598651e-06,0.0,9.8292978604895e-05,3.808145623488642e-05
musical,4.8995110287993256e-06,0.0,8.191081550407916e-06,0.0
musician,4.8995110287993256e-06,0.0,0.0,9.520364058721605e-06
musing,1.9598044115197302e-05,0.0,0.0,0.0
muslin,1.4698533086397977e-05,0.0,2.457324465122375e-05,0.0
muslins,0.0,0.0,8.191081550407916e-06,0.0
musnt,4.8995110287993256e-06,0.0,0.0,0.0
muss,4.8995110287993256e-06,0.0,0.0,0.0
must,0.0014355567314382025,0.0007084701542890558,0.002522853117525638,0.0015327786134541786
mustache,0.0,7.871890603211732e-05,0.0,0.0
mustaches,0.0,6.747334802752913e-05,0.0,0.0
mustard,4.8995110287993256e-06,0.0,0.0,9.520364058721605e-06
muster,0.0,0.0,0.0,9.520364058721605e-06
mustnt,6.369364337439124e-05,0.00014619225405964643,0.0,0.0
mute,4.8995110287993256e-06,0.0,0.0,0.0
mutilated,4.8995110287993256e-06,0.0,0.0,0.0
mutinied,0.0,1.1245558004588187e-05,0.0,0.0
mutter,9.799022057598651e-06,0.0,0.0,0.0
muttered,0.0003331667499583542,0.0,0.0,3.808145623488642e-05
muttering,1.9598044115197302e-05,0.0,0.0,1.904072811744321e-05
mutton,9.799022057598651e-06,0.0,0.0,0.0
mutual,1.4698533086397977e-05,2.2491116009176375e-05,4.095540775203958e-05,0.0
mutually,0.0,0.0,8.191081550407916e-06,0.0
muzzle,0.0,0.0,0.0,1.904072811744321e-05
muzzles,0.0,1.1245558004588187e-05,0.0,0.0
my,0.0038755132237802666,0.004318294273761864,0.005913960879394515,0.009567965879015214
myself,0.0007839217646078921,0.000359857856146822,0.000778152747288752,0.0007330680325215636
mysteries,0.0,0.0,0.0,2.8561092176164816e-05
mysterious,5.879413234559191e-05,2.2491116009176375e-05,0.0,4.760182029360803e-05
mysteriously,9.799022057598651e-06,0.0,0.0,0.0
mystery,2.9397066172795955e-05,0.0,8.191081550407916e-06,0.00019040728117443212
mystic,4.8995110287993256e-06,0.0,0.0,0.0
mystification,4.8995110287993256e-06,0.0,0.0,0.0
mystified,4.8995110287993256e-06,0.0,0.0,0.0
mystify,4.8995110287993256e-06,0.0,0.0,0.0
myth,0.0,0.0,0.0,9.520364058721605e-06
mädchen,4.8995110287993256e-06,0.0,0.0,0.0
métier,0.0,0.0,0.0,9.520364058721605e-06
mürren,0.0,2.2491116009176375e-05,0.0,0.0
n,3.9196088230394604e-05,0.0,0.0,0.0
nag,1.9598044115197302e-05,0.0,0.0,0.0
nags,4.8995110287993256e-06,0.0,0.0,0.0
nail,1.4698533086397977e-05,1.1245558004588187e-05,0.0,9.520364058721605e-06
nailed,4.8995110287993256e-06,1.1245558004588187e-05,0.0,0.0
nails,2.9397066172795955e-05,2.2491116009176375e-05,0.0,1.904072811744321e-05
naked,4.8995110287993256e-06,0.0,0.0,9.520364058721605e-06
name,0.00024007604041116696,0.00025864783410552833,0.00027030569116346124,0.0005902625716407396
named,9.799022057598651e-06,5.6227790022940935e-05,8.191081550407916e-06,4.760182029360803e-05
names,1.4698533086397977e-05,5.6227790022940935e-05,4.91464893024475e-05,4.760182029360803e-05
naming,0.0,0.0,8.191081550407916e-06,0.0
nap,4.8995110287993256e-06,0.0,0.0,0.0
nape,4.8995110287993256e-06,0.0,0.0,0.0
napkin,1.4698533086397977e-05,0.0,0.0,0.0
naples,4.8995110287993256e-06,3.3736674013764564e-05,0.0,0.0
napoleon,5.389462131679259e-05,6.747334802752913e-05,0.0,0.0
napoleons,9.799022057598651e-06,0.0,0.0,1.904072811744321e-05
napoli,0.0,1.1245558004588187e-05,0.0,0.0
narcissus,4.8995110287993256e-06,0.0,0.0,0.0
narrated,0.0,0.0,0.0,9.520364058721605e-06
narrative,0.0,0.0,8.191081550407916e-06,0.00011424436870465926
narratives,0.0,0.0,0.0,1.904072811744321e-05
narrow,3.429657720159528e-05,0.00023615671809635195,1.6382163100815833e-05,0.00010472400464593766
narrowed,0.0,0.0,0.0,9.520364058721605e-06
narrower,0.0,1.1245558004588187e-05,0.0,0.0
narrowest,0.0,0.0,8.191081550407916e-06,0.0
narrowly,0.0,0.0,1.6382163100815833e-05,1.904072811744321e-05
nastasya,0.00041155892641914335,0.0,0.0,0.0
nastasyas,2.449755514399663e-05,0.0,0.0,0.0
nastiness,9.799022057598651e-06,0.0,0.0,0.0
nasty,1.9598044115197302e-05,2.2491116009176375e-05,8.191081550407916e-06,0.0
natalya,4.8995110287993256e-06,0.0,0.0,0.0
nation,0.0,2.2491116009176375e-05,0.0,9.520364058721605e-06
national,4.8995110287993256e-06,2.2491116009176375e-05,0.0,1.904072811744321e-05
nationality,0.0,1.1245558004588187e-05,0.0,0.0
nations,0.0,4.498223201835275e-05,0.0,0.0
native,9.799022057598651e-06,1.1245558004588187e-05,0.0,1.904072811744321e-05
natural,0.0001126887536623845,1.1245558004588187e-05,0.00018020379410897414,8.568327652849445e-05
naturally,1.4698533086397977e-05,1.1245558004588187e-05,9.8292978604895e-05,8.568327652849445e-05
naturalness,4.8995110287993256e-06,0.0,0.0,0.0
nature,0.00014698533086397977,1.1245558004588187e-05,0.00019658595720979,0.00022848873740931853
natured,4.899511028799326e-05,0.0,9.010189705448707e-05,1.904072811744321e-05
naturedly,0.0,0.0,8.191081550407916e-06,0.0
naughty,4.8995110287993256e-06,0.0,0.0,0.0
nauseated,0.0,1.1245558004588187e-05,0.0,0.0
nautical,0.0,0.0,0.0,9.520364058721605e-06
naval,0.0,1.1245558004588187e-05,0.0,0.0
navel,4.8995110287993256e-06,0.0,0.0,0.0
navy,0.0,2.2491116009176375e-05,0.0,0.0
navys,0.0,1.1245558004588187e-05,0.0,0.0
nay,0.0,0.0,8.191081550407916e-05,9.520364058721605e-06
naïve,1.9598044115197302e-05,0.0,0.0,0.0
naïvely,1.4698533086397977e-05,0.0,0.0,0.0
ne,4.8995110287993256e-06,0.0,0.0,0.0
near,0.00017148288600797641,0.00022491116009176374,0.0003112610989155008,0.0002951312858203698
nearer,2.9397066172795955e-05,2.2491116009176375e-05,4.095540775203958e-05,2.8561092176164816e-05
nearest,1.4698533086397977e-05,1.1245558004588187e-05,4.095540775203958e-05,1.904072811744321e-05
nearing,0.0,0.0,0.0,1.904072811744321e-05
nearly,0.0001322867977775818,0.00023615671809635195,6.552865240326333e-05,0.00012376473276338087
nearness,0.0,0.0,8.191081550407916e-06,0.0
neat,0.0,0.0,8.191081550407916e-06,4.760182029360803e-05
neatly,9.799022057598651e-06,1.1245558004588187e-05,0.0,2.8561092176164816e-05
neatness,0.0,0.0,1.6382163100815833e-05,9.520364058721605e-06
necessarily,0.0,0.0,3.2764326201631665e-05,0.0
necessary,9.309070954718719e-05,6.747334802752913e-05,0.0002539235280626454,4.760182029360803e-05
necessitate,0.0,0.0,0.0,9.520364058721605e-06
necessity,2.449755514399663e-05,0.0,9.010189705448707e-05,9.520364058721605e-06
neck,8.329168748958855e-05,0.00020242004408258738,0.0,8.568327652849445e-05
necked,4.8995110287993256e-06,1.1245558004588187e-05,0.0,0.0
necks,0.0,2.2491116009176375e-05,0.0,0.0
necktie,0.0,0.0,0.0,9.520364058721605e-06
nectarines,0.0,0.0,8.191081550407916e-06,0.0
ned,0.0,0.0,0.0,9.520364058721605e-06
need,0.0003184682168719562,0.00025864783410552833,0.0001556305494577504,0.00019992764523315372
needed,5.879413234559191e-05,7.871890603211732e-05,2.457324465122375e-05,4.760182029360803e-05
needful,4.8995110287993256e-06,0.0,0.0,0.0
needle,9.799022057598651e-06,0.0,0.0,9.520364058721605e-06
needless,0.0,0.0,2.457324465122375e-05,0.0
needlessly,0.0,0.0,8.191081550407916e-06,0.0
needlework,0.0,0.0,8.191081550407916e-06,0.0
neednt,1.4698533086397977e-05,0.0,0.0,0.0
needs,2.449755514399663e-05,0.0,0.0,1.904072811744321e-05
negative,9.799022057598651e-06,0.0,2.457324465122375e-05,0.0
negatived,0.0,0.0,8.191081550407916e-06,0.0
neglect,9.799022057598651e-06,0.0,9.010189705448707e-05,0.0
neglected,4.8995110287993256e-06,0.0,1.6382163100815833e-05,0.0
neglecting,0.0,0.0,1.6382163100815833e-05,0.0
negligence,0.0,0.0,8.191081550407916e-06,0.0
negligent,0.0,0.0,8.191081550407916e-06,0.0
negro,0.0,0.0,0.0,9.520364058721605e-06
negroes,0.0,0.0,0.0,9.520364058721605e-06
neighbour,2.9397066172795955e-05,0.0,6.552865240326333e-05,9.520364058721605e-06
neighbourhood,1.9598044115197302e-05,0.0,0.00023754136496182955,0.00010472400464593766
neighbourhoods,0.0,0.0,8.191081550407916e-06,0.0
neighbouring,4.8995110287993256e-06,0.0,1.6382163100815833e-05,2.8561092176164816e-05
neighbours,2.449755514399663e-05,0.0,9.010189705448707e-05,3.808145623488642e-05
neither,2.9397066172795955e-05,2.2491116009176375e-05,0.0003112610989155008,0.00015232582493954569
nephew,0.0,0.0,0.00016382163100815833,0.0
nephews,4.8995110287993256e-06,0.0,3.2764326201631665e-05,0.0
nerve,9.799022057598651e-06,0.0,0.0,2.8561092176164816e-05
nerves,6.369364337439124e-05,1.1245558004588187e-05,3.2764326201631665e-05,5.712218435232963e-05
nervous,0.00010778924263358517,0.0,3.2764326201631665e-05,8.568327652849445e-05
nervously,1.9598044115197302e-05,0.0,0.0,9.520364058721605e-06
nest,4.8995110287993256e-06,0.0,0.0,9.520364058721605e-06
nestled,4.8995110287993256e-06,0.0,0.0,0.0
net,0.0,0.0,8.191081550407916e-06,9.520364058721605e-06
netherfield,0.0,0.0,0.0005979489531797779,0.0
nets,0.0,2.2491116009176375e-05,0.0,0.0
netting,0.0,2.2491116009176375e-05,8.191081550407916e-06,0.0
nettled,0.0,0.0,8.191081550407916e-06,0.0
network,0.0,1.1245558004588187e-05,0.0,0.0
neutral,0.0,0.0,0.0,2.8561092176164816e-05
neva,7.349266543198989e-05,0.0,0.0,0.0
never,0.0008084193197518888,0.0012482569385092888,0.0018102290226401493,0.0010281993183419334
nevertheless,9.799022057598651e-06,0.0,0.0,0.0
neville,0.0,0.0,0.0,0.0001808869171157105
nevsky,9.799022057598651e-06,0.0,0.0,0.0
new,0.0005291471911103272,0.000359857856146822,0.00020477703876019789,0.0002856109217616482
newcastle,0.0,0.0,3.2764326201631665e-05,0.0
newcomer,0.0,0.0,0.0,1.904072811744321e-05
newcomers,0.0,1.1245558004588187e-05,0.0,1.904072811744321e-05
newer,0.0,0.0,0.0,9.520364058721605e-06
newest,0.0,0.0,8.191081550407916e-06,0.0
newly,9.799022057598651e-06,0.0,8.191081550407916e-06,4.760182029360803e-05
news,6.369364337439124e-05,0.00013494669605505826,0.0002621146096130533,0.0001713665530569889
newspaper,1.4698533086397977e-05,2.2491116009176375e-05,8.191081550407916e-06,4.760182029360803e-05
newspapers,9.799022057598651e-06,0.0,0.0,3.808145623488642e-05
newton,1.4698533086397977e-05,0.0,0.0,0.0
next,0.00031356870584315684,0.00033736674013764564,0.0005897578716293699,0.00022848873740931853
nez,0.0,0.0,0.0,1.904072811744321e-05
nezhin,4.8995110287993256e-06,0.0,0.0,0.0
niagara,0.0,1.1245558004588187e-05,0.0,0.0
nice,5.879413234559191e-05,0.000539786784220233,4.095540775203958e-05,6.664254841105123e-05
nicely,1.9598044115197302e-05,0.0,8.191081550407916e-06,5.712218435232963e-05
niceness,0.0,1.1245558004588187e-05,0.0,0.0
nicest,0.0,0.0,8.191081550407916e-06,0.0
nicety,4.8995110287993256e-06,0.0,0.0,0.0
nicher,4.8995110287993256e-06,0.0,0.0,0.0
nicholls,0.0,0.0,8.191081550407916e-06,0.0
nichols,0.0,0.0,8.191081550407916e-06,0.0
nick,9.799022057598651e-06,0.0,0.0,0.0
nickel,0.0,0.0,0.0,9.520364058721605e-06
nickels,0.0,1.1245558004588187e-05,0.0,0.0
nickname,4.8995110287993256e-06,0.0,0.0,0.0
niece,4.8995110287993256e-06,2.2491116009176375e-05,0.00016382163100815833,5.712218435232963e-05
nieces,0.0,0.0,9.8292978604895e-05,0.0
nigger,4.8995110287993256e-06,1.1245558004588187e-05,0.0,0.0
nigh,0.0,0.0,0.0,9.520364058721605e-06
night,0.00046055403670713663,0.0017318159327065809,0.00028668785426427703,0.001085321502694263
nightcap,0.0,0.0,8.191081550407916e-06,0.0
nightgown,0.0,7.871890603211732e-05,0.0,0.0
nightingale,4.8995110287993256e-06,0.0,0.0,0.0
nightmare,4.8995110287993256e-06,0.0,0.0,0.0
nights,4.899511028799326e-05,0.00014619225405964643,0.0,8.568327652849445e-05
nihil,9.799022057598651e-06,0.0,0.0,0.0
nihilist,4.8995110287993256e-06,0.0,0.0,0.0
nihilists,9.799022057598651e-06,0.0,0.0,0.0
nikiforovna,9.799022057598651e-06,0.0,0.0,0.0
nikodim,0.00011758826469118382,0.0,0.0,0.0
nikolaevsky,4.8995110287993256e-06,0.0,0.0,0.0
nikolay,0.00028907115069916025,0.0,0.0,0.0
nikolayd,4.8995110287993256e-06,0.0,0.0,0.0
nikolays,2.449755514399663e-05,0.0,0.0,0.0
nil,4.8995110287993256e-06,0.0,0.0,0.0
nind,0.0,0.0,2.457324465122375e-05,0.0
nine,5.879413234559191e-05,2.2491116009176375e-05,1.6382163100815833e-05,0.00013328509682210247
nines,4.8995110287993256e-06,0.0,0.0,0.0
nineteen,4.8995110287993256e-06,0.0,0.0,0.0
nineteenth,4.8995110287993256e-06,0.0,0.0,0.0
ninety,9.799022057598651e-06,3.3736674013764564e-05,0.0,0.0
nip,0.0,0.0,0.0,9.520364058721605e-06
nipper,0.0,0.0,0.0,9.520364058721605e-06
nitrate,0.0,0.0,0.0,9.520364058721605e-06
nix,0.0,1.1245558004588187e-05,0.0,0.0
no,0.0033953611429579328,0.004273312041743511,0.004021821041250287,0.003712941982901426
noahs,4.8995110287993256e-06,0.0,0.0,0.0
nobility,9.799022057598651e-06,0.0,0.0,0.0
noble,4.899511028799326e-05,3.3736674013764564e-05,9.010189705448707e-05,0.00011424436870465926
nobleman,4.8995110287993256e-06,0.0,0.0,1.904072811744321e-05
noblemen,4.8995110287993256e-06,0.0,0.0,0.0
nobler,9.799022057598651e-06,0.0,8.191081550407916e-06,0.0
noblest,0.0,0.0,8.191081550407916e-06,1.904072811744321e-05
nobly,4.8995110287993256e-06,0.0,0.0,0.0
nobody,3.9196088230394604e-05,0.00014619225405964643,0.00013924838635693458,9.520364058721605e-06
nobodys,0.0,0.0,8.191081550407916e-06,0.0
nocturnal,0.0,0.0,0.0,1.904072811744321e-05
nod,0.0,0.0,0.0,9.520364058721605e-06
nodded,3.429657720159528e-05,8.99644640367055e-05,0.0,3.808145623488642e-05
nodding,1.9598044115197302e-05,0.0,0.0,1.904072811744321e-05
nods,0.0,0.0,8.191081550407916e-06,0.0
nog,0.0,1.1245558004588187e-05,0.0,0.0
noise,5.389462131679259e-05,8.99644640367055e-05,2.457324465122375e-05,3.808145623488642e-05
noised,0.0,0.0,0.0,9.520364058721605e-06
noiseless,9.799022057598651e-06,0.0,0.0,1.904072811744321e-05
noiselessly,3.429657720159528e-05,0.0,0.0,1.904072811744321e-05
noisily,9.799022057598651e-06,0.0,0.0,0.0
noisy,4.8995110287993256e-06,2.2491116009176375e-05,2.457324465122375e-05,0.0
nomads,4.8995110287993256e-06,0.0,0.0,0.0
nominal,0.0,0.0,0.0,2.8561092176164816e-05
nominally,0.0,0.0,8.191081550407916e-06,0.0
nonchalance,9.799022057598651e-06,0.0,0.0,0.0
nonchalant,4.8995110287993256e-06,0.0,0.0,0.0
nonconformist,0.0,0.0,0.0,9.520364058721605e-06
none,2.9397066172795955e-05,0.00011245558004588187,0.0001556305494577504,0.00032369237799653456
nonentity,4.8995110287993256e-06,0.0,0.0,9.520364058721605e-06
nonsense,0.0003527647940735515,0.00010121002204129369,6.552865240326333e-05,1.904072811744321e-05
nonsensical,4.8995110287993256e-06,0.0,2.457324465122375e-05,0.0
noon,0.0,5.6227790022940935e-05,1.6382163100815833e-05,0.0
noose,6.369364337439124e-05,0.0,0.0,9.520364058721605e-06
nor,0.00013718630880638113,5.6227790022940935e-05,0.0005979489531797779,0.0001713665530569889
normal,3.9196088230394604e-05,3.3736674013764564e-05,0.0,9.520364058721605e-06
normally,9.799022057598651e-06,0.0,0.0,0.0
north,4.8995110287993256e-06,0.00029238450811929287,4.91464893024475e-05,6.664254841105123e-05
northern,0.0,0.0,2.457324465122375e-05,0.0
northumberland,0.0,0.0,0.0,9.520364058721605e-06
northward,0.0,0.0,1.6382163100815833e-05,0.0
norton,0.0,0.0,0.0,6.664254841105123e-05
nose,4.4095599259193934e-05,0.00011245558004588187,8.191081550407916e-06,7.616291246977284e-05
nosed,4.8995110287993256e-06,1.1245558004588187e-05,0.0,9.520364058721605e-06
nosegays,4.8995110287993256e-06,0.0,0.0,0.0
noses,1.4698533086397977e-05,0.0,0.0,0.0
nosing,0.0,1.1245558004588187e-05,0.0,0.0
nostrils,0.0,0.0,0.0,1.904072811744321e-05
not,0.008593742344514018,0.007287121586973146,0.011688673372432096,0.0060549515413469415
notable,0.0,0.0,0.0,9.520364058721605e-06
notably,0.0,0.0,0.0,9.520364058721605e-06
notched,4.8995110287993256e-06,1.1245558004588187e-05,0.0,0.0
notches,9.799022057598651e-06,0.0,0.0,0.0
note,0.0002498750624687656,0.00012370113805047008,6.552865240326333e-05,0.0003427331061139778
notebook,1.4698533086397977e-05,1.1245558004588187e-05,0.0,0.0
notebooks,4.8995110287993256e-06,0.0,0.0,0.0
noted,2.449755514399663e-05,0.0,0.0,1.904072811744321e-05
notepaper,0.0,0.0,0.0,9.520364058721605e-06
notes,8.329168748958855e-05,1.1245558004588187e-05,8.191081550407916e-06,8.568327652849445e-05
noteworthy,9.799022057598651e-06,0.0,0.0,0.0
nothing,0.001396360643207808,0.0009671179883945841,0.0014498214344222011,0.0010281993183419334
nothingness,0.0,0.0,8.191081550407916e-06,0.0
nothings,0.0,1.1245558004588187e-05,8.191081550407916e-06,0.0
notice,0.000225377507324769,5.6227790022940935e-05,0.00017201271255856622,7.616291246977284e-05
noticeable,3.9196088230394604e-05,0.0,0.0,0.0
noticeably,4.8995110287993256e-06,0.0,0.0,0.0
noticed,0.0003331667499583542,6.747334802752913e-05,6.552865240326333e-05,6.664254841105123e-05
notices,0.0,0.0,0.0,1.904072811744321e-05
noticing,9.799022057598651e-05,0.0,8.191081550407916e-06,0.0
noting,0.0,0.0,0.0,1.904072811744321e-05
notion,4.899511028799326e-05,0.0,6.552865240326333e-05,9.520364058721605e-06
notions,4.8995110287993256e-06,0.0,2.457324465122375e-05,0.0
notorious,2.449755514399663e-05,0.0,0.0,9.520364058721605e-06
notoriously,4.8995110287993256e-06,0.0,0.0,0.0
notre,4.8995110287993256e-06,0.0,0.0,0.0
nou,4.8995110287993256e-06,0.0,0.0,0.0
nourishes,0.0,0.0,8.191081550407916e-06,0.0
nous,0.0,0.0,0.0,9.520364058721605e-06
nova,0.0,0.0,0.0,9.520364058721605e-06
novel,1.4698533086397977e-05,0.0,0.0,3.808145623488642e-05
novels,4.8995110287993256e-06,0.0,8.191081550407916e-06,0.0
novelties,4.8995110287993256e-06,0.0,0.0,0.0
novelty,0.0,0.0,4.095540775203958e-05,0.0
november,0.0,4.498223201835275e-05,4.095540775203958e-05,0.0
novice,9.799022057598651e-06,0.0,0.0,0.0
novices,4.8995110287993256e-06,0.0,0.0,0.0
now,0.002768223731271619,0.002395303854977284,0.0017283182071360702,0.002227765189740856
nowadays,4.899511028799326e-05,1.1245558004588187e-05,0.0,0.0
nowhere,3.9196088230394604e-05,2.2491116009176375e-05,8.191081550407916e-06,0.0
noxious,4.8995110287993256e-06,0.0,0.0,0.0
nucleus,0.0,0.0,0.0,9.520364058721605e-06
nudging,4.8995110287993256e-06,0.0,0.0,0.0
nuisance,4.8995110287993256e-06,2.2491116009176375e-05,0.0,0.0
numb,1.9598044115197302e-05,0.0,0.0,0.0
numbed,4.8995110287993256e-06,1.1245558004588187e-05,0.0,0.0
number,5.879413234559191e-05,0.00011245558004588187,4.095540775203958e-05,0.00011424436870465926
numbers,1.9598044115197302e-05,5.6227790022940935e-05,0.0,1.904072811744321e-05
numeral,0.0,1.1245558004588187e-05,0.0,0.0
numerous,3.429657720159528e-05,0.0,1.6382163100815833e-05,9.520364058721605e-06
nun,4.8995110287993256e-06,0.0,0.0,0.0
nunnery,4.8995110287993256e-06,0.0,0.0,0.0
nuptials,0.0,0.0,2.457324465122375e-05,0.0
nurse,4.8995110287993256e-06,0.0005847690162385857,0.0,9.520364058721605e-06
nursery,0.0,0.0,0.0,1.904072811744321e-05
nurses,0.0,0.0002811389501147047,0.0,0.0
nursing,4.8995110287993256e-06,1.1245558004588187e-05,8.191081550407916e-06,0.0
nurtured,0.0,0.0,0.0,9.520364058721605e-06
nut,0.0,1.1245558004588187e-05,0.0,9.520364058721605e-06
nuts,9.799022057598651e-06,0.0,0.0,0.0
nutshell,0.0,0.0,0.0,9.520364058721605e-06
née,0.0,0.0,0.0,9.520364058721605e-06
nêtes,4.8995110287993256e-06,0.0,0.0,0.0
o,8.819119851838787e-05,1.1245558004588187e-05,1.6382163100815833e-05,1.904072811744321e-05
oak,0.0,2.2491116009176375e-05,0.0,2.8561092176164816e-05
oakham,0.0,0.0,8.191081550407916e-06,0.0
oaks,0.0,0.0,8.191081550407916e-06,0.0
oakshott,0.0,0.0,0.0,6.664254841105123e-05
oar,0.0,7.871890603211732e-05,0.0,0.0
oarlocks,0.0,1.1245558004588187e-05,0.0,0.0
oars,0.0,0.00014619225405964643,0.0,0.0
oasis,4.8995110287993256e-06,0.0,0.0,0.0
oath,1.9598044115197302e-05,0.0,0.0,9.520364058721605e-06
oaths,1.4698533086397977e-05,0.0,0.0,9.520364058721605e-06
obedience,4.8995110287993256e-06,0.0,0.0,9.520364058721605e-06
obedient,4.8995110287993256e-06,0.0,0.0,0.0
obediently,4.8995110287993256e-06,0.0,0.0,0.0
obeisance,0.0,0.0,8.191081550407916e-06,0.0
oberland,0.0,1.1245558004588187e-05,0.0,0.0
obese,0.0,0.0,0.0,9.520364058721605e-06
obey,2.9397066172795955e-05,0.0,8.191081550407916e-06,1.904072811744321e-05
obeyed,9.799022057598651e-06,0.0,2.457324465122375e-05,1.904072811744321e-05
obeying,4.8995110287993256e-06,0.0,0.0,0.0
object,0.00023027701835356832,1.1245558004588187e-05,0.00039317191441958,0.0001428054608808241
objected,0.0,0.0,8.191081550407916e-06,0.0
objecting,0.0,0.0,2.457324465122375e-05,0.0
objection,0.0,0.0,0.00012286622325611874,2.8561092176164816e-05
objectionable,0.0,0.0,2.457324465122375e-05,0.0
objections,4.8995110287993256e-06,0.0,9.010189705448707e-05,2.8561092176164816e-05
objectless,4.8995110287993256e-06,0.0,0.0,0.0
objects,1.9598044115197302e-05,0.0,5.7337570852855414e-05,0.0
obligated,0.0,1.1245558004588187e-05,0.0,0.0
obligation,0.0,2.2491116009176375e-05,4.91464893024475e-05,0.0
obligations,1.9598044115197302e-05,1.1245558004588187e-05,2.457324465122375e-05,1.904072811744321e-05
oblige,0.0,0.0,4.91464893024475e-05,0.0
obliged,3.9196088230394604e-05,0.0,0.00023754136496182955,5.712218435232963e-05
obliging,0.0,0.0,4.095540775203958e-05,9.520364058721605e-06
obligingly,0.0,0.0,8.191081550407916e-06,0.0
oblivion,9.799022057598651e-06,0.0,0.0,0.0
oblivious,9.799022057598651e-06,0.0,0.0,0.0
oblong,0.0,1.1245558004588187e-05,0.0,0.0
obscene,0.0,1.1245558004588187e-05,0.0,0.0
obscure,4.8995110287993256e-06,0.0,0.0,0.0
obscures,4.8995110287993256e-06,0.0,0.0,0.0
obsequious,4.8995110287993256e-06,0.0,8.191081550407916e-06,0.0
obsequiousness,0.0,0.0,8.191081550407916e-06,0.0
observances,0.0,0.0,8.191081550407916e-06,0.0
observant,4.8995110287993256e-06,0.0,0.0,1.904072811744321e-05
observation,3.9196088230394604e-05,1.1245558004588187e-05,0.00011467514170571083,5.712218435232963e-05
observations,9.799022057598651e-06,0.0,2.457324465122375e-05,0.0
observe,4.4095599259193934e-05,0.0,8.191081550407916e-05,0.0001808869171157105
observed,0.0002694731065839629,0.0,0.00022115920186101373,0.0002094480092918753
observer,0.0,0.0,1.6382163100815833e-05,3.808145623488642e-05
observes,4.8995110287993256e-06,0.0,0.0,0.0
observing,1.4698533086397977e-05,0.0,9.8292978604895e-05,3.808145623488642e-05
obsession,4.8995110287993256e-06,0.0,0.0,0.0
obstacle,0.0,0.0,0.0,1.904072811744321e-05
obstacles,4.4095599259193934e-05,1.1245558004588187e-05,1.6382163100815833e-05,0.0
obstinacy,4.8995110287993256e-06,0.0,1.6382163100815833e-05,9.520364058721605e-06
obstinate,4.8995110287993256e-06,0.0,3.2764326201631665e-05,1.904072811744321e-05
obstinately,2.449755514399663e-05,0.0,0.0,0.0
obstructing,4.8995110287993256e-06,0.0,0.0,0.0
obtain,1.9598044115197302e-05,0.0,2.457324465122375e-05,0.0
obtainable,0.0,1.1245558004588187e-05,0.0,0.0
obtained,2.9397066172795955e-05,0.0,3.2764326201631665e-05,9.520364058721605e-06
obtaining,9.799022057598651e-06,0.0,0.0,9.520364058721605e-06
obtruded,0.0,0.0,1.6382163100815833e-05,9.520364058721605e-06
obtuse,4.8995110287993256e-06,0.0,0.0,0.0
obvious,3.9196088230394604e-05,0.0,8.191081550407916e-06,0.0002760905577029266
obviously,0.0001322867977775818,2.2491116009176375e-05,0.0,4.760182029360803e-05
occasion,4.4095599259193934e-05,0.0,0.0003030700173650929,4.760182029360803e-05
occasional,4.8995110287993256e-06,1.1245558004588187e-05,4.91464893024475e-05,3.808145623488642e-05
occasionally,9.799022057598651e-06,2.2491116009176375e-05,9.8292978604895e-05,9.520364058721606e-05
occasioned,0.0,0.0,3.2764326201631665e-05,0.0
occasions,1.4698533086397977e-05,0.0,7.371973395367124e-05,0.0
occipital,0.0,0.0,0.0,9.520364058721605e-06
occupant,0.0,0.0,0.0,3.808145623488642e-05
occupants,4.8995110287993256e-06,0.0,0.0,0.0
occupation,1.4698533086397977e-05,1.1245558004588187e-05,8.191081550407916e-06,3.808145623488642e-05
occupations,0.0,0.0,0.0,9.520364058721605e-06
occupied,5.389462131679259e-05,1.1245558004588187e-05,4.91464893024475e-05,9.520364058721605e-06
occupies,0.0,0.0,8.191081550407916e-06,0.0
occupy,4.8995110287993256e-06,0.0,1.6382163100815833e-05,9.520364058721605e-06
occur,2.449755514399663e-05,0.0,3.2764326201631665e-05,6.664254841105123e-05
occurred,5.389462131679259e-05,1.1245558004588187e-05,0.00011467514170571083,0.0002094480092918753
occurrence,4.8995110287993256e-06,0.0,0.0,9.520364058721605e-06
occurrences,0.0,0.0,3.2764326201631665e-05,9.520364058721605e-06
occurring,0.0,0.0,8.191081550407916e-06,0.0
occurs,4.8995110287993256e-06,0.0,8.191081550407916e-06,0.0
ocean,9.799022057598651e-06,1.1245558004588187e-05,0.0,0.0
och,4.8995110287993256e-06,0.0,0.0,0.0
ochs,0.0,1.1245558004588187e-05,0.0,0.0
oclock,0.00020577946320957167,0.00016868337006882282,4.095540775203958e-05,0.00031417201393781297
oct,0.0,0.0,0.0,9.520364058721605e-06
octagon,0.0,1.1245558004588187e-05,0.0,0.0
octavo,0.0,0.0,0.0,9.520364058721605e-06
october,0.0,5.6227790022940935e-05,8.191081550407916e-06,9.520364058721605e-06
odd,1.9598044115197302e-05,2.2491116009176375e-05,4.095540775203958e-05,2.8561092176164816e-05
oddities,4.8995110287993256e-06,0.0,8.191081550407916e-06,0.0
oddity,0.0,0.0,8.191081550407916e-06,0.0
oddly,1.4698533086397977e-05,0.0,8.191081550407916e-06,0.0
odds,0.0,1.1245558004588187e-05,0.0,0.0
odessa,0.0,0.0,0.0,9.520364058721605e-06
odious,0.0,0.0,2.457324465122375e-05,0.0
odour,0.0,0.0,0.0,9.520364058721605e-06
odours,4.8995110287993256e-06,0.0,0.0,0.0
of,0.018490754622688656,0.012696234987180064,0.02962714196782543,0.025105200022848873
off,0.0010141987829614604,0.001619360352660699,0.000491464893024475,0.0007140273044041204
offence,1.9598044115197302e-05,0.0,4.095540775203958e-05,9.520364058721605e-06
offences,0.0,0.0,2.457324465122375e-05,0.0
offend,4.8995110287993256e-06,1.1245558004588187e-05,2.457324465122375e-05,0.0
offended,8.329168748958855e-05,0.0,7.371973395367124e-05,1.904072811744321e-05
offending,4.8995110287993256e-06,0.0,2.457324465122375e-05,0.0
offensive,2.449755514399663e-05,0.00013494669605505826,1.6382163100815833e-05,9.520364058721605e-06
offer,6.859315440319056e-05,1.1245558004588187e-05,0.00022115920186101373,2.8561092176164816e-05
offered,5.879413234559191e-05,4.498223201835275e-05,8.191081550407916e-05,8.568327652849445e-05
offering,9.799022057598651e-06,0.0,2.457324465122375e-05,9.520364058721605e-06
offers,4.8995110287993256e-06,0.0,4.095540775203958e-05,9.520364058721605e-06
offhand,0.0,0.0,0.0,9.520364058721605e-06
office,0.00024007604041116696,4.498223201835275e-05,4.91464893024475e-05,0.00024752946552676175
officer,9.309070954718719e-05,0.0002811389501147047,6.552865240326333e-05,0.0
officers,3.429657720159528e-05,0.0004610678781881157,0.0002539235280626454,9.520364058721605e-06
offices,1.4698533086397977e-05,0.0,0.0,5.712218435232963e-05
official,8.329168748958855e-05,0.000179928928073411,0.0,0.00011424436870465926
officially,1.4698533086397977e-05,0.0,0.0,0.0
officials,1.4698533086397977e-05,1.1245558004588187e-05,0.0,9.520364058721605e-06
officious,0.0,0.0,2.457324465122375e-05,0.0
officiousness,0.0,0.0,8.191081550407916e-06,0.0
offshore,0.0,1.1245558004588187e-05,0.0,0.0
often,0.00020087995218077235,0.00011245558004588187,0.0007371973395367124,0.00011424436870465926
oftener,4.8995110287993256e-06,0.0,2.457324465122375e-05,0.0
oh,0.0007741227425502935,0.0009221357563762314,0.0007617705841879361,0.0008568327652849445
oho,4.8995110287993256e-06,0.0,0.0,0.0
oil,1.4698533086397977e-05,5.6227790022940935e-05,0.0,2.8561092176164816e-05
oiled,0.0,2.2491116009176375e-05,0.0,0.0
oily,0.0,0.0,0.0,9.520364058721605e-06
ointment,4.8995110287993256e-06,0.0,0.0,0.0
old,0.0010190982939902598,0.0007084701542890558,0.0001064840601553029,0.0006854662122279556
older,2.9397066172795955e-05,0.00010121002204129369,1.6382163100815833e-05,5.712218435232963e-05
oldest,0.0,0.0,0.0,9.520364058721605e-06
olive,0.0,0.0,2.457324465122375e-05,0.0
olives,0.0,1.1245558004588187e-05,0.0,0.0
omen,9.799022057598651e-06,0.0,8.191081550407916e-06,0.0
ominous,0.0,0.0,0.0,2.8561092176164816e-05
omit,9.799022057598651e-06,0.0,8.191081550407916e-06,0.0
omitted,9.799022057598651e-06,0.0,8.191081550407916e-06,0.0
omitting,4.8995110287993256e-06,0.0,0.0,0.0
omne,0.0,0.0,0.0,9.520364058721605e-06
omniscient,4.8995110287993256e-06,0.0,0.0,0.0
on,0.007216979745421407,0.008895236381629257,0.005905769797844108,0.00361773834231421
once,0.0017050298380221654,0.00041608564616976294,0.0004750827299236591,0.0008187513090500581
one,0.0029985007496251873,0.0036210696774773964,0.0021870187739589137,0.0035606161579618805
ones,0.0002498750624687656,0.00015743781206423464,7.371973395367124e-05,0.00010472400464593766
oneself,4.4095599259193934e-05,0.0,0.0,0.0
onion,4.8995110287993256e-06,0.0,0.0,0.0
onions,0.0,1.1245558004588187e-05,0.0,0.0
only,0.002229277518103693,0.001135801358463407,0.0017774646964385178,0.001523258249395457
onto,0.0,0.00025864783410552833,0.0,5.712218435232963e-05
oozed,4.8995110287993256e-06,0.0,0.0,0.0
opal,0.0,0.0,0.0,9.520364058721605e-06
open,0.00046055403670713663,0.000539786784220233,0.00013924838635693458,0.0006093032997581827
opened,0.00034296577201595283,0.0004723134361927039,0.00014743946790734248,0.0003427331061139778
opening,3.9196088230394604e-05,4.498223201835275e-05,0.0001064840601553029,0.00010472400464593766
openings,0.0,1.1245558004588187e-05,0.0,9.520364058721605e-06
openly,7.839217646078921e-05,0.0,6.552865240326333e-05,1.904072811744321e-05
openness,4.8995110287993256e-06,0.0,2.457324465122375e-05,9.520364058721605e-06
openshaw,0.0,0.0,0.0,0.0001428054608808241
openshaws,0.0,0.0,0.0,9.520364058721605e-06
opera,0.0,2.2491116009176375e-05,0.0,9.520364058721605e-06
operate,0.0,5.6227790022940935e-05,0.0,0.0
operated,0.0,5.6227790022940935e-05,8.191081550407916e-06,0.0
operatic,0.0,0.0,0.0,9.520364058721605e-06
operating,0.0,5.6227790022940935e-05,0.0,0.0
operation,4.8995110287993256e-06,6.747334802752913e-05,0.0,2.8561092176164816e-05
operations,0.0,0.0,0.0,9.520364058721605e-06
opinion,0.00013718630880638113,3.3736674013764564e-05,0.0005488024638773304,0.00019040728117443212
opinions,1.4698533086397977e-05,0.0,6.552865240326333e-05,0.0
opium,0.0,0.0,0.0,0.00011424436870465926
opponent,9.799022057598651e-06,0.0,0.0,1.904072811744321e-05
opportunities,0.0,0.0,8.191081550407916e-06,0.0
opportunity,3.9196088230394604e-05,0.0,0.00023754136496182955,1.904072811744321e-05
oppose,9.799022057598651e-06,0.0,2.457324465122375e-05,0.0
opposed,9.799022057598651e-06,0.0,4.095540775203958e-05,9.520364058721605e-06
opposing,4.8995110287993256e-06,0.0,0.0,1.904072811744321e-05
opposite,9.309070954718719e-05,0.00015743781206423464,9.010189705448707e-05,2.8561092176164816e-05
opposition,0.0,0.0,2.457324465122375e-05,9.520364058721605e-06
oppress,9.799022057598651e-06,0.0,0.0,0.0
oppressed,9.799022057598651e-06,0.0,1.6382163100815833e-05,9.520364058721605e-06
oppression,4.8995110287993256e-06,0.0,0.0,0.0
oppressive,2.449755514399663e-05,0.0,0.0,0.0
oppressively,0.0,0.0,8.191081550407916e-06,9.520364058721605e-06
opulence,0.0,0.0,0.0,9.520364058721605e-06
or,0.0020969907203261117,0.0011133102424542305,0.002440942302021559,0.0018850320836268778
oracle,4.8995110287993256e-06,0.0,0.0,0.0
oraison,4.8995110287993256e-06,0.0,0.0,0.0
orange,0.0,2.2491116009176375e-05,0.0,8.568327652849445e-05
orator,9.799022057598651e-06,1.1245558004588187e-05,0.0,0.0
orchard,0.0,1.1245558004588187e-05,0.0,0.0
orchards,0.0,1.1245558004588187e-05,0.0,0.0
ordained,0.0,0.0,8.191081550407916e-06,0.0
ordeal,4.8995110287993256e-06,0.0,0.0,0.0
order,0.00014208581983518045,0.00013494669605505826,5.7337570852855414e-05,0.00019992764523315372
ordered,3.9196088230394604e-05,4.498223201835275e-05,6.552865240326333e-05,9.520364058721606e-05
ordering,4.8995110287993256e-06,0.0,0.0,9.520364058721605e-06
orderly,0.0,0.0002811389501147047,8.191081550407916e-06,0.0
orders,2.9397066172795955e-05,5.6227790022940935e-05,5.7337570852855414e-05,2.8561092176164816e-05
ordinary,9.309070954718719e-05,1.1245558004588187e-05,2.457324465122375e-05,5.712218435232963e-05
ordination,0.0,0.0,8.191081550407916e-06,0.0
ordnance,0.0,0.0,0.0,9.520364058721605e-06
organ,6.369364337439124e-05,0.0,0.0,0.0
organisation,1.4698533086397977e-05,0.0,0.0,1.904072811744321e-05
organise,4.8995110287993256e-06,0.0,0.0,0.0
organised,1.4698533086397977e-05,0.0,0.0,0.0
organism,9.799022057598651e-06,0.0,0.0,0.0
organization,0.0,1.1245558004588187e-05,0.0,0.0
organized,0.0,3.3736674013764564e-05,0.0,0.0
organizing,0.0,1.1245558004588187e-05,0.0,0.0
orgies,0.0,0.0,0.0,9.520364058721605e-06
origin,4.8995110287993256e-06,0.0,0.0,9.520364058721605e-06
original,2.9397066172795955e-05,0.0,4.095540775203958e-05,2.8561092176164816e-05
originality,4.8995110287993256e-06,0.0,0.0,9.520364058721605e-06
originally,0.0,0.0,1.6382163100815833e-05,0.0
originate,0.0,0.0,8.191081550407916e-06,0.0
originated,4.8995110287993256e-06,0.0,1.6382163100815833e-05,0.0
ormstein,0.0,0.0,0.0,1.904072811744321e-05
ornament,4.8995110287993256e-06,0.0,8.191081550407916e-06,9.520364058721605e-06
ornaments,0.0,0.0,1.6382163100815833e-05,9.520364058721605e-06
orphan,1.9598044115197302e-05,0.0,0.0,1.904072811744321e-05
orphanage,0.0,0.0,0.0,9.520364058721605e-06
orphans,4.899511028799326e-05,0.0,0.0,0.0
oscillated,0.0,0.0,0.0,9.520364058721605e-06
oscillates,0.0,0.0,0.0,9.520364058721605e-06
oscillation,0.0,0.0,0.0,9.520364058721605e-06
ospedale,0.0,5.6227790022940935e-05,0.0,0.0
ostentation,0.0,0.0,8.191081550407916e-06,0.0
ostentatious,0.0,0.0,8.191081550407916e-06,0.0
ostlers,0.0,0.0,0.0,1.904072811744321e-05
ostrich,9.799022057598651e-06,0.0,0.0,9.520364058721605e-06
ostrov,2.449755514399663e-05,0.0,0.0,0.0
othello,0.0,2.2491116009176375e-05,0.0,0.0
other,0.000916208562385474,0.001619360352660699,0.0017201271255856624,0.001399493516632076
others,0.00021557848526717035,0.000359857856146822,0.0004505094852724354,0.0001808869171157105
otherwise,2.449755514399663e-05,1.1245558004588187e-05,0.00013105730480652666,4.760182029360803e-05
ouch,0.0,1.1245558004588187e-05,0.0,0.0
ouchy,0.0,1.1245558004588187e-05,0.0,0.0
oughf,0.0,1.1245558004588187e-05,0.0,0.0
ought,0.0002841716396703609,0.0003935945301605866,0.0003685986697683562,5.712218435232963e-05
oughtnt,9.799022057598651e-06,0.0,0.0,0.0
ounce,0.0,0.0,0.0,1.904072811744321e-05
ounces,4.8995110287993256e-06,0.0,0.0,0.0
our,0.0006810320330031063,0.0008434168503441141,0.0005979489531797779,0.001980235724214094
ours,4.8995110287993256e-06,2.2491116009176375e-05,1.6382163100815833e-05,9.520364058721605e-06
ourselves,6.369364337439124e-05,2.2491116009176375e-05,6.552865240326333e-05,0.00019040728117443212
out,0.0033414665216411404,0.005116728892087625,0.0010976049277546607,0.003065557226908357
outbreak,4.8995110287993256e-06,0.0,0.0,9.520364058721605e-06
outbreaks,0.0,0.0,0.0,9.520364058721605e-06
outburst,4.8995110287993256e-06,0.0,0.0,0.0
outbursts,0.0,0.0,0.0,9.520364058721605e-06
outcries,4.8995110287993256e-06,0.0,0.0,0.0
outcry,1.4698533086397977e-05,0.0,0.0,9.520364058721605e-06
outdone,0.0,0.0,8.191081550407916e-06,0.0
outdoor,0.0,0.0,0.0,9.520364058721605e-06
outdoors,0.0,1.1245558004588187e-05,0.0,0.0
outer,2.449755514399663e-05,0.0,0.0,1.904072811744321e-05
outfit,4.8995110287993256e-06,1.1245558004588187e-05,0.0,0.0
outgrown,4.8995110287993256e-06,0.0,0.0,0.0
outhouse,0.0,0.0,0.0,9.520364058721605e-06
outlet,4.8995110287993256e-06,0.0,0.0,0.0
outline,0.0,0.0,0.0,9.520364058721605e-06
outlined,0.0,0.0,0.0,1.904072811744321e-05
outlines,4.8995110287993256e-06,1.1245558004588187e-05,0.0,0.0
outlived,0.0,1.1245558004588187e-05,8.191081550407916e-06,0.0
outrage,1.4698533086397977e-05,0.0,0.0,0.0
outraged,4.8995110287993256e-06,0.0,0.0,0.0
outrages,0.0,0.0,0.0,1.904072811744321e-05
outrun,0.0,0.0,8.191081550407916e-06,0.0
outré,0.0,0.0,0.0,1.904072811744321e-05
outs,9.799022057598651e-06,0.0,0.0,0.0
outset,0.0,0.0,0.0,9.520364058721605e-06
outside,5.389462131679259e-05,0.001012100220412937,0.0,0.00022848873740931853
outsider,4.8995110287993256e-06,0.0,0.0,0.0
outsiders,4.8995110287993256e-06,0.0,0.0,0.0
outsides,0.0,0.0,0.0,9.520364058721605e-06
outskirts,0.0,0.0,0.0,1.904072811744321e-05
outspoken,4.8995110287993256e-06,0.0,0.0,0.0
outspread,4.8995110287993256e-06,1.1245558004588187e-05,0.0,0.0
outstanding,0.0,0.0,0.0,1.904072811744321e-05
outstretched,4.8995110287993256e-06,0.0,0.0,1.904072811744321e-05
outstrip,0.0,0.0,8.191081550407916e-06,0.0
outstripped,0.0,0.0,8.191081550407916e-06,0.0
outward,0.0,1.1245558004588187e-05,0.0,9.520364058721605e-06
outwards,4.8995110287993256e-06,0.0,0.0,0.0
outweigh,4.8995110287993256e-06,0.0,0.0,9.520364058721605e-06
oval,4.8995110287993256e-06,0.0,0.0,0.0
ovens,0.0,1.1245558004588187e-05,0.0,0.0
over,0.0012150787351422328,0.0022940938329359902,0.0007453884210871203,0.0017422266227460539
overawe,4.8995110287993256e-06,0.0,0.0,0.0
overbalancing,4.8995110287993256e-06,0.0,0.0,0.0
overbearing,4.8995110287993256e-06,0.0,8.191081550407916e-06,0.0
overburdened,4.8995110287993256e-06,0.0,0.0,0.0
overcame,9.799022057598651e-06,0.0,2.457324465122375e-05,0.0
overcoat,5.389462131679259e-05,1.1245558004588187e-05,0.0,3.808145623488642e-05
overcome,6.859315440319056e-05,0.0,8.191081550407916e-05,9.520364058721605e-06
overcoming,0.0,0.0,8.191081550407916e-06,0.0
overdid,0.0,0.0,0.0,9.520364058721605e-06
overdo,9.799022057598651e-06,0.0,0.0,0.0
overdriven,4.8995110287993256e-06,0.0,0.0,0.0
overflowed,4.8995110287993256e-06,0.0,0.0,0.0
overflowing,9.799022057598651e-06,0.0,8.191081550407916e-06,0.0
overflows,0.0,0.0,8.191081550407916e-06,0.0
overgrown,4.8995110287993256e-06,1.1245558004588187e-05,0.0,0.0
overhauled,0.0,0.0,0.0,9.520364058721605e-06
overhead,0.0,2.2491116009176375e-05,0.0,9.520364058721605e-06
overhear,4.8995110287993256e-06,0.0,1.6382163100815833e-05,9.520364058721605e-06
overheard,9.799022057598651e-06,0.0,2.457324465122375e-05,0.0
overhearing,0.0,0.0,0.0,9.520364058721605e-06
overhearings,0.0,0.0,8.191081550407916e-06,0.0
overjoyed,9.799022057598651e-06,0.0,8.191081550407916e-06,9.520364058721605e-06
overlook,1.4698533086397977e-05,0.0,2.457324465122375e-05,9.520364058721605e-06
overlooked,4.8995110287993256e-06,0.0,2.457324465122375e-05,0.0
overlooking,4.8995110287993256e-06,0.0,0.0,0.0
overpower,0.0,0.0,8.191081550407916e-06,0.0
overpowered,0.0,0.0,2.457324465122375e-05,0.0
overpowering,0.0,0.0,8.191081550407916e-06,2.8561092176164816e-05
overrated,0.0,0.0,8.191081550407916e-06,0.0
overseen,0.0,0.0,0.0,9.520364058721605e-06
overset,0.0,0.0,8.191081550407916e-06,0.0
overshoes,0.0,1.1245558004588187e-05,0.0,0.0
oversight,0.0,0.0,0.0,9.520364058721605e-06
oversleep,0.0,1.1245558004588187e-05,0.0,0.0
overslept,4.8995110287993256e-06,0.0,0.0,0.0
overspread,0.0,0.0,2.457324465122375e-05,0.0
overspreading,0.0,0.0,8.191081550407916e-06,0.0
overstep,3.9196088230394604e-05,0.0,0.0,0.0
overstepped,9.799022057598651e-06,0.0,0.0,0.0
overstepping,4.8995110287993256e-06,0.0,0.0,0.0
overstrained,2.9397066172795955e-05,0.0,0.0,0.0
overstrung,0.0,0.0,0.0,9.520364058721605e-06
overtake,1.4698533086397977e-05,0.0,0.0,0.0
overtaken,1.4698533086397977e-05,0.0,8.191081550407916e-06,9.520364058721605e-06
overtakes,4.8995110287993256e-06,0.0,0.0,0.0
overthrow,0.0,0.0,8.191081550407916e-06,0.0
overthrowing,0.0,0.0,8.191081550407916e-06,0.0
overthrown,0.0,0.0,2.457324465122375e-05,0.0
overtook,2.449755514399663e-05,0.0,8.191081550407916e-06,1.904072811744321e-05
overtopped,0.0,0.0,0.0,9.520364058721605e-06
overtures,0.0,0.0,8.191081550407916e-06,0.0
overturned,4.8995110287993256e-06,0.0,0.0,0.0
overweening,4.8995110287993256e-06,0.0,0.0,0.0
overwhelmed,5.389462131679259e-05,0.0,0.0,9.520364058721605e-06
overwhelming,3.429657720159528e-05,0.0,0.0,0.0
overworked,0.0,1.1245558004588187e-05,0.0,0.0
overwrought,9.799022057598651e-06,0.0,0.0,0.0
owe,1.4698533086397977e-05,0.0,4.095540775203958e-05,6.664254841105123e-05
owed,1.4698533086397977e-05,0.0,4.91464893024475e-05,0.0
owes,0.0,0.0,1.6382163100815833e-05,0.0
owing,5.389462131679259e-05,0.0,3.2764326201631665e-05,0.0
owl,2.449755514399663e-05,0.0,0.0,0.0
own,0.0008672134520974807,0.00013494669605505826,0.0015399233314766882,0.0009615567699308822
owned,0.0,0.0,2.457324465122375e-05,0.0
owner,1.9598044115197302e-05,0.0,3.2764326201631665e-05,1.904072811744321e-05
owning,4.8995110287993256e-06,0.0,0.0,0.0
owns,0.0,0.0,8.191081550407916e-06,0.0
oxford,0.0,0.0,8.191081550407916e-06,2.8561092176164816e-05
oxfordshire,0.0,0.0,0.0,9.520364058721605e-06
p,4.8995110287993256e-06,0.0,8.191081550407916e-06,1.904072811744321e-05
pa,0.0,0.0,0.0,8.568327652849445e-05
pace,9.799022057598651e-06,4.498223201835275e-05,8.191081550407916e-06,0.0
paced,1.9598044115197302e-05,0.0,0.0,6.664254841105123e-05
paces,0.00014208581983518045,1.1245558004588187e-05,0.0,2.8561092176164816e-05
pacific,0.0,1.1245558004588187e-05,0.0,9.520364058721605e-06
pacing,9.799022057598651e-06,0.0,0.0,2.8561092176164816e-05
pack,1.4698533086397977e-05,5.6227790022940935e-05,1.6382163100815833e-05,2.8561092176164816e-05
package,0.0,8.99644640367055e-05,0.0,0.0
packages,0.0,2.2491116009176375e-05,0.0,0.0
packed,9.799022057598651e-06,0.00010121002204129369,8.191081550407916e-06,1.904072811744321e-05
packet,0.0,0.0,0.0,1.904072811744321e-05
packing,9.799022057598651e-06,0.0,8.191081550407916e-06,0.0
packs,0.0,2.2491116009176375e-05,0.0,0.0
pad,0.0,2.2491116009176375e-05,0.0,0.0
paddington,0.0,0.0,0.0,6.664254841105123e-05
paddock,0.0,3.3736674013764564e-05,2.457324465122375e-05,0.0
padlock,0.0,1.1245558004588187e-05,0.0,0.0
padlocked,0.0,0.0,0.0,9.520364058721605e-06
page,9.799022057598651e-06,0.0,1.6382163100815833e-05,8.568327652849445e-05
pages,1.4698533086397977e-05,0.0,8.191081550407916e-06,0.0
pagoda,0.0,1.1245558004588187e-05,0.0,0.0
paid,8.819119851838787e-05,0.00016868337006882282,0.0001556305494577504,8.568327652849445e-05
pail,4.8995110287993256e-06,2.2491116009176375e-05,0.0,0.0
pailfuls,4.8995110287993256e-06,0.0,0.0,0.0
pain,2.9397066172795955e-05,0.00011245558004588187,0.00023754136496182955,7.616291246977284e-05
pained,0.0,0.0,0.0,9.520364058721605e-06
painful,6.859315440319056e-05,3.3736674013764564e-05,0.00011467514170571083,6.664254841105123e-05
painfully,4.4095599259193934e-05,0.0,1.6382163100815833e-05,9.520364058721605e-06
paining,0.0,0.0,8.191081550407916e-06,0.0
pains,4.8995110287993256e-06,8.99644640367055e-05,3.2764326201631665e-05,2.8561092176164816e-05
paint,2.9397066172795955e-05,1.1245558004588187e-05,8.191081550407916e-06,2.8561092176164816e-05
painted,2.9397066172795955e-05,2.2491116009176375e-05,0.0,9.520364058721605e-06
painter,4.899511028799326e-05,0.0,8.191081550407916e-06,0.0
painters,3.429657720159528e-05,0.0,0.0,0.0
painting,2.449755514399663e-05,1.1245558004588187e-05,0.0,0.0
paintings,0.0,0.0,8.191081550407916e-06,0.0
paints,4.8995110287993256e-06,0.0,0.0,0.0
pair,1.4698533086397977e-05,1.1245558004588187e-05,1.6382163100815833e-05,0.00011424436870465926
pajama,0.0,1.1245558004588187e-05,0.0,0.0
pajamas,0.0,2.2491116009176375e-05,0.0,0.0
pal,0.0,0.0,0.0,2.8561092176164816e-05
palace,9.799022057598651e-06,1.1245558004588187e-05,0.0,0.0
palais,2.9397066172795955e-05,0.0,0.0,0.0
palatable,0.0,0.0,8.191081550407916e-06,0.0
palate,9.799022057598651e-06,0.0,0.0,0.0
palates,9.799022057598651e-06,0.0,0.0,0.0
pale,0.0003478652830447521,3.3736674013764564e-05,3.2764326201631665e-05,0.00015232582493954569
paleness,4.8995110287993256e-06,0.0,0.0,9.520364058721605e-06
paler,1.4698533086397977e-05,0.0,8.191081550407916e-06,0.0
palermo,0.0,1.1245558004588187e-05,0.0,0.0
pales,0.0,0.0,1.6382163100815833e-05,0.0
paling,0.0,0.0,1.6382163100815833e-05,0.0
pall,0.0,0.0,0.0,9.520364058721605e-06
pallanza,0.0,0.00010121002204129369,0.0,0.0
pallet,0.0,0.0,0.0,9.520364058721605e-06
palliation,0.0,0.0,8.191081550407916e-06,0.0
pallor,9.799022057598651e-06,0.0,0.0,9.520364058721605e-06
palm,0.0,0.0,0.0,4.760182029360803e-05
palmer,0.0,0.0,0.0,9.520364058721605e-06
palmerston,9.799022057598651e-06,0.0,0.0,0.0
palms,4.8995110287993256e-06,0.0,0.0,0.0
palpitating,0.0,0.0,0.0,1.904072811744321e-05
pals,0.0,0.0,0.0,9.520364058721605e-06
paltry,4.8995110287993256e-06,0.0,1.6382163100815833e-05,0.0
pamphlets,4.8995110287993256e-06,0.0,0.0,0.0
pan,2.449755514399663e-05,1.1245558004588187e-05,0.0,0.0
pancake,4.8995110287993256e-06,0.0,0.0,0.0
pancakes,1.9598044115197302e-05,0.0,0.0,0.0
pancras,0.0,0.0,0.0,9.520364058721605e-06
pane,9.799022057598651e-06,0.0,0.0,0.0
panegyric,0.0,0.0,1.6382163100815833e-05,0.0
panel,0.0,0.0,0.0,4.760182029360803e-05
panelled,0.0,0.0,0.0,9.520364058721605e-06
panelling,0.0,0.0,0.0,9.520364058721605e-06
panes,4.8995110287993256e-06,2.2491116009176375e-05,0.0,0.0
pang,3.429657720159528e-05,0.0,8.191081550407916e-06,0.0
pani,4.8995110287993256e-06,0.0,0.0,0.0
panic,2.449755514399663e-05,1.1245558004588187e-05,0.0,0.0
panoply,0.0,0.0,0.0,9.520364058721605e-06
panted,4.8995110287993256e-06,0.0,0.0,9.520364058721605e-06
panting,3.429657720159528e-05,0.0,8.191081550407916e-06,0.0
pantingly,0.0,1.1245558004588187e-05,0.0,0.0
pants,0.0,2.2491116009176375e-05,0.0,0.0
papa,2.449755514399663e-05,0.0,4.095540775203958e-05,0.0
papas,4.8995110287993256e-06,0.0,0.0,0.0
paper,0.00021557848526717035,0.0003148756241284693,4.91464893024475e-05,0.0004188960185837506
papering,4.8995110287993256e-06,0.0,0.0,0.0
papers,7.839217646078921e-05,0.0006072601322477621,8.191081550407916e-06,0.00042841638264247227
papier,0.0,0.0,0.0,9.520364058721605e-06
parabola,4.8995110287993256e-06,0.0,0.0,0.0
parade,0.0,0.0,1.6382163100815833e-05,0.0
parades,4.8995110287993256e-06,0.0,0.0,0.0
parading,0.0,0.0,8.191081550407916e-06,0.0
paradol,0.0,0.0,0.0,9.520364058721605e-06
paradoxical,0.0,0.0,0.0,9.520364058721605e-06
paragraph,0.0,0.0,0.0,2.8561092176164816e-05
paragraphs,0.0,0.0,0.0,9.520364058721605e-06
parallel,4.8995110287993256e-06,1.1245558004588187e-05,0.0,2.8561092176164816e-05
paralysed,4.8995110287993256e-06,0.0,0.0,0.0
paralysis,4.8995110287993256e-06,0.0,0.0,0.0
paramore,0.0,0.0,0.0,1.904072811744321e-05
paramount,0.0,0.0,0.0,9.520364058721605e-06
parapet,4.8995110287993256e-06,0.0,0.0,9.520364058721605e-06
parasha,1.4698533086397977e-05,0.0,0.0,0.0
parasol,1.9598044115197302e-05,0.0,1.6382163100815833e-05,0.0
parcel,1.9598044115197302e-05,0.0,0.0,9.520364058721605e-06
parcels,4.8995110287993256e-06,0.0,1.6382163100815833e-05,0.0
parched,2.449755514399663e-05,0.0,0.0,9.520364058721605e-06
pardon,1.4698533086397977e-05,3.3736674013764564e-05,0.00013105730480652666,1.904072811744321e-05
pardonable,4.8995110287993256e-06,0.0,0.0,0.0
pardoned,4.8995110287993256e-06,0.0,0.0,0.0
pared,0.0,1.1245558004588187e-05,0.0,0.0
parent,4.8995110287993256e-06,0.0,0.0,0.0
parental,0.0,0.0,8.191081550407916e-06,0.0
parenthesis,9.799022057598651e-06,0.0,0.0,0.0
parents,1.4698533086397977e-05,0.0,6.552865240326333e-05,2.8561092176164816e-05
pari,0.0,1.1245558004588187e-05,0.0,0.0
parietal,0.0,0.0,0.0,9.520364058721605e-06
paris,1.4698533086397977e-05,2.2491116009176375e-05,0.0,9.520364058721605e-06
parish,0.0,0.0,7.371973395367124e-05,1.904072811744321e-05
parishioners,0.0,0.0,8.191081550407916e-06,0.0
park,1.4698533086397977e-05,7.871890603211732e-05,0.00018020379410897414,8.568327652849445e-05
parked,0.0,1.1245558004588187e-05,0.0,0.0
parlance,0.0,0.0,0.0,9.520364058721605e-06
parley,0.0,0.0,0.0,9.520364058721605e-06
parlez,4.8995110287993256e-06,0.0,0.0,0.0
parlor,0.0,2.2491116009176375e-05,0.0,0.0
parlour,9.799022057598651e-06,0.0,9.010189705448707e-05,0.0
paroxysm,4.8995110287993256e-06,0.0,0.0,0.0
paroxysms,4.8995110287993256e-06,0.0,0.0,0.0
parr,0.0,0.0,0.0,1.904072811744321e-05
parried,4.8995110287993256e-06,0.0,0.0,0.0
parsimony,4.8995110287993256e-06,0.0,0.0,0.0
parsonage,0.0,0.0,0.00014743946790734248,9.520364058721605e-06
part,0.00025967408452636426,6.747334802752913e-05,0.00043412732217161954,0.0002760905577029266
partake,0.0,0.0,1.6382163100815833e-05,0.0
parted,5.389462131679259e-05,1.1245558004588187e-05,0.00011467514170571083,5.712218435232963e-05
parti,9.799022057598651e-06,0.0,0.0,0.0
partial,1.4698533086397977e-05,1.1245558004588187e-05,8.191081550407916e-05,0.0
partiality,0.0,0.0,0.0001064840601553029,0.0
partially,0.0,0.0,0.0,9.520364058721605e-06
participated,0.0,1.1245558004588187e-05,0.0,0.0
participation,0.0,0.0,8.191081550407916e-06,0.0
particular,4.4095599259193934e-05,0.0,0.00022115920186101373,4.760182029360803e-05
particularly,0.00018618141909437438,2.2491116009176375e-05,0.00027030569116346124,5.712218435232963e-05
particulars,4.8995110287993256e-06,0.0,0.0001556305494577504,4.760182029360803e-05
partie,0.0,0.0,0.0,9.520364058721605e-06
parties,0.0,3.3736674013764564e-05,9.8292978604895e-05,9.520364058721605e-06
parting,4.4095599259193934e-05,0.0,5.7337570852855414e-05,0.0
partitioned,9.799022057598651e-06,0.0,0.0,0.0
partly,8.329168748958855e-05,1.1245558004588187e-05,1.6382163100815833e-05,9.520364058721605e-06
partner,2.449755514399663e-05,1.1245558004588187e-05,0.00013924838635693458,3.808145623488642e-05
partners,0.0,0.0,2.457324465122375e-05,0.0
partnership,1.4698533086397977e-05,0.0,0.0,0.0
partridges,0.0,0.0,8.191081550407916e-06,0.0
parts,1.9598044115197302e-05,3.3736674013764564e-05,4.91464893024475e-05,3.808145623488642e-05
party,6.369364337439124e-05,0.0,0.0004668916483732512,6.664254841105123e-05
pas,9.799022057598651e-06,1.1245558004588187e-05,0.0,0.0
pashenka,5.879413234559191e-05,0.0,0.0,0.0
pass,0.00020577946320957167,0.00012370113805047008,0.00012286622325611874,0.00013328509682210247
passage,0.00012248777571998316,0.0,1.6382163100815833e-05,0.00021896837335059693
passages,9.799022057598651e-06,0.0,1.6382163100815833e-05,9.520364058721605e-06
passed,0.00037236283818874877,0.000359857856146822,0.000491464893024475,0.00039033492640758584
passenger,0.0,0.0,0.0,9.520364058721605e-06
passengers,4.8995110287993256e-06,0.0,0.0,9.520364058721605e-06
passer,4.8995110287993256e-06,0.0,0.0,0.0
passers,3.429657720159528e-05,0.0,0.0,2.8561092176164816e-05
passing,7.349266543198989e-05,0.00013494669605505826,9.010189705448707e-05,0.00011424436870465926
passini,0.0,0.00024740227610094015,0.0,0.0
passinis,0.0,1.1245558004588187e-05,0.0,0.0
passion,4.4095599259193934e-05,1.1245558004588187e-05,1.6382163100815833e-05,7.616291246977284e-05
passionate,1.9598044115197302e-05,0.0,0.0,9.520364058721605e-06
passionately,4.8995110287993256e-06,0.0,0.0,1.904072811744321e-05
passions,0.0,0.0,8.191081550407916e-06,9.520364058721605e-06
passively,4.8995110287993256e-06,0.0,0.0,0.0
passport,1.9598044115197302e-05,4.498223201835275e-05,0.0,0.0
passports,4.8995110287993256e-06,7.871890603211732e-05,0.0,0.0
past,0.00018128190806557506,0.0002811389501147047,8.191081550407916e-05,0.00026657019364420494
pasta,0.0,2.2491116009176375e-05,0.0,0.0
pasted,0.0,2.2491116009176375e-05,0.0,0.0
pasty,0.0,0.0,0.0,9.520364058721605e-06
patch,0.0,3.3736674013764564e-05,0.0,9.520364058721605e-06
patched,4.8995110287993256e-06,0.0,8.191081550407916e-06,0.0
patches,0.0,1.1245558004588187e-05,0.0,9.520364058721605e-06
patchwork,4.8995110287993256e-06,0.0,0.0,0.0
patent,0.0,0.0,0.0,1.904072811744321e-05
patentee,0.0,0.0,0.0,9.520364058721605e-06
paternal,0.0,0.0,0.0,9.520364058721605e-06
patersons,0.0,0.0,0.0,9.520364058721605e-06
path,3.9196088230394604e-05,6.747334802752913e-05,3.2764326201631665e-05,8.568327652849445e-05
pathetic,0.0,0.0,8.191081550407916e-06,0.0
paths,4.8995110287993256e-06,4.498223201835275e-05,0.0,0.0
pathway,0.0,1.1245558004588187e-05,0.0,9.520364058721605e-06
patience,3.429657720159528e-05,0.0,7.371973395367124e-05,2.8561092176164816e-05
patient,7.349266543198989e-05,0.00010121002204129369,8.191081550407916e-06,7.616291246977284e-05
patiently,4.8995110287993256e-06,0.0,0.0,0.0
patients,2.9397066172795955e-05,5.6227790022940935e-05,0.0,1.904072811744321e-05
patriarchal,4.8995110287993256e-06,0.0,0.0,0.0
patriot,0.0,4.498223201835275e-05,0.0,0.0
patriotic,0.0,2.2491116009176375e-05,0.0,0.0
patriots,0.0,1.1245558004588187e-05,0.0,0.0
patron,0.0,0.0,2.457324465122375e-05,9.520364058721605e-06
patronage,4.8995110287993256e-06,0.0,3.2764326201631665e-05,0.0
patroness,4.8995110287993256e-06,0.0,5.7337570852855414e-05,0.0
patronising,4.8995110287993256e-06,0.0,0.0,0.0
patrons,4.8995110287993256e-06,0.0,0.0,0.0
patted,4.8995110287993256e-06,0.00012370113805047008,0.0,1.904072811744321e-05
pattered,9.799022057598651e-06,1.1245558004588187e-05,0.0,1.904072811744321e-05
pattern,9.799022057598651e-06,0.0,0.0,0.0
patterns,4.8995110287993256e-06,0.0,0.0,0.0
patting,4.8995110287993256e-06,0.0,0.0,9.520364058721605e-06
paul,0.0,4.498223201835275e-05,0.0,0.0
pauls,0.0,0.0,0.0,1.904072811744321e-05
pauper,0.0,0.0,0.0,9.520364058721605e-06
pause,8.329168748958855e-05,0.0,0.00014743946790734248,1.904072811744321e-05
paused,6.369364337439124e-05,1.1245558004588187e-05,2.457324465122375e-05,2.8561092176164816e-05
pauses,0.0,0.0,1.6382163100815833e-05,0.0
pausing,0.0,0.0,1.6382163100815833e-05,9.520364058721605e-06
paved,0.0,1.1245558004588187e-05,0.0,0.0
pavement,0.0001126887536623845,2.2491116009176375e-05,8.191081550407916e-06,9.520364058721606e-05
paving,0.0,1.1245558004588187e-05,0.0,0.0
pavlitch,4.8995110287993256e-06,0.0,0.0,0.0
pavlovitch,4.8995110287993256e-06,0.0,0.0,0.0
pavlovna,3.429657720159528e-05,0.0,0.0,0.0
pavlovnas,9.799022057598651e-06,0.0,0.0,0.0
pawn,3.429657720159528e-05,0.0,0.0,0.0
pawnbroker,6.859315440319056e-05,0.0,0.0,1.904072811744321e-05
pawnbrokers,0.0,0.0,0.0,3.808145623488642e-05
pawned,1.4698533086397977e-05,0.0,0.0,0.0
paws,4.8995110287993256e-06,1.1245558004588187e-05,0.0,0.0
pay,0.00018618141909437438,0.00015743781206423464,9.010189705448707e-05,0.00016184618899826728
paying,3.429657720159528e-05,1.1245558004588187e-05,3.2764326201631665e-05,3.808145623488642e-05
payment,3.429657720159528e-05,1.1245558004588187e-05,8.191081550407916e-06,9.520364058721605e-06
pays,4.8995110287993256e-06,0.0,0.0,9.520364058721605e-06
pea,0.0,0.0,0.0,2.8561092176164816e-05
peace,7.349266543198989e-05,2.2491116009176375e-05,5.7337570852855414e-05,4.760182029360803e-05
peaceably,4.8995110287993256e-06,0.0,0.0,0.0
peaceful,4.8995110287993256e-06,0.0,0.0,9.520364058721605e-06
peacefully,4.8995110287993256e-06,0.0,0.0,0.0
peaches,0.0,0.0,8.191081550407916e-06,0.0
peak,0.0,0.0,8.191081550407916e-06,0.0
peaked,0.0,0.0,0.0,9.520364058721605e-06
pear,0.0,1.1245558004588187e-05,0.0,0.0
pearl,0.0,0.0,0.0,9.520364058721605e-06
pearls,4.8995110287993256e-06,0.0,0.0,0.0
peas,4.8995110287993256e-06,0.0,0.0,0.0
peasant,9.309070954718719e-05,1.1245558004588187e-05,0.0,9.520364058721605e-06
peasants,7.349266543198989e-05,0.00010121002204129369,0.0,0.0
pebbles,0.0,2.2491116009176375e-05,0.0,0.0
pebbly,0.0,1.1245558004588187e-05,0.0,0.0
pecking,4.8995110287993256e-06,0.0,0.0,0.0
peculiar,0.0001126887536623845,0.0,4.91464893024475e-05,0.00019040728117443212
peculiarities,4.8995110287993256e-06,0.0,8.191081550407916e-06,9.520364058721605e-06
peculiarity,4.8995110287993256e-06,0.0,8.191081550407916e-06,0.0
peculiarly,1.9598044115197302e-05,0.0,2.457324465122375e-05,9.520364058721605e-06
pecuniary,9.799022057598651e-06,0.0,1.6382163100815833e-05,0.0
pedantic,0.0,0.0,8.191081550407916e-06,0.0
pedestal,4.8995110287993256e-06,0.0,0.0,0.0
pedestrians,0.0,0.0,0.0,9.520364058721605e-06
pedlar,1.4698533086397977e-05,0.0,0.0,0.0
pedlars,4.8995110287993256e-06,0.0,0.0,0.0
peduzzi,0.0,2.2491116009176375e-05,0.0,0.0
peeked,0.0,1.1245558004588187e-05,0.0,0.0
peel,0.0,1.1245558004588187e-05,0.0,0.0
peeled,0.0,0.0,0.0,9.520364058721605e-06
peeling,4.8995110287993256e-06,0.0,0.0,9.520364058721605e-06
peep,1.4698533086397977e-05,0.0,8.191081550407916e-06,9.520364058721605e-06
peeped,3.9196088230394604e-05,0.0,0.0,4.760182029360803e-05
peeping,9.799022057598651e-06,0.0,0.0,9.520364058721605e-06
peeress,0.0,0.0,0.0,9.520364058721605e-06
peering,4.8995110287993256e-06,0.0,0.0,3.808145623488642e-05
peevish,4.8995110287993256e-06,0.0,1.6382163100815833e-05,0.0
peevishly,4.8995110287993256e-06,0.0,0.0,0.0
peg,0.0,1.1245558004588187e-05,0.0,0.0
pelisse,4.8995110287993256e-06,0.0,0.0,0.0
pell,4.8995110287993256e-06,0.0,0.0,0.0
pemberley,0.0,0.0,0.00043412732217161954,0.0
pen,3.9196088230394604e-05,0.0,2.457324465122375e-05,9.520364058721606e-05
penal,1.4698533086397977e-05,0.0,0.0,9.520364058721605e-06
penance,0.0,0.0,8.191081550407916e-06,0.0
pence,0.0,0.0,0.0,1.904072811744321e-05
pencil,9.799022057598651e-06,1.1245558004588187e-05,0.0,2.8561092176164816e-05
pencilled,4.8995110287993256e-06,0.0,0.0,0.0
pencils,0.0,0.0,0.0,9.520364058721605e-06
pending,0.0,0.0,0.0,9.520364058721605e-06
penetrate,4.8995110287993256e-06,0.0,0.0,0.0
penetrated,9.799022057598651e-06,0.0,0.0,0.0
penetrating,9.799022057598651e-06,0.0,0.0,2.8561092176164816e-05
penetration,4.8995110287993256e-06,0.0,1.6382163100815833e-05,0.0
penitence,4.8995110287993256e-06,0.0,0.0,0.0
penitent,4.8995110287993256e-06,0.0,8.191081550407916e-06,0.0
penitentiary,0.0,1.1245558004588187e-05,0.0,0.0
pennant,0.0,1.1245558004588187e-05,0.0,0.0
penned,4.8995110287993256e-06,0.0,0.0,0.0
pennies,0.0,0.0,0.0,4.760182029360803e-05
pennsylvania,0.0,0.0,0.0,9.520364058721605e-06
penny,3.429657720159528e-05,2.2491116009176375e-05,0.0,9.520364058721605e-06
pens,4.8995110287993256e-06,0.0,8.191081550407916e-06,9.520364058721605e-06
pension,7.349266543198989e-05,0.0,0.0,0.0
pensioners,0.0,0.0,0.0,9.520364058721605e-06
pensive,4.8995110287993256e-06,0.0,0.0,0.0
pentonville,0.0,0.0,0.0,9.520364058721605e-06
peony,4.8995110287993256e-06,0.0,0.0,0.0
people,0.0008035198087230894,0.0008096801763303495,0.00037678975131876413,0.00023800910146804015
peoples,2.449755514399663e-05,1.1245558004588187e-05,3.2764326201631665e-05,0.0
pepper,4.8995110287993256e-06,0.0,0.0,0.0
per,2.449755514399663e-05,3.3736674013764564e-05,2.457324465122375e-05,9.520364058721605e-06
perceive,1.9598044115197302e-05,0.0,6.552865240326333e-05,3.808145623488642e-05
perceived,4.8995110287993256e-06,0.0,9.8292978604895e-05,9.520364058721605e-06
perceiving,0.0,0.0,3.2764326201631665e-05,0.0
percent,4.8995110287993256e-06,0.0,0.0,0.0
percentage,1.9598044115197302e-05,0.0,0.0,0.0
perceptible,9.799022057598651e-06,0.0,8.191081550407916e-06,0.0
perceptibly,9.799022057598651e-06,0.0,0.0,0.0
perceptions,4.8995110287993256e-06,0.0,0.0,0.0
perch,0.0,0.0,0.0,1.904072811744321e-05
perched,0.0,1.1245558004588187e-05,0.0,1.904072811744321e-05
percy,0.0,0.0,0.0,9.520364058721605e-06
peremptorily,4.8995110287993256e-06,0.0,0.0,0.0
peremptory,4.8995110287993256e-06,0.0,0.0,0.0
perfect,8.329168748958855e-05,1.1245558004588187e-05,0.00013924838635693458,6.664254841105123e-05
perfection,4.8995110287993256e-06,0.0,0.0,9.520364058721605e-06
perfections,0.0,0.0,1.6382163100815833e-05,0.0
perfectly,0.00014208581983518045,3.3736674013764564e-05,0.00039317191441958,0.00011424436870465926
perforce,0.0,0.0,8.191081550407916e-06,0.0
perform,9.799022057598651e-06,0.0,3.2764326201631665e-05,2.8561092176164816e-05
performance,4.8995110287993256e-06,0.0,4.91464893024475e-05,1.904072811744321e-05
performances,0.0,1.1245558004588187e-05,0.0,0.0
performed,9.799022057598651e-06,0.0,4.91464893024475e-05,9.520364058721605e-06
performer,4.8995110287993256e-06,0.0,8.191081550407916e-06,9.520364058721605e-06
performers,0.0,0.0,1.6382163100815833e-05,0.0
performing,1.4698533086397977e-05,0.0,0.0,0.0
performs,0.0,0.0,8.191081550407916e-06,0.0
perhaps,0.001023997805019059,0.00024740227610094015,0.0006307132793814095,0.0005997829356994611
perils,0.0,0.0,0.0,1.904072811744321e-05
period,2.449755514399663e-05,0.0,0.00012286622325611874,0.0
periodical,1.9598044115197302e-05,0.0,0.0,0.0
periods,0.0,0.0,8.191081550407916e-06,0.0
perlen,4.8995110287993256e-06,0.0,0.0,0.0
permanence,4.8995110287993256e-06,0.0,0.0,0.0
permanent,1.9598044115197302e-05,2.2491116009176375e-05,8.191081550407916e-06,9.520364058721605e-06
permanently,4.8995110287993256e-06,0.0,0.0,0.0
permissable,4.8995110287993256e-06,0.0,0.0,0.0
permissible,1.9598044115197302e-05,0.0,0.0,0.0
permission,2.449755514399663e-05,4.498223201835275e-05,4.91464893024475e-05,4.760182029360803e-05
permit,0.0,1.1245558004588187e-05,8.191081550407916e-06,9.520364058721605e-06
permitted,1.4698533086397977e-05,0.0,8.191081550407916e-06,0.0
pernicious,9.799022057598651e-06,0.0,0.0,0.0
perpetrated,0.0,0.0,0.0,9.520364058721605e-06
perpetration,9.799022057598651e-06,0.0,0.0,0.0
perpetrators,0.0,0.0,0.0,9.520364058721605e-06
perpetual,4.8995110287993256e-06,0.0,8.191081550407916e-06,1.904072811744321e-05
perpetually,0.0,0.0,2.457324465122375e-05,0.0
perpetuity,4.8995110287993256e-06,0.0,0.0,0.0
perplexed,2.449755514399663e-05,0.0,0.0,9.520364058721605e-06
perplexing,0.0,0.0,0.0,9.520364058721605e-06
perplexities,9.799022057598651e-06,0.0,0.0,0.0
perplexity,4.899511028799326e-05,0.0,1.6382163100815833e-05,2.8561092176164816e-05
persecute,4.8995110287993256e-06,0.0,0.0,0.0
persecuted,4.8995110287993256e-06,0.0,0.0,0.0
persecuting,9.799022057598651e-06,0.0,0.0,0.0
persecution,4.8995110287993256e-06,0.0,0.0,9.520364058721605e-06
perseverance,0.0,0.0,2.457324465122375e-05,0.0
persevere,4.8995110287993256e-06,0.0,0.0,0.0
persevered,0.0,0.0,8.191081550407916e-06,0.0
persevering,0.0,0.0,8.191081550407916e-06,9.520364058721605e-06
perseveringly,0.0,0.0,8.191081550407916e-06,0.0
persia,4.8995110287993256e-06,0.0,0.0,0.0
persian,0.0,0.0,0.0,9.520364058721605e-06
persist,4.8995110287993256e-06,0.0,1.6382163100815833e-05,0.0
persisted,3.9196088230394604e-05,0.0,1.6382163100815833e-05,0.0
persistence,0.0,0.0,0.0,1.904072811744321e-05
persistent,2.9397066172795955e-05,0.0,0.0,0.0
persistently,2.9397066172795955e-05,0.0,0.0,9.520364058721605e-06
persisting,0.0,0.0,8.191081550407916e-06,0.0
persists,0.0,0.0,8.191081550407916e-06,0.0
person,0.00023517652938236764,2.2491116009176375e-05,0.0004013629959699879,0.0002094480092918753
personage,1.9598044115197302e-05,0.0,8.191081550407916e-06,0.0
personages,1.9598044115197302e-05,0.0,8.191081550407916e-06,0.0
personal,6.859315440319056e-05,1.1245558004588187e-05,1.6382163100815833e-05,4.760182029360803e-05
personality,0.0,0.0,0.0,9.520364058721605e-06
personally,3.429657720159528e-05,1.1245558004588187e-05,0.0,3.808145623488642e-05
personate,0.0,0.0,0.0,9.520364058721605e-06
personnel,0.0,1.1245558004588187e-05,0.0,0.0
persons,9.309070954718719e-05,0.0,9.010189705448707e-05,1.904072811744321e-05
perspiration,2.449755514399663e-05,0.0,0.0,0.0
perspired,4.8995110287993256e-06,0.0,0.0,9.520364058721605e-06
persuade,3.429657720159528e-05,0.0,0.00014743946790734248,2.8561092176164816e-05
persuaded,1.9598044115197302e-05,0.0,0.00020477703876019789,1.904072811744321e-05
persuading,9.799022057598651e-06,0.0,0.0,0.0
persuasion,0.0,0.0,6.552865240326333e-05,0.0
persuasions,0.0,0.0,8.191081550407916e-06,9.520364058721605e-06
perturbation,4.8995110287993256e-06,0.0,1.6382163100815833e-05,0.0
perturbed,4.8995110287993256e-06,0.0,8.191081550407916e-06,1.904072811744321e-05
perusal,0.0,0.0,3.2764326201631665e-05,0.0
perusing,0.0,0.0,8.191081550407916e-06,0.0
perverse,0.0,0.0,8.191081550407916e-06,0.0
perverseness,0.0,0.0,4.91464893024475e-05,0.0
peski,9.799022057598651e-06,0.0,0.0,0.0
pessimism,0.0,1.1245558004588187e-05,0.0,0.0
pester,4.8995110287993256e-06,0.0,0.0,0.0
pestered,4.8995110287993256e-06,0.0,0.0,9.520364058721605e-06
pestering,9.799022057598651e-06,0.0,0.0,9.520364058721605e-06
pestryakov,4.899511028799326e-05,0.0,0.0,0.0
pet,0.0,0.0,0.0,1.904072811744321e-05
petals,9.799022057598651e-06,0.0,0.0,0.0
petcock,0.0,1.1245558004588187e-05,0.0,0.0
peter,0.0,1.1245558004588187e-05,0.0,9.520364058721605e-06
petered,0.0,0.0,0.0,9.520364058721605e-06
petersburg,0.00025477457349756496,0.0,0.0,0.0
petersfield,0.0,0.0,0.0,9.520364058721605e-06
peterson,0.0,0.0,0.0,9.520364058721606e-05
petersons,0.0,0.0,0.0,9.520364058721605e-06
petition,4.8995110287993256e-06,0.0,8.191081550407916e-06,0.0
petitioned,0.0,0.0,8.191081550407916e-06,0.0
petrarch,0.0,0.0,0.0,9.520364058721605e-06
petrified,4.8995110287993256e-06,0.0,8.191081550407916e-06,9.520364058721605e-06
petrovitch,0.0013326669998334167,0.0,0.0,0.0
petrovitchs,7.349266543198989e-05,0.0,0.0,0.0
petrovna,0.00035766430510235077,0.0,0.0,0.0
petrovnas,2.9397066172795955e-05,0.0,0.0,0.0
petrovsky,2.449755514399663e-05,0.0,0.0,0.0
pets,0.0,0.0,0.0,9.520364058721605e-06
petticoat,0.0,0.0,2.457324465122375e-05,0.0
petticoats,4.8995110287993256e-06,0.0,0.0,0.0
pettifogging,4.8995110287993256e-06,0.0,0.0,0.0
pettishly,4.8995110287993256e-06,0.0,0.0,0.0
petty,1.9598044115197302e-05,0.0,0.0,1.904072811744321e-05
petulance,0.0,0.0,8.191081550407916e-06,9.520364058721605e-06
pew,0.0,0.0,0.0,6.664254841105123e-05
pfoo,1.9598044115197302e-05,0.0,0.0,0.0
phaeton,0.0,0.0,3.2764326201631665e-05,0.0
phalanstery,1.4698533086397977e-05,0.0,0.0,0.0
phantom,2.449755514399663e-05,0.0,0.0,0.0
phantoms,4.8995110287993256e-06,0.0,0.0,0.0
pheasant,0.0,1.1245558004588187e-05,0.0,9.520364058721605e-06
phenomenal,4.8995110287993256e-06,0.0,0.0,0.0
phenomenally,4.8995110287993256e-06,0.0,0.0,0.0
phenomenon,9.799022057598651e-06,0.0,0.0,0.0
phew,4.8995110287993256e-06,0.0,0.0,0.0
philadelphia,0.0,0.0,0.0,1.904072811744321e-05
philanthropist,0.0,0.0,0.0,9.520364058721605e-06
philip,3.429657720159528e-05,0.0,0.0,0.0
philips,4.8995110287993256e-06,0.0,0.00022115920186101373,0.0
philipses,0.0,0.0,1.6382163100815833e-05,0.0
philipss,0.0,0.0,4.91464893024475e-05,0.0
philosopher,4.8995110287993256e-06,0.0,8.191081550407916e-06,0.0
philosophers,9.799022057598651e-06,0.0,0.0,0.0
philosophic,0.0,0.0,8.191081550407916e-06,0.0
philosophy,4.8995110287993256e-06,0.0,4.095540775203958e-05,9.520364058721605e-06
phone,0.0,2.2491116009176375e-05,0.0,0.0
phonograph,0.0,3.3736674013764564e-05,0.0,0.0
photograph,0.0,0.0,0.0,0.00023800910146804015
photographer,4.8995110287993256e-06,0.0,0.0,0.0
photography,0.0,0.0,0.0,2.8561092176164816e-05
phrase,2.449755514399663e-05,0.0,0.0,0.0
phrases,4.899511028799326e-05,0.0,0.0,0.0
physical,4.4095599259193934e-05,0.0,0.0,0.0
physically,9.799022057598651e-06,0.0,0.0,0.0
physicians,0.0,0.0,8.191081550407916e-06,0.0
physiology,4.8995110287993256e-06,0.0,0.0,0.0
piacenza,0.0,2.2491116009176375e-05,0.0,0.0
piacenzas,0.0,1.1245558004588187e-05,0.0,0.0
piani,0.0,0.0008546624083487022,0.0,0.0
pianis,0.0,4.498223201835275e-05,0.0,0.0
piano,1.4698533086397977e-05,5.6227790022940935e-05,0.0,0.0
pianoforte,4.8995110287993256e-06,0.0,4.095540775203958e-05,0.0
piave,0.0,2.2491116009176375e-05,0.0,0.0
pick,3.429657720159528e-05,5.6227790022940935e-05,0.0,3.808145623488642e-05
picked,9.309070954718719e-05,0.00016868337006882282,0.0,9.520364058721606e-05
pickers,4.8995110287993256e-06,0.0,0.0,0.0
picking,1.4698533086397977e-05,1.1245558004588187e-05,0.0,1.904072811744321e-05
pickpocket,4.8995110287993256e-06,0.0,0.0,0.0
picks,9.799022057598651e-06,0.0,0.0,0.0
picture,3.9196088230394604e-05,3.3736674013764564e-05,0.00011467514170571083,2.8561092176164816e-05
pictured,0.0,0.0,8.191081550407916e-06,9.520364058721605e-06
pictures,1.9598044115197302e-05,1.1245558004588187e-05,8.191081550407916e-06,2.8561092176164816e-05
picturesque,9.799022057598651e-06,2.2491116009176375e-05,8.191081550407916e-06,0.0
picturing,4.8995110287993256e-06,0.0,0.0,0.0
piderits,4.8995110287993256e-06,0.0,0.0,0.0
pidgin,0.0,2.2491116009176375e-05,0.0,0.0
pie,1.4698533086397977e-05,0.0,0.0,9.520364058721605e-06
piece,0.0001126887536623845,0.00010121002204129369,7.371973395367124e-05,0.00011424436870465926
pieces,3.429657720159528e-05,0.00013494669605505826,1.6382163100815833e-05,9.520364058721605e-06
pier,0.0,1.1245558004588187e-05,0.0,0.0
pierce,0.0,0.0,0.0,9.520364058721605e-06
pierced,1.4698533086397977e-05,0.0,0.0,3.808145623488642e-05
piercing,1.4698533086397977e-05,0.0,0.0,0.0
pies,9.799022057598651e-06,0.0,8.191081550407916e-06,0.0
pig,4.4095599259193934e-05,1.1245558004588187e-05,0.0,0.0
pigments,0.0,0.0,0.0,9.520364058721605e-06
pigs,0.0,0.0,8.191081550407916e-06,0.0
pikestaff,4.8995110287993256e-06,0.0,0.0,9.520364058721605e-06
pile,0.0,3.3736674013764564e-05,0.0,3.808145623488642e-05
piled,0.0,3.3736674013764564e-05,0.0,9.520364058721605e-06
piles,0.0,1.1245558004588187e-05,0.0,0.0
piling,0.0,0.0,8.191081550407916e-06,9.520364058721605e-06
pill,4.8995110287993256e-06,0.0,0.0,0.0
pillars,0.0,2.2491116009176375e-05,0.0,0.0
pillow,0.0001126887536623845,6.747334802752913e-05,0.0,2.8561092176164816e-05
pillows,1.9598044115197302e-05,1.1245558004588187e-05,0.0,1.904072811744321e-05
pilot,0.0,0.0,0.0,9.520364058721605e-06
pimple,0.0,1.1245558004588187e-05,0.0,0.0
pin,9.799022057598651e-06,1.1245558004588187e-05,8.191081550407916e-06,9.520364058721605e-06
pince,0.0,0.0,0.0,1.904072811744321e-05
pincers,4.8995110287993256e-06,0.0,0.0,0.0
pinch,0.0,0.0,0.0,1.904072811744321e-05
pinched,9.799022057598651e-06,2.2491116009176375e-05,0.0,9.520364058721605e-06
pine,4.8995110287993256e-06,4.498223201835275e-05,0.0,0.0
pink,9.799022057598651e-06,0.0,0.0,4.760182029360803e-05
pinnacles,0.0,0.0,0.0,9.520364058721605e-06
pinned,0.0,2.2491116009176375e-05,0.0,0.0
pins,4.8995110287993256e-06,3.3736674013764564e-05,0.0,0.0
pint,9.799022057598651e-06,0.0,0.0,0.0
pipe,1.9598044115197302e-05,2.2491116009176375e-05,0.0,0.0001808869171157105
pipes,9.799022057598651e-06,1.1245558004588187e-05,0.0,2.8561092176164816e-05
piping,4.8995110287993256e-06,0.0,0.0,9.520364058721605e-06
pips,0.0,0.0,0.0,9.520364058721606e-05
piquant,0.0,0.0,0.0,9.520364058721605e-06
pique,9.799022057598651e-06,0.0,0.0,0.0
piqued,4.8995110287993256e-06,0.0,8.191081550407916e-06,0.0
piquet,0.0,0.0,8.191081550407916e-06,0.0
pirates,0.0,0.0,0.0,9.520364058721605e-06
pisa,0.0,1.1245558004588187e-05,0.0,0.0
piste,0.0,1.1245558004588187e-05,0.0,0.0
pistol,4.8995110287993256e-06,0.00020242004408258738,0.0,8.568327652849445e-05
pistols,0.0,2.2491116009176375e-05,0.0,0.0
piston,0.0,0.0,0.0,9.520364058721605e-06
pit,0.0,0.0,0.0,2.8561092176164816e-05
pitch,1.9598044115197302e-05,0.0,0.0,4.760182029360803e-05
pitched,2.449755514399663e-05,2.2491116009176375e-05,8.191081550407916e-06,0.0
pitcher,0.0,3.3736674013764564e-05,0.0,0.0
pitchers,0.0,1.1245558004588187e-05,0.0,0.0
piteous,9.799022057598651e-06,0.0,0.0,1.904072811744321e-05
piteously,9.799022057598651e-06,0.0,0.0,0.0
pith,0.0,1.1245558004588187e-05,0.0,0.0
pitiable,0.0,0.0,2.457324465122375e-05,3.808145623488642e-05
pitied,2.449755514399663e-05,0.0,2.457324465122375e-05,0.0
pitiful,1.4698533086397977e-05,0.0,1.6382163100815833e-05,9.520364058721605e-06
pitilessly,4.8995110287993256e-06,0.0,0.0,0.0
pits,0.0,0.0,0.0,9.520364058721605e-06
pittance,0.0,0.0,0.0,9.520364058721605e-06
pittsburg,0.0,2.2491116009176375e-05,0.0,0.0
pity,9.309070954718719e-05,2.2491116009176375e-05,7.371973395367124e-05,7.616291246977284e-05
pitying,0.0,1.1245558004588187e-05,0.0,0.0
pitys,0.0,0.0,0.0,9.520364058721605e-06
place,0.0005732427903695211,0.0008546624083487022,0.0006061400347301858,0.0005140996591709667
placed,9.799022057598651e-06,2.2491116009176375e-05,7.371973395367124e-05,0.0001808869171157105
places,2.449755514399663e-05,0.00011245558004588187,4.095540775203958e-05,6.664254841105123e-05
placing,0.0,0.0,2.457324465122375e-05,9.520364058721605e-06
plagiarists,4.8995110287993256e-06,0.0,0.0,0.0
plague,9.799022057598651e-06,0.0,2.457324465122375e-05,0.0
plaid,0.0,0.0,0.0,9.520364058721605e-06
plain,6.369364337439124e-05,0.0002698933921101165,9.010189705448707e-05,0.00010472400464593766
plainer,0.0,0.0,8.191081550407916e-06,9.520364058721605e-06
plainly,2.9397066172795955e-05,2.2491116009176375e-05,4.91464893024475e-05,7.616291246977284e-05
plainness,4.8995110287993256e-06,0.0,0.0,0.0
plains,0.0,1.1245558004588187e-05,0.0,0.0
plaintive,9.799022057598651e-06,0.0,0.0,0.0
plaintively,4.8995110287993256e-06,0.0,0.0,0.0
plaire,4.8995110287993256e-06,0.0,0.0,0.0
plaisir,4.8995110287993256e-06,0.0,0.0,0.0
plaited,4.8995110287993256e-06,0.0,0.0,0.0
plan,6.859315440319056e-05,1.1245558004588187e-05,0.00011467514170571083,2.8561092176164816e-05
plane,0.0,1.1245558004588187e-05,0.0,0.0
planed,4.8995110287993256e-06,0.0,0.0,0.0
planes,0.0,3.3736674013764564e-05,0.0,0.0
planet,0.0,0.0,0.0,9.520364058721605e-06
plank,9.799022057598651e-06,0.0,0.0,0.0
planked,0.0,0.0,0.0,9.520364058721605e-06
planking,0.0,1.1245558004588187e-05,0.0,9.520364058721605e-06
planks,4.8995110287993256e-06,0.0,0.0,9.520364058721605e-06
planned,9.799022057598651e-06,1.1245558004588187e-05,2.457324465122375e-05,9.520364058721605e-06
planning,9.799022057598651e-06,0.0,1.6382163100815833e-05,1.904072811744321e-05
plannings,0.0,0.0,0.0,9.520364058721605e-06
plans,5.879413234559191e-05,0.0,1.6382163100815833e-05,6.664254841105123e-05
plant,0.0,0.0,8.191081550407916e-06,0.0
plantagenet,0.0,0.0,0.0,9.520364058721605e-06
plantation,4.8995110287993256e-06,0.0,8.191081550407916e-06,3.808145623488642e-05
planted,0.0,1.1245558004588187e-05,0.0,9.520364058721605e-06
planter,0.0,0.0,0.0,9.520364058721605e-06
plants,4.8995110287993256e-06,0.0,0.0,0.0
plaster,4.8995110287993256e-06,2.2491116009176375e-05,0.0,1.904072811744321e-05
plat,0.0,1.1245558004588187e-05,0.0,0.0
plate,1.9598044115197302e-05,7.871890603211732e-05,8.191081550407916e-06,2.8561092176164816e-05
plateau,0.0,8.99644640367055e-05,0.0,0.0
plates,9.799022057598651e-06,6.747334802752913e-05,0.0,0.0
platform,0.0,3.3736674013764564e-05,0.0,3.808145623488642e-05
platitudes,0.0,0.0,0.0,9.520364058721605e-06
platoon,0.0,1.1245558004588187e-05,0.0,0.0
platoons,0.0,1.1245558004588187e-05,0.0,0.0
plausible,4.8995110287993256e-06,0.0,0.0,9.520364058721605e-06
plausibly,4.8995110287993256e-06,0.0,0.0,0.0
plava,0.0,8.99644640367055e-05,0.0,0.0
play,1.9598044115197302e-05,0.00022491116009176374,0.00014743946790734248,9.520364058721606e-05
played,1.4698533086397977e-05,6.747334802752913e-05,8.191081550407916e-06,9.520364058721605e-06
player,0.0,2.2491116009176375e-05,0.0,9.520364058721605e-06
players,0.0,0.0,1.6382163100815833e-05,0.0
playful,3.429657720159528e-05,0.0,1.6382163100815833e-05,0.0
playfulness,4.8995110287993256e-06,0.0,1.6382163100815833e-05,0.0
playing,4.899511028799326e-05,8.99644640367055e-05,4.91464893024475e-05,4.760182029360803e-05
plays,0.0,0.0,8.191081550407916e-06,1.904072811744321e-05
plaything,9.799022057598651e-06,0.0,0.0,0.0
plead,0.0,0.0,1.6382163100815833e-05,0.0
pleaded,0.0,0.0,8.191081550407916e-06,0.0
pleading,0.0,0.0,0.0,9.520364058721605e-06
pleasant,4.899511028799326e-05,0.00020242004408258738,0.00014743946790734248,6.664254841105123e-05
pleasanter,0.0,0.0,3.2764326201631665e-05,0.0
pleasantest,0.0,0.0,1.6382163100815833e-05,0.0
pleasantly,4.8995110287993256e-06,0.0,3.2764326201631665e-05,0.0
pleasantness,0.0,0.0,2.457324465122375e-05,0.0
pleasantry,0.0,0.0,1.6382163100815833e-05,0.0
please,0.00027437261761276225,0.0008209257343349377,0.00011467514170571083,7.616291246977284e-05
pleased,8.329168748958855e-05,5.6227790022940935e-05,0.0003194521804659087,2.8561092176164816e-05
pleases,0.0,0.0,1.6382163100815833e-05,0.0
pleasing,0.0,0.0,0.00018020379410897414,0.0
pleasure,0.00010288973160478584,6.747334802752913e-05,0.0007617705841879361,8.568327652849445e-05
pleasures,4.8995110287993256e-06,1.1245558004588187e-05,4.91464893024475e-05,0.0
pledge,7.349266543198989e-05,0.0,0.0,2.8561092176164816e-05
pledged,4.8995110287993256e-06,0.0,1.6382163100815833e-05,1.904072811744321e-05
pledges,5.879413234559191e-05,0.0,0.0,0.0
plentiful,0.0,0.0,8.191081550407916e-06,9.520364058721605e-06
plenty,3.429657720159528e-05,0.00016868337006882282,8.191081550407916e-06,3.808145623488642e-05
pliancy,0.0,0.0,8.191081550407916e-06,0.0
plied,0.0,0.0,0.0,9.520364058721605e-06
plot,0.0,0.0,0.0,2.8561092176164816e-05
plotted,4.8995110287993256e-06,0.0,0.0,0.0
ploughed,0.0,0.0,0.0,9.520364058721605e-06
plovers,0.0,0.0,0.0,9.520364058721605e-06
pluck,0.0,0.0,0.0,1.904072811744321e-05
plucked,0.0,0.0,0.0,1.904072811744321e-05
plucking,0.0,0.0,0.0,9.520364058721605e-06
plugs,0.0,0.0,0.0,9.520364058721605e-06
plumber,0.0,0.0,0.0,3.808145623488642e-05
plumbers,0.0,0.0,0.0,9.520364058721605e-06
plume,0.0,1.1245558004588187e-05,0.0,0.0
plumes,0.0,1.1245558004588187e-05,0.0,0.0
plump,4.8995110287993256e-06,3.3736674013764564e-05,0.0,0.0
plumped,0.0,0.0,0.0,9.520364058721605e-06
plunder,4.8995110287993256e-06,0.0,0.0,0.0
plunge,0.0,0.0,0.0,9.520364058721605e-06
plunged,1.9598044115197302e-05,0.0,0.0,1.904072811744321e-05
plunging,0.0,0.0,0.0,9.520364058721605e-06
plush,0.0,4.498223201835275e-05,0.0,2.8561092176164816e-05
plying,4.8995110287993256e-06,0.0,0.0,0.0
pneumonia,0.0,1.1245558004588187e-05,0.0,0.0
pock,4.8995110287993256e-06,0.0,0.0,0.0
pocket,0.0002841716396703609,0.00019117448607799918,2.457324465122375e-05,0.00021896837335059693
pockets,6.859315440319056e-05,2.2491116009176375e-05,0.0,7.616291246977284e-05
poem,0.0,1.1245558004588187e-05,0.0,0.0
poems,4.8995110287993256e-06,0.0,0.0,0.0
poetic,0.0,0.0,0.0,9.520364058721605e-06
poetry,0.0,1.1245558004588187e-05,1.6382163100815833e-05,9.520364058721605e-06
poets,4.8995110287993256e-06,0.0,0.0,0.0
poignant,2.9397066172795955e-05,0.0,0.0,0.0
point,0.0003968603933327454,0.00019117448607799918,0.00037678975131876413,0.00042841638264247227
pointed,8.329168748958855e-05,0.00013494669605505826,4.095540775203958e-05,0.00010472400464593766
pointedly,0.0,0.0,8.191081550407916e-06,0.0
pointing,4.4095599259193934e-05,2.2491116009176375e-05,4.095540775203958e-05,6.664254841105123e-05
points,4.4095599259193934e-05,5.6227790022940935e-05,3.2764326201631665e-05,0.00019992764523315372
poison,1.4698533086397977e-05,0.0,0.0,5.712218435232963e-05
poisoned,9.799022057598651e-06,0.0,0.0,0.0
poisoner,0.0,0.0,0.0,9.520364058721605e-06
poisoning,0.0,0.0,0.0,9.520364058721605e-06
poked,9.799022057598651e-06,0.0,0.0,0.0
poker,0.0,0.0,0.0,2.8561092176164816e-05
pokers,0.0,0.0,0.0,9.520364058721605e-06
poking,9.799022057598651e-06,0.0,0.0,0.0
pokorev,4.8995110287993256e-06,0.0,0.0,0.0
poky,0.0,0.0,0.0,9.520364058721605e-06
pole,4.4095599259193934e-05,0.0,0.0,0.0
polenka,0.00022047799629596967,0.0,0.0,0.0
poles,2.449755514399663e-05,0.0,0.0,0.0
police,0.0003821618602463474,0.00010121002204129369,0.0,0.0004950589310535235
policeman,0.0001322867977775818,0.0,0.0,3.808145623488642e-05
policemans,4.8995110287993256e-06,0.0,0.0,0.0
policemen,1.9598044115197302e-05,0.0,0.0,0.0
policy,9.799022057598651e-06,0.0,8.191081550407916e-06,1.904072811744321e-05
polish,9.799022057598651e-06,0.0,0.0,0.0
polished,1.4698533086397977e-05,1.1245558004588187e-05,1.6382163100815833e-05,0.0
polite,2.9397066172795955e-05,4.498223201835275e-05,4.095540775203958e-05,0.0
politely,1.4698533086397977e-05,2.2491116009176375e-05,2.457324465122375e-05,0.0
politeness,2.449755514399663e-05,1.1245558004588187e-05,0.00013924838635693458,0.0
political,2.449755514399663e-05,0.0,0.0,1.904072811744321e-05
politicians,0.0,0.0,0.0,9.520364058721605e-06
politics,0.0,0.0,0.0,1.904072811744321e-05
polluted,0.0,0.0,8.191081550407916e-06,0.0
pollution,0.0,0.0,8.191081550407916e-06,0.0
polya,4.8995110287993256e-06,0.0,0.0,0.0
pomaded,9.799022057598651e-06,0.0,0.0,0.0
pomatum,1.4698533086397977e-05,0.0,0.0,0.0
pomposity,0.0,0.0,0.0,9.520364058721605e-06
pompous,4.8995110287993256e-06,0.0,2.457324465122375e-05,9.520364058721605e-06
pon,0.0,0.0,0.0,1.904072811744321e-05
pondered,3.429657720159528e-05,0.0,0.0,9.520364058721605e-06
pondering,1.4698533086397977e-05,0.0,0.0,0.0
ponderous,0.0,0.0,0.0,9.520364058721605e-06
pondicherry,0.0,0.0,0.0,4.760182029360803e-05
ponies,0.0,0.0,2.457324465122375e-05,0.0
pontoon,0.0,4.498223201835275e-05,0.0,0.0
poof,3.429657720159528e-05,0.0,0.0,0.0
pooh,4.8995110287993256e-06,1.1245558004588187e-05,0.0,2.8561092176164816e-05
pool,1.4698533086397977e-05,0.0,8.191081550407916e-06,0.0001808869171157105
pooled,0.0,1.1245558004588187e-05,0.0,0.0
pools,0.0,2.2491116009176375e-05,8.191081550407916e-06,0.0
poor,0.00029397066172795954,0.00019117448607799918,0.0003112610989155008,0.00021896837335059693
poorer,0.0,0.0,0.0,9.520364058721605e-06
poorest,1.4698533086397977e-05,0.0,0.0,0.0
poorly,1.9598044115197302e-05,0.0,2.457324465122375e-05,0.0
pop,0.0,1.1245558004588187e-05,0.0,0.0
pope,0.0,1.1245558004588187e-05,8.191081550407916e-06,0.0
popes,0.0,0.0,0.0,2.8561092176164816e-05
popped,4.8995110287993256e-06,0.0,0.0,0.0
poppet,1.9598044115197302e-05,0.0,0.0,0.0
popular,0.0,0.0,8.191081550407916e-06,1.904072811744321e-05
popularity,0.0,0.0,8.191081550407916e-06,0.0
population,4.8995110287993256e-06,0.0,0.0,0.0
populous,0.0,0.0,0.0,9.520364058721605e-06
porcelain,0.0,1.1245558004588187e-05,0.0,0.0
porch,4.8995110287993256e-06,2.2491116009176375e-05,0.0,9.520364058721605e-06
pordenone,0.0,7.871890603211732e-05,0.0,0.0
porfiry,0.0009456056285582699,0.0,0.0,0.0
porfirys,6.369364337439124e-05,0.0,0.0,0.0
pork,4.8995110287993256e-06,0.0,0.0,0.0
porridge,0.0,0.0,8.191081550407916e-06,0.0
port,0.0,0.0,8.191081550407916e-06,1.904072811744321e-05
porta,0.0,3.3736674013764564e-05,0.0,0.0
porter,0.00023027701835356832,0.0004498223201835275,0.0,1.904072811744321e-05
porters,0.00010288973160478584,2.2491116009176375e-05,0.0,0.0
portion,0.0,1.1245558004588187e-05,2.457324465122375e-05,3.808145623488642e-05
portly,4.8995110287993256e-06,0.0,0.0,1.904072811744321e-05
portogruaro,0.0,1.1245558004588187e-05,0.0,0.0
portrait,1.9598044115197302e-05,0.0,8.191081550407916e-06,0.0
portraits,0.0,0.0,1.6382163100815833e-05,0.0
portsdown,0.0,0.0,0.0,9.520364058721605e-06
pose,4.8995110287993256e-06,0.0,0.0,0.0
posed,4.8995110287993256e-06,0.0,0.0,0.0
poses,4.8995110287993256e-06,0.0,0.0,9.520364058721605e-06
posing,4.8995110287993256e-06,1.1245558004588187e-05,0.0,0.0
position,0.00027927212864156155,2.2491116009176375e-05,8.191081550407916e-06,0.0002094480092918753
positions,0.0,2.2491116009176375e-05,8.191081550407916e-06,9.520364058721605e-06
positive,7.349266543198989e-05,1.1245558004588187e-05,2.457324465122375e-05,4.760182029360803e-05
positively,0.00017148288600797641,0.0,1.6382163100815833e-05,9.520364058721605e-06
positiveness,0.0,1.1245558004588187e-05,0.0,0.0
possess,0.0,0.0,4.095540775203958e-05,2.8561092176164816e-05
possessed,9.799022057598651e-06,0.0,1.6382163100815833e-05,1.904072811744321e-05
possesses,0.0,0.0,8.191081550407916e-06,0.0
possessing,0.0,0.0,8.191081550407916e-06,0.0
possession,5.879413234559191e-05,0.0,7.371973395367124e-05,6.664254841105123e-05
possessions,0.0,0.0,0.0,9.520364058721605e-06
possessor,0.0,0.0,1.6382163100815833e-05,0.0
possibilities,2.449755514399663e-05,0.0,8.191081550407916e-06,0.0
possibility,3.429657720159528e-05,0.0,0.0001064840601553029,3.808145623488642e-05
possible,0.00027437261761276225,6.747334802752913e-05,0.0004668916483732512,0.0004760182029360803
possibly,8.819119851838787e-05,2.2491116009176375e-05,6.552865240326333e-05,0.00011424436870465926
post,4.4095599259193934e-05,0.00022491116009176374,3.2764326201631665e-05,0.00010472400464593766
posted,4.8995110287993256e-06,1.1245558004588187e-05,0.0,2.8561092176164816e-05
posterior,0.0,0.0,0.0,9.520364058721605e-06
posterity,0.0,0.0,8.191081550407916e-06,0.0
postilions,0.0,0.0,8.191081550407916e-06,0.0
postman,4.8995110287993256e-06,0.0,0.0,0.0
postmark,0.0,0.0,0.0,3.808145623488642e-05
postmarks,0.0,0.0,0.0,9.520364058721605e-06
postmaster,4.8995110287993256e-06,0.0,0.0,0.0
postpone,0.0,0.0,0.0,1.904072811744321e-05
postponed,0.0,0.0,8.191081550407916e-06,0.0
posts,9.799022057598651e-06,6.747334802752913e-05,0.0,0.0
postscript,0.0,0.0,2.457324465122375e-05,0.0
pot,4.4095599259193934e-05,0.0,0.0,0.0
potanchikov,4.8995110287993256e-06,0.0,0.0,0.0
potato,0.0,5.6227790022940935e-05,0.0,0.0
potatoes,9.799022057598651e-06,4.498223201835275e-05,0.0,0.0
potchinkovs,2.449755514399663e-05,0.0,0.0,0.0
pothouse,9.799022057598651e-06,0.0,0.0,0.0
pots,1.4698533086397977e-05,1.1245558004588187e-05,0.0,0.0
poultry,0.0,0.0,2.457324465122375e-05,9.520364058721605e-06
pounce,4.8995110287993256e-06,0.0,0.0,0.0
pounced,2.9397066172795955e-05,0.0,0.0,0.0
pound,4.8995110287993256e-06,0.0,0.0,1.904072811744321e-05
pounded,0.0,1.1245558004588187e-05,0.0,0.0
pounds,4.8995110287993256e-06,0.0,0.00019658595720979,5.712218435232963e-05
pour,2.9397066172795955e-05,2.2491116009176375e-05,8.191081550407916e-06,0.0
poured,9.799022057598651e-06,0.00019117448607799918,8.191081550407916e-06,2.8561092176164816e-05
pouring,1.4698533086397977e-05,1.1245558004588187e-05,8.191081550407916e-06,1.904072811744321e-05
pouting,4.8995110287993256e-06,0.0,0.0,0.0
poverty,9.799022057598651e-05,0.0,1.6382163100815833e-05,0.0
powder,1.9598044115197302e-05,0.0,0.0,0.0
powdered,0.0,1.1245558004588187e-05,0.0,0.0
powdering,0.0,0.0,8.191081550407916e-06,0.0
powdery,0.0,1.1245558004588187e-05,0.0,0.0
power,0.00012248777571998316,2.2491116009176375e-05,0.00034402542511713244,0.00012376473276338087
powerful,2.9397066172795955e-05,0.0,2.457324465122375e-05,2.8561092176164816e-05
powers,4.8995110287993256e-06,0.0,4.91464893024475e-05,5.712218435232963e-05
practical,4.4095599259193934e-05,2.2491116009176375e-05,0.0,5.712218435232963e-05
practicality,2.449755514399663e-05,0.0,0.0,0.0
practically,1.9598044115197302e-05,1.1245558004588187e-05,0.0,1.904072811744321e-05
practice,9.799022057598651e-06,1.1245558004588187e-05,3.2764326201631665e-05,0.00011424436870465926
practise,9.799022057598651e-06,0.0,8.191081550407916e-06,0.0
practised,1.4698533086397977e-05,2.2491116009176375e-05,8.191081550407916e-06,0.0
practises,0.0,0.0,1.6382163100815833e-05,0.0
practising,0.0,2.2491116009176375e-05,8.191081550407916e-06,0.0
prague,0.0,0.0,0.0,9.520364058721605e-06
praise,9.799022057598651e-06,0.0,0.00018020379410897414,0.0
praised,4.8995110287993256e-06,0.0,1.6382163100815833e-05,0.0
praises,1.4698533086397977e-05,0.0,1.6382163100815833e-05,0.0
praiseworthy,4.8995110287993256e-06,0.0,0.0,0.0
prank,0.0,0.0,0.0,1.904072811744321e-05
pranks,2.449755514399663e-05,0.0,0.0,0.0
praskovya,4.4095599259193934e-05,0.0,0.0,0.0
pratt,0.0,0.0,1.6382163100815833e-05,0.0
pray,8.329168748958855e-05,3.3736674013764564e-05,0.0002129681203106058,0.00039985529046630743
prayed,3.9196088230394604e-05,2.2491116009176375e-05,0.0,0.0
prayer,2.449755514399663e-05,0.0,0.0,0.0
prayers,3.9196088230394604e-05,2.2491116009176375e-05,0.0,0.0
pre,0.0,0.0,8.191081550407916e-06,9.520364058721605e-06
preach,4.8995110287993256e-06,0.0,0.0,9.520364058721605e-06
preached,4.8995110287993256e-06,0.0,0.0,0.0
preaching,0.0,0.0,2.457324465122375e-05,0.0
precaution,1.4698533086397977e-05,0.0,0.0,4.760182029360803e-05
precautions,0.0,0.0,0.0,9.520364058721605e-06
preceded,0.0,0.0,8.191081550407916e-06,9.520364058721605e-06
precedence,4.8995110287993256e-06,0.0,0.0,0.0
precedent,4.8995110287993256e-06,0.0,0.0,0.0
preceding,2.449755514399663e-05,0.0,3.2764326201631665e-05,1.904072811744321e-05
precious,5.389462131679259e-05,1.1245558004588187e-05,1.6382163100815833e-05,0.00011424436870465926
precipice,4.8995110287993256e-06,0.0,0.0,0.0
precipitance,0.0,0.0,1.6382163100815833e-05,9.520364058721605e-06
precipitate,0.0,0.0,1.6382163100815833e-05,0.0
precise,1.9598044115197302e-05,1.1245558004588187e-05,0.0,2.8561092176164816e-05
precisely,5.389462131679259e-05,0.0,8.191081550407916e-06,0.00013328509682210247
precision,9.799022057598651e-06,0.0,8.191081550407916e-06,0.0
precluding,0.0,0.0,8.191081550407916e-06,0.0
preconceived,4.8995110287993256e-06,0.0,0.0,0.0
precursor,0.0,0.0,0.0,9.520364058721605e-06
predestined,4.8995110287993256e-06,0.0,0.0,0.0
predict,0.0,0.0,8.191081550407916e-06,0.0
predicted,4.8995110287993256e-06,0.0,0.0,0.0
prediction,0.0,0.0,0.0,9.520364058721605e-06
predictions,0.0,1.1245558004588187e-05,0.0,0.0
predisposition,4.8995110287993256e-06,0.0,0.0,0.0
predominance,0.0,0.0,8.191081550407916e-06,0.0
predominate,0.0,0.0,8.191081550407916e-06,0.0
predominated,4.8995110287993256e-06,0.0,0.0,9.520364058721605e-06
predominates,0.0,0.0,0.0,9.520364058721605e-06
preening,4.8995110287993256e-06,0.0,0.0,0.0
prefaced,0.0,0.0,8.191081550407916e-06,0.0
prefer,1.4698533086397977e-05,0.0,4.91464893024475e-05,6.664254841105123e-05
preference,0.0,0.0,8.191081550407916e-05,9.520364058721605e-06
preferment,0.0,0.0,2.457324465122375e-05,0.0
preferred,2.449755514399663e-05,0.0,2.457324465122375e-05,0.0
prefers,0.0,2.2491116009176375e-05,0.0,9.520364058721605e-06
pregnancy,0.0,1.1245558004588187e-05,0.0,0.0
pregnant,0.0,1.1245558004588187e-05,0.0,0.0
prejudice,1.4698533086397977e-05,0.0,4.095540775203958e-05,9.520364058721605e-06
prejudiced,4.8995110287993256e-06,1.1245558004588187e-05,8.191081550407916e-06,0.0
prejudices,3.429657720159528e-05,0.0,1.6382163100815833e-05,0.0
preliminary,1.4698533086397977e-05,0.0,0.0,1.904072811744321e-05
premature,0.0,0.0,0.0,9.520364058721605e-06
prematurely,9.799022057598651e-06,0.0,0.0,0.0
premeditated,0.0,0.0,8.191081550407916e-06,0.0
premeditation,0.0,0.0,8.191081550407916e-06,0.0
premises,0.0,0.0,8.191081550407916e-06,5.712218435232963e-05
prendergast,0.0,0.0,0.0,1.904072811744321e-05
preoccupation,4.8995110287993256e-06,0.0,0.0,0.0
preoccupations,4.8995110287993256e-06,0.0,0.0,0.0
preoccupied,2.449755514399663e-05,0.0,0.0,9.520364058721605e-06
preordained,4.8995110287993256e-06,0.0,0.0,0.0
preparation,4.8995110287993256e-06,0.0,8.191081550407916e-06,0.0
preparations,3.429657720159528e-05,2.2491116009176375e-05,1.6382163100815833e-05,1.904072811744321e-05
preparatory,4.8995110287993256e-06,0.0,0.0,0.0
prepare,9.799022057598651e-06,1.1245558004588187e-05,4.91464893024475e-05,9.520364058721605e-06
prepared,6.859315440319056e-05,0.0,8.191081550407916e-05,1.904072811744321e-05
preparing,1.9598044115197302e-05,0.0,4.91464893024475e-05,9.520364058721605e-06
preponderance,4.8995110287993256e-06,0.0,0.0,0.0
prepossessing,1.9598044115197302e-05,0.0,0.0,0.0
prepossession,0.0,0.0,1.6382163100815833e-05,0.0
preposterous,0.0,0.0,0.0,3.808145623488642e-05
prescribes,0.0,1.1245558004588187e-05,0.0,0.0
presence,0.00011758826469118382,0.0,4.91464893024475e-05,0.00013328509682210247
present,0.00028907115069916025,2.2491116009176375e-05,0.0005569935454277383,0.00025704982958548334
presentable,4.8995110287993256e-06,0.0,0.0,0.0
presentation,0.0,0.0,4.095540775203958e-05,0.0
presented,2.9397066172795955e-05,0.0,1.6382163100815833e-05,6.664254841105123e-05
presentiment,2.449755514399663e-05,0.0,0.0,0.0
presentiments,4.8995110287993256e-06,0.0,0.0,0.0
presenting,4.8995110287993256e-06,0.0,0.0,0.0
presently,4.8995110287993256e-06,0.0,1.6382163100815833e-05,8.568327652849445e-05
presents,3.9196088230394604e-05,1.1245558004588187e-05,2.457324465122375e-05,1.904072811744321e-05
preservation,0.0,0.0,1.6382163100815833e-05,0.0
preservative,0.0,0.0,1.6382163100815833e-05,0.0
preserve,1.4698533086397977e-05,0.0,3.2764326201631665e-05,4.760182029360803e-05
preserved,1.4698533086397977e-05,0.0,3.2764326201631665e-05,9.520364058721605e-06
preserver,0.0,0.0,0.0,9.520364058721605e-06
preserves,0.0,0.0,0.0,9.520364058721605e-06
preserving,9.799022057598651e-06,0.0,0.0,9.520364058721605e-06
preside,4.8995110287993256e-06,0.0,8.191081550407916e-06,0.0
presided,0.0,0.0,8.191081550407916e-06,0.0
president,0.0,2.2491116009176375e-05,0.0,0.0
presiding,4.8995110287993256e-06,0.0,0.0,0.0
press,1.4698533086397977e-05,0.0,3.2764326201631665e-05,9.520364058721606e-05
pressed,3.9196088230394604e-05,2.2491116009176375e-05,2.457324465122375e-05,2.8561092176164816e-05
presses,0.0,0.0,0.0,9.520364058721605e-06
pressing,5.879413234559191e-05,0.0,4.095540775203958e-05,5.712218435232963e-05
pressingly,0.0,0.0,8.191081550407916e-06,0.0
pressure,9.799022057598651e-06,2.2491116009176375e-05,0.0,2.8561092176164816e-05
presumably,0.0,0.0,0.0,2.8561092176164816e-05
presume,9.799022057598651e-06,0.0,1.6382163100815833e-05,0.00010472400464593766
presumed,4.8995110287993256e-06,0.0,8.191081550407916e-06,0.0
presuming,0.0,0.0,1.6382163100815833e-05,9.520364058721605e-06
presumption,4.8995110287993256e-06,0.0,2.457324465122375e-05,2.8561092176164816e-05
presupposes,4.8995110287993256e-06,0.0,0.0,0.0
pretence,0.0,0.0,1.6382163100815833e-05,9.520364058721605e-06
pretend,4.8995110287993256e-06,4.498223201835275e-05,5.7337570852855414e-05,0.0
pretended,1.9598044115197302e-05,2.2491116009176375e-05,1.6382163100815833e-05,9.520364058721605e-06
pretending,5.389462131679259e-05,0.0,2.457324465122375e-05,0.0
pretends,0.0,0.0,0.0,9.520364058721605e-06
pretension,0.0,0.0,8.191081550407916e-06,0.0
pretensions,4.8995110287993256e-06,0.0,4.095540775203958e-05,0.0
pretentious,4.8995110287993256e-06,0.0,0.0,0.0
preternatural,9.799022057598651e-06,0.0,0.0,0.0
pretext,1.9598044115197302e-05,0.0,0.0,9.520364058721605e-06
prettier,0.0,0.0,1.6382163100815833e-05,0.0
prettiest,0.0,0.0,8.191081550407916e-06,0.0
pretty,9.799022057598651e-05,0.0002811389501147047,0.00019658595720979,0.00011424436870465926
prettyish,0.0,0.0,8.191081550407916e-06,0.0
pretzels,0.0,2.2491116009176375e-05,0.0,0.0
prevail,0.0,0.0,1.6382163100815833e-05,0.0
prevailed,0.0,0.0,0.00012286622325611874,0.0
prevailing,0.0,0.0,1.6382163100815833e-05,0.0
prevaricate,4.8995110287993256e-06,0.0,0.0,0.0
prevent,3.429657720159528e-05,1.1245558004588187e-05,0.00013105730480652666,8.568327652849445e-05
prevented,2.449755514399663e-05,0.0,0.00018839487565938207,0.0
preventing,0.0,0.0,0.0,1.904072811744321e-05
prevents,0.0,0.0,8.191081550407916e-06,0.0
previous,0.00010288973160478584,0.0,2.457324465122375e-05,5.712218435232963e-05
previously,0.0,0.0,1.6382163100815833e-05,0.0
prey,4.8995110287993256e-06,0.0,1.6382163100815833e-05,1.904072811744321e-05
price,1.9598044115197302e-05,2.2491116009176375e-05,1.6382163100815833e-05,4.760182029360803e-05
prices,0.0,1.1245558004588187e-05,0.0,2.8561092176164816e-05
prick,2.9397066172795955e-05,0.0,0.0,9.520364058721605e-06
pricked,0.0,1.1245558004588187e-05,0.0,0.0
pride,9.799022057598651e-05,0.0,0.00038498083286917206,4.760182029360803e-05
prided,0.0,0.0,8.191081550407916e-06,0.0
priest,9.309070954718719e-05,0.001012100220412937,0.0,0.0
priests,9.799022057598651e-06,1.1245558004588187e-05,0.0,0.0
prilukovs,4.8995110287993256e-06,0.0,0.0,0.0
prima,0.0,0.0,0.0,9.520364058721605e-06
primarily,4.8995110287993256e-06,0.0,0.0,0.0
prime,0.0,0.0,0.0,9.520364058721605e-06
primeval,4.8995110287993256e-06,0.0,0.0,0.0
prince,1.9598044115197302e-05,0.0,0.0,9.520364058721605e-06
princess,4.8995110287993256e-06,0.0,0.0,9.520364058721605e-06
princesses,4.8995110287993256e-06,0.0,0.0,0.0
principal,1.4698533086397977e-05,0.0,0.00011467514170571083,4.760182029360803e-05
principally,4.8995110287993256e-06,0.0,4.095540775203958e-05,9.520364058721605e-06
principle,3.9196088230394604e-05,0.0,4.095540775203958e-05,9.520364058721605e-06
principles,2.9397066172795955e-05,0.0,8.191081550407916e-06,9.520364058721605e-06
prinking,4.8995110287993256e-06,0.0,0.0,0.0
print,1.4698533086397977e-05,0.0,0.0,1.904072811744321e-05
printed,1.4698533086397977e-05,0.0,0.0,4.760182029360803e-05
printing,4.8995110287993256e-06,0.0,0.0,0.0
prints,4.8995110287993256e-06,0.0,0.0,9.520364058721605e-06
prior,0.0,0.0,1.6382163100815833e-05,9.520364058721605e-06
prison,0.0001665833749791771,0.0,0.0,4.760182029360803e-05
prisoner,2.449755514399663e-05,5.6227790022940935e-05,0.0,9.520364058721606e-05
prisoners,3.429657720159528e-05,1.1245558004588187e-05,0.0,9.520364058721605e-06
prisons,4.8995110287993256e-06,0.0,0.0,0.0
pritchard,0.0,0.0,0.0,9.520364058721605e-06
privacy,4.8995110287993256e-06,0.0,0.0,9.520364058721605e-06
private,2.9397066172795955e-05,1.1245558004588187e-05,9.010189705448707e-05,0.00013328509682210247
privately,4.8995110287993256e-06,2.2491116009176375e-05,2.457324465122375e-05,0.0
privation,4.8995110287993256e-06,0.0,0.0,0.0
privations,4.8995110287993256e-06,0.0,0.0,0.0
privilege,4.8995110287993256e-06,0.0,2.457324465122375e-05,0.0
privileged,4.8995110287993256e-06,1.1245558004588187e-05,2.457324465122375e-05,0.0
privy,4.8995110287993256e-06,0.0,0.0,0.0
prize,9.799022057598651e-06,0.0,0.0,9.520364058721605e-06
prized,4.8995110287993256e-06,0.0,8.191081550407916e-06,0.0
prizes,0.0,0.0,8.191081550407916e-06,9.520364058721605e-06
pro,4.8995110287993256e-06,0.0,0.0,9.520364058721605e-06
probabilities,0.0,0.0,8.191081550407916e-06,0.0
probability,4.8995110287993256e-06,0.0,8.191081550407916e-05,2.8561092176164816e-05
probable,1.4698533086397977e-05,0.0,9.8292978604895e-05,9.520364058721606e-05
probably,0.00015678435292157842,0.0003711034141514102,0.00019658595720979,0.0001428054608808241
probe,0.0,2.2491116009176375e-05,0.0,0.0
probed,0.0,1.1245558004588187e-05,0.0,1.904072811744321e-05
probing,9.799022057598651e-06,1.1245558004588187e-05,0.0,9.520364058721605e-06
probity,0.0,0.0,8.191081550407916e-06,0.0
problem,1.4698533086397977e-05,0.0,0.0,0.00019040728117443212
problems,4.8995110287993256e-06,1.1245558004588187e-05,0.0,7.616291246977284e-05
procedure,0.0,1.1245558004588187e-05,0.0,0.0
proceed,9.799022057598651e-06,1.1245558004588187e-05,4.095540775203958e-05,4.760182029360803e-05
proceeded,1.4698533086397977e-05,0.0,8.191081550407916e-05,1.904072811744321e-05
proceeding,4.8995110287993256e-06,1.1245558004588187e-05,4.91464893024475e-05,0.0
proceedings,9.799022057598651e-06,0.0,8.191081550407916e-06,2.8561092176164816e-05
process,4.4095599259193934e-05,0.0,8.191081550407916e-06,4.760182029360803e-05
processes,0.0,0.0,0.0,9.520364058721605e-06
procession,4.8995110287993256e-06,0.0,0.0,0.0
proclaim,4.8995110287993256e-06,0.0,8.191081550407916e-06,0.0
proclaimed,0.0,0.0,0.0,9.520364058721605e-06
proclamations,0.0,2.2491116009176375e-05,0.0,0.0
procure,0.0,0.0,8.191081550407916e-06,0.0
procured,0.0,0.0,3.2764326201631665e-05,0.0
procuring,0.0,0.0,2.457324465122375e-05,0.0
prodded,0.0,1.1245558004588187e-05,0.0,0.0
prodigious,0.0,0.0,8.191081550407916e-06,0.0
prodigiously,0.0,0.0,2.457324465122375e-05,9.520364058721605e-06
produce,3.429657720159528e-05,0.0,4.095540775203958e-05,2.8561092176164816e-05
produced,1.4698533086397977e-05,0.0,9.010189705448707e-05,1.904072811744321e-05
producing,0.0,1.1245558004588187e-05,0.0,9.520364058721605e-06
product,4.8995110287993256e-06,2.2491116009176375e-05,0.0,1.904072811744321e-05
productive,0.0,0.0,8.191081550407916e-06,0.0
profess,0.0,0.0,8.191081550407916e-06,0.0
professed,0.0,0.0,3.2764326201631665e-05,0.0
professing,0.0,0.0,8.191081550407916e-06,0.0
profession,9.799022057598651e-06,0.0,5.7337570852855414e-05,9.520364058721606e-05
professional,9.799022057598651e-06,0.0,0.0,0.00013328509682210247
professionally,0.0,0.0,0.0,9.520364058721605e-06
professions,0.0,0.0,4.91464893024475e-05,0.0
professor,4.8995110287993256e-06,2.2491116009176375e-05,0.0,0.0
professorship,4.8995110287993256e-06,0.0,0.0,0.0
proffered,4.8995110287993256e-06,0.0,0.0,0.0
proficiency,0.0,0.0,8.191081550407916e-06,0.0
proficient,0.0,0.0,8.191081550407916e-06,9.520364058721605e-06
profile,4.8995110287993256e-06,0.0,0.0,0.0
profiles,0.0,1.1245558004588187e-05,0.0,0.0
profit,2.9397066172795955e-05,0.0,8.191081550407916e-06,0.0
profitable,4.8995110287993256e-06,0.0,0.0,0.0
profited,0.0,0.0,0.0,9.520364058721605e-06
profligacy,0.0,0.0,8.191081550407916e-06,0.0
profligate,9.799022057598651e-06,0.0,8.191081550407916e-06,0.0
profound,1.4698533086397977e-05,1.1245558004588187e-05,0.0,1.904072811744321e-05
profoundest,4.8995110287993256e-06,0.0,0.0,0.0
profoundly,0.0,0.0,0.0,9.520364058721605e-06
profuse,0.0,0.0,8.191081550407916e-06,0.0
profusion,0.0,0.0,8.191081550407916e-06,0.0
prognostics,0.0,0.0,8.191081550407916e-06,0.0
programme,0.0,3.3736674013764564e-05,0.0,9.520364058721605e-06
programmes,0.0,1.1245558004588187e-05,0.0,0.0
progress,2.9397066172795955e-05,2.2491116009176375e-05,4.095540775203958e-05,9.520364058721605e-06
progressive,2.449755514399663e-05,0.0,0.0,0.0
progressively,4.8995110287993256e-06,0.0,0.0,0.0
progressives,9.799022057598651e-06,0.0,0.0,0.0
prohibited,0.0,0.0,8.191081550407916e-06,0.0
prohibition,4.8995110287993256e-06,0.0,0.0,0.0
project,2.9397066172795955e-05,0.0,8.191081550407916e-06,0.0
projected,4.8995110287993256e-06,1.1245558004588187e-05,8.191081550407916e-06,0.0
projectile,0.0,2.2491116009176375e-05,0.0,0.0
projecting,4.8995110287993256e-06,1.1245558004588187e-05,0.0,1.904072811744321e-05
prokofitch,0.00011758826469118382,0.0,0.0,0.0
prolong,0.0,0.0,0.0,9.520364058721605e-06
prolonged,1.4698533086397977e-05,0.0,0.0,1.904072811744321e-05
prominence,0.0,0.0,0.0,9.520364058721605e-06
prominent,4.8995110287993256e-06,0.0,0.0,0.0
promise,6.369364337439124e-05,2.2491116009176375e-05,0.00013924838635693458,0.00013328509682210247
promised,5.879413234559191e-05,1.1245558004588187e-05,0.00017201271255856622,4.760182029360803e-05
promises,9.799022057598651e-06,0.0,2.457324465122375e-05,3.808145623488642e-05
promising,4.8995110287993256e-06,0.0,3.2764326201631665e-05,9.520364058721605e-06
promote,4.8995110287993256e-06,0.0,3.2764326201631665e-05,0.0
promoted,0.0,2.2491116009176375e-05,8.191081550407916e-06,0.0
promotes,4.8995110287993256e-06,0.0,0.0,0.0
promoting,4.8995110287993256e-06,0.0,0.0,0.0
prompt,0.0,0.0,8.191081550407916e-06,5.712218435232963e-05
prompted,0.0,0.0,8.191081550407916e-06,9.520364058721605e-06
prompting,1.4698533086397977e-05,0.0,0.0,0.0
promptly,1.9598044115197302e-05,0.0,0.0,9.520364058721605e-06
prone,0.0,0.0,1.6382163100815833e-05,0.0
pronounce,0.0,2.2491116009176375e-05,2.457324465122375e-05,1.904072811744321e-05
pronounced,4.899511028799326e-05,0.0,8.191081550407916e-05,0.0
pronouncing,0.0,0.0,8.191081550407916e-06,0.0
proof,6.859315440319056e-05,0.0,5.7337570852855414e-05,7.616291246977284e-05
proofs,1.9598044115197302e-05,0.0,0.0,1.904072811744321e-05
proosia,0.0,0.0,0.0,9.520364058721605e-06
propaganda,2.9397066172795955e-05,0.0,0.0,0.0
propagation,0.0,0.0,0.0,9.520364058721605e-06
propensities,0.0,0.0,8.191081550407916e-06,0.0
propensity,9.799022057598651e-06,0.0,8.191081550407916e-06,0.0
proper,2.449755514399663e-05,0.0,0.00017201271255856622,9.520364058721605e-06
properly,2.9397066172795955e-05,2.2491116009176375e-05,6.552865240326333e-05,0.0
property,6.369364337439124e-05,1.1245558004588187e-05,6.552865240326333e-05,5.712218435232963e-05
prophet,1.9598044115197302e-05,0.0,0.0,0.0
propitious,0.0,0.0,8.191081550407916e-06,0.0
proportion,4.8995110287993256e-06,0.0,3.2764326201631665e-05,9.520364058721605e-06
proportionate,0.0,0.0,8.191081550407916e-06,0.0
proportionately,4.8995110287993256e-06,0.0,0.0,0.0
proportioned,4.8995110287993256e-06,0.0,8.191081550407916e-06,0.0
proportions,4.8995110287993256e-06,0.0,8.191081550407916e-06,0.0
proposal,4.8995110287993256e-06,0.0,8.191081550407916e-05,9.520364058721605e-06
proposals,1.4698533086397977e-05,0.0,7.371973395367124e-05,0.0
propose,4.8995110287993256e-06,0.0,2.457324465122375e-05,1.904072811744321e-05
proposed,2.449755514399663e-05,1.1245558004588187e-05,4.095540775203958e-05,9.520364058721605e-06
proposing,9.799022057598651e-06,0.0,0.0,0.0
proposition,1.9598044115197302e-05,1.1245558004588187e-05,0.0,9.520364058721605e-06
propositions,4.8995110287993256e-06,0.0,0.0,0.0
propound,0.0,0.0,0.0,9.520364058721605e-06
propounds,9.799022057598651e-06,0.0,0.0,0.0
propped,0.0,1.1245558004588187e-05,0.0,0.0
propping,4.8995110287993256e-06,0.0,0.0,0.0
proprietor,0.0,2.2491116009176375e-05,2.457324465122375e-05,2.8561092176164816e-05
propriety,0.0,0.0,6.552865240326333e-05,1.904072811744321e-05
prosecute,1.9598044115197302e-05,0.0,0.0,0.0
prosecuted,0.0,0.0,0.0,9.520364058721605e-06
prosecution,4.8995110287993256e-06,0.0,0.0,1.904072811744321e-05
prosecutor,4.8995110287993256e-06,0.0,0.0,0.0
prospect,4.4095599259193934e-05,0.0,0.00011467514170571083,9.520364058721605e-06
prospecting,0.0,0.0,0.0,9.520364058721605e-06
prospective,4.8995110287993256e-06,0.0,0.0,0.0
prospects,0.0,0.0,3.2764326201631665e-05,0.0
prosper,0.0,0.0,0.0,9.520364058721605e-06
prosperity,0.0,0.0,2.457324465122375e-05,9.520364058721605e-06
prosperous,4.8995110287993256e-06,1.1245558004588187e-05,1.6382163100815833e-05,9.520364058721605e-06
prostrate,4.8995110287993256e-06,0.0,0.0,0.0
protect,4.899511028799326e-05,3.3736674013764564e-05,0.0,1.904072811744321e-05
protected,4.8995110287993256e-06,4.498223201835275e-05,0.0,0.0
protecting,9.799022057598651e-06,0.0,0.0,0.0
protection,0.0,0.0,1.6382163100815833e-05,9.520364058721605e-06
protector,0.0,1.1245558004588187e-05,0.0,0.0
protectors,4.8995110287993256e-06,0.0,0.0,0.0
protest,6.859315440319056e-05,1.1245558004588187e-05,8.191081550407916e-06,0.0
protestation,0.0,0.0,0.0,9.520364058721605e-06
protested,2.449755514399663e-05,0.0,6.552865240326333e-05,1.904072811744321e-05
protesting,9.799022057598651e-06,0.0,3.2764326201631665e-05,9.520364058721605e-06
protests,4.8995110287993256e-06,0.0,0.0,0.0
protracted,0.0,3.3736674013764564e-05,0.0,0.0
protruded,4.8995110287993256e-06,0.0,0.0,2.8561092176164816e-05
protruding,0.0,0.0,0.0,4.760182029360803e-05
proud,0.00010778924263358517,7.871890603211732e-05,0.00018020379410897414,9.520364058721605e-06
proudest,0.0,0.0,8.191081550407916e-06,0.0
proudly,4.8995110287993256e-06,0.0,8.191081550407916e-06,0.0
prove,6.369364337439124e-05,2.2491116009176375e-05,6.552865240326333e-05,8.568327652849445e-05
proved,4.4095599259193934e-05,1.1245558004588187e-05,0.00013924838635693458,3.808145623488642e-05
proverb,9.799022057598651e-06,0.0,8.191081550407916e-06,0.0
proves,1.9598044115197302e-05,0.0,0.0,1.904072811744321e-05
provide,2.449755514399663e-05,0.0,3.2764326201631665e-05,9.520364058721605e-06
provided,2.9397066172795955e-05,0.0,5.7337570852855414e-05,3.808145623488642e-05
providence,4.4095599259193934e-05,0.0,0.0,0.0
providential,9.799022057598651e-06,0.0,0.0,0.0
providing,0.0,0.0,8.191081550407916e-06,9.520364058721605e-06
province,3.429657720159528e-05,0.0,0.0,1.904072811744321e-05
provinces,1.9598044115197302e-05,0.0,0.0,9.520364058721605e-06
provincial,4.8995110287993256e-06,0.0,0.0,9.520364058721605e-06
proving,1.4698533086397977e-05,0.0,8.191081550407916e-06,9.520364058721605e-06
provision,0.0,0.0,1.6382163100815833e-05,9.520364058721605e-06
provisional,0.0,1.1245558004588187e-05,0.0,0.0
provisions,4.8995110287993256e-06,0.0,0.0,0.0
provocations,0.0,0.0,8.191081550407916e-06,0.0
provocative,4.8995110287993256e-06,0.0,0.0,0.0
provoke,0.0,0.0,4.095540775203958e-05,0.0
provoked,0.0,0.0,2.457324465122375e-05,1.904072811744321e-05
provoking,9.799022057598651e-06,0.0,2.457324465122375e-05,0.0
proximity,4.8995110287993256e-06,0.0,0.0,0.0
proxy,0.0,0.0,8.191081550407916e-06,0.0
prudence,1.9598044115197302e-05,0.0,3.2764326201631665e-05,0.0
prudent,4.8995110287993256e-06,0.0,3.2764326201631665e-05,0.0
prudential,0.0,0.0,8.191081550407916e-06,0.0
prudently,0.0,0.0,8.191081550407916e-06,0.0
pruning,4.8995110287993256e-06,0.0,0.0,0.0
prussian,9.799022057598651e-06,0.0,0.0,9.520364058721605e-06
pry,0.0,1.1245558004588187e-05,0.0,0.0
prying,0.0,0.0,0.0,9.520364058721605e-06
pshaw,0.0,0.0,0.0,1.904072811744321e-05
psychological,3.429657720159528e-05,0.0,0.0,0.0
psychologically,2.449755514399663e-05,0.0,0.0,0.0
psychologist,4.8995110287993256e-06,0.0,0.0,0.0
psychology,5.879413234559191e-05,0.0,0.0,0.0
pub,0.0,1.1245558004588187e-05,0.0,0.0
public,5.389462131679259e-05,0.0,9.8292978604895e-05,0.00019992764523315372
publications,4.8995110287993256e-06,0.0,0.0,0.0
publicity,4.8995110287993256e-06,0.0,0.0,1.904072811744321e-05
publicly,0.0,0.0,2.457324465122375e-05,9.520364058721605e-06
publish,4.8995110287993256e-06,0.0,8.191081550407916e-06,0.0
published,4.8995110287993256e-06,0.0,0.0,0.0
publisher,9.799022057598651e-06,0.0,0.0,0.0
publishers,1.9598044115197302e-05,0.0,0.0,0.0
publishing,1.9598044115197302e-05,0.0,0.0,0.0
puckered,0.0,1.1245558004588187e-05,0.0,9.520364058721605e-06
pudding,9.799022057598651e-06,2.2491116009176375e-05,0.0,0.0
puddle,9.799022057598651e-06,0.0,0.0,0.0
puddles,0.0,0.0,8.191081550407916e-06,0.0
puffed,0.0,0.0,8.191081550407916e-06,1.904072811744321e-05
puffing,9.799022057598651e-06,1.1245558004588187e-05,0.0,3.808145623488642e-05
puffs,0.0,2.2491116009176375e-05,0.0,0.0
puffy,4.8995110287993256e-06,0.0,0.0,0.0
pulcheria,0.0006075393675711164,0.0,0.0,0.0
pull,5.389462131679259e-05,4.498223201835275e-05,8.191081550407916e-06,6.664254841105123e-05
pulled,0.00017638239703677574,0.0004948045522018803,0.0,0.00016184618899826728
pulling,4.4095599259193934e-05,3.3736674013764564e-05,0.0,3.808145623488642e-05
pulls,9.799022057598651e-06,0.0,0.0,0.0
pulp,0.0,0.0,0.0,9.520364058721605e-06
pulpy,0.0,1.1245558004588187e-05,0.0,0.0
pulse,1.4698533086397977e-05,0.0,0.0,0.0
pulsing,0.0,1.1245558004588187e-05,0.0,0.0
punch,1.4698533086397977e-05,0.0,8.191081550407916e-06,0.0
punchinello,4.8995110287993256e-06,0.0,0.0,0.0
punching,4.8995110287993256e-06,0.0,0.0,0.0
punctiliousness,4.8995110287993256e-06,0.0,0.0,0.0
punctual,0.0,0.0,2.457324465122375e-05,0.0
punctuality,0.0,0.0,1.6382163100815833e-05,0.0
punctually,1.4698533086397977e-05,0.0,2.457324465122375e-05,0.0
puncture,0.0,1.1245558004588187e-05,0.0,0.0
punctures,0.0,0.0,0.0,9.520364058721605e-06
pungent,0.0,0.0,0.0,9.520364058721605e-06
punish,1.9598044115197302e-05,0.0,2.457324465122375e-05,9.520364058721605e-06
punished,4.8995110287993256e-06,0.0,0.0,0.0
punishing,4.8995110287993256e-06,0.0,0.0,0.0
punishment,9.799022057598651e-06,0.0,4.095540775203958e-05,2.8561092176164816e-05
puny,0.0,0.0,0.0,9.520364058721605e-06
pupils,0.0,0.0,0.0,9.520364058721605e-06
puppy,4.8995110287993256e-06,1.1245558004588187e-05,0.0,0.0
purchase,4.8995110287993256e-06,0.0,4.91464893024475e-05,9.520364058721605e-06
purchased,4.8995110287993256e-06,0.0,2.457324465122375e-05,0.0
purchases,4.8995110287993256e-06,0.0,1.6382163100815833e-05,0.0
purchasing,4.8995110287993256e-06,0.0,0.0,9.520364058721605e-06
pure,2.449755514399663e-05,3.3736674013764564e-05,1.6382163100815833e-05,1.904072811744321e-05
purely,1.4698533086397977e-05,0.0,0.0,3.808145623488642e-05
purer,0.0,1.1245558004588187e-05,0.0,0.0
purest,0.0,1.1245558004588187e-05,0.0,9.520364058721605e-06
purify,4.8995110287993256e-06,0.0,0.0,0.0
purissimo,0.0,1.1245558004588187e-05,0.0,0.0
purity,2.449755514399663e-05,0.0,0.0,9.520364058721605e-06
purple,4.8995110287993256e-06,1.1245558004588187e-05,0.0,2.8561092176164816e-05
purplish,4.8995110287993256e-06,1.1245558004588187e-05,0.0,0.0
purport,0.0,0.0,1.6382163100815833e-05,1.904072811744321e-05
purpose,0.00016168386395037774,5.6227790022940935e-05,0.00014743946790734248,0.00010472400464593766
purposely,1.9598044115197302e-05,0.0,4.91464893024475e-05,0.0
purposes,4.8995110287993256e-06,0.0,0.0,3.808145623488642e-05
purr,0.0,1.1245558004588187e-05,0.0,0.0
purse,9.799022057598651e-05,0.0,8.191081550407916e-06,1.904072811744321e-05
purses,0.0,0.0,8.191081550407916e-06,9.520364058721605e-06
pursue,0.0,0.0,4.91464893024475e-05,9.520364058721605e-06
pursued,4.8995110287993256e-06,0.0,1.6382163100815833e-05,2.8561092176164816e-05
pursuers,0.0,0.0,0.0,9.520364058721605e-06
pursuing,1.4698533086397977e-05,0.0,2.457324465122375e-05,0.0
pursuit,1.9598044115197302e-05,0.0,4.91464893024475e-05,0.0
pursuits,0.0,0.0,8.191081550407916e-06,0.0
purveyor,0.0,0.0,0.0,9.520364058721605e-06
purvis,0.0,0.0,8.191081550407916e-06,0.0
purée,0.0,1.1245558004588187e-05,0.0,0.0
pus,0.0,1.1245558004588187e-05,0.0,0.0
push,9.799022057598651e-06,5.6227790022940935e-05,0.0,1.904072811744321e-05
pushed,4.4095599259193934e-05,0.00016868337006882282,0.0,0.00013328509682210247
pushing,3.429657720159528e-05,0.0,0.0,2.8561092176164816e-05
pushkin,1.4698533086397977e-05,0.0,0.0,0.0
put,0.000916208562385474,0.001506904772614817,0.0002539235280626454,0.0006569051200517908
puts,1.9598044115197302e-05,1.1245558004588187e-05,0.0,0.0
puttee,0.0,2.2491116009176375e-05,0.0,0.0
puttees,0.0,6.747334802752913e-05,0.0,0.0
putting,0.00013718630880638113,4.498223201835275e-05,4.095540775203958e-05,9.520364058721606e-05
putty,0.0,0.0,0.0,1.904072811744321e-05
puzzle,0.0,0.0,1.6382163100815833e-05,1.904072811744321e-05
puzzled,1.4698533086397977e-05,2.2491116009176375e-05,8.191081550407916e-06,4.760182029360803e-05
puzzling,0.0,0.0,0.0,9.520364058721605e-06
pyotr,0.0008476154079822834,0.0,0.0,0.0
pyramid,4.8995110287993256e-06,0.0,0.0,0.0
pyramids,4.8995110287993256e-06,0.0,8.191081550407916e-06,0.0
pâté,0.0,0.0,0.0,9.520364058721605e-06
quadrangle,4.8995110287993256e-06,0.0,0.0,0.0
quadrangular,4.8995110287993256e-06,0.0,0.0,0.0
quadrilateral,0.0,1.1245558004588187e-05,0.0,0.0
quadrille,0.0,0.0,3.2764326201631665e-05,0.0
quaking,4.8995110287993256e-06,0.0,0.0,0.0
qualifications,0.0,0.0,1.6382163100815833e-05,9.520364058721605e-06
qualified,0.0,0.0,3.2764326201631665e-05,0.0
qualities,3.429657720159528e-05,0.0,4.91464893024475e-05,9.520364058721605e-06
quality,9.799022057598651e-06,2.2491116009176375e-05,1.6382163100815833e-05,9.520364058721605e-06
quand,4.8995110287993256e-06,0.0,0.0,0.0
quantities,4.8995110287993256e-06,0.0,0.0,0.0
quantity,4.8995110287993256e-06,0.0,8.191081550407916e-06,0.0
quarrel,2.9397066172795955e-05,1.1245558004588187e-05,4.095540775203958e-05,4.760182029360803e-05
quarrelled,4.4095599259193934e-05,1.1245558004588187e-05,8.191081550407916e-06,0.0
quarrelling,2.449755514399663e-05,0.0,2.457324465122375e-05,1.904072811744321e-05
quarrels,0.0,0.0,0.0,1.904072811744321e-05
quarrelsome,4.8995110287993256e-06,0.0,8.191081550407916e-06,0.0
quart,4.8995110287993256e-06,0.0,0.0,0.0
quarter,8.329168748958855e-05,6.747334802752913e-05,7.371973395367124e-05,0.00010472400464593766
quartered,0.0,0.0,2.457324465122375e-05,0.0
quartering,0.0,0.0,0.0,9.520364058721605e-06
quarters,3.429657720159528e-05,2.2491116009176375e-05,2.457324465122375e-05,4.760182029360803e-05
quavering,0.0,0.0,0.0,9.520364058721605e-06
quay,0.0,4.498223201835275e-05,0.0,0.0
queen,1.9598044115197302e-05,2.2491116009176375e-05,0.0,1.904072811744321e-05
queer,7.839217646078921e-05,0.0,0.0,9.520364058721605e-06
queerness,4.8995110287993256e-06,0.0,0.0,0.0
quench,0.0,0.0,0.0,9.520364058721605e-06
quenching,4.8995110287993256e-06,0.0,0.0,0.0
querulous,0.0,0.0,8.191081550407916e-06,0.0
quest,0.0,0.0,5.7337570852855414e-05,5.712218435232963e-05
question,0.0006075393675711164,0.00010121002204129369,0.00018839487565938207,0.0003332127420552562
questionable,0.0,0.0,0.0,1.904072811744321e-05
questioned,4.8995110287993256e-06,0.00010121002204129369,2.457324465122375e-05,0.0
questioner,4.8995110287993256e-06,0.0,0.0,0.0
questioners,0.0,2.2491116009176375e-05,0.0,0.0
questioning,2.449755514399663e-05,8.99644640367055e-05,0.0,0.00010472400464593766
questions,0.00014698533086397977,2.2491116009176375e-05,0.00013105730480652666,4.760182029360803e-05
quick,3.9196088230394604e-05,3.3736674013764564e-05,8.191081550407916e-05,0.00023800910146804015
quicken,4.8995110287993256e-06,0.0,0.0,0.0
quicker,2.9397066172795955e-05,0.0,0.0,9.520364058721605e-06
quickly,0.00023027701835356832,0.00012370113805047008,3.2764326201631665e-05,4.760182029360803e-05
quickness,0.0,0.0,2.457324465122375e-05,0.0
quiet,6.859315440319056e-05,0.00021366560208717556,5.7337570852855414e-05,0.00019992764523315372
quieted,0.0,0.0,1.6382163100815833e-05,0.0
quieter,0.0,4.498223201835275e-05,8.191081550407916e-06,0.0
quietest,0.0,1.1245558004588187e-05,0.0,0.0
quieting,0.0,1.1245558004588187e-05,0.0,0.0
quietly,0.00010778924263358517,1.1245558004588187e-05,7.371973395367124e-05,0.00019040728117443212
quill,0.0,0.0,0.0,1.904072811744321e-05
quilt,2.449755514399663e-05,0.0,0.0,0.0
quinceys,0.0,0.0,0.0,9.520364058721605e-06
quinsy,0.0,0.0,0.0,9.520364058721605e-06
quit,0.0,0.0,8.191081550407916e-05,0.0
quite,0.0009113090513566746,0.00038234897215599835,0.000778152747288752,0.0010186789542832118
quitted,0.0,0.0,7.371973395367124e-05,9.520364058721605e-06
quitting,0.0,0.0,6.552865240326333e-05,0.0
quiver,1.4698533086397977e-05,0.0,0.0,0.0
quivered,9.799022057598651e-06,0.0,0.0,9.520364058721605e-06
quivering,5.879413234559191e-05,0.0,0.0,9.520364058721605e-06
quote,0.0,1.1245558004588187e-05,0.0,1.904072811744321e-05
quoted,9.799022057598651e-06,1.1245558004588187e-05,0.0,0.0
quotes,0.0,1.1245558004588187e-05,0.0,9.520364058721605e-06
r,9.799022057598651e-06,0.0,0.0,9.520364058721605e-06
rabbi,0.0,0.0,0.0,9.520364058721605e-06
rabbit,0.0,2.2491116009176375e-05,0.0,1.904072811744321e-05
rabbits,4.8995110287993256e-06,0.0,0.0,9.520364058721605e-06
race,1.4698533086397977e-05,7.871890603211732e-05,8.191081550407916e-06,1.904072811744321e-05
races,4.8995110287993256e-06,5.6227790022940935e-05,0.0,0.0
racing,0.0,8.99644640367055e-05,0.0,0.0
rack,9.799022057598651e-06,3.3736674013764564e-05,0.0,3.808145623488642e-05
racked,0.0,0.0,8.191081550407916e-06,0.0
racking,4.8995110287993256e-06,0.0,0.0,0.0
racks,0.0,2.2491116009176375e-05,0.0,0.0
radiance,4.8995110287993256e-06,0.0,0.0,1.904072811744321e-05
radiant,1.4698533086397977e-05,0.0,0.0,0.0
radiator,0.0,3.3736674013764564e-05,0.0,0.0
radical,4.8995110287993256e-06,0.0,0.0,0.0
radish,9.799022057598651e-06,0.0,0.0,0.0
radishchev,4.8995110287993256e-06,0.0,0.0,0.0
radius,0.0,0.0,0.0,1.904072811744321e-05
raff,4.8995110287993256e-06,0.0,0.0,0.0
rafts,4.8995110287993256e-06,0.0,0.0,0.0
rag,2.9397066172795955e-05,0.0,0.0,0.0
rage,5.879413234559191e-05,0.0,1.6382163100815833e-05,2.8561092176164816e-05
raged,9.799022057598651e-06,0.0,0.0,0.0
ragged,6.859315440319056e-05,0.0,0.0,9.520364058721605e-06
raging,4.8995110287993256e-06,0.0,0.0,0.0
ragout,0.0,0.0,8.191081550407916e-06,0.0
rags,0.0001518848418927791,0.0,0.0,0.0
rail,4.8995110287993256e-06,2.2491116009176375e-05,8.191081550407916e-06,0.0
railed,0.0,0.0,0.0,9.520364058721605e-06
railing,2.449755514399663e-05,0.0,0.0,0.0
railings,0.0,0.0,0.0,9.520364058721605e-06
railroad,0.0,3.3736674013764564e-05,0.0,0.0
rails,0.0,6.747334802752913e-05,0.0,9.520364058721605e-06
railway,1.9598044115197302e-05,0.00020242004408258738,0.0,2.8561092176164816e-05
railways,4.8995110287993256e-06,0.0,0.0,0.0
rain,7.839217646078921e-05,0.0012145202644955242,3.2764326201631665e-05,8.568327652849445e-05
rainbow,4.8995110287993256e-06,0.0,0.0,0.0
rained,0.0,8.99644640367055e-05,8.191081550407916e-06,0.0
raining,0.0,0.00024740227610094015,0.0,0.0
rains,0.0,3.3736674013764564e-05,0.0,0.0
rainy,4.8995110287993256e-06,0.0,8.191081550407916e-06,0.0
raise,4.899511028799326e-05,2.2491116009176375e-05,0.0,0.00012376473276338087
raised,0.00016168386395037774,2.2491116009176375e-05,4.91464893024475e-05,0.00011424436870465926
raising,7.349266543198989e-05,0.0,2.457324465122375e-05,2.8561092176164816e-05
raisins,4.8995110287993256e-06,0.0,0.0,0.0
rake,0.0,0.0,0.0,9.520364058721605e-06
rakishly,4.8995110287993256e-06,0.0,0.0,0.0
rallied,0.0,0.0,1.6382163100815833e-05,0.0
ralph,0.0,1.1245558004588187e-05,0.0,0.0
ramble,0.0,0.0,1.6382163100815833e-05,0.0
rambled,0.0,0.0,8.191081550407916e-06,0.0
rambling,0.0,0.0,0.0,9.520364058721605e-06
ramblings,0.0,0.0,0.0,9.520364058721605e-06
ramsgate,0.0,0.0,2.457324465122375e-05,0.0
ran,0.0004164584374479427,0.00022491116009176374,0.0001064840601553029,0.0002856109217616482
random,9.799022057598651e-06,0.0,0.0,9.520364058721605e-06
rang,6.859315440319056e-05,0.00011245558004588187,8.191081550407916e-06,3.808145623488642e-05
range,9.799022057598651e-06,1.1245558004588187e-05,1.6382163100815833e-05,0.0
ranged,0.0,1.1245558004588187e-05,0.0,0.0
ranges,0.0,2.2491116009176375e-05,0.0,0.0
rank,3.429657720159528e-05,0.00010121002204129369,9.8292978604895e-05,9.520364058721605e-06
ranks,9.799022057598651e-06,0.0,0.0,0.0
ransack,4.8995110287993256e-06,0.0,0.0,0.0
ransacked,4.8995110287993256e-06,0.0,0.0,1.904072811744321e-05
ransacking,4.8995110287993256e-06,0.0,0.0,0.0
rant,0.0,0.0,8.191081550407916e-06,0.0
rapacity,0.0,0.0,8.191081550407916e-06,0.0
raphael,4.8995110287993256e-06,0.0,0.0,0.0
raphaels,9.799022057598651e-06,0.0,0.0,0.0
rapid,5.389462131679259e-05,0.0,2.457324465122375e-05,9.520364058721605e-06
rapidity,1.9598044115197302e-05,0.0,3.2764326201631665e-05,9.520364058721605e-06
rapidly,3.429657720159528e-05,3.3736674013764564e-05,1.6382163100815833e-05,4.760182029360803e-05
rapping,9.799022057598651e-06,0.0,0.0,0.0
rapt,0.0,0.0,0.0,9.520364058721605e-06
rapture,1.9598044115197302e-05,0.0,1.6382163100815833e-05,0.0
raptures,0.0,0.0,5.7337570852855414e-05,0.0
rapturous,0.0,0.0,1.6382163100815833e-05,0.0
rapturously,0.0,0.0,8.191081550407916e-06,0.0
rare,1.9598044115197302e-05,0.0,0.0,2.8561092176164816e-05
rarely,1.9598044115197302e-05,2.2491116009176375e-05,0.0,0.0
rascal,4.8995110287993256e-06,0.0,0.0,0.0
rascally,4.8995110287993256e-06,0.0,0.0,9.520364058721605e-06
rash,4.8995110287993256e-06,1.1245558004588187e-05,0.0,0.0
rashers,0.0,0.0,0.0,9.520364058721605e-06
rashness,0.0,0.0,8.191081550407916e-06,9.520364058721605e-06
raskolnikov,0.003547245984850712,0.0,0.0,0.0
raskolnikovs,0.00029397066172795954,0.0,0.0,0.0
raspberries,4.8995110287993256e-06,0.0,0.0,0.0
raspberry,9.799022057598651e-06,0.0,0.0,0.0
rat,0.0,0.0,0.0,7.616291246977284e-05
rate,4.899511028799326e-05,2.2491116009176375e-05,4.095540775203958e-05,5.712218435232963e-05
rated,0.0,0.0,8.191081550407916e-06,0.0
rather,0.00041155892641914335,0.00013494669605505826,0.0004505094852724354,0.0006093032997581827
rational,2.449755514399663e-05,0.0,8.191081550407916e-05,0.0
rationally,0.0,0.0,2.457324465122375e-05,0.0
rats,9.799022057598651e-06,0.0,0.0,0.0
rattan,0.0,1.1245558004588187e-05,0.0,0.0
rattle,4.8995110287993256e-06,1.1245558004588187e-05,1.6382163100815833e-05,3.808145623488642e-05
rattled,0.0,0.0,0.0,4.760182029360803e-05
rattling,0.0,0.0,0.0,1.904072811744321e-05
rave,2.449755514399663e-05,0.0,0.0,0.0
raved,0.0,0.0,0.0,9.520364058721605e-06
raving,2.449755514399663e-05,0.0,0.0,0.0
ravne,0.0,1.1245558004588187e-05,0.0,0.0
raw,0.0,1.1245558004588187e-05,0.0,0.0
rawness,0.0,1.1245558004588187e-05,0.0,0.0
ray,4.8995110287993256e-06,4.498223201835275e-05,0.0,9.520364058721605e-06
rays,4.8995110287993256e-06,1.1245558004588187e-05,0.0,0.0
razor,4.8995110287993256e-06,2.2491116009176375e-05,0.0,0.0
razors,4.8995110287993256e-06,1.1245558004588187e-05,0.0,0.0
razsudkin,4.8995110287993256e-06,0.0,0.0,0.0
razumihin,0.0015874415733309816,0.0,0.0,0.0
razumihins,0.00011758826469118382,0.0,0.0,0.0
re,9.799022057598651e-06,3.3736674013764564e-05,3.2764326201631665e-05,1.904072811744321e-05
reabsorbed,0.0,0.0,0.0,9.520364058721605e-06
reach,3.429657720159528e-05,3.3736674013764564e-05,6.552865240326333e-05,0.00011424436870465926
reached,0.00018128190806557506,0.00016868337006882282,0.00014743946790734248,0.0001808869171157105
reaches,0.0,0.0,0.0,1.904072811744321e-05
reaching,5.879413234559191e-05,0.0,2.457324465122375e-05,1.904072811744321e-05
reaction,9.799022057598651e-06,0.0,0.0,3.808145623488642e-05
reactionaries,4.8995110287993256e-06,0.0,0.0,0.0
reactionary,4.8995110287993256e-06,0.0,0.0,0.0
read,0.0003478652830447521,0.0004610678781881157,0.0003358343435667246,0.0003427331061139778
reader,0.0,0.0,2.457324465122375e-05,0.0
readers,0.0,0.0,0.0,9.520364058721605e-06
readily,4.8995110287993256e-06,0.0,0.00014743946790734248,5.712218435232963e-05
readiness,1.9598044115197302e-05,0.0,3.2764326201631665e-05,0.0
reading,0.00014698533086397977,8.99644640367055e-05,0.00011467514170571083,0.00013328509682210247
ready,0.00025967408452636426,0.000179928928073411,0.00016382163100815833,0.00022848873740931853
real,0.00015678435292157842,0.00010121002204129369,0.0002539235280626454,0.00011424436870465926
realise,5.389462131679259e-05,0.0,0.0,2.8561092176164816e-05
realised,8.329168748958855e-05,0.0,0.0,1.904072811744321e-05
realising,3.429657720159528e-05,0.0,0.0,2.8561092176164816e-05
realism,0.0,0.0,0.0,9.520364058721605e-06
realistic,0.0,0.0,0.0,9.520364058721605e-06
realities,4.8995110287993256e-06,0.0,8.191081550407916e-06,0.0
reality,3.429657720159528e-05,0.0,0.0,0.0
realize,0.0,0.00012370113805047008,0.0,0.0
realized,0.0,8.99644640367055e-05,8.191081550407916e-06,0.0
really,0.0006418359447727117,0.0008434168503441141,0.0007290062579863046,0.0004855385669948019
reap,4.8995110287993256e-06,0.0,8.191081550407916e-06,0.0
reaped,0.0,0.0,0.0,9.520364058721605e-06
reappear,0.0,0.0,8.191081550407916e-06,0.0
rear,0.0,4.498223201835275e-05,0.0,0.0
reared,0.0,0.0,0.0,9.520364058721605e-06
rearing,0.0,0.0,0.0,9.520364058721605e-06
rearranging,0.0,0.0,0.0,1.904072811744321e-05
reason,0.0002498750624687656,8.99644640367055e-05,0.0004177451590708037,0.00024752946552676175
reasonable,0.0,4.498223201835275e-05,0.00011467514170571083,9.520364058721605e-06
reasonableness,0.0,0.0,8.191081550407916e-06,0.0
reasonably,0.0,0.0,3.2764326201631665e-05,0.0
reasoned,0.0,0.0,0.0,1.904072811744321e-05
reasoner,0.0,0.0,0.0,5.712218435232963e-05
reasoning,2.449755514399663e-05,0.0,8.191081550407916e-06,0.00010472400464593766
reasons,5.389462131679259e-05,0.0,4.095540775203958e-05,7.616291246977284e-05
reassure,1.4698533086397977e-05,0.0,0.0,0.0
reassured,2.449755514399663e-05,0.0,0.0,0.0
reaumur,4.8995110287993256e-06,0.0,0.0,0.0
rebellious,4.8995110287993256e-06,0.0,0.0,0.0
rebounding,4.8995110287993256e-06,0.0,0.0,0.0
rebuke,0.0,0.0,8.191081550407916e-06,0.0
recall,3.429657720159528e-05,0.0,1.6382163100815833e-05,4.760182029360803e-05
recalled,7.349266543198989e-05,0.0,1.6382163100815833e-05,2.8561092176164816e-05
recalling,2.9397066172795955e-05,0.0,0.0,0.0
recantation,4.8995110287993256e-06,0.0,0.0,0.0
recede,0.0,0.0,8.191081550407916e-06,0.0
receded,0.0,0.0,0.0,9.520364058721605e-06
receipt,0.0,0.0,1.6382163100815833e-05,9.520364058721605e-06
receipts,4.8995110287993256e-06,0.0,0.0,9.520364058721605e-06
receive,5.389462131679259e-05,0.0,0.00022935028341142166,5.712218435232963e-05
received,0.0001322867977775818,2.2491116009176375e-05,0.0004996559745748828,0.00013328509682210247
receiver,4.8995110287993256e-06,0.0,0.0,9.520364058721605e-06
receiving,2.449755514399663e-05,0.0,0.00016382163100815833,9.520364058721605e-06
recent,5.879413234559191e-05,0.0,4.095540775203958e-05,5.712218435232963e-05
recently,4.8995110287993256e-06,0.0,0.0,1.904072811744321e-05
reception,4.8995110287993256e-06,2.2491116009176375e-05,7.371973395367124e-05,9.520364058721605e-06
recess,0.0,0.0,0.0,9.520364058721605e-06
recesses,0.0,0.0,0.0,9.520364058721605e-06
recital,0.0,0.0,2.457324465122375e-05,0.0
reckless,9.799022057598651e-06,0.0,0.0,1.904072811744321e-05
recklessly,4.8995110287993256e-06,0.0,0.0,0.0
recklessness,4.8995110287993256e-06,0.0,0.0,0.0
reckon,6.369364337439124e-05,0.0,8.191081550407916e-06,0.0
reckoned,3.429657720159528e-05,0.0,8.191081550407916e-06,0.0
reckoning,7.839217646078921e-05,1.1245558004588187e-05,0.0,0.0
reclaim,0.0,0.0,0.0,9.520364058721605e-06
recognise,4.4095599259193934e-05,0.0,0.0,3.808145623488642e-05
recognised,8.819119851838787e-05,0.0,0.0,4.760182029360803e-05
recognising,1.9598044115197302e-05,0.0,0.0,9.520364058721605e-06
recognition,4.8995110287993256e-06,0.0,0.0,0.0
recognize,0.0,3.3736674013764564e-05,0.0,0.0
recognized,0.0,1.1245558004588187e-05,8.191081550407916e-06,0.0
recognizing,0.0,0.0,8.191081550407916e-06,0.0
recoil,0.0,0.0,0.0,9.520364058721605e-06
recoiled,4.8995110287993256e-06,0.0,0.0,9.520364058721605e-06
recollect,2.9397066172795955e-05,0.0,4.91464893024475e-05,1.904072811744321e-05
recollected,3.9196088230394604e-05,0.0,0.0001064840601553029,0.0
recollecting,9.799022057598651e-06,0.0,4.095540775203958e-05,0.0
recollection,2.9397066172795955e-05,0.0,9.8292978604895e-05,0.0
recollections,9.799022057598651e-06,0.0,6.552865240326333e-05,0.0
recommence,0.0,0.0,0.0,9.520364058721605e-06
recommenced,0.0,0.0,8.191081550407916e-06,0.0
recommend,4.8995110287993256e-06,4.498223201835275e-05,9.8292978604895e-05,1.904072811744321e-05
recommendation,4.8995110287993256e-06,0.0,3.2764326201631665e-05,0.0
recommendations,0.0,0.0,8.191081550407916e-06,0.0
recommended,4.8995110287993256e-06,1.1245558004588187e-05,7.371973395367124e-05,1.904072811744321e-05
recommending,0.0,0.0,1.6382163100815833e-05,0.0
recompense,0.0,0.0,0.0,2.8561092176164816e-05
reconcile,0.0,0.0,8.191081550407916e-06,0.0
reconciled,2.449755514399663e-05,0.0,1.6382163100815833e-05,0.0
reconciliation,9.799022057598651e-06,0.0,1.6382163100815833e-05,0.0
reconciling,0.0,0.0,8.191081550407916e-06,0.0
reconsider,0.0,0.0,0.0,9.520364058721605e-06
reconsidered,0.0,0.0,0.0,1.904072811744321e-05
reconsidering,0.0,0.0,8.191081550407916e-06,0.0
reconstruction,0.0,0.0,0.0,9.520364058721605e-06
record,0.0,0.0,0.0,5.712218435232963e-05
recorded,0.0,0.0,0.0,1.904072811744321e-05
records,0.0,2.2491116009176375e-05,0.0,6.664254841105123e-05
recounted,4.8995110287993256e-06,0.0,0.0,0.0
recourse,1.4698533086397977e-05,0.0,0.0,9.520364058721605e-06
recover,1.4698533086397977e-05,0.0,4.91464893024475e-05,1.904072811744321e-05
recovered,4.4095599259193934e-05,0.0,4.91464893024475e-05,8.568327652849445e-05
recovering,1.9598044115197302e-05,0.0,4.095540775203958e-05,1.904072811744321e-05
recovery,4.4095599259193934e-05,0.0,2.457324465122375e-05,0.0
recreation,0.0,0.0,8.191081550407916e-06,0.0
rectify,0.0,0.0,0.0,9.520364058721605e-06
rectitude,0.0,0.0,8.191081550407916e-06,0.0
rector,0.0,0.0,2.457324465122375e-05,0.0
rectory,0.0,0.0,8.191081550407916e-06,0.0
recurring,9.799022057598651e-06,0.0,1.6382163100815833e-05,0.0
red,0.00017148288600797641,0.0002811389501147047,2.457324465122375e-05,0.00046649783887735865
redder,0.0,0.0,0.0,9.520364058721605e-06
reddish,9.799022057598651e-06,0.0,0.0,0.0
redecorated,9.799022057598651e-06,0.0,0.0,0.0
redeem,1.4698533086397977e-05,0.0,0.0,0.0
redeemed,4.8995110287993256e-06,0.0,0.0,0.0
redeemer,4.8995110287993256e-06,0.0,0.0,0.0
redoubled,2.9397066172795955e-05,0.0,0.0,0.0
redress,0.0,0.0,8.191081550407916e-06,0.0
reduce,9.799022057598651e-06,0.0,0.0,0.0
reduced,1.9598044115197302e-05,0.0,3.2764326201631665e-05,9.520364058721605e-06
reducing,4.8995110287993256e-06,0.0,0.0,0.0
reed,0.0,0.0,0.0,9.520364058721605e-06
reeds,0.0,0.0,0.0,2.8561092176164816e-05
reeked,4.8995110287993256e-06,0.0,0.0,0.0
reeking,4.8995110287993256e-06,0.0,0.0,0.0
reel,0.0,0.0,1.6382163100815833e-05,0.0
reeled,4.8995110287993256e-06,0.0,0.0,0.0
refer,4.8995110287993256e-06,0.0,0.0,9.520364058721605e-06
reference,4.8995110287993256e-06,0.0,1.6382163100815833e-05,6.664254841105123e-05
referred,1.4698533086397977e-05,0.0,8.191081550407916e-06,6.664254841105123e-05
referring,9.799022057598651e-06,0.0,0.0,0.0
refers,0.0,0.0,0.0,1.904072811744321e-05
refined,2.449755514399663e-05,1.1245558004588187e-05,0.0,9.520364058721605e-06
refinement,0.0,0.0,0.0,9.520364058721605e-06
refinements,0.0,0.0,8.191081550407916e-06,0.0
reflect,2.9397066172795955e-05,0.0,4.095540775203958e-05,0.0
reflected,6.369364337439124e-05,1.1245558004588187e-05,2.457324465122375e-05,0.0
reflecting,4.899511028799326e-05,0.0,8.191081550407916e-06,0.0
reflection,3.9196088230394604e-05,0.0,8.191081550407916e-05,0.0
reflections,4.8995110287993256e-06,0.0,7.371973395367124e-05,0.0
reflects,4.8995110287993256e-06,0.0,0.0,0.0
reflex,0.0,1.1245558004588187e-05,0.0,0.0
reform,4.8995110287993256e-06,0.0,0.0,0.0
reforms,4.8995110287993256e-06,0.0,0.0,0.0
refrain,1.4698533086397977e-05,0.0,2.457324465122375e-05,9.520364058721605e-06
refrained,4.8995110287993256e-06,1.1245558004588187e-05,8.191081550407916e-06,0.0
refreshed,4.8995110287993256e-06,0.0,0.0,9.520364058721605e-06
refreshing,9.799022057598651e-06,0.0,1.6382163100815833e-05,0.0
refreshingly,0.0,0.0,0.0,9.520364058721605e-06
refreshment,0.0,0.0,4.095540775203958e-05,0.0
refuge,0.0,0.0,8.191081550407916e-06,0.0
refund,0.0,0.0,0.0,9.520364058721605e-06
refusal,0.0,0.0,5.7337570852855414e-05,2.8561092176164816e-05
refusals,0.0,0.0,8.191081550407916e-06,0.0
refuse,0.00010288973160478584,3.3736674013764564e-05,7.371973395367124e-05,5.712218435232963e-05
refused,2.9397066172795955e-05,1.1245558004588187e-05,4.91464893024475e-05,6.664254841105123e-05
refusing,1.4698533086397977e-05,0.0,5.7337570852855414e-05,0.0
refute,4.8995110287993256e-06,0.0,8.191081550407916e-06,0.0
regain,4.8995110287993256e-06,0.0,8.191081550407916e-06,9.520364058721605e-06
regained,1.4698533086397977e-05,0.0,8.191081550407916e-06,1.904072811744321e-05
regaining,1.4698533086397977e-05,0.0,0.0,0.0
regard,8.329168748958855e-05,0.0,0.0004013629959699879,1.904072811744321e-05
regarded,2.449755514399663e-05,0.0,2.457324465122375e-05,0.0
regarding,0.0,0.0,8.191081550407916e-06,0.0
regardless,4.8995110287993256e-06,0.0,1.6382163100815833e-05,0.0
regards,1.4698533086397977e-05,0.0,0.0,1.904072811744321e-05
regency,0.0,0.0,0.0,9.520364058721605e-06
regeneration,4.8995110287993256e-06,0.0,0.0,0.0
regent,0.0,0.0,0.0,1.904072811744321e-05
regiment,9.799022057598651e-06,0.00013494669605505826,0.0001556305494577504,0.0
regimental,4.8995110287993256e-06,0.0,0.0,0.0
regimentals,0.0,0.0,2.457324465122375e-05,0.0
regiments,0.0,2.2491116009176375e-05,2.457324465122375e-05,0.0
region,0.0,0.0,0.0,9.520364058721605e-06
register,0.0,0.0,0.0,1.904072811744321e-05
registers,0.0,0.0,0.0,9.520364058721605e-06
registry,0.0,0.0,0.0,9.520364058721605e-06
regret,4.4095599259193934e-05,2.2491116009176375e-05,0.0001556305494577504,9.520364058721605e-06
regretfully,0.0,1.1245558004588187e-05,0.0,0.0
regrets,0.0,0.0,2.457324465122375e-05,0.0
regretted,9.799022057598651e-06,0.0,8.191081550407916e-06,3.808145623488642e-05
regretting,1.4698533086397977e-05,0.0,1.6382163100815833e-05,0.0
regular,9.799022057598651e-05,1.1245558004588187e-05,2.457324465122375e-05,2.8561092176164816e-05
regularity,9.799022057598651e-06,0.0,0.0,0.0
regularly,9.799022057598651e-06,5.6227790022940935e-05,8.191081550407916e-06,0.0
regulars,0.0,0.0,1.6382163100815833e-05,0.0
regulate,0.0,0.0,8.191081550407916e-06,0.0
regulated,0.0,0.0,8.191081550407916e-06,0.0
regulation,0.0,1.1245558004588187e-05,8.191081550407916e-06,0.0
regulations,0.0,0.0,0.0,9.520364058721605e-06
regurgitation,0.0,0.0,0.0,9.520364058721605e-06
rehearsal,4.8995110287993256e-06,0.0,0.0,0.0
rehearse,4.8995110287993256e-06,0.0,0.0,0.0
reign,4.8995110287993256e-06,0.0,0.0,0.0
reigned,9.799022057598651e-06,0.0,0.0,0.0
reigning,4.8995110287993256e-06,0.0,0.0,2.8561092176164816e-05
reinforced,4.8995110287993256e-06,0.0,0.0,0.0
reins,4.8995110287993256e-06,2.2491116009176375e-05,0.0,0.0
reinstating,4.8995110287993256e-06,0.0,0.0,0.0
reject,9.799022057598651e-06,0.0,3.2764326201631665e-05,0.0
rejected,4.8995110287993256e-06,0.0,3.2764326201631665e-05,9.520364058721605e-06
rejecting,0.0,0.0,1.6382163100815833e-05,0.0
rejection,0.0,0.0,1.6382163100815833e-05,0.0
rejoice,9.799022057598651e-06,0.0,5.7337570852855414e-05,0.0
rejoiced,4.8995110287993256e-06,0.0,7.371973395367124e-05,9.520364058721605e-06
rejoicing,0.0,0.0,3.2764326201631665e-05,0.0
rejoin,0.0,0.0,0.0,9.520364058721605e-06
rejoined,0.0,0.0,8.191081550407916e-06,0.0
rekindled,0.0,0.0,8.191081550407916e-06,0.0
relapse,4.8995110287993256e-06,0.0,0.0,0.0
relapsed,9.799022057598651e-06,0.0,0.0,9.520364058721605e-06
relapsing,4.8995110287993256e-06,0.0,0.0,9.520364058721605e-06
relate,0.0,0.0,9.010189705448707e-05,9.520364058721605e-06
related,4.8995110287993256e-06,0.0,0.00013105730480652666,0.0
relates,0.0,0.0,2.457324465122375e-05,0.0
relating,0.0,0.0,4.095540775203958e-05,0.0
relation,4.899511028799326e-05,1.1245558004588187e-05,9.010189705448707e-05,2.8561092176164816e-05
relations,3.9196088230394604e-05,0.0,0.00020477703876019789,2.8561092176164816e-05
relationship,9.799022057598651e-06,0.0,9.010189705448707e-05,0.0
relative,3.9196088230394604e-05,0.0,2.457324465122375e-05,1.904072811744321e-05
relatives,0.0,2.2491116009176375e-05,0.0,2.8561092176164816e-05
relaxed,0.0,2.2491116009176375e-05,0.0,9.520364058721605e-06
release,0.0,0.0,8.191081550407916e-06,0.0
released,9.799022057598651e-06,0.0,0.0,9.520364058721605e-06
relentless,0.0,0.0,0.0,1.904072811744321e-05
relevant,0.0,0.0,0.0,9.520364058721605e-06
reliability,0.0,0.0,0.0,9.520364058721605e-06
reliable,4.8995110287993256e-06,0.0,0.0,0.0
reliance,4.8995110287993256e-06,0.0,2.457324465122375e-05,9.520364058721605e-06
reliant,4.8995110287993256e-06,0.0,0.0,0.0
relic,0.0,0.0,0.0,9.520364058721605e-06
relics,0.0,0.0,0.0,9.520364058721605e-06
relied,1.4698533086397977e-05,0.0,8.191081550407916e-06,0.0
relief,2.9397066172795955e-05,1.1245558004588187e-05,0.0001064840601553029,1.904072811744321e-05
relies,9.799022057598651e-06,0.0,0.0,0.0
relieve,9.799022057598651e-06,0.0,1.6382163100815833e-05,9.520364058721605e-06
relieved,1.9598044115197302e-05,1.1245558004588187e-05,6.552865240326333e-05,0.0
relieves,4.8995110287993256e-06,0.0,0.0,0.0
religion,4.8995110287993256e-06,6.747334802752913e-05,0.0,0.0
religious,1.9598044115197302e-05,3.3736674013764564e-05,0.0,0.0
religiously,4.8995110287993256e-06,0.0,0.0,0.0
relinquish,0.0,0.0,8.191081550407916e-06,0.0
relish,2.9397066172795955e-05,0.0,0.0,9.520364058721605e-06
relished,4.8995110287993256e-06,0.0,8.191081550407916e-06,0.0
reload,0.0,1.1245558004588187e-05,0.0,0.0
reluctance,9.799022057598651e-06,0.0,8.191081550407916e-06,0.0
reluctant,4.8995110287993256e-06,0.0,1.6382163100815833e-05,0.0
reluctantly,3.429657720159528e-05,0.0,0.0,0.0
rely,9.799022057598651e-06,0.0,8.191081550407916e-06,4.760182029360803e-05
relying,9.799022057598651e-06,0.0,0.0,0.0
remain,8.329168748958855e-05,1.1245558004588187e-05,8.191081550407916e-05,7.616291246977284e-05
remainder,0.0,0.0,8.191081550407916e-06,1.904072811744321e-05
remained,0.0001518848418927791,0.0,0.00018839487565938207,0.0001713665530569889
remaining,1.4698533086397977e-05,0.0,6.552865240326333e-05,1.904072811744321e-05
remains,1.4698533086397977e-05,0.0,4.095540775203958e-05,6.664254841105123e-05
remanded,0.0,0.0,0.0,9.520364058721605e-06
remark,1.9598044115197302e-05,0.0,2.457324465122375e-05,0.00010472400464593766
remarkable,1.4698533086397977e-05,0.0,5.7337570852855414e-05,0.00019992764523315372
remarkably,1.4698533086397977e-05,0.0,8.191081550407916e-05,2.8561092176164816e-05
remarked,1.4698533086397977e-05,0.0,8.191081550407916e-06,0.0006093032997581827
remarkedly,4.8995110287993256e-06,0.0,0.0,0.0
remarking,4.8995110287993256e-06,0.0,0.0,1.904072811744321e-05
remarks,2.9397066172795955e-05,0.0,6.552865240326333e-05,5.712218435232963e-05
remedied,0.0,0.0,0.0,9.520364058721605e-06
remedy,0.0,0.0,1.6382163100815833e-05,0.0
remember,0.0005046496359663305,0.00021366560208717556,0.00018020379410897414,0.00025704982958548334
remembered,0.000225377507324769,8.99644640367055e-05,7.371973395367124e-05,5.712218435232963e-05
remembering,6.369364337439124e-05,0.0,1.6382163100815833e-05,0.0
remembers,9.799022057598651e-06,0.0,0.0,0.0
remembrance,0.0,0.0,2.457324465122375e-05,9.520364058721605e-06
remind,1.4698533086397977e-05,3.3736674013764564e-05,2.457324465122375e-05,0.0
reminded,2.9397066172795955e-05,0.0,4.91464893024475e-05,0.0
reminding,9.799022057598651e-06,0.0,8.191081550407916e-06,0.0
remit,4.8995110287993256e-06,0.0,0.0,0.0
remittance,9.799022057598651e-06,0.0,0.0,0.0
remnants,4.8995110287993256e-06,0.0,0.0,0.0
remonstrance,0.0,0.0,8.191081550407916e-06,9.520364058721605e-06
remorse,1.4698533086397977e-05,2.2491116009176375e-05,8.191081550407916e-06,0.0
remorseless,0.0,0.0,0.0,9.520364058721605e-06
remote,1.4698533086397977e-05,0.0,0.0,0.0
remoteness,4.8995110287993256e-06,0.0,0.0,0.0
removal,0.0,1.1245558004588187e-05,5.7337570852855414e-05,0.0
remove,4.8995110287993256e-06,3.3736674013764564e-05,1.6382163100815833e-05,4.760182029360803e-05
removed,2.449755514399663e-05,1.1245558004588187e-05,0.00013924838635693458,4.760182029360803e-05
removing,4.8995110287993256e-06,2.2491116009176375e-05,2.457324465122375e-05,9.520364058721605e-06
remunerative,0.0,0.0,0.0,9.520364058721605e-06
rend,4.8995110287993256e-06,0.0,0.0,0.0
render,0.0,0.0,2.457324465122375e-05,0.0
rendered,4.8995110287993256e-06,0.0,9.010189705448707e-05,0.0
rendering,0.0,0.0,8.191081550407916e-06,0.0
rendezvous,0.0,1.1245558004588187e-05,0.0,0.0
rending,4.8995110287993256e-06,0.0,0.0,1.904072811744321e-05
renew,9.799022057598651e-06,0.0,0.0,9.520364058721605e-06
renewal,4.8995110287993256e-06,0.0,5.7337570852855414e-05,0.0
renewed,1.9598044115197302e-05,0.0,4.91464893024475e-05,9.520364058721605e-06
renewing,0.0,0.0,1.6382163100815833e-05,0.0
renews,4.8995110287993256e-06,0.0,0.0,0.0
renounce,9.799022057598651e-06,0.0,0.0,0.0
renounced,4.8995110287993256e-06,0.0,0.0,0.0
rent,1.9598044115197302e-05,0.0,0.0,2.8561092176164816e-05
reopened,0.0,0.0,0.0,9.520364058721605e-06
reopening,0.0,0.0,0.0,9.520364058721605e-06
repaid,0.0,0.0,1.6382163100815833e-05,9.520364058721605e-06
repair,0.0,0.0,0.0,9.520364058721605e-06
repaired,0.0,1.1245558004588187e-05,3.2764326201631665e-05,0.0
repairs,4.8995110287993256e-06,0.0,0.0,2.8561092176164816e-05
reparation,0.0,0.0,0.0,9.520364058721605e-06
repartee,0.0,0.0,0.0,9.520364058721605e-06
repay,2.9397066172795955e-05,0.0,0.0,1.904072811744321e-05
repaying,4.8995110287993256e-06,0.0,0.0,0.0
repeat,5.389462131679259e-05,0.0,4.095540775203958e-05,9.520364058721605e-06
repeated,0.00025477457349756496,3.3736674013764564e-05,0.00017201271255856622,4.760182029360803e-05
repeatedly,4.8995110287993256e-06,0.0,7.371973395367124e-05,9.520364058721605e-06
repeating,1.9598044115197302e-05,0.0,4.91464893024475e-05,0.0
repel,9.799022057598651e-06,0.0,8.191081550407916e-06,0.0
repelled,0.0,0.0,8.191081550407916e-06,9.520364058721605e-06
repellent,4.8995110287993256e-06,0.0,0.0,0.0
repelling,4.8995110287993256e-06,0.0,0.0,0.0
repent,4.8995110287993256e-06,0.0,8.191081550407916e-06,0.0
repentance,1.9598044115197302e-05,0.0,8.191081550407916e-06,0.0
repented,4.8995110287993256e-06,0.0,8.191081550407916e-06,9.520364058721605e-06
repetition,4.8995110287993256e-06,0.0,2.457324465122375e-05,0.0
repine,0.0,0.0,3.2764326201631665e-05,0.0
repining,0.0,0.0,1.6382163100815833e-05,0.0
repinings,0.0,0.0,8.191081550407916e-06,0.0
replace,0.0,0.0,0.0,2.8561092176164816e-05
replaced,4.8995110287993256e-06,0.0,0.0,9.520364058721605e-06
replete,0.0,0.0,8.191081550407916e-06,0.0
replied,6.369364337439124e-05,0.0,0.0008436813996920154,2.8561092176164816e-05
replies,0.0,0.0,8.191081550407916e-06,0.0
reply,8.819119851838787e-05,0.0,0.00020477703876019789,5.712218435232963e-05
replying,9.799022057598651e-06,0.0,2.457324465122375e-05,0.0
report,2.449755514399663e-05,0.00011245558004588187,0.00013924838635693458,9.520364058721605e-06
reported,4.8995110287993256e-06,0.0,0.0,3.808145623488642e-05
reporter,0.0,0.0,0.0,9.520364058721605e-06
reporting,4.8995110287993256e-06,0.0,8.191081550407916e-06,9.520364058721605e-06
reports,4.8995110287993256e-06,2.2491116009176375e-05,8.191081550407916e-06,9.520364058721605e-06
repose,0.0,0.0,8.191081550407916e-06,0.0
reprehensible,0.0,0.0,2.457324465122375e-05,0.0
represent,4.8995110287993256e-06,0.0,2.457324465122375e-05,1.904072811744321e-05
representation,0.0,0.0,3.2764326201631665e-05,0.0
representative,0.0,0.0,0.0,9.520364058721605e-06
represented,0.0,0.0,5.7337570852855414e-05,1.904072811744321e-05
representing,4.8995110287993256e-06,0.0,1.6382163100815833e-05,0.0
represents,0.0,0.0,0.0,9.520364058721605e-06
repress,4.8995110287993256e-06,0.0,8.191081550407916e-06,0.0
repressed,0.0,0.0,1.6382163100815833e-05,0.0
repressing,0.0,0.0,8.191081550407916e-06,0.0
reproach,2.9397066172795955e-05,0.0,6.552865240326333e-05,9.520364058721605e-06
reproached,9.799022057598651e-06,0.0,1.6382163100815833e-05,0.0
reproaches,2.449755514399663e-05,0.0,8.191081550407916e-06,0.0
reproachfully,4.8995110287993256e-06,0.0,0.0,9.520364058721605e-06
reproduce,4.8995110287993256e-06,0.0,0.0,0.0
reproduced,4.8995110287993256e-06,0.0,0.0,0.0
reproducing,4.8995110287993256e-06,0.0,0.0,0.0
reproof,4.8995110287993256e-06,0.0,3.2764326201631665e-05,0.0
reproofs,0.0,0.0,1.6382163100815833e-05,0.0
reptiles,0.0,0.0,0.0,9.520364058721605e-06
republican,0.0,0.0,0.0,1.904072811744321e-05
repugnance,1.9598044115197302e-05,0.0,8.191081550407916e-06,0.0
repugnant,0.0,0.0,8.191081550407916e-06,9.520364058721605e-06
repulse,4.8995110287993256e-06,0.0,0.0,0.0
repulsed,0.0,0.0,8.191081550407916e-06,0.0
repulsion,4.4095599259193934e-05,0.0,0.0,9.520364058721605e-06
repulsive,1.4698533086397977e-05,0.0,8.191081550407916e-06,1.904072811744321e-05
reputable,4.8995110287993256e-06,0.0,0.0,0.0
reputation,3.429657720159528e-05,0.0,2.457324465122375e-05,2.8561092176164816e-05
repute,0.0,0.0,0.0,1.904072811744321e-05
reputed,4.8995110287993256e-06,0.0,1.6382163100815833e-05,0.0
request,7.349266543198989e-05,0.0,9.8292978604895e-05,3.808145623488642e-05
requested,0.0,1.1245558004588187e-05,1.6382163100815833e-05,9.520364058721605e-06
requester,0.0,0.0,8.191081550407916e-06,0.0
requesting,0.0,0.0,1.6382163100815833e-05,0.0
requests,0.0,0.0,0.0,9.520364058721605e-06
requiem,1.4698533086397977e-05,0.0,0.0,0.0
require,0.0,0.0,2.457324465122375e-05,0.0
required,9.799022057598651e-06,1.1245558004588187e-05,9.010189705448707e-05,1.904072811744321e-05
requirement,0.0,0.0,0.0,9.520364058721605e-06
requires,0.0,1.1245558004588187e-05,0.0,0.0
requiring,4.8995110287993256e-06,0.0,4.095540775203958e-05,0.0
requisite,0.0,0.0,8.191081550407916e-06,0.0
requited,0.0,0.0,8.191081550407916e-06,0.0
rescue,4.8995110287993256e-06,0.0,8.191081550407916e-06,9.520364058721605e-06
rescued,4.8995110287993256e-06,1.1245558004588187e-05,0.0,0.0
rescuing,4.8995110287993256e-06,0.0,0.0,0.0
research,4.8995110287993256e-06,0.0,8.191081550407916e-06,9.520364058721605e-06
researches,0.0,0.0,0.0,1.904072811744321e-05
resemblance,0.0,0.0,5.7337570852855414e-05,1.904072811744321e-05
resembled,4.8995110287993256e-06,0.0,0.0,0.0
resembling,4.8995110287993256e-06,0.0,0.0,9.520364058721605e-06
resent,4.8995110287993256e-06,0.0,3.2764326201631665e-05,0.0
resented,4.8995110287993256e-06,0.0,2.457324465122375e-05,0.0
resentful,4.8995110287993256e-06,0.0,1.6382163100815833e-05,0.0
resentfully,4.8995110287993256e-06,0.0,1.6382163100815833e-05,0.0
resentment,0.0,0.0,0.00013924838635693458,9.520364058721605e-06
resentments,0.0,0.0,8.191081550407916e-06,0.0
reserve,9.799022057598651e-06,0.0,4.91464893024475e-05,2.8561092176164816e-05
reserved,9.799022057598651e-06,0.0,5.7337570852855414e-05,0.0
reserves,0.0,0.0,2.457324465122375e-05,0.0
resided,0.0,0.0,0.0,1.904072811744321e-05
residence,0.0,0.0,3.2764326201631665e-05,2.8561092176164816e-05
resides,0.0,0.0,8.191081550407916e-06,0.0
residing,0.0,0.0,8.191081550407916e-06,1.904072811744321e-05
resign,0.0,0.0,8.191081550407916e-06,0.0
resignation,0.0,0.0,1.6382163100815833e-05,0.0
resigned,0.0,0.0,4.91464893024475e-05,0.0
resigning,0.0,0.0,8.191081550407916e-06,0.0
resist,3.9196088230394604e-05,0.0,3.2764326201631665e-05,1.904072811744321e-05
resistance,1.4698533086397977e-05,0.0,1.6382163100815833e-05,9.520364058721605e-06
resisted,4.8995110287993256e-06,0.0,8.191081550407916e-06,0.0
resisting,0.0,0.0,8.191081550407916e-06,0.0
resistless,0.0,0.0,0.0,9.520364058721605e-06
resists,0.0,2.2491116009176375e-05,0.0,0.0
resolute,1.9598044115197302e-05,0.0,8.191081550407916e-06,2.8561092176164816e-05
resolutely,5.879413234559191e-05,0.0,2.457324465122375e-05,0.0
resolution,2.449755514399663e-05,0.0,0.0001556305494577504,2.8561092176164816e-05
resolutions,4.8995110287993256e-06,0.0,0.0,9.520364058721605e-06
resolve,0.0,0.0,1.6382163100815833e-05,1.904072811744321e-05
resolved,6.369364337439124e-05,0.0,0.0002539235280626454,9.520364058721605e-06
resolving,0.0,0.0,5.7337570852855414e-05,0.0
resort,4.8995110287993256e-06,0.0,0.0,9.520364058721605e-06
resorted,4.8995110287993256e-06,0.0,0.0,0.0
resounded,4.8995110287993256e-06,0.0,0.0,9.520364058721605e-06
resounding,0.0,0.0,8.191081550407916e-06,0.0
resource,9.799022057598651e-06,0.0,8.191081550407916e-06,1.904072811744321e-05
resourcefulness,4.8995110287993256e-06,0.0,0.0,0.0
resources,9.799022057598651e-06,0.0,0.0,1.904072811744321e-05
respect,0.0001518848418927791,1.1245558004588187e-05,0.0002457324465122375,4.760182029360803e-05
respectability,9.799022057598651e-06,0.0,4.095540775203958e-05,0.0
respectable,5.879413234559191e-05,0.0,0.00011467514170571083,4.760182029360803e-05
respected,4.4095599259193934e-05,3.3736674013764564e-05,2.457324465122375e-05,0.0
respectful,1.9598044115197302e-05,0.0,8.191081550407916e-06,0.0
respectfully,1.9598044115197302e-05,2.2491116009176375e-05,0.0,0.0
respecting,0.0,0.0,2.457324465122375e-05,0.0
respective,0.0,0.0,8.191081550407916e-06,0.0
respects,2.449755514399663e-05,0.0,4.91464893024475e-05,2.8561092176164816e-05
respirator,0.0,1.1245558004588187e-05,0.0,0.0
respond,4.8995110287993256e-06,0.0,0.0,9.520364058721605e-06
responded,0.0,0.0,0.0,2.8561092176164816e-05
responds,4.8995110287993256e-06,0.0,0.0,0.0
response,9.799022057598651e-06,0.0,0.0,0.0
responses,0.0,0.0,0.0,9.520364058721605e-06
responsibility,4.8995110287993256e-06,1.1245558004588187e-05,0.0,9.520364058721605e-06
responsible,1.9598044115197302e-05,0.0,0.0,1.904072811744321e-05
responsive,4.8995110287993256e-06,0.0,0.0,0.0
resslich,3.429657720159528e-05,0.0,0.0,0.0
resslichs,1.9598044115197302e-05,0.0,0.0,0.0
rest,0.00021557848526717035,0.00012370113805047008,0.00032764326201631665,0.0001808869171157105
restaurant,4.4095599259193934e-05,2.2491116009176375e-05,0.0,9.520364058721605e-06
restaurants,4.8995110287993256e-06,2.2491116009176375e-05,0.0,0.0
rested,4.4095599259193934e-05,5.6227790022940935e-05,8.191081550407916e-06,2.8561092176164816e-05
restful,9.799022057598651e-06,1.1245558004588187e-05,0.0,0.0
resting,2.449755514399663e-05,2.2491116009176375e-05,0.0,9.520364058721605e-06
restive,4.8995110287993256e-06,0.0,0.0,9.520364058721605e-06
restless,9.799022057598651e-06,1.1245558004588187e-05,8.191081550407916e-06,9.520364058721605e-06
restlessness,1.4698533086397977e-05,0.0,0.0,0.0
restoration,0.0,0.0,2.457324465122375e-05,0.0
restore,2.9397066172795955e-05,0.0,0.0,9.520364058721605e-06
restored,1.4698533086397977e-05,0.0,1.6382163100815833e-05,9.520364058721605e-06
restoring,0.0,0.0,8.191081550407916e-06,0.0
restrain,6.859315440319056e-05,0.0,1.6382163100815833e-05,9.520364058721605e-06
restrained,1.4698533086397977e-05,0.0,8.191081550407916e-06,0.0
restraining,4.8995110287993256e-06,0.0,0.0,0.0
restraint,4.8995110287993256e-06,0.0,4.095540775203958e-05,1.904072811744321e-05
rests,9.799022057598651e-06,0.0,0.0,9.520364058721605e-06
result,1.4698533086397977e-05,1.1245558004588187e-05,4.095540775203958e-05,0.00013328509682210247
results,4.8995110287993256e-06,0.0,0.0,0.00011424436870465926
resume,0.0,1.1245558004588187e-05,8.191081550407916e-06,0.0
resumed,9.799022057598651e-06,0.0,0.0,0.0
resuming,4.8995110287993256e-06,0.0,8.191081550407916e-06,0.0
resurrection,1.9598044115197302e-05,0.0,0.0,0.0
retail,0.0,0.0,8.191081550407916e-06,0.0
retailing,0.0,0.0,8.191081550407916e-06,0.0
retain,1.4698533086397977e-05,0.0,8.191081550407916e-06,2.8561092176164816e-05
retained,9.799022057598651e-06,0.0,1.6382163100815833e-05,6.664254841105123e-05
retaining,4.8995110287993256e-06,0.0,1.6382163100815833e-05,0.0
retains,0.0,0.0,8.191081550407916e-06,0.0
retaliate,0.0,0.0,8.191081550407916e-06,0.0
retire,0.0,0.0,0.0,2.8561092176164816e-05
retired,2.9397066172795955e-05,1.1245558004588187e-05,2.457324465122375e-05,6.664254841105123e-05
retirement,0.0,0.0,1.6382163100815833e-05,0.0
retiring,9.799022057598651e-06,0.0,0.0,1.904072811744321e-05
retort,1.4698533086397977e-05,0.0,8.191081550407916e-06,9.520364058721605e-06
retorted,9.799022057598651e-06,0.0,0.0,9.520364058721605e-06
retract,4.8995110287993256e-06,0.0,0.0,0.0
retreat,1.4698533086397977e-05,0.00029238450811929287,0.0,9.520364058721605e-06
retreated,9.799022057598651e-06,0.0,8.191081550407916e-06,0.0
retreating,4.8995110287993256e-06,0.0,8.191081550407916e-06,0.0
retrograde,4.8995110287993256e-06,0.0,0.0,0.0
retrogression,0.0,0.0,0.0,1.904072811744321e-05
retrospections,0.0,0.0,8.191081550407916e-06,0.0
retrospective,0.0,0.0,8.191081550407916e-06,0.0
return,0.00010288973160478584,7.871890603211732e-05,0.0004177451590708037,0.0001808869171157105
returned,0.00010288973160478584,5.6227790022940935e-05,0.0003685986697683562,0.0003427331061139778
returning,1.9598044115197302e-05,1.1245558004588187e-05,9.010189705448707e-05,0.00010472400464593766
returns,0.0,0.0,1.6382163100815833e-05,2.8561092176164816e-05
reveal,4.8995110287993256e-06,0.0,0.0,1.904072811744321e-05
revealed,4.8995110287993256e-06,0.0,1.6382163100815833e-05,2.8561092176164816e-05
revealing,0.0,0.0,8.191081550407916e-06,9.520364058721605e-06
revellers,4.8995110287993256e-06,0.0,0.0,9.520364058721605e-06
revenge,9.799022057598651e-06,0.0,1.6382163100815833e-05,1.904072811744321e-05
revenging,4.8995110287993256e-06,0.0,8.191081550407916e-06,0.0
revenue,4.8995110287993256e-06,0.0,0.0,0.0
revered,0.0,0.0,8.191081550407916e-06,0.0
reverence,9.799022057598651e-06,0.0,0.0,0.0
reverently,9.799022057598651e-06,0.0,0.0,0.0
reverie,4.8995110287993256e-06,0.0,8.191081550407916e-06,9.520364058721605e-06
reverse,0.0,1.1245558004588187e-05,8.191081550407916e-06,9.520364058721605e-06
reverting,4.8995110287993256e-06,0.0,8.191081550407916e-06,0.0
reviendra,4.8995110287993256e-06,0.0,0.0,0.0
review,2.449755514399663e-05,0.0,2.457324465122375e-05,0.0
reviling,4.8995110287993256e-06,0.0,0.0,0.0
revival,0.0,0.0,8.191081550407916e-06,0.0
revive,4.8995110287993256e-06,0.0,8.191081550407916e-06,0.0
revived,4.8995110287993256e-06,0.0,2.457324465122375e-05,0.0
revolt,9.799022057598651e-06,0.0,8.191081550407916e-06,0.0
revolted,0.0,0.0,8.191081550407916e-06,0.0
revolting,3.9196088230394604e-05,0.0,0.0,0.0
revolution,9.799022057598651e-06,0.0,8.191081550407916e-06,0.0
revolved,0.0,0.0,0.0,9.520364058721605e-06
revolver,8.329168748958855e-05,0.0,0.0,6.664254841105123e-05
revolving,0.0,1.1245558004588187e-05,8.191081550407916e-06,0.0
revulsion,1.4698533086397977e-05,0.0,0.0,0.0
reward,9.799022057598651e-06,0.0,0.0,8.568327652849445e-05
rewarded,0.0,0.0,2.457324465122375e-05,0.0
reynolds,0.0,0.0,8.191081550407916e-05,0.0
rhone,0.0,3.3736674013764564e-05,0.0,0.0
rhymes,4.8995110287993256e-06,0.0,0.0,0.0
rhythmically,4.8995110287993256e-06,0.0,0.0,0.0
rib,0.0,1.1245558004588187e-05,0.0,0.0
ribbed,0.0,0.0,0.0,9.520364058721605e-06
ribbons,1.9598044115197302e-05,1.1245558004588187e-05,0.0,0.0
ribs,9.799022057598651e-06,1.1245558004588187e-05,0.0,0.0
rice,1.4698533086397977e-05,0.0,0.0,0.0
rich,6.369364337439124e-05,2.2491116009176375e-05,9.8292978604895e-05,0.00010472400464593766
richard,0.0,0.0,8.191081550407916e-06,0.0
richer,0.0,0.0,0.0,3.808145623488642e-05
richest,0.0,0.0,0.0,1.904072811744321e-05
richly,0.0,0.0,8.191081550407916e-06,0.0
richness,0.0,0.0,0.0,9.520364058721605e-06
rickety,4.8995110287993256e-06,0.0,0.0,9.520364058721605e-06
rid,6.369364337439124e-05,3.3736674013764564e-05,4.095540775203958e-05,4.760182029360803e-05
riddle,4.8995110287993256e-06,0.0,0.0,0.0
riddles,4.8995110287993256e-06,0.0,0.0,0.0
ride,0.0,0.000179928928073411,2.457324465122375e-05,0.0
rides,0.0,1.1245558004588187e-05,0.0,0.0
ridge,0.0,0.00011245558004588187,8.191081550407916e-06,0.0
ridges,0.0,1.1245558004588187e-05,0.0,0.0
ridicule,9.799022057598651e-06,0.0,4.095540775203958e-05,0.0
ridiculing,0.0,0.0,8.191081550407916e-06,0.0
ridiculous,5.879413234559191e-05,1.1245558004588187e-05,3.2764326201631665e-05,0.0
ridiculously,0.0,0.0,0.0,9.520364058721605e-06
ridiculousness,0.0,1.1245558004588187e-05,0.0,0.0
riding,0.0,8.99644640367055e-05,8.191081550407916e-06,0.0
rien,0.0,0.0,0.0,9.520364058721605e-06
riff,4.8995110287993256e-06,0.0,0.0,0.0
rifle,0.0,8.99644640367055e-05,0.0,9.520364058721605e-06
rifled,0.0,0.0,0.0,1.904072811744321e-05
rifles,0.0,7.871890603211732e-05,0.0,0.0
rift,0.0,0.0,0.0,9.520364058721605e-06
rifts,0.0,0.0,0.0,9.520364058721605e-06
rig,9.799022057598651e-06,0.0,0.0,0.0
rigamarole,4.8995110287993256e-06,0.0,0.0,0.0
right,0.001068093404278253,0.0025190049930277542,0.00035221650666754036,0.0009329956777547173
righteous,1.4698533086397977e-05,0.0,0.0,0.0
righteousness,9.799022057598651e-06,0.0,0.0,0.0
rightful,0.0,0.0,8.191081550407916e-06,0.0
rightly,0.0,0.0,1.6382163100815833e-05,9.520364058721605e-06
rights,9.799022057598651e-06,1.1245558004588187e-05,0.0,2.8561092176164816e-05
rigid,4.8995110287993256e-06,0.0,0.0,1.904072811744321e-05
rigidity,4.8995110287993256e-06,0.0,0.0,0.0
rigueur,4.8995110287993256e-06,0.0,0.0,0.0
rim,4.8995110287993256e-06,0.0,0.0,0.0
rimmed,0.0,1.1245558004588187e-05,0.0,0.0
rinaldi,0.0,0.001079573568440466,0.0,0.0
rinaldis,0.0,2.2491116009176375e-05,0.0,0.0
rinaldo,0.0,6.747334802752913e-05,0.0,0.0
ring,7.839217646078921e-05,4.498223201835275e-05,4.095540775203958e-05,0.00016184618899826728
ringing,5.879413234559191e-05,0.0,0.0,1.904072811744321e-05
ringleaders,4.8995110287993256e-06,0.0,0.0,0.0
rings,9.799022057598651e-05,3.3736674013764564e-05,8.191081550407916e-06,2.8561092176164816e-05
rinin,0.0,3.3736674013764564e-05,0.0,0.0
rinse,0.0,2.2491116009176375e-05,0.0,0.0
rinsing,4.8995110287993256e-06,1.1245558004588187e-05,0.0,0.0
rioting,0.0,1.1245558004588187e-05,0.0,0.0
riotous,4.8995110287993256e-06,0.0,0.0,0.0
riots,0.0,1.1245558004588187e-05,0.0,0.0
rip,0.0,2.2491116009176375e-05,0.0,0.0
riparto,0.0,1.1245558004588187e-05,0.0,0.0
ripped,0.0,2.2491116009176375e-05,0.0,0.0
rise,1.9598044115197302e-05,2.2491116009176375e-05,1.6382163100815833e-05,4.760182029360803e-05
risen,1.4698533086397977e-05,0.0,8.191081550407916e-06,3.808145623488642e-05
riser,0.0,0.0,0.0,9.520364058721605e-06
risers,0.0,0.0,0.0,9.520364058721605e-06
rises,0.0,0.0,8.191081550407916e-06,0.0
rising,3.9196088230394604e-05,6.747334802752913e-05,5.7337570852855414e-05,8.568327652849445e-05
risk,3.9196088230394604e-05,0.0,4.095540775203958e-05,2.8561092176164816e-05
risked,1.4698533086397977e-05,0.0,0.0,0.0
risks,0.0,0.0,0.0,9.520364058721605e-06
risky,4.8995110287993256e-06,0.0,0.0,0.0
rite,4.8995110287993256e-06,0.0,0.0,0.0
rites,0.0,0.0,8.191081550407916e-06,0.0
rival,0.0,0.0,8.191081550407916e-06,9.520364058721605e-06
rivals,0.0,0.0,8.191081550407916e-06,0.0
rivederci,0.0,1.1245558004588187e-05,0.0,0.0
rivederla,0.0,1.1245558004588187e-05,0.0,0.0
river,3.429657720159528e-05,0.0007646979443119967,4.91464893024475e-05,6.664254841105123e-05
rivers,0.0,1.1245558004588187e-05,8.191081550407916e-06,0.0
riverside,0.0,0.0,0.0,1.904072811744321e-05
riveted,9.799022057598651e-06,0.0,0.0,9.520364058721605e-06
ro,9.799022057598651e-06,0.0,0.0,0.0
road,8.819119851838787e-05,0.001990463766812109,0.00011467514170571083,0.0003427331061139778
roadbed,0.0,1.1245558004588187e-05,0.0,0.0
roads,2.9397066172795955e-05,0.00023615671809635195,8.191081550407916e-06,3.808145623488642e-05
roadside,0.0,1.1245558004588187e-05,0.0,0.0
roadway,0.0,0.0,0.0,9.520364058721605e-06
roam,0.0,1.1245558004588187e-05,0.0,0.0
roar,9.799022057598651e-06,1.1245558004588187e-05,0.0,1.904072811744321e-05
roared,3.429657720159528e-05,2.2491116009176375e-05,0.0,1.904072811744321e-05
roaring,9.799022057598651e-06,1.1245558004588187e-05,0.0,0.0
roasted,0.0,1.1245558004588187e-05,8.191081550407916e-06,0.0
roasting,0.0,0.0,0.0,9.520364058721605e-06
rob,3.429657720159528e-05,0.0,1.6382163100815833e-05,0.0
robbed,2.449755514399663e-05,0.0,0.0,0.0
robber,4.8995110287993256e-06,0.0,0.0,9.520364058721605e-06
robberies,0.0,0.0,0.0,1.904072811744321e-05
robbery,1.9598044115197302e-05,0.0,0.0,7.616291246977284e-05
robbing,9.799022057598651e-06,0.0,0.0,0.0
robert,0.0,0.0,0.0,6.664254841105123e-05
robinson,0.0,0.0,1.6382163100815833e-05,9.520364058721605e-06
robinsons,0.0,0.0,8.191081550407916e-06,0.0
rocca,0.0,3.3736674013764564e-05,0.0,0.0
rock,1.9598044115197302e-05,4.498223201835275e-05,0.0,0.0
rocked,0.0,1.1245558004588187e-05,0.0,9.520364058721605e-06
rocket,0.0,0.0,0.0,3.808145623488642e-05
rockets,0.0,3.3736674013764564e-05,0.0,0.0
rockies,0.0,0.0,0.0,9.520364058721605e-06
rocks,0.0,2.2491116009176375e-05,8.191081550407916e-06,0.0
rocky,0.0,1.1245558004588187e-05,0.0,0.0
rod,0.0,0.0,0.0,9.520364058721605e-06
rode,0.0,6.747334802752913e-05,1.6382163100815833e-05,0.0
rodgers,0.0,1.1245558004588187e-05,0.0,0.0
rodion,0.00047525256979353463,0.0,0.0,0.0
rodionovitch,4.8995110287993256e-06,0.0,0.0,0.0
rods,0.0,3.3736674013764564e-05,0.0,0.0
rodya,0.0006075393675711164,0.0,0.0,0.0
rodyas,1.4698533086397977e-05,0.0,0.0,0.0
rogue,2.449755514399663e-05,0.0,0.0,1.904072811744321e-05
role,0.0,0.0,0.0,9.520364058721605e-06
roll,4.8995110287993256e-06,2.2491116009176375e-05,0.0,9.520364058721605e-06
rolled,9.799022057598651e-06,2.2491116009176375e-05,0.0,5.712218435232963e-05
rolling,1.4698533086397977e-05,0.0,0.0,9.520364058721605e-06
rolls,4.8995110287993256e-06,5.6227790022940935e-05,0.0,0.0
roma,0.0,2.2491116009176375e-05,0.0,0.0
romanovitch,0.000421357948476742,0.0,0.0,0.0
romanovna,0.0005340467021391265,0.0,0.0,0.0
romanovnas,2.9397066172795955e-05,0.0,0.0,0.0
romantic,1.9598044115197302e-05,0.0,8.191081550407916e-06,0.0
rome,0.0,0.00016868337006882282,0.0,0.0
romeo,1.4698533086397977e-05,0.0,0.0,0.0
romper,0.0,0.0,0.0,9.520364058721605e-06
romulus,0.0,1.1245558004588187e-05,0.0,0.0
roof,4.8995110287993256e-06,8.99644640367055e-05,0.0,8.568327652849445e-05
roofed,0.0,0.0,0.0,9.520364058721605e-06
roofs,0.0,0.00011245558004588187,0.0,2.8561092176164816e-05
room,0.0013914611321790085,0.0016643425846790518,0.0012286622325611875,0.0016279822540413945
roommate,0.0,1.1245558004588187e-05,0.0,0.0
rooms,0.0001910809301231737,5.6227790022940935e-05,8.191081550407916e-05,0.0002760905577029266
roosters,0.0,1.1245558004588187e-05,0.0,0.0
root,4.8995110287993256e-06,0.0,0.0,0.0
rooted,2.449755514399663e-05,0.0,8.191081550407916e-06,0.0
roots,4.8995110287993256e-06,0.0,0.0,2.8561092176164816e-05
rope,0.0,2.2491116009176375e-05,0.0,8.568327652849445e-05
roped,0.0,1.1245558004588187e-05,0.0,0.0
ropes,0.0,0.0,0.0,9.520364058721605e-06
rose,0.00010778924263358517,7.871890603211732e-05,5.7337570852855414e-05,0.00024752946552676175
roses,9.799022057598651e-06,0.0,8.191081550407916e-06,0.0
rosings,0.0,0.0,0.0004013629959699879,0.0
ross,0.0,0.0,0.0,0.00012376473276338087
rossa,0.0,3.3736674013764564e-05,0.0,0.0
rosy,1.4698533086397977e-05,0.0,0.0,0.0
rot,4.8995110287993256e-06,0.0,0.0,0.0
rotten,4.8995110287993256e-06,0.00012370113805047008,0.0,0.0
rotterdam,0.0,0.0,0.0,9.520364058721605e-06
rouble,0.0001665833749791771,0.0,0.0,0.0
roubles,0.00046545354773593593,0.0,0.0,0.0
rough,4.8995110287993256e-06,8.99644640367055e-05,8.191081550407916e-06,3.808145623488642e-05
roughly,2.9397066172795955e-05,0.0,0.0,1.904072811744321e-05
roughs,0.0,0.0,0.0,2.8561092176164816e-05
round,0.0005732427903695211,5.6227790022940935e-05,0.00013924838635693458,0.0007711494887564501
roundabout,4.8995110287993256e-06,0.0,0.0,0.0
rounded,0.0,1.1245558004588187e-05,0.0,9.520364058721605e-06
rounder,0.0,1.1245558004588187e-05,0.0,0.0
rounds,0.0,0.0,0.0,9.520364058721605e-06
rouse,1.9598044115197302e-05,0.0,0.0,9.520364058721605e-06
roused,6.369364337439124e-05,0.0,5.7337570852855414e-05,2.8561092176164816e-05
rousing,1.9598044115197302e-05,0.0,0.0,0.0
rousseau,4.8995110287993256e-06,0.0,0.0,0.0
route,0.0,0.0,2.457324465122375e-05,0.0
routine,4.8995110287993256e-06,0.0,0.0,2.8561092176164816e-05
row,1.4698533086397977e-05,0.00020242004408258738,0.0,4.760182029360803e-05
rowed,0.0,0.00019117448607799918,0.0,0.0
rowing,0.0,0.00011245558004588187,0.0,0.0
rows,4.8995110287993256e-06,3.3736674013764564e-05,0.0,0.0
royal,0.0,0.0,0.0,3.808145623488642e-05
royally,0.0,1.1245558004588187e-05,0.0,0.0
roylott,0.0,0.0,0.0,0.00013328509682210247
roylotts,0.0,0.0,0.0,8.568327652849445e-05
rs,0.0,0.0,0.0,9.520364058721605e-06
rubbed,1.9598044115197302e-05,3.3736674013764564e-05,0.0,2.8561092176164816e-05
rubber,9.799022057598651e-06,6.747334802752913e-05,0.0,3.808145623488642e-05
rubbing,1.9598044115197302e-05,0.0,0.0,3.808145623488642e-05
rubbish,2.9397066172795955e-05,0.0,0.0,0.0
rubbishly,4.8995110287993256e-06,0.0,0.0,0.0
rubble,0.0,3.3736674013764564e-05,0.0,0.0
rubens,0.0,1.1245558004588187e-05,0.0,0.0
rubinstein,4.8995110287993256e-06,0.0,0.0,0.0
ruby,0.0,0.0,0.0,9.520364058721605e-06
rucastle,0.0,0.0,0.0,0.00032369237799653456
rucastles,0.0,0.0,0.0,7.616291246977284e-05
rucksack,0.0,8.99644640367055e-05,0.0,0.0
ruddy,0.0,1.1245558004588187e-05,0.0,9.520364058721605e-06
rude,4.4095599259193934e-05,3.3736674013764564e-05,2.457324465122375e-05,1.904072811744321e-05
rudely,2.9397066172795955e-05,0.0,0.0,0.0
rudeness,2.449755514399663e-05,0.0,1.6382163100815833e-05,0.0
ruder,4.8995110287993256e-06,0.0,0.0,0.0
rudest,9.799022057598651e-06,0.0,0.0,0.0
rueful,0.0,0.0,0.0,9.520364058721605e-06
ruefully,0.0,0.0,0.0,2.8561092176164816e-05
ruffian,4.8995110287993256e-06,0.0,0.0,9.520364058721605e-06
ruffians,0.0,0.0,0.0,9.520364058721605e-06
ruffled,4.8995110287993256e-06,0.0,0.0,0.0
rug,4.8995110287993256e-06,0.0,0.0,2.8561092176164816e-05
rugs,4.8995110287993256e-06,0.0,0.0,0.0
ruin,4.899511028799326e-05,3.3736674013764564e-05,4.095540775203958e-05,6.664254841105123e-05
ruined,0.0,1.1245558004588187e-05,1.6382163100815833e-05,1.904072811744321e-05
ruining,4.8995110287993256e-06,0.0,8.191081550407916e-06,0.0
ruins,4.8995110287993256e-06,1.1245558004588187e-05,0.0,0.0
rule,1.9598044115197302e-05,0.0,1.6382163100815833e-05,5.712218435232963e-05
ruled,0.0,1.1245558004588187e-05,8.191081550407916e-06,0.0
rules,9.799022057598651e-06,2.2491116009176375e-05,0.0,9.520364058721605e-06
rum,9.799022057598651e-06,1.1245558004588187e-05,0.0,0.0
rumble,0.0,0.0,0.0,9.520364058721605e-06
rummaged,4.8995110287993256e-06,0.0,0.0,2.8561092176164816e-05
rummaging,1.4698533086397977e-05,0.0,0.0,0.0
rumour,0.0,0.0,0.0,9.520364058721605e-06
rumours,2.9397066172795955e-05,0.0,0.0,2.8561092176164816e-05
run,0.0003184682168719562,0.00010121002204129369,9.010189705448707e-05,0.00013328509682210247
rung,9.799022057598651e-06,0.0,0.0,0.0
runners,0.0,1.1245558004588187e-05,0.0,0.0
running,0.00015678435292157842,0.00012370113805047008,8.191081550407916e-05,0.00012376473276338087
runs,0.0,0.0,8.191081550407916e-06,4.760182029360803e-05
runway,0.0,1.1245558004588187e-05,0.0,0.0
rupture,3.429657720159528e-05,3.3736674013764564e-05,0.0,0.0
rural,0.0,0.0,0.0,9.520364058721605e-06
ruse,0.0,0.0,0.0,9.520364058721605e-06
rush,4.899511028799326e-05,3.3736674013764564e-05,0.0,6.664254841105123e-05
rushed,0.00024007604041116696,0.0,8.191081550407916e-06,0.00031417201393781297
rushes,0.0,0.0,0.0,9.520364058721605e-06
rushing,3.429657720159528e-05,2.2491116009176375e-05,0.0,4.760182029360803e-05
russells,0.0,0.0,0.0,9.520364058721605e-06
russia,2.449755514399663e-05,2.2491116009176375e-05,0.0,0.0
russian,5.389462131679259e-05,0.0,0.0,9.520364058721605e-06
russians,9.799022057598651e-06,1.1245558004588187e-05,0.0,0.0
rustic,0.0,0.0,0.0,9.520364058721605e-06
rustle,2.449755514399663e-05,0.0,0.0,0.0
rustled,0.0,1.1245558004588187e-05,0.0,0.0
rusty,4.8995110287993256e-06,1.1245558004588187e-05,0.0,1.904072811744321e-05
rut,1.4698533086397977e-05,0.0,0.0,0.0
ruth,0.0,1.1245558004588187e-05,0.0,0.0
ruthless,0.0,0.0,0.0,9.520364058721605e-06
ruthlessly,4.8995110287993256e-06,0.0,0.0,0.0
ruts,0.0,4.498223201835275e-05,0.0,0.0
ryazan,4.8995110287993256e-06,0.0,0.0,0.0
ryder,0.0,0.0,0.0,0.00010472400464593766
ryders,0.0,0.0,0.0,9.520364058721605e-06
répertoire,0.0,0.0,0.0,9.520364058721605e-06
rôle,1.4698533086397977e-05,0.0,0.0,0.0
rôles,4.8995110287993256e-06,0.0,0.0,0.0
s,4.8995110287993256e-06,0.0,1.6382163100815833e-05,3.808145623488642e-05
sable,0.0,0.0,0.0,9.520364058721605e-06
sabre,4.8995110287993256e-06,2.2491116009176375e-05,0.0,0.0
sack,9.799022057598651e-06,1.1245558004588187e-05,0.0,0.0
sacking,4.8995110287993256e-06,0.0,0.0,0.0
sacks,4.8995110287993256e-06,0.0,0.0,0.0
sacrament,9.799022057598651e-06,0.0,0.0,0.0
sacred,1.4698533086397977e-05,5.6227790022940935e-05,0.0,0.0
sacrifice,4.899511028799326e-05,2.2491116009176375e-05,6.552865240326333e-05,1.904072811744321e-05
sacrificed,0.0,0.0,8.191081550407916e-06,9.520364058721605e-06
sacrifices,4.8995110287993256e-06,1.1245558004588187e-05,0.0,0.0
sacrificing,1.9598044115197302e-05,0.0,0.0,9.520364058721605e-06
sacrilegious,0.0,1.1245558004588187e-05,0.0,0.0
sad,4.899511028799326e-05,1.1245558004588187e-05,3.2764326201631665e-05,5.712218435232963e-05
saddest,0.0,0.0,0.0,9.520364058721605e-06
saddle,0.0,2.2491116009176375e-05,0.0,0.0
saddles,0.0,1.1245558004588187e-05,0.0,9.520364058721605e-06
sadly,9.799022057598651e-06,1.1245558004588187e-05,1.6382163100815833e-05,9.520364058721605e-06
sadness,9.799022057598651e-06,0.0,0.0,0.0
sadovy,9.799022057598651e-06,0.0,0.0,0.0
safe,9.799022057598651e-06,6.747334802752913e-05,6.552865240326333e-05,0.00019040728117443212
safeguard,0.0,0.0,0.0,9.520364058721605e-06
safely,0.0,1.1245558004588187e-05,2.457324465122375e-05,3.808145623488642e-05
safer,0.0,1.1245558004588187e-05,0.0,1.904072811744321e-05
safes,0.0,0.0,0.0,9.520364058721605e-06
safest,0.0,0.0,8.191081550407916e-06,0.0
safety,1.9598044115197302e-05,1.1245558004588187e-05,8.191081550407916e-06,4.760182029360803e-05
sagacity,0.0,0.0,8.191081550407916e-06,0.0
sage,4.8995110287993256e-06,0.0,0.0,0.0
said,0.0025379467129180507,0.013787054113625118,0.003292814783263982,0.0046268969325387
sail,0.0,2.2491116009176375e-05,0.0,0.0
sailed,0.0,2.2491116009176375e-05,0.0,9.520364058721605e-06
sailing,0.0,0.0,0.0,3.808145623488642e-05
sailor,0.0,0.0,0.0,9.520364058721605e-06
sails,0.0,1.1245558004588187e-05,0.0,0.0
saint,4.8995110287993256e-06,0.00013494669605505826,0.0,0.0
sait,4.8995110287993256e-06,0.0,0.0,0.0
saith,2.449755514399663e-05,0.0,0.0,0.0
sake,0.00017638239703677574,5.6227790022940935e-05,0.00018839487565938207,0.00010472400464593766
sakes,4.8995110287993256e-06,0.0,1.6382163100815833e-05,0.0
salad,0.0,1.1245558004588187e-05,8.191081550407916e-06,0.0
salary,3.429657720159528e-05,0.0,0.0,5.712218435232963e-05
salesman,0.0,1.1245558004588187e-05,0.0,8.568327652849445e-05
sallied,0.0,0.0,8.191081550407916e-06,0.0
sallies,0.0,0.0,0.0,9.520364058721605e-06
sallow,0.0,0.0,0.0,4.760182029360803e-05
sally,9.799022057598651e-06,0.0,8.191081550407916e-06,9.520364058721605e-06
saloon,2.449755514399663e-05,0.0,1.6382163100815833e-05,0.0
salt,1.9598044115197302e-05,1.1245558004588187e-05,0.0,9.520364058721605e-06
salted,0.0,2.2491116009176375e-05,0.0,0.0
salty,0.0,1.1245558004588187e-05,0.0,0.0
salutation,0.0,0.0,3.2764326201631665e-05,0.0
salute,0.0,2.2491116009176375e-05,0.0,0.0
saluted,0.0,6.747334802752913e-05,0.0,9.520364058721605e-06
salvarsan,0.0,1.1245558004588187e-05,0.0,0.0
salve,0.0,2.2491116009176375e-05,0.0,0.0
same,0.00087211296312628,0.0003148756241284693,0.0005569935454277383,0.0005331403872884099
sameness,0.0,0.0,8.191081550407916e-06,0.0
samovar,2.449755514399663e-05,0.0,0.0,0.0
samovars,9.799022057598651e-06,0.0,0.0,0.0
sample,0.0,0.0,0.0,1.904072811744321e-05
san,0.0,0.00021366560208717556,0.0,1.904072811744321e-05
sanction,2.449755514399663e-05,0.0,8.191081550407916e-06,0.0
sanctioned,0.0,0.0,1.6382163100815833e-05,0.0
sand,9.799022057598651e-06,1.1245558004588187e-05,0.0,9.520364058721605e-06
sandbags,0.0,2.2491116009176375e-05,0.0,0.0
sandwich,0.0,0.0,0.0,9.520364058721605e-06
sandwiched,0.0,0.0,0.0,1.904072811744321e-05
sandwiches,0.0,7.871890603211732e-05,0.0,0.0
sang,9.799022057598651e-06,2.2491116009176375e-05,8.191081550407916e-06,0.0
sanguine,0.0,0.0,1.6382163100815833e-05,0.0
sanitary,0.0,1.1245558004588187e-05,0.0,0.0
sank,0.000225377507324769,0.0,0.0,5.712218435232963e-05
sarah,0.0,0.0,8.191081550407916e-06,0.0
sarasate,0.0,0.0,0.0,9.520364058721605e-06
sarcasm,9.799022057598651e-06,0.0,0.0,0.0
sarcastic,4.8995110287993256e-06,0.0,8.191081550407916e-06,0.0
sarcastically,2.449755514399663e-05,1.1245558004588187e-05,0.0,0.0
sardonic,0.0,0.0,0.0,9.520364058721605e-06
sash,4.8995110287993256e-06,0.0,8.191081550407916e-06,0.0
sasso,0.0,1.1245558004588187e-05,0.0,0.0
sat,0.0005193481690527285,0.001079573568440466,0.0003112610989155008,0.0005140996591709667
satin,9.799022057598651e-06,3.3736674013764564e-05,1.6382163100815833e-05,9.520364058721605e-06
satire,4.8995110287993256e-06,0.0,0.0,0.0
satirical,0.0,0.0,8.191081550407916e-06,0.0
satisfaction,5.389462131679259e-05,0.0,0.00022115920186101373,4.760182029360803e-05
satisfactions,0.0,0.0,8.191081550407916e-06,0.0
satisfactorily,4.8995110287993256e-06,0.0,0.0,0.0
satisfactory,1.4698533086397977e-05,1.1245558004588187e-05,5.7337570852855414e-05,9.520364058721605e-06
satisfied,2.449755514399663e-05,1.1245558004588187e-05,0.00027849677271386917,4.760182029360803e-05
satisfy,4.8995110287993256e-06,0.0,9.010189705448707e-05,2.8561092176164816e-05
satisfying,0.0,0.0,8.191081550407916e-06,9.520364058721605e-06
saturated,0.0,0.0,0.0,9.520364058721605e-06
saturday,4.8995110287993256e-06,0.0,0.00013924838635693458,4.760182029360803e-05
saturdays,0.0,0.0,0.0,9.520364058721605e-06
sauce,0.0,2.2491116009176375e-05,0.0,0.0
saucer,1.4698533086397977e-05,1.1245558004588187e-05,0.0,2.8561092176164816e-05
saucers,0.0,1.1245558004588187e-05,0.0,0.0
saucy,0.0,0.0,8.191081550407916e-06,0.0
sauerkraut,0.0,1.1245558004588187e-05,0.0,0.0
saunders,0.0,5.6227790022940935e-05,0.0,0.0
sausage,1.4698533086397977e-05,4.498223201835275e-05,0.0,0.0
savage,1.4698533086397977e-05,0.0,8.191081550407916e-06,1.904072811744321e-05
savagely,0.0,0.0,0.0,1.904072811744321e-05
savannah,0.0,0.0,0.0,4.760182029360803e-05
save,6.369364337439124e-05,3.3736674013764564e-05,2.457324465122375e-05,0.0003522534701726994
saved,6.369364337439124e-05,4.498223201835275e-05,2.457324465122375e-05,8.568327652849445e-05
saving,1.4698533086397977e-05,1.1245558004588187e-05,2.457324465122375e-05,1.904072811744321e-05
savings,9.799022057598651e-06,0.0,0.0,0.0
saviour,4.8995110287993256e-06,0.0,0.0,9.520364058721605e-06
saviours,0.0,0.0,0.0,9.520364058721605e-06
savoia,0.0,2.2491116009176375e-05,0.0,0.0
savouries,9.799022057598651e-06,0.0,0.0,0.0
savours,0.0,0.0,8.191081550407916e-06,0.0
savoury,4.8995110287993256e-06,0.0,0.0,0.0
saw,0.0007545246984350962,0.0015181503306194053,0.0008354903181416074,0.0008473124012262228
saxe,0.0,0.0,0.0,6.664254841105123e-05
saxon,0.0,2.2491116009176375e-05,0.0,9.520364058721605e-06
say,0.0014551547755533997,0.0009896091044037606,0.0012941908849644506,0.0008949142215198309
saying,0.0002449755514399663,3.3736674013764564e-05,0.00028668785426427703,9.520364058721606e-05
says,0.0001518848418927791,7.871890603211732e-05,0.00012286622325611874,0.0001428054608808241
scaffold,4.8995110287993256e-06,0.0,0.0,0.0
scaffolding,4.8995110287993256e-06,0.0,0.0,9.520364058721605e-06
scala,0.0,7.871890603211732e-05,0.0,9.520364058721605e-06
scale,4.8995110287993256e-06,0.0,8.191081550407916e-06,9.520364058721605e-06
scales,0.0,0.0,0.0,9.520364058721605e-06
scallops,4.8995110287993256e-06,0.0,0.0,0.0
scalp,0.0,3.3736674013764564e-05,0.0,0.0
scalpel,0.0,1.1245558004588187e-05,0.0,0.0
scamp,4.8995110287993256e-06,0.0,0.0,0.0
scampering,0.0,0.0,8.191081550407916e-06,0.0
scandal,6.859315440319056e-05,0.0,0.0,0.00010472400464593766
scandalising,4.8995110287993256e-06,0.0,0.0,0.0
scandalous,4.8995110287993256e-06,0.0,2.457324465122375e-05,0.0
scandals,4.8995110287993256e-06,0.0,0.0,9.520364058721605e-06
scandinavia,0.0,0.0,0.0,1.904072811744321e-05
scanned,1.9598044115197302e-05,0.0,0.0,0.0
scanning,1.9598044115197302e-05,0.0,0.0,0.0
scantiness,4.8995110287993256e-06,0.0,0.0,0.0
scar,0.0,6.747334802752913e-05,0.0,3.808145623488642e-05
scarborough,0.0,0.0,8.191081550407916e-06,0.0
scarce,0.0,1.1245558004588187e-05,8.191081550407916e-06,0.0
scarcely,0.00020577946320957167,0.0,0.0003685986697683562,0.0
scarcity,0.0,0.0,8.191081550407916e-06,0.0
scare,4.8995110287993256e-06,4.498223201835275e-05,0.0,0.0
scared,2.449755514399663e-05,7.871890603211732e-05,0.0,1.904072811744321e-05
scarf,4.8995110287993256e-06,0.0,0.0,0.0
scaring,0.0,1.1245558004588187e-05,0.0,0.0
scarlet,0.0,0.0,1.6382163100815833e-05,2.8561092176164816e-05
scattered,0.0,0.0,1.6382163100815833e-05,6.664254841105123e-05
scattering,4.8995110287993256e-06,0.0,0.0,0.0
scene,0.00010288973160478584,0.0,0.00013105730480652666,0.00013328509682210247
scenery,0.0,0.0,0.0,1.904072811744321e-05
scenes,1.4698533086397977e-05,0.0,2.457324465122375e-05,9.520364058721605e-06
scent,2.9397066172795955e-05,0.0,0.0,5.712218435232963e-05
scented,4.8995110287993256e-06,0.0,0.0,0.0
sceptic,4.8995110287993256e-06,0.0,0.0,9.520364058721605e-06
sceptical,9.799022057598651e-06,0.0,0.0,0.0
sceptics,4.8995110287993256e-06,0.0,0.0,0.0
schegolskoy,4.8995110287993256e-06,0.0,0.0,0.0
scheme,0.0,0.0,0.00014743946790734248,0.0
schemer,0.0,0.0,0.0,9.520364058721605e-06
schemes,0.0,0.0,5.7337570852855414e-05,0.0
scheming,0.0,0.0,8.191081550407916e-06,9.520364058721605e-06
schiller,2.9397066172795955e-05,0.0,0.0,0.0
schilleresque,4.8995110287993256e-06,0.0,0.0,0.0
schleswig,4.8995110287993256e-06,0.0,0.0,0.0
school,7.839217646078921e-05,1.1245558004588187e-05,1.6382163100815833e-05,3.808145623488642e-05
schoolboy,9.799022057598651e-06,0.0,0.0,0.0
schoolhouse,0.0,1.1245558004588187e-05,0.0,0.0
schoolmaster,0.0,0.0,0.0,1.904072811744321e-05
schools,0.0,0.0,0.0,9.520364058721605e-06
schutzen,0.0,1.1245558004588187e-05,0.0,0.0
schwach,4.8995110287993256e-06,0.0,0.0,0.0
schönsten,4.8995110287993256e-06,0.0,0.0,0.0
science,3.429657720159528e-05,0.0,8.191081550407916e-06,1.904072811744321e-05
scientific,2.449755514399663e-05,0.0,0.0,0.0
scientifically,0.0,1.1245558004588187e-05,0.0,0.0
scintillating,0.0,0.0,0.0,9.520364058721605e-06
scissors,0.0,0.0,0.0,2.8561092176164816e-05
scoffers,4.8995110287993256e-06,0.0,0.0,0.0
scold,0.0,0.0,8.191081550407916e-06,0.0
scolded,4.8995110287993256e-06,0.0,8.191081550407916e-06,0.0
scolding,1.9598044115197302e-05,0.0,1.6382163100815833e-05,0.0
scope,0.0,0.0,8.191081550407916e-06,0.0
scorches,4.8995110287993256e-06,0.0,0.0,0.0
score,2.449755514399663e-05,0.0,3.2764326201631665e-05,0.0
scored,0.0,0.0,0.0,1.904072811744321e-05
scores,0.0,0.0,8.191081550407916e-06,9.520364058721605e-06
scorn,0.0,0.0,8.191081550407916e-06,9.520364058721605e-06
scorned,0.0,0.0,8.191081550407916e-06,0.0
scornful,4.8995110287993256e-06,1.1245558004588187e-05,0.0,0.0
scornfully,4.8995110287993256e-06,0.0,0.0,0.0
scotch,0.0,6.747334802752913e-05,1.6382163100815833e-05,1.904072811744321e-05
scotia,0.0,0.0,0.0,9.520364058721605e-06
scotland,0.0,3.3736674013764564e-05,6.552865240326333e-05,0.00010472400464593766
scott,0.0,0.0,0.0,9.520364058721605e-06
scoundrel,7.349266543198989e-05,0.0,0.0,4.760182029360803e-05
scoundrelly,9.799022057598651e-06,0.0,0.0,0.0
scoundrels,2.9397066172795955e-05,0.0,0.0,0.0
scowl,9.799022057598651e-06,0.0,0.0,0.0
scowled,1.4698533086397977e-05,0.0,0.0,0.0
scowling,1.9598044115197302e-05,0.0,0.0,0.0
scrape,0.0,1.1245558004588187e-05,8.191081550407916e-06,0.0
scraped,4.8995110287993256e-06,0.0,0.0,1.904072811744321e-05
scraping,0.0,0.0,0.0,9.520364058721605e-06
scraps,9.799022057598651e-06,0.0,0.0,0.0
scratch,0.0,1.1245558004588187e-05,0.0,9.520364058721605e-06
scratched,4.8995110287993256e-06,0.0,0.0,0.0
scratching,4.8995110287993256e-06,0.0,0.0,9.520364058721605e-06
scrawl,4.8995110287993256e-06,0.0,0.0,9.520364058721605e-06
scrawled,0.0,0.0,0.0,2.8561092176164816e-05
scream,4.899511028799326e-05,0.0,0.0,4.760182029360803e-05
screamed,4.899511028799326e-05,2.2491116009176375e-05,0.0,5.712218435232963e-05
screaming,2.9397066172795955e-05,1.1245558004588187e-05,0.0,1.904072811744321e-05
screams,4.8995110287993256e-06,0.0,0.0,9.520364058721605e-06
screeched,4.8995110287993256e-06,0.0,0.0,0.0
screen,1.4698533086397977e-05,5.6227790022940935e-05,1.6382163100815833e-05,9.520364058721605e-06
screened,0.0,4.498223201835275e-05,0.0,0.0
screening,4.8995110287993256e-06,1.1245558004588187e-05,0.0,1.904072811744321e-05
screens,0.0,1.1245558004588187e-05,8.191081550407916e-06,0.0
screwed,2.9397066172795955e-05,0.0,0.0,0.0
screwing,4.8995110287993256e-06,0.0,0.0,0.0
screws,0.0,1.1245558004588187e-05,0.0,0.0
scribble,4.8995110287993256e-06,0.0,0.0,9.520364058721605e-06
scribbled,4.8995110287993256e-06,0.0,0.0,9.520364058721605e-06
scripture,4.8995110287993256e-06,0.0,0.0,0.0
scrofulous,4.8995110287993256e-06,0.0,0.0,0.0
scrotum,0.0,2.2491116009176375e-05,0.0,0.0
scrubbed,4.8995110287993256e-06,0.0,0.0,0.0
scrubbing,4.8995110287993256e-06,0.0,0.0,0.0
scrubs,4.8995110287993256e-06,0.0,0.0,0.0
scruple,0.0,0.0,3.2764326201631665e-05,0.0
scrupled,0.0,0.0,1.6382163100815833e-05,0.0
scruples,0.0,0.0,3.2764326201631665e-05,9.520364058721605e-06
scrupulous,0.0,0.0,8.191081550407916e-06,9.520364058721605e-06
scrupulously,4.8995110287993256e-06,0.0,0.0,0.0
scrutinised,2.449755514399663e-05,0.0,0.0,0.0
scrutinising,1.9598044115197302e-05,0.0,0.0,0.0
scrutinizing,0.0,1.1245558004588187e-05,0.0,0.0
scrutiny,4.8995110287993256e-06,0.0,8.191081550407916e-06,0.0
scuffle,0.0,0.0,0.0,2.8561092176164816e-05
scuffling,9.799022057598651e-06,0.0,0.0,0.0
sculpture,0.0,1.1245558004588187e-05,0.0,0.0
scum,0.0,2.2491116009176375e-05,0.0,0.0
scummed,0.0,0.0,0.0,9.520364058721605e-06
scuttling,4.8995110287993256e-06,0.0,0.0,0.0
se,4.8995110287993256e-06,0.0,0.0,0.0
sea,9.799022057598651e-06,5.6227790022940935e-05,8.191081550407916e-06,3.808145623488642e-05
seal,4.8995110287993256e-06,0.0,0.0,1.904072811744321e-05
sealed,9.799022057598651e-06,0.0,0.0,2.8561092176164816e-05
sealing,0.0,1.1245558004588187e-05,0.0,0.0
seaman,0.0,0.0,0.0,9.520364058721605e-06
seamed,0.0,0.0,0.0,9.520364058721605e-06
seaports,0.0,0.0,0.0,9.520364058721605e-06
search,7.839217646078921e-05,4.498223201835275e-05,1.6382163100815833e-05,0.00010472400464593766
searched,1.4698533086397977e-05,0.0,0.0,3.808145623488642e-05
searching,2.9397066172795955e-05,0.0,8.191081550407916e-06,2.8561092176164816e-05
searchlight,0.0,1.1245558004588187e-05,0.0,0.0
seared,0.0,0.0,0.0,1.904072811744321e-05
season,0.0,2.2491116009176375e-05,3.2764326201631665e-05,3.808145623488642e-05
seasonable,0.0,0.0,8.191081550407916e-06,9.520364058721605e-06
seasons,4.8995110287993256e-06,0.0,0.0,0.0
seat,0.00010778924263358517,0.00032612118213305746,4.91464893024475e-05,0.00010472400464593766
seated,2.449755514399663e-05,0.0,0.00012286622325611874,5.712218435232963e-05
seating,4.8995110287993256e-06,0.0,0.0,0.0
seats,4.8995110287993256e-06,0.0,1.6382163100815833e-05,1.904072811744321e-05
secluded,4.8995110287993256e-06,0.0,8.191081550407916e-06,9.520364058721605e-06
seclusion,0.0,0.0,8.191081550407916e-06,0.0
second,0.0002694731065839629,0.00023615671809635195,0.00020477703876019789,0.00023800910146804015
secondary,4.8995110287993256e-06,2.2491116009176375e-05,0.0,0.0
seconded,4.8995110287993256e-06,0.0,8.191081550407916e-06,0.0
secondhand,0.0,1.1245558004588187e-05,0.0,0.0
seconding,0.0,0.0,8.191081550407916e-06,0.0
secondly,6.369364337439124e-05,0.0,2.457324465122375e-05,0.0
seconds,4.899511028799326e-05,0.0,0.0,2.8561092176164816e-05
secrecy,0.0,0.0,8.191081550407916e-05,6.664254841105123e-05
secret,0.0001322867977775818,0.0,4.91464893024475e-05,0.00019040728117443212
secretary,1.4698533086397977e-05,0.0,0.0,2.8561092176164816e-05
secreted,0.0,0.0,0.0,9.520364058721605e-06
secreting,0.0,0.0,0.0,9.520364058721605e-06
secretive,0.0,0.0,0.0,9.520364058721605e-06
secretly,1.9598044115197302e-05,0.0,2.457324465122375e-05,9.520364058721605e-06
secrets,3.9196088230394604e-05,0.0,8.191081550407916e-06,9.520364058721605e-06
sections,0.0,1.1245558004588187e-05,0.0,0.0
sector,0.0,1.1245558004588187e-05,0.0,0.0
secure,2.449755514399663e-05,0.0,9.8292978604895e-05,9.520364058721606e-05
secured,0.0,0.0,3.2764326201631665e-05,2.8561092176164816e-05
securer,0.0,0.0,0.0,1.904072811744321e-05
securing,0.0,0.0,0.0,9.520364058721605e-06
securities,4.8995110287993256e-06,0.0,0.0,0.0
security,1.9598044115197302e-05,0.0,2.457324465122375e-05,5.712218435232963e-05
sedate,4.8995110287993256e-06,0.0,8.191081550407916e-06,0.0
sedately,4.8995110287993256e-06,0.0,0.0,0.0
sedateness,0.0,0.0,8.191081550407916e-06,0.0
sedentary,4.8995110287993256e-06,0.0,0.0,9.520364058721605e-06
seduced,9.799022057598651e-06,0.0,0.0,0.0
seducers,0.0,1.1245558004588187e-05,0.0,0.0
seduction,0.0,0.0,8.191081550407916e-06,0.0
seductive,9.799022057598651e-06,0.0,0.0,0.0
seductively,4.8995110287993256e-06,0.0,0.0,0.0
see,0.0018765127240301417,0.003058791777247987,0.0012040889879099635,0.0021801633694472477
seed,1.4698533086397977e-05,0.0,0.0,0.0
seeds,0.0,0.0,0.0,9.520364058721605e-06
seedy,0.0,1.1245558004588187e-05,0.0,1.904072811744321e-05
seeing,0.00023517652938236764,0.00014619225405964643,0.000483273811474067,0.0002094480092918753
seek,3.429657720159528e-05,2.2491116009176375e-05,6.552865240326333e-05,3.808145623488642e-05
seeking,4.4095599259193934e-05,0.0,5.7337570852855414e-05,9.520364058721605e-06
seem,0.0001910809301231737,5.6227790022940935e-05,0.00013105730480652666,0.00016184618899826728
seemed,0.000901510029299076,0.0003935945301605866,0.0005406113823269225,0.0006569051200517908
seeming,5.879413234559191e-05,0.0,2.457324465122375e-05,0.0
seemingly,4.8995110287993256e-06,0.0,0.0,0.0
seems,0.00017638239703677574,3.3736674013764564e-05,0.00018020379410897414,0.00026657019364420494
seen,0.0005144486580239292,0.0002698933921101165,0.0006225221978310016,0.0006854662122279556
sees,4.899511028799326e-05,1.1245558004588187e-05,4.91464893024475e-05,1.904072811744321e-05
sein,9.799022057598651e-06,0.0,0.0,0.0
seize,9.799022057598651e-06,0.0,8.191081550407916e-06,9.520364058721605e-06
seized,8.819119851838787e-05,0.0,1.6382163100815833e-05,9.520364058721606e-05
seizing,3.9196088230394604e-05,0.0,8.191081550407916e-06,0.0
seldom,0.0,0.0,8.191081550407916e-05,5.712218435232963e-05
select,0.0,0.0,0.0,2.8561092176164816e-05
selected,0.0,1.1245558004588187e-05,2.457324465122375e-05,0.0
selecting,0.0,0.0,8.191081550407916e-06,0.0
selection,0.0,0.0,0.0,9.520364058721605e-06
selections,0.0,0.0,0.0,9.520364058721605e-06
self,8.329168748958855e-05,0.00010121002204129369,0.00019658595720979,0.00012376473276338087
selfish,4.8995110287993256e-06,0.0,5.7337570852855414e-05,9.520364058721605e-06
selfishness,4.8995110287993256e-06,0.0,8.191081550407916e-06,9.520364058721605e-06
sell,5.389462131679259e-05,4.498223201835275e-05,8.191081550407916e-06,4.760182029360803e-05
selling,2.449755514399663e-05,1.1245558004588187e-05,0.0,0.0
selves,0.0,0.0,8.191081550407916e-06,0.0
semblance,9.799022057598651e-06,0.0,0.0,0.0
semi,4.8995110287993256e-06,0.0,0.0,0.0
semicircle,0.0,0.0,0.0,9.520364058721605e-06
seminaries,0.0,0.0,8.191081550407916e-06,0.0
seminarists,4.8995110287993256e-06,0.0,0.0,0.0
semyon,5.879413234559191e-05,0.0,0.0,0.0
semyonovas,4.8995110287993256e-06,0.0,0.0,0.0
semyonovitch,0.00011758826469118382,0.0,0.0,0.0
semyonovna,0.0003184682168719562,0.0,0.0,0.0
semyonovnas,2.9397066172795955e-05,0.0,0.0,0.0
sen,9.799022057598651e-06,0.0,0.0,0.0
senate,1.9598044115197302e-05,0.0,0.0,0.0
send,0.00013718630880638113,0.00032612118213305746,0.00019658595720979,0.00012376473276338087
senders,0.0,0.0,0.0,9.520364058721605e-06
sending,2.449755514399663e-05,2.2491116009176375e-05,8.191081550407916e-06,9.520364058721605e-06
sends,9.799022057598651e-06,0.0,8.191081550407916e-06,9.520364058721605e-06
senility,0.0,0.0,0.0,9.520364058721605e-06
senior,0.0,0.0,0.0,1.904072811744321e-05
seniority,0.0,0.0,8.191081550407916e-06,0.0
sennight,0.0,0.0,1.6382163100815833e-05,0.0
sensation,0.00013718630880638113,2.2491116009176375e-05,2.457324465122375e-05,9.520364058721605e-06
sensational,0.0,0.0,0.0,2.8561092176164816e-05
sensationalism,0.0,0.0,0.0,1.904072811744321e-05
sensations,2.449755514399663e-05,1.1245558004588187e-05,2.457324465122375e-05,9.520364058721605e-06
sense,0.00012738728674878248,1.1245558004588187e-05,0.00029487893581468496,8.568327652849445e-05
senseless,3.9196088230394604e-05,0.0,0.0,2.8561092176164816e-05
senses,6.859315440319056e-05,0.0,3.2764326201631665e-05,1.904072811744321e-05
sensibility,0.0,0.0,1.6382163100815833e-05,0.0
sensible,9.309070954718719e-05,3.3736674013764564e-05,0.0002621146096130533,9.520364058721605e-06
sensibly,2.449755514399663e-05,0.0,1.6382163100815833e-05,0.0
sensitive,4.8995110287993256e-06,1.1245558004588187e-05,0.0,9.520364058721605e-06
sensitiveness,4.8995110287993256e-06,0.0,0.0,0.0
sensual,4.8995110287993256e-06,0.0,0.0,0.0
sensualist,4.8995110287993256e-06,0.0,0.0,0.0
sensuality,4.8995110287993256e-06,0.0,0.0,0.0
sent,0.0002498750624687656,0.00024740227610094015,0.00018020379410897414,0.00019040728117443212
sentence,5.389462131679259e-05,1.1245558004588187e-05,9.8292978604895e-05,3.808145623488642e-05
sentenced,1.4698533086397977e-05,0.0,0.0,0.0
sentences,4.8995110287993256e-06,0.0,8.191081550407916e-06,0.0
sententiously,9.799022057598651e-06,0.0,0.0,0.0
sentiment,0.0,1.1245558004588187e-05,6.552865240326333e-05,0.0
sentimental,2.9397066172795955e-05,1.1245558004588187e-05,0.0,9.520364058721605e-06
sentimentality,9.799022057598651e-06,0.0,0.0,0.0
sentiments,9.799022057598651e-06,0.0,8.191081550407916e-05,0.0
sentinel,4.8995110287993256e-06,0.0,8.191081550407916e-06,9.520364058721605e-06
sentry,4.8995110287993256e-06,1.1245558004588187e-05,0.0,0.0
separate,4.8995110287993256e-06,2.2491116009176375e-05,4.91464893024475e-05,3.808145623488642e-05
separated,9.799022057598651e-06,5.6227790022940935e-05,2.457324465122375e-05,1.904072811744321e-05
separately,0.0,1.1245558004588187e-05,8.191081550407916e-06,0.0
separates,0.0,0.0,8.191081550407916e-06,0.0
separating,0.0,0.0,8.191081550407916e-06,0.0
separation,1.9598044115197302e-05,0.0,6.552865240326333e-05,9.520364058721605e-06
sept,0.0,0.0,8.191081550407916e-06,0.0
september,0.0,1.1245558004588187e-05,8.191081550407916e-06,9.520364058721605e-06
sequel,0.0,0.0,8.191081550407916e-06,9.520364058721605e-06
sequence,0.0,0.0,0.0,1.904072811744321e-05
sera,0.0,2.2491116009176375e-05,0.0,0.0
serenaded,0.0,1.1245558004588187e-05,0.0,0.0
serenely,0.0,0.0,0.0,1.904072811744321e-05
serenity,4.8995110287993256e-06,0.0,2.457324465122375e-05,0.0
serf,1.4698533086397977e-05,0.0,0.0,0.0
serfdom,4.8995110287993256e-06,0.0,0.0,0.0
serfs,4.8995110287993256e-06,0.0,0.0,0.0
sergeant,0.0,0.000179928928073411,0.0,0.0
sergeants,0.0,0.00014619225405964643,0.0,0.0
series,0.0,0.0,0.0,7.616291246977284e-05
serious,0.00012738728674878248,8.99644640367055e-05,0.00019658595720979,0.0001713665530569889
seriously,9.309070954718719e-05,1.1245558004588187e-05,0.0001064840601553029,4.760182029360803e-05
seriousness,4.8995110287993256e-06,0.0,0.0,0.0
sermon,0.0,0.0,1.6382163100815833e-05,0.0
sermons,0.0,0.0,2.457324465122375e-05,0.0
serpent,0.0,0.0,0.0,9.520364058721605e-06
serpentine,0.0,0.0,0.0,7.616291246977284e-05
servant,5.389462131679259e-05,0.0,0.00013105730480652666,5.712218435232963e-05
servants,2.9397066172795955e-05,1.1245558004588187e-05,0.00012286622325611874,7.616291246977284e-05
serve,1.4698533086397977e-05,2.2491116009176375e-05,1.6382163100815833e-05,2.8561092176164816e-05
served,3.9196088230394604e-05,4.498223201835275e-05,0.0,5.712218435232963e-05
server,4.8995110287993256e-06,0.0,0.0,0.0
serves,1.9598044115197302e-05,0.0,0.0,1.904072811744321e-05
service,0.00017148288600797641,3.3736674013764564e-05,5.7337570852855414e-05,3.808145623488642e-05
serviceable,4.8995110287993256e-06,0.0,8.191081550407916e-06,0.0
services,1.9598044115197302e-05,1.1245558004588187e-05,8.191081550407916e-06,3.808145623488642e-05
servile,4.8995110287993256e-06,0.0,0.0,0.0
servility,0.0,0.0,8.191081550407916e-06,0.0
serving,4.8995110287993256e-06,1.1245558004588187e-05,8.191081550407916e-06,1.904072811744321e-05
servitude,1.4698533086397977e-05,0.0,0.0,9.520364058721605e-06
set,0.0003184682168719562,7.871890603211732e-05,0.0002539235280626454,0.00040937565452502903
sets,9.799022057598651e-06,0.0,0.0,0.0
settee,0.0,0.0,0.0,9.520364058721605e-06
setter,0.0,0.0,0.0,9.520364058721605e-06
setting,8.329168748958855e-05,0.0,1.6382163100815833e-05,9.520364058721605e-06
settle,2.9397066172795955e-05,1.1245558004588187e-05,5.7337570852855414e-05,6.664254841105123e-05
settled,8.329168748958855e-05,5.6227790022940935e-05,0.00039317191441958,7.616291246977284e-05
settlement,0.0,0.0,1.6382163100815833e-05,0.0
settlements,0.0,0.0,8.191081550407916e-06,0.0
settles,0.0,0.0,0.0,1.904072811744321e-05
settling,1.9598044115197302e-05,0.0,2.457324465122375e-05,1.904072811744321e-05
sevastopol,9.799022057598651e-06,0.0,0.0,0.0
seven,0.00018618141909437438,6.747334802752913e-05,2.457324465122375e-05,0.00030465164987909137
sevens,0.0,1.1245558004588187e-05,0.0,0.0
seventeen,1.4698533086397977e-05,0.0,0.0,9.520364058721605e-06
seventh,4.8995110287993256e-06,1.1245558004588187e-05,0.0,0.0
seventy,9.799022057598651e-06,1.1245558004588187e-05,0.0,9.520364058721605e-06
several,0.00017148288600797641,0.00020242004408258738,0.00018839487565938207,0.0002856109217616482
severe,1.9598044115197302e-05,0.0,6.552865240326333e-05,2.8561092176164816e-05
severed,0.0,0.0,0.0,9.520364058721605e-06
severely,2.449755514399663e-05,0.0,0.0,1.904072811744321e-05
severest,0.0,0.0,8.191081550407916e-06,0.0
severing,0.0,1.1245558004588187e-05,0.0,0.0
severity,1.9598044115197302e-05,0.0,8.191081550407916e-06,0.0
severn,0.0,0.0,0.0,9.520364058721605e-06
sew,4.8995110287993256e-06,1.1245558004588187e-05,0.0,0.0
sewed,4.8995110287993256e-06,1.1245558004588187e-05,0.0,0.0
sewing,1.4698533086397977e-05,2.2491116009176375e-05,0.0,9.520364058721605e-06
sewn,0.0,0.0,0.0,9.520364058721605e-06
sex,9.799022057598651e-06,0.0,5.7337570852855414e-05,9.520364058721605e-06
sexes,4.8995110287993256e-06,0.0,0.0,0.0
sh,0.0,2.2491116009176375e-05,0.0,0.0
shabbily,0.0,0.0,0.0,9.520364058721605e-06
shabbiness,4.8995110287993256e-06,0.0,0.0,0.0
shabby,3.429657720159528e-05,0.0,0.0,1.904072811744321e-05
shade,2.9397066172795955e-05,0.0,1.6382163100815833e-05,7.616291246977284e-05
shaded,4.8995110287993256e-06,0.0,0.0,0.0
shades,0.0,1.1245558004588187e-05,8.191081550407916e-06,9.520364058721605e-06
shading,0.0,0.0,0.0,9.520364058721605e-06
shadow,1.4698533086397977e-05,0.00010121002204129369,0.0,9.520364058721606e-05
shadows,0.0,2.2491116009176375e-05,0.0,9.520364058721605e-06
shady,0.0,1.1245558004588187e-05,0.0,0.0
shaft,2.449755514399663e-05,0.0,0.0,0.0
shafts,4.8995110287993256e-06,1.1245558004588187e-05,0.0,0.0
shag,0.0,0.0,0.0,3.808145623488642e-05
shake,1.9598044115197302e-05,1.1245558004588187e-05,1.6382163100815833e-05,4.760182029360803e-05
shaken,2.449755514399663e-05,0.0,2.457324465122375e-05,3.808145623488642e-05
shakes,4.8995110287993256e-06,0.0,0.0,0.0
shaking,0.00017148288600797641,0.0,1.6382163100815833e-05,8.568327652849445e-05
shall,0.0009505051395870693,2.2491116009176375e-05,0.0013351462927164903,0.0016089415259239513
shallow,4.8995110287993256e-06,2.2491116009176375e-05,0.0,0.0
shallows,0.0,1.1245558004588187e-05,0.0,0.0
shambles,0.0,1.1245558004588187e-05,0.0,0.0
shame,5.879413234559191e-05,5.6227790022940935e-05,8.191081550407916e-05,0.0
shamefaced,1.4698533086397977e-05,0.0,0.0,9.520364058721605e-06
shameful,5.389462131679259e-05,0.0,1.6382163100815833e-05,0.0
shamefully,0.0,0.0,0.0,1.904072811744321e-05
shameless,1.9598044115197302e-05,0.0,8.191081550407916e-06,0.0
shamelessly,4.8995110287993256e-06,0.0,0.0,0.0
shant,5.389462131679259e-05,0.0,2.457324465122375e-05,9.520364058721605e-06
shanties,4.8995110287993256e-06,0.0,0.0,0.0
shape,1.4698533086397977e-05,0.0,1.6382163100815833e-05,6.664254841105123e-05
shaped,4.8995110287993256e-06,4.498223201835275e-05,0.0,1.904072811744321e-05
shapeless,0.0,0.0,0.0,1.904072811744321e-05
shapes,4.8995110287993256e-06,0.0,0.0,0.0
share,2.9397066172795955e-05,0.0,0.00011467514170571083,4.760182029360803e-05
shared,1.4698533086397977e-05,1.1245558004588187e-05,3.2764326201631665e-05,9.520364058721605e-06
sharers,0.0,0.0,8.191081550407916e-06,0.0
shares,1.9598044115197302e-05,0.0,0.0,0.0
sharing,4.8995110287993256e-06,0.0,1.6382163100815833e-05,1.904072811744321e-05
sharmers,4.8995110287993256e-06,0.0,0.0,0.0
sharp,4.4095599259193934e-05,7.871890603211732e-05,1.6382163100815833e-05,0.00015232582493954569
sharpened,0.0,0.0,1.6382163100815833e-05,9.520364058721605e-06
sharper,2.449755514399663e-05,0.0,0.0,0.0
sharpers,4.8995110287993256e-06,0.0,0.0,0.0
sharpest,4.8995110287993256e-06,0.0,0.0,0.0
sharply,6.859315440319056e-05,4.498223201835275e-05,0.0,3.808145623488642e-05
shattered,2.449755514399663e-05,1.1245558004588187e-05,0.0,5.712218435232963e-05
shave,4.8995110287993256e-06,0.0,0.0,1.904072811744321e-05
shaved,9.799022057598651e-06,2.2491116009176375e-05,0.0,0.0
shaven,2.9397066172795955e-05,0.0,0.0,2.8561092176164816e-05
shaving,0.0,1.1245558004588187e-05,0.0,9.520364058721605e-06
shawl,7.349266543198989e-05,2.2491116009176375e-05,0.0,9.520364058721605e-06
shawls,1.9598044115197302e-05,1.1245558004588187e-05,0.0,0.0
she,0.008054796131346091,0.005105483334083037,0.013998558369647128,0.004055675089015404
sheaf,0.0,1.1245558004588187e-05,0.0,0.0
shed,0.00010778924263358517,3.3736674013764564e-05,8.191081550407916e-06,9.520364058721605e-06
shedding,9.799022057598651e-06,0.0,0.0,0.0
sheds,4.8995110287993256e-06,1.1245558004588187e-05,0.0,0.0
sheen,0.0,1.1245558004588187e-05,0.0,0.0
sheep,0.0,0.0,0.0,9.520364058721605e-06
sheepish,4.8995110287993256e-06,0.0,0.0,0.0
sheer,4.8995110287993256e-06,0.0,0.0,1.904072811744321e-05
sheet,2.9397066172795955e-05,7.871890603211732e-05,2.457324465122375e-05,0.00011424436870465926
sheeting,0.0,1.1245558004588187e-05,0.0,0.0
sheets,2.449755514399663e-05,8.99644640367055e-05,8.191081550407916e-06,2.8561092176164816e-05
shelf,0.0,0.0,0.0,4.760182029360803e-05
shell,7.349266543198989e-05,0.00021366560208717556,0.0,0.0
shelled,0.0,2.2491116009176375e-05,0.0,0.0
shelling,0.0,6.747334802752913e-05,0.0,0.0
shells,4.8995110287993256e-06,4.498223201835275e-05,0.0,0.0
shelopaev,4.8995110287993256e-06,0.0,0.0,0.0
shelter,4.8995110287993256e-06,5.6227790022940935e-05,0.0,9.520364058721605e-06
sheltered,0.0,2.2491116009176375e-05,1.6382163100815833e-05,0.0
shelves,0.0,0.0,8.191081550407916e-06,1.904072811744321e-05
shepherds,0.0,0.0,0.0,9.520364058721605e-06
sherlock,0.0,0.0,0.0,0.0009139549496372741
sherry,0.0,1.1245558004588187e-05,0.0,1.904072811744321e-05
shes,0.00014208581983518045,0.0002811389501147047,0.0,0.0
shh,4.8995110287993256e-06,0.0,0.0,0.0
shield,0.0,0.0,8.191081550407916e-06,0.0
shift,0.0,1.1245558004588187e-05,8.191081550407916e-06,9.520364058721605e-06
shifting,4.8995110287993256e-06,0.0,8.191081550407916e-06,0.0
shilling,0.0,0.0,0.0,9.520364058721605e-06
shillings,0.0,0.0,8.191081550407916e-06,2.8561092176164816e-05
shils,4.8995110287993256e-06,0.0,0.0,0.0
shimmering,0.0,0.0,0.0,9.520364058721605e-06
shin,0.0,1.1245558004588187e-05,0.0,0.0
shine,1.4698533086397977e-05,0.0,8.191081550407916e-06,0.0
shines,0.0,1.1245558004588187e-05,0.0,0.0
shining,1.4698533086397977e-05,4.498223201835275e-05,0.0,0.00011424436870465926
shins,0.0,1.1245558004588187e-05,0.0,0.0
shiny,0.0,3.3736674013764564e-05,0.0,3.808145623488642e-05
ship,0.0,2.2491116009176375e-05,0.0,9.520364058721606e-05
shipping,0.0,0.0,0.0,9.520364058721605e-06
ships,0.0,0.0,0.0,1.904072811744321e-05
shipwreck,0.0,0.0,0.0,9.520364058721605e-06
shire,0.0,0.0,9.8292978604895e-05,0.0
shirking,4.8995110287993256e-06,0.0,0.0,0.0
shirt,7.349266543198989e-05,0.00011245558004588187,0.0,4.760182029360803e-05
shirts,1.4698533086397977e-05,2.2491116009176375e-05,0.0,0.0
shiver,3.9196088230394604e-05,0.0,0.0,9.520364058721605e-06
shivered,4.8995110287993256e-06,1.1245558004588187e-05,0.0,0.0
shivering,5.879413234559191e-05,0.0,0.0,9.520364058721605e-06
shivers,4.8995110287993256e-06,0.0,0.0,0.0
shock,2.9397066172795955e-05,1.1245558004588187e-05,1.6382163100815833e-05,5.712218435232963e-05
shocked,4.8995110287993256e-06,0.0,6.552865240326333e-05,1.904072811744321e-05
shocking,2.449755514399663e-05,0.0,4.91464893024475e-05,0.0
shocks,4.8995110287993256e-06,0.0,0.0,0.0
shod,4.8995110287993256e-06,0.0,0.0,0.0
shoe,4.8995110287993256e-06,3.3736674013764564e-05,8.191081550407916e-06,9.520364058721605e-06
shoes,4.899511028799326e-05,5.6227790022940935e-05,8.191081550407916e-06,5.712218435232963e-05
sholto,0.0,0.0,0.0,9.520364058721605e-06
sholtos,0.0,0.0,0.0,9.520364058721605e-06
shone,3.429657720159528e-05,8.99644640367055e-05,0.0,5.712218435232963e-05
shook,9.309070954718719e-05,0.0003935945301605866,9.010189705448707e-05,0.00015232582493954569
shoot,3.429657720159528e-05,0.00020242004408258738,2.457324465122375e-05,0.0
shooting,9.799022057598651e-06,2.2491116009176375e-05,8.191081550407916e-06,1.904072811744321e-05
shoots,0.0,1.1245558004588187e-05,0.0,9.520364058721605e-06
shop,7.349266543198989e-05,0.00014619225405964643,4.095540775203958e-05,4.760182029360803e-05
shopboy,0.0,0.0,8.191081550407916e-06,0.0
shopkeeper,4.8995110287993256e-06,0.0,0.0,0.0
shopmen,9.799022057598651e-06,0.0,0.0,0.0
shopping,0.0,0.0,8.191081550407916e-06,9.520364058721605e-06
shops,2.9397066172795955e-05,6.747334802752913e-05,8.191081550407916e-06,9.520364058721605e-06
shopworn,0.0,1.1245558004588187e-05,0.0,0.0
shore,4.8995110287993256e-06,0.000359857856146822,0.0,0.0
short,0.0002498750624687656,0.00021366560208717556,0.00035221650666754036,0.0002094480092918753
shortcoming,4.8995110287993256e-06,0.0,0.0,0.0
shortcomings,0.0,0.0,0.0,9.520364058721605e-06
shorten,0.0,0.0,8.191081550407916e-06,0.0
shortened,4.8995110287993256e-06,0.0,0.0,0.0
shorter,9.799022057598651e-06,0.0,8.191081550407916e-06,1.904072811744321e-05
shortest,4.8995110287993256e-06,0.0,0.0,0.0
shortly,1.4698533086397977e-05,0.0,9.8292978604895e-05,8.568327652849445e-05
shortness,0.0,0.0,8.191081550407916e-06,0.0
shot,2.449755514399663e-05,0.00030363006612388105,0.0,0.00013328509682210247
shots,0.0,7.871890603211732e-05,0.0,9.520364058721605e-06
should,0.0010631938932494536,0.001023345778417525,0.002055961469152387,0.001999276452331537
shoulder,7.349266543198989e-05,0.00024740227610094015,0.0,0.00013328509682210247
shoulders,7.839217646078921e-05,0.00012370113805047008,8.191081550407916e-06,0.00015232582493954569
shouldest,4.8995110287993256e-06,0.0,0.0,0.0
shouldnt,6.369364337439124e-05,0.00010121002204129369,0.0,9.520364058721605e-06
shout,4.4095599259193934e-05,2.2491116009176375e-05,0.0,0.0
shouted,0.00043605648156314,0.00012370113805047008,0.0,8.568327652849445e-05
shouting,0.00010778924263358517,1.1245558004588187e-05,0.0,2.8561092176164816e-05
shouts,2.449755514399663e-05,0.0,0.0,9.520364058721605e-06
shove,9.799022057598651e-06,0.0,0.0,0.0
shoved,0.0,5.6227790022940935e-05,0.0,0.0
shoves,0.0,0.0,0.0,9.520364058721605e-06
shoving,0.0,0.0,0.0,9.520364058721605e-06
show,0.0002694731065839629,0.000179928928073411,6.552865240326333e-05,0.00015232582493954569
showed,0.00016168386395037774,0.00012370113805047008,6.552865240326333e-05,0.00019040728117443212
shower,1.4698533086397977e-05,3.3736674013764564e-05,0.0,0.0
showered,1.4698533086397977e-05,0.0,0.0,0.0
showing,4.899511028799326e-05,2.2491116009176375e-05,3.2764326201631665e-05,6.664254841105123e-05
shown,9.309070954718719e-05,0.0,4.91464893024475e-05,0.00019040728117443212
shows,1.4698533086397977e-05,1.1245558004588187e-05,3.2764326201631665e-05,3.808145623488642e-05
shrapnel,0.0,4.498223201835275e-05,0.0,0.0
shreds,1.4698533086397977e-05,0.0,0.0,0.0
shrewish,0.0,0.0,8.191081550407916e-06,0.0
shriek,9.799022057598651e-06,2.2491116009176375e-05,0.0,3.808145623488642e-05
shrieked,1.4698533086397977e-05,0.0,0.0,5.712218435232963e-05
shrieking,1.9598044115197302e-05,0.0,0.0,0.0
shrieks,4.8995110287993256e-06,0.0,0.0,0.0
shrill,9.799022057598651e-06,0.0,0.0,0.0
shrilly,9.799022057598651e-06,0.0,0.0,9.520364058721605e-06
shrimp,0.0,0.0,0.0,9.520364058721605e-06
shrine,4.8995110287993256e-06,0.0,0.0,0.0
shrink,9.799022057598651e-06,0.0,8.191081550407916e-06,0.0
shrinking,9.799022057598651e-06,0.0,0.0,0.0
shroud,4.8995110287993256e-06,0.0,0.0,0.0
shrubbery,0.0,0.0,3.2764326201631665e-05,0.0
shrug,0.0,0.0,8.191081550407916e-06,9.520364058721605e-06
shrugged,9.799022057598651e-06,1.1245558004588187e-05,0.0,7.616291246977284e-05
shrunk,0.0,0.0,0.0,1.904072811744321e-05
shudder,3.9196088230394604e-05,0.0,0.0,9.520364058721605e-06
shuddered,5.879413234559191e-05,0.0,0.0,9.520364058721605e-06
shuddering,1.9598044115197302e-05,0.0,0.0,0.0
shuffled,0.0,0.0,0.0,9.520364058721605e-06
shut,6.859315440319056e-05,0.0002698933921101165,4.095540775203958e-05,5.712218435232963e-05
shuts,0.0,1.1245558004588187e-05,0.0,0.0
shutter,0.0,0.0,0.0,3.808145623488642e-05
shuttered,0.0,0.0,0.0,1.904072811744321e-05
shutters,4.8995110287993256e-06,5.6227790022940935e-05,0.0,9.520364058721606e-05
shutting,0.0,0.0,0.0,9.520364058721605e-06
shy,1.4698533086397977e-05,1.1245558004588187e-05,1.6382163100815833e-05,9.520364058721605e-06
shyness,1.9598044115197302e-05,0.0,1.6382163100815833e-05,0.0
si,4.8995110287993256e-06,0.0,0.0,0.0
siberia,7.349266543198989e-05,0.0,0.0,0.0
sicily,0.0,1.1245558004588187e-05,0.0,0.0
sick,0.00022047799629596967,0.00024740227610094015,4.91464893024475e-05,1.904072811744321e-05
sickening,1.4698533086397977e-05,0.0,0.0,0.0
sickly,3.429657720159528e-05,0.0,3.2764326201631665e-05,0.0
sickness,0.0,1.1245558004588187e-05,0.0,1.904072811744321e-05
side,0.0003821618602463474,0.0012257658225001125,0.00044231840372202746,0.0008282716731087797
sideboard,0.0,0.0,8.191081550407916e-06,5.712218435232963e-05
sided,0.0,0.0,0.0,1.904072811744321e-05
sidelights,0.0,0.0,0.0,9.520364058721605e-06
sidelong,4.8995110287993256e-06,0.0,0.0,9.520364058721605e-06
sides,7.349266543198989e-05,0.00013494669605505826,4.095540775203958e-05,2.8561092176164816e-05
sidetracked,0.0,1.1245558004588187e-05,0.0,0.0
sidewalk,0.0,3.3736674013764564e-05,0.0,0.0
sideways,9.799022057598651e-06,2.2491116009176375e-05,0.0,9.520364058721605e-06
sidled,0.0,0.0,0.0,9.520364058721605e-06
siege,9.799022057598651e-06,0.0,0.0,0.0
sigh,1.4698533086397977e-05,1.1245558004588187e-05,1.6382163100815833e-05,9.520364058721605e-06
sighed,2.449755514399663e-05,0.0,8.191081550407916e-06,0.0
sighing,1.9598044115197302e-05,0.0,0.0,9.520364058721605e-06
sighs,4.8995110287993256e-06,0.0,0.0,0.0
sight,0.0001518848418927791,0.0003148756241284693,0.00013924838635693458,0.00019992764523315372
sighted,9.799022057598651e-06,2.2491116009176375e-05,8.191081550407916e-06,0.0
sightedly,0.0,1.1245558004588187e-05,0.0,0.0
sigismond,0.0,0.0,0.0,9.520364058721605e-06
sign,0.00010288973160478584,4.498223201835275e-05,1.6382163100815833e-05,0.0001808869171157105
signal,4.8995110287993256e-06,1.1245558004588187e-05,1.6382163100815833e-05,6.664254841105123e-05
signalled,0.0,1.1245558004588187e-05,0.0,9.520364058721605e-06
signalling,4.8995110287993256e-06,0.0,0.0,0.0
signature,1.4698533086397977e-05,0.0,0.0,4.760182029360803e-05
signatures,9.799022057598651e-06,0.0,0.0,0.0
signboards,0.0,1.1245558004588187e-05,0.0,0.0
signed,2.9397066172795955e-05,0.0,0.0,2.8561092176164816e-05
signet,0.0,0.0,0.0,9.520364058721605e-06
significance,3.9196088230394604e-05,0.0,0.0,0.0
significant,1.4698533086397977e-05,0.0,2.457324465122375e-05,9.520364058721605e-06
significantly,1.4698533086397977e-05,0.0,0.0,0.0
signify,0.0,0.0,2.457324465122375e-05,0.0
signing,1.4698533086397977e-05,0.0,0.0,0.0
signor,0.0,0.00012370113805047008,0.0,0.0
signorino,0.0,3.3736674013764564e-05,0.0,0.0
signs,5.879413234559191e-05,2.2491116009176375e-05,8.191081550407916e-06,0.00012376473276338087
silence,0.0003184682168719562,0.0,0.00027849677271386917,0.00022848873740931853
silenced,0.0,0.0,8.191081550407916e-06,0.0
silent,0.000225377507324769,1.1245558004588187e-05,0.0002129681203106058,0.0001808869171157105
silently,1.4698533086397977e-05,0.0,2.457324465122375e-05,2.8561092176164816e-05
silhouette,0.0,0.0,0.0,9.520364058721605e-06
silhouetted,0.0,1.1245558004588187e-05,0.0,0.0
silhouettes,0.0,4.498223201835275e-05,0.0,0.0
silk,3.9196088230394604e-05,0.0,0.0,4.760182029360803e-05
silky,4.8995110287993256e-06,0.0,0.0,0.0
sill,9.799022057598651e-06,0.0,0.0,5.712218435232963e-05
sillies,4.8995110287993256e-06,0.0,0.0,0.0
silliest,4.8995110287993256e-06,0.0,8.191081550407916e-06,0.0
sills,4.8995110287993256e-06,0.0,0.0,0.0
silly,5.879413234559191e-05,0.00019117448607799918,9.8292978604895e-05,9.520364058721605e-06
silver,9.309070954718719e-05,0.00012370113805047008,0.0,2.8561092176164816e-05
silvered,0.0,0.0,0.0,9.520364058721605e-06
silversmiths,4.8995110287993256e-06,0.0,0.0,0.0
sim,0.0,3.3736674013764564e-05,0.0,0.0
similar,9.799022057598651e-06,1.1245558004588187e-05,4.095540775203958e-05,4.760182029360803e-05
similarity,0.0,0.0,1.6382163100815833e-05,0.0
simmons,0.0,0.00014619225405964643,0.0,0.0
simon,0.0,0.0,0.0,0.0003712941982901426
simons,0.0,0.0,0.0,9.520364058721605e-06
simpered,0.0,0.0,8.191081550407916e-06,0.0
simpers,0.0,0.0,8.191081550407916e-06,0.0
simple,8.329168748958855e-05,8.99644640367055e-05,8.191081550407916e-06,0.0001808869171157105
simpler,1.4698533086397977e-05,3.3736674013764564e-05,0.0,1.904072811744321e-05
simplest,9.799022057598651e-06,0.0,0.0,9.520364058721605e-06
simpleton,1.4698533086397977e-05,0.0,3.2764326201631665e-05,0.0
simpletons,1.4698533086397977e-05,0.0,0.0,0.0
simplicity,3.429657720159528e-05,0.0,0.0,9.520364058721605e-06
simplifies,0.0,0.0,0.0,9.520364058721605e-06
simplify,0.0,0.0,0.0,9.520364058721605e-06
simply,0.0006712330109455077,4.498223201835275e-05,8.191081550407916e-06,2.8561092176164816e-05
sims,0.0,2.2491116009176375e-05,0.0,0.0
sin,4.899511028799326e-05,0.0,0.0,9.520364058721605e-06
since,0.0003527647940735515,5.6227790022940935e-05,0.000483273811474067,0.0003712941982901426
sincere,1.9598044115197302e-05,0.0,8.191081550407916e-05,0.0
sincerely,5.879413234559191e-05,0.0,7.371973395367124e-05,0.0
sincerest,4.8995110287993256e-06,0.0,0.0,0.0
sincerity,9.799022057598651e-06,0.0,3.2764326201631665e-05,0.0
sinewy,0.0,0.0,0.0,9.520364058721605e-06
sinful,9.799022057598651e-06,1.1245558004588187e-05,0.0,0.0
sing,7.839217646078921e-05,0.00016868337006882282,4.095540775203958e-05,0.0
singer,4.8995110287993256e-06,0.0,0.0,0.0
singers,1.9598044115197302e-05,1.1245558004588187e-05,0.0,0.0
singing,9.799022057598651e-05,6.747334802752913e-05,2.457324465122375e-05,0.0
single,4.899511028799326e-05,0.0,9.8292978604895e-05,0.0001808869171157105
singled,0.0,0.0,1.6382163100815833e-05,0.0
singling,0.0,0.0,8.191081550407916e-06,0.0
sings,9.799022057598651e-06,0.0,8.191081550407916e-06,1.904072811744321e-05
singular,4.8995110287993256e-06,0.0,1.6382163100815833e-05,0.00031417201393781297
singularity,0.0,0.0,0.0,9.520364058721605e-06
singularly,0.0,0.0,0.0,9.520364058721605e-06
sinister,2.9397066172795955e-05,0.0,0.0,9.520364058721606e-05
sink,4.899511028799326e-05,0.0,2.457324465122375e-05,1.904072811744321e-05
sinker,0.0,1.1245558004588187e-05,0.0,0.0
sinking,1.9598044115197302e-05,0.0,2.457324465122375e-05,2.8561092176164816e-05
sinks,4.8995110287993256e-06,0.0,0.0,0.0
sinless,4.8995110287993256e-06,0.0,0.0,0.0
sinned,9.799022057598651e-06,1.1245558004588187e-05,0.0,9.520364058721605e-06
sinner,4.8995110287993256e-06,0.0,0.0,0.0
sins,1.4698533086397977e-05,0.0,0.0,1.904072811744321e-05
sip,4.8995110287993256e-06,0.0,0.0,0.0
sipped,9.799022057598651e-06,0.0,0.0,0.0
sipping,1.4698533086397977e-05,1.1245558004588187e-05,0.0,0.0
sir,0.0002841716396703609,0.00012370113805047008,0.0006470954424822253,0.0007425883965802852
siro,0.0,2.2491116009176375e-05,0.0,0.0
sister,0.0006026398565423171,0.00011245558004588187,0.0014743946790734248,0.00024752946552676175
sisterly,0.0,0.0,2.457324465122375e-05,0.0
sisters,5.389462131679259e-05,3.3736674013764564e-05,0.0009337832967465024,7.616291246977284e-05
sistine,4.8995110287993256e-06,0.0,0.0,0.0
sit,0.00035766430510235077,0.000179928928073411,0.00012286622325611874,0.00016184618899826728
site,0.0,0.0,0.0,9.520364058721605e-06
sits,2.449755514399663e-05,0.0,0.0,1.904072811744321e-05
sitting,0.00027927212864156155,0.0003935945301605866,0.00017201271255856622,0.00031417201393781297
situated,0.0,0.0,3.2764326201631665e-05,1.904072811744321e-05
situation,2.9397066172795955e-05,0.0,0.0003112610989155008,0.00012376473276338087
six,0.0001910809301231737,0.00016868337006882282,8.191081550407916e-05,0.0002760905577029266
sixpence,0.0,0.0,8.191081550407916e-06,0.0
sixteen,2.9397066172795955e-05,2.2491116009176375e-05,5.7337570852855414e-05,9.520364058721605e-06
sixth,9.799022057598651e-06,0.0,8.191081550407916e-06,0.0
sixthly,4.8995110287993256e-06,0.0,0.0,0.0
sixty,2.449755514399663e-05,0.0,0.0,9.520364058721605e-06
size,1.4698533086397977e-05,3.3736674013764564e-05,3.2764326201631665e-05,6.664254841105123e-05
sized,4.8995110287993256e-06,1.1245558004588187e-05,8.191081550407916e-06,2.8561092176164816e-05
sketch,0.0,0.0,1.6382163100815833e-05,1.904072811744321e-05
sketched,0.0,0.0,0.0,9.520364058721605e-06
sketchily,4.8995110287993256e-06,0.0,0.0,0.0
ski,0.0,0.00010121002204129369,0.0,0.0
skiing,0.0,2.2491116009176375e-05,0.0,0.0
skilful,0.0,1.1245558004588187e-05,0.0,0.0
skilfully,0.0,1.1245558004588187e-05,0.0,0.0
skill,4.8995110287993256e-06,0.0,2.457324465122375e-05,6.664254841105123e-05
skimmed,0.0,1.1245558004588187e-05,0.0,0.0
skin,1.9598044115197302e-05,3.3736674013764564e-05,0.0,2.8561092176164816e-05
skinned,9.799022057598651e-06,3.3736674013764564e-05,0.0,1.904072811744321e-05
skinny,4.8995110287993256e-06,0.0,0.0,0.0
skip,4.8995110287993256e-06,0.0,0.0,0.0
skipped,9.799022057598651e-06,0.0,0.0,0.0
skipping,9.799022057598651e-06,1.1245558004588187e-05,0.0,0.0
skirmishes,0.0,0.0,0.0,9.520364058721605e-06
skirt,1.9598044115197302e-05,0.0,0.0,1.904072811744321e-05
skirted,4.8995110287993256e-06,1.1245558004588187e-05,0.0,0.0
skirts,4.8995110287993256e-06,0.0,0.0,9.520364058721605e-06
skoda,0.0,1.1245558004588187e-05,0.0,0.0
skulk,0.0,1.1245558004588187e-05,0.0,0.0
skull,2.9397066172795955e-05,1.1245558004588187e-05,0.0,9.520364058721605e-06
sky,1.4698533086397977e-05,0.00011245558004588187,0.0,3.808145623488642e-05
skylight,0.0,0.0,0.0,3.808145623488642e-05
slab,0.0,0.0,0.0,9.520364058721605e-06
slabs,0.0,1.1245558004588187e-05,0.0,1.904072811744321e-05
slack,4.8995110287993256e-06,0.0,0.0,0.0
slacken,0.0,0.0,8.191081550407916e-06,0.0
slackened,0.0,2.2491116009176375e-05,0.0,0.0
slackers,0.0,2.2491116009176375e-05,0.0,0.0
slacking,0.0,1.1245558004588187e-05,0.0,0.0
slam,4.8995110287993256e-06,0.0,0.0,1.904072811744321e-05
slammed,4.8995110287993256e-06,0.0,0.0,2.8561092176164816e-05
slander,3.429657720159528e-05,0.0,0.0,0.0
slandered,4.8995110287993256e-06,0.0,0.0,0.0
slanderer,9.799022057598651e-06,0.0,0.0,0.0
slandering,4.8995110287993256e-06,0.0,0.0,0.0
slang,0.0,0.0,0.0,1.904072811744321e-05
slanted,0.0,1.1245558004588187e-05,0.0,0.0
slanting,4.8995110287993256e-06,1.1245558004588187e-05,0.0,0.0
slapped,4.8995110287993256e-06,0.00010121002204129369,0.0,9.520364058721605e-06
slapping,4.8995110287993256e-06,0.0,0.0,0.0
slaps,4.8995110287993256e-06,0.0,0.0,0.0
slashed,0.0,0.0,0.0,9.520364058721605e-06
slate,0.0,0.0,0.0,1.904072811744321e-05
slave,1.9598044115197302e-05,0.0,1.6382163100815833e-05,9.520364058721605e-06
slavey,0.0,0.0,0.0,9.520364058721605e-06
slavish,4.8995110287993256e-06,0.0,0.0,0.0
slavishly,9.799022057598651e-06,0.0,0.0,0.0
slay,4.8995110287993256e-06,0.0,0.0,0.0
sled,0.0,2.2491116009176375e-05,0.0,0.0
sledges,0.0,1.1245558004588187e-05,0.0,0.0
sleds,0.0,1.1245558004588187e-05,0.0,0.0
sleep,0.00016168386395037774,0.0007309612702982322,2.457324465122375e-05,0.00010472400464593766
sleeper,0.0,0.0,0.0,2.8561092176164816e-05
sleepers,0.0,0.0,0.0,1.904072811744321e-05
sleepily,0.0,1.1245558004588187e-05,0.0,9.520364058721605e-06
sleeping,1.4698533086397977e-05,7.871890603211732e-05,8.191081550407916e-06,2.8561092176164816e-05
sleepless,4.8995110287993256e-06,0.0,8.191081550407916e-06,9.520364058721605e-06
sleeps,1.4698533086397977e-05,1.1245558004588187e-05,0.0,1.904072811744321e-05
sleepy,9.799022057598651e-06,0.00015743781206423464,0.0,2.8561092176164816e-05
sleeve,4.8995110287993256e-06,7.871890603211732e-05,0.0,4.760182029360803e-05
sleeved,0.0,1.1245558004588187e-05,0.0,0.0
sleeves,0.0,4.498223201835275e-05,8.191081550407916e-06,4.760182029360803e-05
slept,4.899511028799326e-05,0.00012370113805047008,8.191081550407916e-06,4.760182029360803e-05
sleuth,0.0,0.0,0.0,9.520364058721605e-06
slice,0.0,1.1245558004588187e-05,0.0,9.520364058721605e-06
sliced,4.8995110287993256e-06,1.1245558004588187e-05,0.0,0.0
slicked,0.0,1.1245558004588187e-05,0.0,0.0
slid,0.0,2.2491116009176375e-05,0.0,0.0
slide,0.0,1.1245558004588187e-05,0.0,9.520364058721605e-06
sliding,0.0,0.0,0.0,1.904072811744321e-05
slight,3.429657720159528e-05,1.1245558004588187e-05,0.0001556305494577504,0.0001428054608808241
slighted,4.8995110287993256e-06,0.0,2.457324465122375e-05,9.520364058721605e-06
slighter,0.0,0.0,0.0,9.520364058721605e-06
slightest,7.349266543198989e-05,1.1245558004588187e-05,2.457324465122375e-05,0.0
slightingly,0.0,0.0,8.191081550407916e-06,0.0
slightly,3.429657720159528e-05,0.0,3.2764326201631665e-05,1.904072811744321e-05
slim,1.4698533086397977e-05,0.0,0.0,1.904072811744321e-05
sling,4.8995110287993256e-06,0.0,0.0,0.0
slings,0.0,1.1245558004588187e-05,0.0,0.0
slink,0.0,0.0,0.0,9.520364058721605e-06
slip,0.00010288973160478584,1.1245558004588187e-05,0.0,7.616291246977284e-05
slipped,8.819119851838787e-05,1.1245558004588187e-05,0.0,0.00012376473276338087
slipper,0.0,0.0,0.0,9.520364058721605e-06
slippers,9.799022057598651e-06,0.0,0.0,2.8561092176164816e-05
slippery,4.8995110287993256e-06,2.2491116009176375e-05,0.0,9.520364058721605e-06
slipping,2.449755514399663e-05,2.2491116009176375e-05,0.0,2.8561092176164816e-05
slips,0.0,1.1245558004588187e-05,0.0,0.0
slit,0.0,1.1245558004588187e-05,8.191081550407916e-06,2.8561092176164816e-05
slits,0.0,0.0,0.0,9.520364058721605e-06
slitting,0.0,0.0,0.0,9.520364058721605e-06
slop,0.0,0.0,0.0,9.520364058721605e-06
slope,0.0,2.2491116009176375e-05,0.0,1.904072811744321e-05
sloped,0.0,1.1245558004588187e-05,0.0,0.0
slopes,0.0,2.2491116009176375e-05,0.0,9.520364058721605e-06
sloping,9.799022057598651e-06,0.0,8.191081550407916e-06,9.520364058721605e-06
slopping,0.0,1.1245558004588187e-05,0.0,0.0
sloppy,9.799022057598651e-06,1.1245558004588187e-05,0.0,0.0
slots,0.0,1.1245558004588187e-05,0.0,0.0
slovaks,0.0,1.1245558004588187e-05,0.0,0.0
sloven,4.8995110287993256e-06,0.0,0.0,0.0
slovenly,0.0,0.0,0.0,9.520364058721605e-06
slow,2.9397066172795955e-05,3.3736674013764564e-05,1.6382163100815833e-05,5.712218435232963e-05
slowed,0.0,1.1245558004588187e-05,0.0,0.0
slower,0.0,2.2491116009176375e-05,0.0,0.0
slowly,0.00016168386395037774,0.00021366560208717556,3.2764326201631665e-05,0.0001808869171157105
sluggishly,0.0,0.0,0.0,9.520364058721605e-06
slumber,0.0,0.0,0.0,9.520364058721605e-06
slums,0.0,0.0,0.0,9.520364058721605e-06
slung,0.0,3.3736674013764564e-05,0.0,9.520364058721605e-06
slurred,0.0,0.0,0.0,9.520364058721605e-06
slurring,0.0,0.0,0.0,9.520364058721605e-06
slush,0.0,4.498223201835275e-05,0.0,0.0
slushy,0.0,1.1245558004588187e-05,0.0,0.0
slut,4.8995110287993256e-06,0.0,0.0,9.520364058721605e-06
sly,6.369364337439124e-05,0.0,3.2764326201631665e-05,1.904072811744321e-05
slyly,4.8995110287993256e-06,0.0,0.0,0.0
slyness,1.4698533086397977e-05,0.0,1.6382163100815833e-05,0.0
smack,0.0,0.0,0.0,2.8561092176164816e-05
small,0.0001126887536623845,0.0004723134361927039,0.00018839487565938207,0.0007521087606390069
smaller,9.799022057598651e-06,1.1245558004588187e-05,0.0,1.904072811744321e-05
smallest,1.4698533086397977e-05,0.0,9.010189705448707e-05,1.904072811744321e-05
smallness,4.8995110287993256e-06,0.0,0.0,0.0
smart,2.449755514399663e-05,1.1245558004588187e-05,1.6382163100815833e-05,1.904072811744321e-05
smartened,4.8995110287993256e-06,0.0,0.0,0.0
smarter,0.0,0.0,0.0,9.520364058721605e-06
smartest,0.0,0.0,0.0,9.520364058721605e-06
smarting,0.0,0.0,0.0,9.520364058721605e-06
smartly,1.4698533086397977e-05,0.0,0.0,0.0
smartness,3.9196088230394604e-05,0.0,0.0,0.0
smashed,4.8995110287993256e-06,0.00010121002204129369,0.0,9.520364058721605e-06
smasher,0.0,0.0,0.0,9.520364058721605e-06
smashing,4.8995110287993256e-06,0.0,0.0,0.0
smear,0.0,0.0,0.0,9.520364058721605e-06
smeared,2.449755514399663e-05,0.0,0.0,0.0
smearing,9.799022057598651e-06,0.0,0.0,1.904072811744321e-05
smell,2.9397066172795955e-05,0.00010121002204129369,0.0,7.616291246977284e-05
smelled,0.0,0.00011245558004588187,0.0,0.0
smelling,9.799022057598651e-06,1.1245558004588187e-05,0.0,1.904072811744321e-05
smells,4.8995110287993256e-06,3.3736674013764564e-05,0.0,0.0
smelt,1.4698533086397977e-05,1.1245558004588187e-05,0.0,0.0
smile,0.0004164584374479427,3.3736674013764564e-05,0.00023754136496182955,6.664254841105123e-05
smiled,0.00017148288600797641,0.0005285412262156448,0.00014743946790734248,5.712218435232963e-05
smiles,9.799022057598651e-06,1.1245558004588187e-05,8.191081550407916e-05,9.520364058721605e-06
smiling,8.819119851838787e-05,2.2491116009176375e-05,8.191081550407916e-05,0.00015232582493954569
smilingly,0.0,0.0,1.6382163100815833e-05,0.0
smirched,4.8995110287993256e-06,0.0,0.0,0.0
smirks,0.0,0.0,8.191081550407916e-06,0.0
smistimento,0.0,1.1245558004588187e-05,0.0,0.0
smiting,4.8995110287993256e-06,0.0,0.0,0.0
smitten,9.799022057598651e-06,0.0,0.0,0.0
smoke,2.449755514399663e-05,8.99644640367055e-05,0.0,0.00013328509682210247
smoked,0.0,3.3736674013764564e-05,0.0,3.808145623488642e-05
smokeless,0.0,0.0,0.0,9.520364058721605e-06
smokes,0.0,0.0,0.0,1.904072811744321e-05
smoking,1.9598044115197302e-05,7.871890603211732e-05,0.0,3.808145623488642e-05
smoky,0.0,1.1245558004588187e-05,0.0,0.0
smoldering,4.8995110287993256e-06,0.0,0.0,0.0
smooth,9.799022057598651e-06,0.00015743781206423464,0.0,2.8561092176164816e-05
smoothed,1.9598044115197302e-05,0.0,0.0,9.520364058721605e-06
smoother,4.8995110287993256e-06,1.1245558004588187e-05,0.0,0.0
smoothing,0.0,0.0,0.0,9.520364058721605e-06
smoothly,9.799022057598651e-06,7.871890603211732e-05,8.191081550407916e-06,0.0
smoothness,0.0,0.0,0.0,9.520364058721605e-06
smote,4.8995110287993256e-06,0.0,0.0,0.0
smudge,0.0,0.0,0.0,9.520364058721605e-06
smutty,4.8995110287993256e-06,0.0,0.0,0.0
snake,4.8995110287993256e-06,5.6227790022940935e-05,0.0,4.760182029360803e-05
snakish,0.0,0.0,0.0,9.520364058721605e-06
snap,4.8995110287993256e-06,1.1245558004588187e-05,0.0,1.904072811744321e-05
snapped,1.9598044115197302e-05,3.3736674013764564e-05,0.0,1.904072811744321e-05
snapping,4.8995110287993256e-06,0.0,0.0,9.520364058721605e-06
snare,4.8995110287993256e-06,0.0,0.0,0.0
snarl,0.0,0.0,0.0,1.904072811744321e-05
snarled,0.0,0.0,0.0,1.904072811744321e-05
snatch,1.4698533086397977e-05,0.0,0.0,0.0
snatched,6.369364337439124e-05,0.0,0.0,1.904072811744321e-05
snatches,0.0,0.0,0.0,9.520364058721605e-06
snatching,2.449755514399663e-05,0.0,0.0,0.0
sneak,0.0,2.2491116009176375e-05,0.0,0.0
sneakiness,0.0,2.2491116009176375e-05,0.0,0.0
sneaking,0.0,2.2491116009176375e-05,0.0,0.0
sneaky,0.0,3.3736674013764564e-05,0.0,0.0
sneer,4.8995110287993256e-06,0.0,8.191081550407916e-06,4.760182029360803e-05
sneering,1.4698533086397977e-05,0.0,8.191081550407916e-06,0.0
sneeze,4.8995110287993256e-06,0.0,0.0,0.0
sneezing,4.8995110287993256e-06,0.0,0.0,0.0
sniffed,4.8995110287993256e-06,0.0,0.0,0.0
snigger,4.8995110287993256e-06,0.0,0.0,9.520364058721605e-06
sniggered,4.8995110287993256e-06,0.0,0.0,0.0
sniggering,1.4698533086397977e-05,0.0,0.0,0.0
snipers,0.0,1.1245558004588187e-05,0.0,0.0
snipped,0.0,1.1245558004588187e-05,0.0,0.0
snipping,0.0,1.1245558004588187e-05,0.0,0.0
snooty,0.0,1.1245558004588187e-05,0.0,0.0
snoring,4.8995110287993256e-06,0.0,0.0,9.520364058721605e-06
snow,4.8995110287993256e-06,0.0004948045522018803,0.0,0.00010472400464593766
snowing,0.0,4.498223201835275e-05,0.0,0.0
snowy,0.0,1.1245558004588187e-05,0.0,0.0
snub,9.799022057598651e-06,0.0,0.0,0.0
snuff,0.0,0.0,0.0,3.808145623488642e-05
snuffbox,0.0,0.0,0.0,9.520364058721605e-06
snug,9.799022057598651e-06,0.0,8.191081550407916e-06,9.520364058721605e-06
so,0.00443405748106339,0.002766407269128694,0.004865502440942302,0.004274643462366001
soaked,2.9397066172795955e-05,1.1245558004588187e-05,0.0,9.520364058721605e-06
soaking,9.799022057598651e-06,0.0,0.0,0.0
soap,1.4698533086397977e-05,1.1245558004588187e-05,0.0,0.0
soars,4.8995110287993256e-06,0.0,0.0,0.0
sob,0.0,1.1245558004588187e-05,0.0,1.904072811744321e-05
sobbed,1.4698533086397977e-05,5.6227790022940935e-05,0.0,1.904072811744321e-05
sobbing,1.9598044115197302e-05,0.0,0.0,9.520364058721605e-06
sobbingly,0.0,1.1245558004588187e-05,0.0,0.0
sober,1.4698533086397977e-05,0.0,0.0,9.520364058721605e-06
sobered,0.0,0.0,0.0,9.520364058721605e-06
sobering,4.8995110287993256e-06,0.0,0.0,0.0
soberly,9.799022057598651e-06,0.0,0.0,0.0
sobs,9.799022057598651e-06,0.0,0.0,0.0
social,5.389462131679259e-05,1.1245558004588187e-05,8.191081550407916e-06,2.8561092176164816e-05
socialist,4.8995110287993256e-06,2.2491116009176375e-05,0.0,0.0
socialists,4.8995110287993256e-06,5.6227790022940935e-05,0.0,0.0
societies,0.0,0.0,1.6382163100815833e-05,0.0
society,0.00013718630880638113,0.0,0.0002621146096130533,0.00013328509682210247
societys,0.0,0.0,0.0,9.520364058721605e-06
sock,5.389462131679259e-05,0.0,0.0,0.0
socket,0.0,1.1245558004588187e-05,0.0,9.520364058721605e-06
sockets,4.8995110287993256e-06,0.0,0.0,0.0
socks,1.4698533086397977e-05,1.1245558004588187e-05,0.0,9.520364058721605e-06
soda,0.0,0.00011245558004588187,0.0,1.904072811744321e-05
sodden,0.0,0.0,0.0,1.904072811744321e-05
sofa,0.0003772623492175481,0.0,0.0,8.568327652849445e-05
sofas,0.0,1.1245558004588187e-05,8.191081550407916e-06,0.0
soft,4.899511028799326e-05,7.871890603211732e-05,0.0,3.808145623488642e-05
soften,9.799022057598651e-06,0.0,0.0,0.0
softened,2.9397066172795955e-05,1.1245558004588187e-05,4.91464893024475e-05,9.520364058721605e-06
softer,4.8995110287993256e-06,0.0,0.0,9.520364058721605e-06
softly,0.00012248777571998316,7.871890603211732e-05,0.0,2.8561092176164816e-05
softness,9.799022057598651e-06,0.0,8.191081550407916e-06,0.0
sofya,0.00037236283818874877,0.0,0.0,0.0
soggy,0.0,1.1245558004588187e-05,0.0,0.0
soie,0.0,0.0,0.0,9.520364058721605e-06
soil,0.0,2.2491116009176375e-05,0.0,0.0
sojourning,4.8995110287993256e-06,0.0,0.0,0.0
solace,0.0,0.0,8.191081550407916e-06,0.0
solaced,0.0,0.0,8.191081550407916e-06,0.0
sold,4.4095599259193934e-05,3.3736674013764564e-05,0.0,6.664254841105123e-05
solder,0.0,0.0,0.0,9.520364058721605e-06
soldier,1.4698533086397977e-05,0.0003148756241284693,0.0,9.520364058721605e-06
soldiering,0.0,1.1245558004588187e-05,0.0,0.0
soldierly,4.8995110287993256e-06,0.0,0.0,0.0
soldiers,9.799022057598651e-06,0.00012370113805047008,8.191081550407916e-06,9.520364058721605e-06
sole,4.8995110287993256e-06,0.0,3.2764326201631665e-05,3.808145623488642e-05
soled,0.0,0.0,0.0,9.520364058721605e-06
solely,4.4095599259193934e-05,0.0,3.2764326201631665e-05,9.520364058721605e-06
solemn,0.0,1.1245558004588187e-05,4.095540775203958e-05,1.904072811744321e-05
solemnity,9.799022057598651e-06,0.0,4.095540775203958e-05,0.0
solemnly,9.799022057598651e-06,0.0,0.0,3.808145623488642e-05
soles,4.8995110287993256e-06,3.3736674013764564e-05,0.0,9.520364058721605e-06
solicit,0.0,0.0,8.191081550407916e-06,0.0
solicitation,0.0,0.0,8.191081550407916e-06,0.0
soliciting,0.0,0.0,1.6382163100815833e-05,0.0
solicitor,0.0,0.0,0.0,9.520364058721605e-06
solicitude,9.799022057598651e-06,0.0,6.552865240326333e-05,0.0
solid,1.4698533086397977e-05,4.498223201835275e-05,8.191081550407916e-06,4.760182029360803e-05
solidity,0.0,0.0,1.6382163100815833e-05,0.0
solitary,3.429657720159528e-05,0.0,3.2764326201631665e-05,0.0
solitude,2.449755514399663e-05,0.0,2.457324465122375e-05,9.520364058721605e-06
solon,4.8995110287993256e-06,0.0,0.0,0.0
solution,1.9598044115197302e-05,0.0,0.0,9.520364058721606e-05
solve,0.0,0.0,0.0,5.712218435232963e-05
solved,4.8995110287993256e-06,0.0,0.0,9.520364058721606e-05
sombre,1.9598044115197302e-05,0.0,0.0,3.808145623488642e-05
some,0.0019647039225485297,0.0021254104628671677,0.0017037449624848465,0.002322968830328072
somebody,2.9397066172795955e-05,0.00014619225405964643,6.552865240326333e-05,0.0
somebodys,4.8995110287993256e-06,1.1245558004588187e-05,0.0,0.0
somehow,0.00014208581983518045,2.2491116009176375e-05,1.6382163100815833e-05,9.520364058721605e-06
someone,0.0003037696837855582,0.0,0.0,0.0001808869171157105
someones,9.799022057598651e-06,0.0,8.191081550407916e-06,0.0
something,0.001430657220409403,0.0011133102424542305,0.0005979489531797779,0.0006188236638169043
sometime,4.8995110287993256e-06,0.0,0.0,0.0
sometimes,0.00037236283818874877,0.0005735234582339976,0.00029487893581468496,0.00011424436870465926
someway,4.8995110287993256e-06,0.0,0.0,0.0
somewhat,0.00012248777571998316,2.2491116009176375e-05,6.552865240326333e-05,7.616291246977284e-05
somewhere,0.00021557848526717035,8.99644640367055e-05,3.2764326201631665e-05,6.664254841105123e-05
somme,0.0,2.2491116009176375e-05,0.0,0.0
son,7.839217646078921e-05,0.00012370113805047008,0.00018020379410897414,0.00043793674670119387
song,5.389462131679259e-05,0.0,4.095540775203958e-05,0.0
songs,4.8995110287993256e-06,0.0,8.191081550407916e-06,9.520364058721605e-06
sonia,0.0018128190806557505,0.0,0.0,0.0
sonias,0.00015678435292157842,0.0,0.0,0.0
sonnet,0.0,0.0,8.191081550407916e-06,0.0
sons,1.4698533086397977e-05,2.2491116009176375e-05,1.6382163100815833e-05,5.712218435232963e-05
soon,0.0005046496359663305,0.0003148756241284693,0.0017774646964385178,0.0003712941982901426
sooner,4.899511028799326e-05,3.3736674013764564e-05,0.0001064840601553029,3.808145623488642e-05
soothe,9.799022057598651e-06,0.0,8.191081550407916e-06,0.0
soothed,4.8995110287993256e-06,0.0,8.191081550407916e-06,9.520364058721605e-06
soothing,4.8995110287993256e-06,0.0,0.0,3.808145623488642e-05
soothingly,0.0,0.0,0.0,9.520364058721605e-06
sophy,0.0,0.0,0.0,9.520364058721605e-06
sorcery,4.8995110287993256e-06,0.0,0.0,0.0
sore,4.8995110287993256e-06,4.498223201835275e-05,8.191081550407916e-06,9.520364058721605e-06
sorella,0.0,1.1245558004588187e-05,0.0,0.0
sorely,0.0,0.0,8.191081550407916e-06,9.520364058721605e-06
sorrel,9.799022057598651e-06,0.0,0.0,0.0
sorrow,1.4698533086397977e-05,0.0,3.2764326201631665e-05,2.8561092176164816e-05
sorrowful,1.4698533086397977e-05,0.0,0.0,0.0
sorry,0.0001322867977775818,0.00022491116009176374,0.00028668785426427703,9.520364058721606e-05
sort,0.0005144486580239292,0.00012370113805047008,0.0003030700173650929,0.00021896837335059693
sorted,0.0,1.1245558004588187e-05,0.0,0.0
sorts,0.00011758826469118382,2.2491116009176375e-05,0.0,0.0
soto,0.0,3.3736674013764564e-05,0.0,0.0
sots,0.0,0.0,0.0,9.520364058721605e-06
sottish,0.0,0.0,0.0,9.520364058721605e-06
soufflet,0.0,1.1245558004588187e-05,0.0,0.0
soufflé,0.0,1.1245558004588187e-05,0.0,0.0
sought,1.9598044115197302e-05,0.0,4.095540775203958e-05,9.520364058721605e-06
soul,0.00015678435292157842,3.3736674013764564e-05,1.6382163100815833e-05,9.520364058721606e-05
souls,0.0,0.0,0.0,9.520364058721605e-06
sound,0.0001126887536623845,5.6227790022940935e-05,6.552865240326333e-05,0.0002951312858203698
sounded,2.449755514399663e-05,3.3736674013764564e-05,0.0,1.904072811744321e-05
sounding,0.0,0.0,0.0,9.520364058721605e-06
soundly,1.4698533086397977e-05,0.0,0.0,0.0
sounds,6.859315440319056e-05,4.498223201835275e-05,8.191081550407916e-06,3.808145623488642e-05
soup,9.309070954718719e-05,0.00011245558004588187,1.6382163100815833e-05,0.0
sour,4.8995110287993256e-06,0.0,8.191081550407916e-06,9.520364058721605e-06
source,0.0,0.0,5.7337570852855414e-05,1.904072811744321e-05
sources,4.8995110287993256e-06,0.0,2.457324465122375e-05,0.0
sourly,4.8995110287993256e-06,0.0,0.0,0.0
sous,2.9397066172795955e-05,0.0,0.0,0.0
sousing,4.8995110287993256e-06,0.0,0.0,0.0
south,0.0,0.00016868337006882282,8.191081550407916e-06,6.664254841105123e-05
southampton,0.0,0.0,0.0,2.8561092176164816e-05
southern,0.0,0.0,0.0,3.808145623488642e-05
southertons,0.0,0.0,0.0,9.520364058721605e-06
souvenir,0.0,1.1245558004588187e-05,0.0,9.520364058721605e-06
sovereign,9.799022057598651e-06,0.0,0.0,4.760182029360803e-05
sovereigns,0.0,0.0,0.0,9.520364058721605e-06
sox,0.0,1.1245558004588187e-05,0.0,0.0
space,4.4095599259193934e-05,2.2491116009176375e-05,1.6382163100815833e-05,9.520364058721605e-06
spaced,0.0,1.1245558004588187e-05,0.0,0.0
spacious,4.8995110287993256e-06,0.0,8.191081550407916e-06,0.0
spaghetti,0.0,7.871890603211732e-05,0.0,0.0
spain,0.0,1.1245558004588187e-05,0.0,0.0
span,4.8995110287993256e-06,1.1245558004588187e-05,0.0,9.520364058721605e-06
spanish,0.0,1.1245558004588187e-05,8.191081550407916e-06,0.0
spare,3.9196088230394604e-05,1.1245558004588187e-05,4.91464893024475e-05,7.616291246977284e-05
spared,1.4698533086397977e-05,0.0,7.371973395367124e-05,1.904072811744321e-05
sparing,4.8995110287993256e-06,0.0,0.0,0.0
spark,9.799022057598651e-06,0.0,0.0,2.8561092176164816e-05
sparked,0.0,1.1245558004588187e-05,0.0,0.0
sparkled,0.0,0.0,1.6382163100815833e-05,1.904072811744321e-05
sparkles,0.0,0.0,0.0,9.520364058721605e-06
sparrow,1.4698533086397977e-05,0.0,0.0,0.0
sparrows,0.0,1.1245558004588187e-05,0.0,0.0
spars,0.0,0.0,8.191081550407916e-06,0.0
spasm,9.799022057598651e-06,0.0,0.0,0.0
spasms,0.0,0.0,8.191081550407916e-06,0.0
spat,9.799022057598651e-06,1.1245558004588187e-05,0.0,0.0
spattered,1.4698533086397977e-05,0.0,0.0,9.520364058721605e-06
spaulding,0.0,0.0,0.0,7.616291246977284e-05
speak,0.0005781423013983205,7.871890603211732e-05,0.0005406113823269225,0.00019040728117443212
speaker,2.9397066172795955e-05,0.0,8.191081550407916e-06,0.0
speaking,0.0003037696837855582,5.6227790022940935e-05,0.0002621146096130533,2.8561092176164816e-05
speaks,1.4698533086397977e-05,1.1245558004588187e-05,2.457324465122375e-05,1.904072811744321e-05
special,0.00020577946320957167,5.6227790022940935e-05,1.6382163100815833e-05,3.808145623488642e-05
specialist,4.8995110287993256e-06,0.0,0.0,9.520364058721605e-06
specially,9.799022057598651e-06,0.0,0.0,0.0
specialty,9.799022057598651e-06,0.0,0.0,0.0
species,4.8995110287993256e-06,0.0,0.0,0.0
specimen,4.8995110287993256e-06,0.0,0.0,1.904072811744321e-05
specimens,4.8995110287993256e-06,0.0,0.0,0.0
speciously,0.0,0.0,0.0,9.520364058721605e-06
speck,4.8995110287993256e-06,0.0,0.0,0.0
speckled,0.0,0.0,0.0,2.8561092176164816e-05
speckles,0.0,0.0,0.0,9.520364058721605e-06
specks,4.8995110287993256e-06,0.0,0.0,0.0
spectacle,1.9598044115197302e-05,0.0,0.0,1.904072811744321e-05
spectacles,4.8995110287993256e-06,2.2491116009176375e-05,0.0,9.520364058721605e-06
spectator,4.8995110287993256e-06,0.0,0.0,0.0
spectators,1.9598044115197302e-05,0.0,0.0,9.520364058721605e-06
speculation,0.0,0.0,8.191081550407916e-06,0.0
speculator,4.8995110287993256e-06,0.0,0.0,0.0
speech,4.4095599259193934e-05,0.0,9.8292978604895e-05,5.712218435232963e-05
speeches,9.799022057598651e-06,0.0,2.457324465122375e-05,0.0
speechifying,4.8995110287993256e-06,0.0,0.0,0.0
speechless,4.8995110287993256e-06,0.0,0.0,0.0
speed,0.0,0.0,8.191081550407916e-06,9.520364058721605e-06
speediest,0.0,0.0,8.191081550407916e-06,0.0
speedily,0.0,0.0,4.91464893024475e-05,2.8561092176164816e-05
speeding,0.0,0.0,0.0,9.520364058721605e-06
speedy,4.8995110287993256e-06,0.0,1.6382163100815833e-05,9.520364058721605e-06
spell,4.8995110287993256e-06,0.0,0.0,9.520364058721605e-06
spellbound,0.0,0.0,0.0,9.520364058721605e-06
spelling,4.8995110287993256e-06,0.0,0.0,0.0
spence,0.0,0.0,0.0,1.904072811744321e-05
spend,8.329168748958855e-05,2.2491116009176375e-05,0.0001064840601553029,5.712218435232963e-05
spending,1.9598044115197302e-05,0.0,4.095540775203958e-05,0.0
spent,0.00010288973160478584,2.2491116009176375e-05,0.00018020379410897414,9.520364058721606e-05
spermaceti,4.8995110287993256e-06,0.0,0.0,0.0
sphere,0.0,0.0,1.6382163100815833e-05,0.0
spherical,0.0,1.1245558004588187e-05,0.0,0.0
spices,0.0,1.1245558004588187e-05,0.0,0.0
spick,4.8995110287993256e-06,0.0,0.0,0.0
spider,9.799022057598651e-06,0.0,0.0,0.0
spiders,9.799022057598651e-06,0.0,0.0,0.0
spies,0.0,0.0,0.0,1.904072811744321e-05
spiles,0.0,1.1245558004588187e-05,0.0,0.0
spilled,0.0,5.6227790022940935e-05,0.0,0.0
spilling,4.8995110287993256e-06,0.0,0.0,0.0
spilt,4.8995110287993256e-06,0.0,0.0,0.0
spine,2.9397066172795955e-05,0.0,0.0,9.520364058721605e-06
spinner,0.0,3.3736674013764564e-05,0.0,0.0
spinning,0.0,1.1245558004588187e-05,0.0,1.904072811744321e-05
spinster,0.0,0.0,0.0,9.520364058721605e-06
spiral,4.8995110287993256e-06,0.0,0.0,0.0
spirit,4.4095599259193934e-05,1.1245558004588187e-05,7.371973395367124e-05,9.520364058721605e-06
spirited,2.449755514399663e-05,0.0,8.191081550407916e-06,0.0
spiritless,0.0,0.0,1.6382163100815833e-05,0.0
spirits,1.9598044115197302e-05,0.0,0.0003194521804659087,5.712218435232963e-05
spiritual,9.799022057598651e-06,0.0,0.0,0.0
spit,1.9598044115197302e-05,1.1245558004588187e-05,0.0,0.0
spite,0.00024007604041116696,0.0,0.00018839487565938207,9.520364058721606e-05
spiteful,2.9397066172795955e-05,0.0,8.191081550407916e-06,0.0
spitting,9.799022057598651e-06,0.0,0.0,0.0
splash,0.0,1.1245558004588187e-05,0.0,2.8561092176164816e-05
splashed,0.0,2.2491116009176375e-05,0.0,9.520364058721605e-06
splashing,0.0,1.1245558004588187e-05,0.0,9.520364058721605e-06
spleen,1.4698533086397977e-05,0.0,8.191081550407916e-06,0.0
splendid,5.879413234559191e-05,0.00033736674013764564,3.2764326201631665e-05,9.520364058721605e-06
splendidly,9.799022057598651e-06,0.0,0.0,9.520364058721605e-06
splendor,0.0,1.1245558004588187e-05,0.0,0.0
splendors,0.0,1.1245558004588187e-05,0.0,0.0
splendour,0.0,0.0,8.191081550407916e-06,9.520364058721605e-06
splinter,4.8995110287993256e-06,0.0,0.0,0.0
splintered,0.0,1.1245558004588187e-05,0.0,0.0
splinters,0.0,1.1245558004588187e-05,0.0,0.0
split,9.799022057598651e-06,0.0,0.0,0.0
splutter,4.8995110287993256e-06,0.0,0.0,0.0
spluttering,9.799022057598651e-06,0.0,0.0,0.0
spoil,1.9598044115197302e-05,1.1245558004588187e-05,0.0,0.0
spoiled,4.8995110287993256e-06,0.0,8.191081550407916e-06,1.904072811744321e-05
spoils,0.0,0.0,0.0,9.520364058721605e-06
spoilt,0.0,0.0,8.191081550407916e-06,0.0
spoke,0.00016168386395037774,0.00016868337006882282,0.00035221650666754036,0.00025704982958548334
spoken,0.00010288973160478584,1.1245558004588187e-05,0.00013105730480652666,0.00012376473276338087
spokesman,0.0,0.0,8.191081550407916e-06,0.0
sponge,0.0,0.0,0.0,2.8561092176164816e-05
sponged,0.0,0.0,0.0,9.520364058721605e-06
spongy,0.0,0.0,0.0,9.520364058721605e-06
spontaneous,9.799022057598651e-06,0.0,0.0,0.0
spontaneously,1.4698533086397977e-05,0.0,0.0,0.0
spoon,2.449755514399663e-05,0.0,0.0,0.0
spoonful,1.4698533086397977e-05,0.0,0.0,0.0
spoonfuls,2.449755514399663e-05,0.0,0.0,0.0
spoons,1.9598044115197302e-05,1.1245558004588187e-05,0.0,0.0
sporadic,0.0,0.0,0.0,9.520364058721605e-06
sporchissimo,0.0,1.1245558004588187e-05,0.0,0.0
sport,9.799022057598651e-06,0.00019117448607799918,3.2764326201631665e-05,9.520364058721605e-06
sportive,0.0,0.0,8.191081550407916e-06,0.0
sports,0.0,1.1245558004588187e-05,8.191081550407916e-06,0.0
sportsman,0.0,1.1245558004588187e-05,0.0,0.0
sportsmen,0.0,0.0,8.191081550407916e-06,0.0
spot,9.309070954718719e-05,0.0,5.7337570852855414e-05,2.8561092176164816e-05
spotless,4.8995110287993256e-06,0.0,0.0,0.0
spots,1.4698533086397977e-05,0.0,1.6382163100815833e-05,9.520364058721605e-06
spotted,0.0,0.0,0.0,2.8561092176164816e-05
spotty,9.799022057598651e-06,0.0,0.0,0.0
spouse,4.8995110287993256e-06,0.0,0.0,0.0
spouting,0.0,0.0,0.0,9.520364058721605e-06
sprained,0.0,0.0,8.191081550407916e-06,0.0
sprang,9.799022057598651e-06,0.0,8.191081550407916e-06,0.00021896837335059693
spread,2.449755514399663e-05,0.00010121002204129369,2.457324465122375e-05,1.904072811744321e-05
spreading,4.8995110287993256e-06,0.0,8.191081550407916e-06,9.520364058721605e-06
spree,9.799022057598651e-06,0.0,0.0,0.0
sprig,0.0,0.0,0.0,9.520364058721605e-06
spring,2.9397066172795955e-05,0.00015743781206423464,4.095540775203958e-05,5.712218435232963e-05
springing,4.8995110287993256e-06,0.0,1.6382163100815833e-05,2.8561092176164816e-05
springs,4.8995110287993256e-06,1.1245558004588187e-05,8.191081550407916e-06,9.520364058721605e-06
sprinkled,4.8995110287993256e-06,0.0,0.0,0.0
sprung,1.9598044115197302e-05,0.0,0.0,1.904072811744321e-05
spun,0.0,3.3736674013764564e-05,0.0,9.520364058721605e-06
spur,0.0,0.0,8.191081550407916e-06,0.0
spurned,0.0,0.0,8.191081550407916e-06,0.0
spy,4.8995110287993256e-06,0.0,0.0,0.0
squabbled,0.0,1.1245558004588187e-05,0.0,0.0
squabbles,4.8995110287993256e-06,0.0,0.0,0.0
squabbling,9.799022057598651e-06,0.0,0.0,0.0
squalid,0.0,0.0,0.0,9.520364058721605e-06
squander,0.0,0.0,0.0,9.520364058721605e-06
squandering,4.8995110287993256e-06,0.0,0.0,0.0
square,5.389462131679259e-05,0.00015743781206423464,0.0,0.00023800910146804015
squares,4.8995110287993256e-06,0.0,0.0,0.0
squat,0.0,0.0,0.0,9.520364058721605e-06
squatted,0.0,1.1245558004588187e-05,0.0,9.520364058721605e-06
squatting,4.8995110287993256e-06,0.0,0.0,0.0
squeaked,0.0,1.1245558004588187e-05,0.0,0.0
squealed,9.799022057598651e-06,0.0,0.0,0.0
squealing,1.4698533086397977e-05,0.0,0.0,0.0
squeals,4.8995110287993256e-06,0.0,0.0,0.0
squeamish,0.0,0.0,8.191081550407916e-06,0.0
squeeze,1.4698533086397977e-05,0.0,0.0,0.0
squeezed,6.859315440319056e-05,1.1245558004588187e-05,0.0,9.520364058721605e-06
squeezing,3.429657720159528e-05,0.0,0.0,0.0
squire,0.0,0.0,0.0,9.520364058721605e-06
st,9.799022057598651e-06,2.2491116009176375e-05,5.7337570852855414e-05,0.0007806698528151717
stabbed,2.449755514399663e-05,0.0,0.0,9.520364058721605e-06
stabbing,4.8995110287993256e-06,0.0,0.0,0.0
stability,0.0,0.0,8.191081550407916e-06,0.0
stable,4.8995110287993256e-06,3.3736674013764564e-05,0.0,8.568327652849445e-05
stables,0.0,2.2491116009176375e-05,8.191081550407916e-06,9.520364058721605e-06
staccato,0.0,0.0,0.0,9.520364058721605e-06
staff,0.0,6.747334802752913e-05,0.0,9.520364058721605e-06
stage,1.4698533086397977e-05,0.0,8.191081550407916e-06,3.808145623488642e-05
stages,9.799022057598651e-06,0.0,0.0,9.520364058721605e-06
stagger,0.0,0.0,0.0,9.520364058721605e-06
staggered,9.799022057598651e-06,0.0,8.191081550407916e-06,5.712218435232963e-05
staggering,1.9598044115197302e-05,0.0,0.0,9.520364058721605e-06
stagnant,4.8995110287993256e-06,0.0,0.0,9.520364058721605e-06
stagnating,4.8995110287993256e-06,0.0,0.0,0.0
stain,0.0,0.0,0.0,1.904072811744321e-05
stained,3.9196088230394604e-05,0.0,0.0,3.808145623488642e-05
staining,0.0,0.0,0.0,9.520364058721605e-06
stains,3.429657720159528e-05,0.0,0.0,4.760182029360803e-05
stair,0.0,0.0,0.0,8.568327652849445e-05
staircase,0.00015678435292157842,0.0,1.6382163100815833e-05,0.0
staircases,4.8995110287993256e-06,0.0,0.0,9.520364058721605e-06
stairs,0.0003821618602463474,0.00023615671809635195,5.7337570852855414e-05,0.00012376473276338087
stairway,0.0,2.2491116009176375e-05,0.0,0.0
stake,4.8995110287993256e-06,2.2491116009176375e-05,0.0,2.8561092176164816e-05
stakes,0.0,2.2491116009176375e-05,0.0,0.0
stale,1.4698533086397977e-05,1.1245558004588187e-05,0.0,9.520364058721605e-06
stalk,0.0,1.1245558004588187e-05,0.0,0.0
stalked,0.0,0.0,0.0,9.520364058721605e-06
stalks,4.8995110287993256e-06,0.0,0.0,0.0
stall,0.0,0.0,0.0,2.8561092176164816e-05
stalled,0.0,5.6227790022940935e-05,0.0,0.0
stalls,0.0,0.0,0.0,2.8561092176164816e-05
stammer,9.799022057598651e-06,0.0,0.0,0.0
stammered,4.8995110287993256e-06,0.0,0.0,1.904072811744321e-05
stammering,4.8995110287993256e-06,0.0,0.0,0.0
stammers,1.4698533086397977e-05,0.0,0.0,0.0
stamp,4.8995110287993256e-06,0.0,8.191081550407916e-06,9.520364058721605e-06
stamped,9.799022057598651e-06,0.0,0.0,9.520364058721605e-06
stamping,4.8995110287993256e-06,1.1245558004588187e-05,0.0,9.520364058721605e-06
stand,0.0001665833749791771,0.00015743781206423464,8.191081550407916e-05,7.616291246977284e-05
standard,4.8995110287993256e-06,0.0,0.0,9.520364058721605e-06
standi,0.0,0.0,0.0,9.520364058721605e-06
standing,0.00044095599259193934,0.00033736674013764564,0.0001064840601553029,0.00021896837335059693
standpoint,0.0,0.0,0.0,9.520364058721605e-06
stands,2.9397066172795955e-05,2.2491116009176375e-05,1.6382163100815833e-05,5.712218435232963e-05
standstill,4.8995110287993256e-06,0.0,0.0,0.0
stanzas,0.0,0.0,8.191081550407916e-06,0.0
staples,0.0,0.0,0.0,9.520364058721605e-06
star,0.0,2.2491116009176375e-05,0.0,8.568327652849445e-05
starched,4.8995110287993256e-06,0.0,0.0,0.0
stare,3.429657720159528e-05,0.0,0.0,2.8561092176164816e-05
stared,0.00014208581983518045,1.1245558004588187e-05,4.095540775203958e-05,5.712218435232963e-05
stares,0.0,0.0,0.0,9.520364058721605e-06
staring,8.819119851838787e-05,0.0,0.0,5.712218435232963e-05
stark,0.0,0.0,0.0,8.568327652849445e-05
stars,0.0,0.00013494669605505826,0.0,2.8561092176164816e-05
start,6.369364337439124e-05,0.0003711034141514102,1.6382163100815833e-05,0.00012376473276338087
started,0.0001322867977775818,0.0008883990823624668,3.2764326201631665e-05,0.00022848873740931853
starter,0.0,1.1245558004588187e-05,0.0,0.0
starting,2.449755514399663e-05,7.871890603211732e-05,8.191081550407916e-06,3.808145623488642e-05
startled,1.9598044115197302e-05,0.0,1.6382163100815833e-05,7.616291246977284e-05
startling,0.0,0.0,0.0,9.520364058721605e-06
starts,0.0,4.498223201835275e-05,0.0,0.0
starvation,4.8995110287993256e-06,0.0,0.0,0.0
starve,4.8995110287993256e-06,0.0,8.191081550407916e-06,0.0
starved,4.8995110287993256e-06,1.1245558004588187e-05,0.0,0.0
starving,2.449755514399663e-05,0.0,0.0,9.520364058721605e-06
state,0.00010288973160478584,3.3736674013764564e-05,0.0001556305494577504,0.00011424436870465926
stated,9.799022057598651e-06,0.0,1.6382163100815833e-05,3.808145623488642e-05
stateliness,0.0,0.0,8.191081550407916e-06,0.0
stately,0.0,0.0,2.457324465122375e-05,2.8561092176164816e-05
statement,2.9397066172795955e-05,3.3736674013764564e-05,1.6382163100815833e-05,0.00011424436870465926
statements,0.0,0.0,0.0,9.520364058721605e-06
states,4.8995110287993256e-06,4.498223201835275e-05,0.0,6.664254841105123e-05
statesman,9.799022057598651e-06,0.0,0.0,0.0
stating,0.0,0.0,2.457324465122375e-05,0.0
station,0.00013718630880638113,0.0004948045522018803,1.6382163100815833e-05,0.00026657019364420494
stationary,0.0,1.1245558004588187e-05,0.0,0.0
stationed,0.0,1.1245558004588187e-05,2.457324465122375e-05,0.0
stations,0.0,4.498223201835275e-05,0.0,0.0
statue,0.0,1.1245558004588187e-05,0.0,0.0
status,0.0,1.1245558004588187e-05,0.0,9.520364058721605e-06
stay,0.000210678974238371,0.0005847690162385857,0.0003112610989155008,8.568327652849445e-05
stayed,4.899511028799326e-05,0.000179928928073411,6.552865240326333e-05,0.0
staying,4.4095599259193934e-05,1.1245558004588187e-05,8.191081550407916e-05,3.808145623488642e-05
stays,0.0,1.1245558004588187e-05,8.191081550407916e-06,0.0
stazione,0.0,1.1245558004588187e-05,0.0,0.0
steadfast,0.0,0.0,8.191081550407916e-06,0.0
steadfastly,0.0,0.0,2.457324465122375e-05,0.0
steadily,1.4698533086397977e-05,8.99644640367055e-05,2.457324465122375e-05,9.520364058721605e-06
steadiness,0.0,0.0,8.191081550407916e-06,0.0
steadings,0.0,0.0,0.0,9.520364058721605e-06
steady,0.0,0.0,9.8292978604895e-05,9.520364058721605e-06
steak,4.8995110287993256e-06,1.1245558004588187e-05,0.0,0.0
steal,2.449755514399663e-05,0.0,0.0,9.520364058721605e-06
stealing,1.4698533086397977e-05,0.0,0.0,0.0
steals,9.799022057598651e-06,0.0,0.0,0.0
stealthily,1.9598044115197302e-05,0.0,0.0,1.904072811744321e-05
steam,4.8995110287993256e-06,0.0,0.0,9.520364058721605e-06
steamboats,0.0,0.0,0.0,9.520364058721605e-06
steamed,0.0,1.1245558004588187e-05,0.0,9.520364058721605e-06
steamer,4.8995110287993256e-06,0.0,0.0,9.520364058721605e-06
steaming,0.0,1.1245558004588187e-05,0.0,9.520364058721605e-06
steed,4.8995110287993256e-06,0.0,0.0,0.0
steel,2.449755514399663e-05,0.00012370113805047008,0.0,3.808145623488642e-05
steely,0.0,0.0,0.0,9.520364058721605e-06
steep,9.799022057598651e-06,5.6227790022940935e-05,0.0,9.520364058721605e-06
steeple,4.8995110287993256e-06,0.0,0.0,0.0
steeplechase,0.0,1.1245558004588187e-05,0.0,0.0
steeply,0.0,4.498223201835275e-05,0.0,0.0
steer,0.0,2.2491116009176375e-05,0.0,0.0
stem,0.0,0.0,8.191081550407916e-06,0.0
stench,2.9397066172795955e-05,0.0,0.0,0.0
step,0.00019598044115197303,0.00010121002204129369,0.00013105730480652666,0.00022848873740931853
stepdaughter,4.8995110287993256e-06,0.0,0.0,9.520364058721605e-06
stepdaughters,0.0,0.0,0.0,9.520364058721605e-06
stepfather,0.0,0.0,0.0,0.0001808869171157105
stepfathers,0.0,0.0,0.0,1.904072811744321e-05
stepmother,1.4698533086397977e-05,0.0,0.0,9.520364058721605e-06
steppe,4.8995110287993256e-06,0.0,0.0,0.0
stepped,8.819119851838787e-05,0.00015743781206423464,8.191081550407916e-06,8.568327652849445e-05
stepping,4.8995110287993256e-06,1.1245558004588187e-05,8.191081550407916e-06,2.8561092176164816e-05
steps,0.00023517652938236764,4.498223201835275e-05,4.095540775203958e-05,0.00023800910146804015
stern,4.899511028799326e-05,0.00010121002204129369,0.0,9.520364058721605e-06
sterner,9.799022057598651e-06,0.0,0.0,9.520364058721605e-06
sternly,4.899511028799326e-05,0.0,0.0,1.904072811744321e-05
stethoscope,0.0,0.0,0.0,9.520364058721605e-06
stevedore,0.0,0.0,0.0,9.520364058721605e-06
stevenson,0.0,0.0,0.0,9.520364058721605e-06
stew,4.8995110287993256e-06,5.6227790022940935e-05,0.0,0.0
steward,0.0,0.0,4.095540775203958e-05,0.0
stick,9.799022057598651e-06,0.00010121002204129369,0.0,4.760182029360803e-05
sticking,9.799022057598651e-06,0.0,0.0,1.904072811744321e-05
sticks,9.799022057598651e-06,0.0,0.0,1.904072811744321e-05
sticky,1.9598044115197302e-05,2.2491116009176375e-05,0.0,0.0
stiff,9.799022057598651e-06,7.871890603211732e-05,0.0,1.904072811744321e-05
stiffen,0.0,1.1245558004588187e-05,0.0,0.0
stiffened,0.0,3.3736674013764564e-05,0.0,0.0
stiffly,4.8995110287993256e-06,1.1245558004588187e-05,8.191081550407916e-06,0.0
stiffness,0.0,0.0,1.6382163100815833e-05,9.520364058721605e-06
stifle,4.8995110287993256e-06,0.0,0.0,0.0
stifled,1.4698533086397977e-05,0.0,0.0,0.0
stifling,5.389462131679259e-05,0.0,0.0,0.0
stile,0.0,0.0,0.0,1.904072811744321e-05
stiles,0.0,0.0,8.191081550407916e-06,0.0
still,0.0013179684667470187,0.0006972245962844676,0.0006061400347301858,0.0007616291246977285
stillness,9.799022057598651e-06,0.0,0.0,1.904072811744321e-05
stimulant,0.0,1.1245558004588187e-05,0.0,9.520364058721605e-06
stimulated,4.8995110287993256e-06,0.0,0.0,0.0
stimulating,4.8995110287993256e-06,0.0,0.0,0.0
stimulus,4.8995110287993256e-06,0.0,0.0,0.0
sting,4.8995110287993256e-06,1.1245558004588187e-05,0.0,0.0
stinginess,4.8995110287993256e-06,0.0,0.0,0.0
stinging,0.0,1.1245558004588187e-05,0.0,0.0
stinketh,4.8995110287993256e-06,0.0,0.0,0.0
stinking,1.4698533086397977e-05,0.0,0.0,0.0
stinks,0.0,2.2491116009176375e-05,0.0,0.0
stir,1.9598044115197302e-05,0.0,8.191081550407916e-06,0.0
stirred,2.449755514399663e-05,1.1245558004588187e-05,0.0,9.520364058721605e-06
stirring,1.9598044115197302e-05,2.2491116009176375e-05,8.191081550407916e-06,2.8561092176164816e-05
stirs,0.0,0.0,8.191081550407916e-06,0.0
stitches,0.0,1.1245558004588187e-05,0.0,0.0
stock,9.799022057598651e-06,2.2491116009176375e-05,0.0,4.760182029360803e-05
stocked,0.0,0.0,0.0,9.520364058721605e-06
stockingless,4.8995110287993256e-06,0.0,0.0,0.0
stockings,2.9397066172795955e-05,1.1245558004588187e-05,8.191081550407916e-06,0.0
stocks,4.8995110287993256e-06,0.0,0.0,0.0
stockyards,0.0,2.2491116009176375e-05,0.0,0.0
stoke,0.0,0.0,8.191081550407916e-06,0.00010472400464593766
stole,4.4095599259193934e-05,0.0,8.191081550407916e-06,1.904072811744321e-05
stolen,2.9397066172795955e-05,1.1245558004588187e-05,0.0,4.760182029360803e-05
stolidly,4.8995110287993256e-06,0.0,0.0,0.0
stomach,4.8995110287993256e-06,0.00014619225405964643,0.0,0.0
stomachs,0.0,2.2491116009176375e-05,0.0,0.0
stone,0.00015678435292157842,0.000359857856146822,1.6382163100815833e-05,0.0002951312858203698
stoner,0.0,0.0,0.0,0.0001808869171157105
stones,2.449755514399663e-05,0.0,0.0,6.664254841105123e-05
stony,0.0,1.1245558004588187e-05,0.0,0.0
stood,0.000857414430039882,0.0006297512482569386,0.00011467514170571083,0.0003332127420552562
stool,0.0,2.2491116009176375e-05,0.0,9.520364058721605e-06
stoop,9.799022057598651e-06,0.0,0.0,9.520364058721605e-06
stooped,3.429657720159528e-05,3.3736674013764564e-05,0.0,1.904072811744321e-05
stooping,1.4698533086397977e-05,0.0,0.0,9.520364058721605e-06
stop,9.309070954718719e-05,0.0005060501102064685,3.2764326201631665e-05,8.568327652849445e-05
stoper,0.0,0.0,0.0,5.712218435232963e-05
stopped,0.0002449755514399663,0.0006859790382798795,4.91464893024475e-05,7.616291246977284e-05
stoppered,0.0,1.1245558004588187e-05,0.0,0.0
stopping,5.879413234559191e-05,3.3736674013764564e-05,2.457324465122375e-05,9.520364058721605e-06
stops,0.0,1.1245558004588187e-05,0.0,0.0
store,1.4698533086397977e-05,2.2491116009176375e-05,0.0,0.0
stored,4.8995110287993256e-06,0.0,0.0,9.520364058721605e-06
stores,0.0,1.1245558004588187e-05,0.0,0.0
storey,8.329168748958855e-05,0.0,0.0,0.0
storeys,2.9397066172795955e-05,0.0,0.0,0.0
storied,9.799022057598651e-06,0.0,0.0,1.904072811744321e-05
stories,1.4698533086397977e-05,0.0,0.0,3.808145623488642e-05
storing,0.0,0.0,8.191081550407916e-06,0.0
storm,1.9598044115197302e-05,0.00010121002204129369,1.6382163100815833e-05,1.904072811744321e-05
stormed,4.8995110287993256e-06,1.1245558004588187e-05,0.0,0.0
storms,4.8995110287993256e-06,0.0,0.0,0.0
stormy,4.8995110287993256e-06,0.0,0.0,9.520364058721605e-06
story,0.00022047799629596967,8.99644640367055e-05,7.371973395367124e-05,0.0003332127420552562
stout,3.9196088230394604e-05,0.0,1.6382163100815833e-05,6.664254841105123e-05
stoutly,4.8995110287993256e-06,0.0,8.191081550407916e-06,9.520364058721605e-06
stove,3.9196088230394604e-05,0.00010121002204129369,0.0,0.0
stoves,4.8995110287993256e-06,0.0,0.0,0.0
stragglers,0.0,3.3736674013764564e-05,0.0,0.0
straggling,0.0,0.0,0.0,9.520364058721605e-06
straight,0.0003478652830447521,0.000179928928073411,0.0,7.616291246977284e-05
straighten,0.0,1.1245558004588187e-05,0.0,1.904072811744321e-05
straightened,0.0,6.747334802752913e-05,0.0,1.904072811744321e-05
straightforward,1.4698533086397977e-05,0.0,0.0,0.0
strain,9.799022057598651e-06,2.2491116009176375e-05,0.0,1.904072811744321e-05
strained,2.9397066172795955e-05,2.2491116009176375e-05,0.0,0.0
straining,1.4698533086397977e-05,0.0,0.0,9.520364058721605e-06
strand,0.0,0.0,0.0,9.520364058721605e-06
stranded,4.8995110287993256e-06,0.0,0.0,0.0
strands,0.0,2.2491116009176375e-05,0.0,0.0
strange,0.0006222379006575144,0.000179928928073411,8.191081550407916e-05,0.00043793674670119387
strangely,0.00010778924263358517,1.1245558004588187e-05,8.191081550407916e-06,0.0
strangeness,4.8995110287993256e-06,0.0,8.191081550407916e-06,0.0
stranger,8.329168748958855e-05,0.0,9.8292978604895e-05,5.712218435232963e-05
strangers,1.9598044115197302e-05,0.0,4.095540775203958e-05,1.904072811744321e-05
strangest,1.4698533086397977e-05,0.0,0.0,9.520364058721605e-06
strangle,4.8995110287993256e-06,0.0,0.0,0.0
strangled,9.799022057598651e-06,0.0,0.0,0.0
stratagem,4.8995110287993256e-06,0.0,0.0,0.0
stratagems,0.0,0.0,8.191081550407916e-06,0.0
strategical,0.0,1.1245558004588187e-05,0.0,0.0
straw,3.429657720159528e-05,3.3736674013764564e-05,0.0,1.904072811744321e-05
strawberries,0.0,3.3736674013764564e-05,0.0,0.0
straws,4.8995110287993256e-06,0.0,8.191081550407916e-06,0.0
stray,4.8995110287993256e-06,0.0,0.0,0.0
strayed,1.9598044115197302e-05,0.0,0.0,9.520364058721605e-06
streak,4.8995110287993256e-06,0.0,0.0,0.0
streaked,4.8995110287993256e-06,0.0,0.0,9.520364058721605e-06
stream,1.4698533086397977e-05,0.00010121002204129369,3.2764326201631665e-05,4.760182029360803e-05
streamed,9.799022057598651e-06,0.0,0.0,1.904072811744321e-05
streaming,1.4698533086397977e-05,0.0,0.0,9.520364058721605e-06
streams,9.799022057598651e-06,0.0,0.0,0.0
streatham,0.0,0.0,0.0,3.808145623488642e-05
street,0.0005144486580239292,0.0005622779002294094,0.0001556305494577504,0.0007901902168738933
streets,6.859315440319056e-05,7.871890603211732e-05,8.191081550407916e-06,0.00011424436870465926
strega,0.0,2.2491116009176375e-05,0.0,0.0
strength,0.00014698533086397977,2.2491116009176375e-05,4.91464893024475e-05,0.00010472400464593766
strengthen,0.0,0.0,0.0,1.904072811744321e-05
strengthened,9.799022057598651e-06,0.0,0.0,0.0
strenuously,0.0,0.0,1.6382163100815833e-05,9.520364058721605e-06
stresa,0.0,0.00010121002204129369,0.0,0.0
stress,1.9598044115197302e-05,0.0,8.191081550407916e-06,9.520364058721605e-06
stretch,0.0,1.1245558004588187e-05,1.6382163100815833e-05,9.520364058721605e-06
stretched,2.9397066172795955e-05,3.3736674013764564e-05,8.191081550407916e-06,8.568327652849445e-05
stretcher,0.0,0.00033736674013764564,0.0,0.0
stretchers,0.0,4.498223201835275e-05,0.0,0.0
stretches,0.0,2.2491116009176375e-05,0.0,0.0
stretching,0.0,0.0,8.191081550407916e-06,2.8561092176164816e-05
strewn,9.799022057598651e-06,0.0,0.0,0.0
stricken,4.4095599259193934e-05,0.0,0.0,2.8561092176164816e-05
strict,0.0,0.0,0.0,1.904072811744321e-05
strictest,0.0,0.0,8.191081550407916e-06,0.0
strictly,2.449755514399663e-05,0.0,8.191081550407916e-06,0.0
strictures,0.0,0.0,8.191081550407916e-06,0.0
stride,0.0,0.0,0.0,1.904072811744321e-05
striding,4.8995110287993256e-06,0.0,0.0,9.520364058721605e-06
strike,4.899511028799326e-05,2.2491116009176375e-05,4.095540775203958e-05,8.568327652849445e-05
strikes,4.8995110287993256e-06,0.0,0.0,2.8561092176164816e-05
striking,1.4698533086397977e-05,1.1245558004588187e-05,2.457324465122375e-05,4.760182029360803e-05
strikingly,1.4698533086397977e-05,0.0,8.191081550407916e-06,0.0
string,3.429657720159528e-05,0.0,0.0,0.0
strip,1.9598044115197302e-05,0.0,0.0,9.520364058721605e-06
stripe,0.0,1.1245558004588187e-05,0.0,0.0
striped,9.799022057598651e-06,1.1245558004588187e-05,0.0,0.0
stripes,4.8995110287993256e-06,3.3736674013764564e-05,0.0,9.520364058721605e-06
stripped,0.0,0.0,0.0,9.520364058721605e-06
strips,0.0,3.3736674013764564e-05,0.0,0.0
strive,4.8995110287993256e-06,0.0,0.0,0.0
striving,9.799022057598651e-06,0.0,1.6382163100815833e-05,9.520364058721605e-06
strode,1.4698533086397977e-05,0.0,0.0,1.904072811744321e-05
stroke,4.8995110287993256e-06,1.1245558004588187e-05,1.6382163100815833e-05,1.904072811744321e-05
stroked,0.0,4.498223201835275e-05,0.0,0.0
strokes,0.0,3.3736674013764564e-05,0.0,0.0
stroll,0.0,0.0,8.191081550407916e-06,9.520364058721605e-06
strolled,4.8995110287993256e-06,0.0,0.0,2.8561092176164816e-05
strong,0.00012248777571998316,6.747334802752913e-05,0.0001556305494577504,0.0003332127420552562
stronger,4.899511028799326e-05,1.1245558004588187e-05,4.91464893024475e-05,2.8561092176164816e-05
strongest,0.0,0.0,8.191081550407916e-06,2.8561092176164816e-05
strongly,1.4698533086397977e-05,0.0,6.552865240326333e-05,4.760182029360803e-05
stroud,0.0,0.0,0.0,9.520364058721605e-06
strove,4.8995110287993256e-06,0.0,0.0,0.0
struck,0.0003037696837855582,2.2491116009176375e-05,0.00011467514170571083,0.00022848873740931853
struggle,3.9196088230394604e-05,0.0,8.191081550407916e-06,4.760182029360803e-05
struggled,1.4698533086397977e-05,0.0,1.6382163100815833e-05,2.8561092176164816e-05
struggles,0.0,0.0,2.457324465122375e-05,0.0
struggling,1.4698533086397977e-05,0.0,8.191081550407916e-06,1.904072811744321e-05
strum,4.8995110287993256e-06,0.0,0.0,0.0
stubbly,4.8995110287993256e-06,0.0,0.0,0.0
stubborn,4.8995110287993256e-06,0.0,0.0,0.0
stubbornly,4.8995110287993256e-06,0.0,0.0,0.0
stubbornness,0.0,0.0,8.191081550407916e-06,0.0
stuck,3.9196088230394604e-05,6.747334802752913e-05,0.0,1.904072811744321e-05
stud,4.8995110287993256e-06,0.0,0.0,0.0
studded,4.8995110287993256e-06,0.0,0.0,0.0
student,0.00020087995218077235,0.0,0.0,0.0
students,4.4095599259193934e-05,0.0,0.0,0.0
studied,9.799022057598651e-06,2.2491116009176375e-05,1.6382163100815833e-05,1.904072811744321e-05
studier,0.0,0.0,8.191081550407916e-06,0.0
studies,2.449755514399663e-05,0.0,1.6382163100815833e-05,9.520364058721605e-06
studious,0.0,0.0,8.191081550407916e-06,0.0
studiously,4.8995110287993256e-06,0.0,0.0,0.0
study,3.429657720159528e-05,2.2491116009176375e-05,5.7337570852855414e-05,9.520364058721606e-05
studying,3.9196088230394604e-05,4.498223201835275e-05,3.2764326201631665e-05,9.520364058721605e-06
stuff,2.449755514399663e-05,1.1245558004588187e-05,0.0,9.520364058721605e-06
stuffed,1.4698533086397977e-05,1.1245558004588187e-05,0.0,9.520364058721605e-06
stuffing,9.799022057598651e-06,0.0,0.0,0.0
stuffs,0.0,0.0,0.0,9.520364058721605e-06
stuffy,1.4698533086397977e-05,2.2491116009176375e-05,8.191081550407916e-06,0.0
stumbled,1.9598044115197302e-05,0.0,0.0,9.520364058721605e-06
stumbling,1.9598044115197302e-05,0.0,8.191081550407916e-06,0.0
stump,0.0,2.2491116009176375e-05,0.0,2.8561092176164816e-05
stumps,0.0,3.3736674013764564e-05,0.0,0.0
stung,1.9598044115197302e-05,0.0,0.0,0.0
stunned,4.8995110287993256e-06,0.0,0.0,0.0
stunning,4.8995110287993256e-06,0.0,0.0,0.0
stupefaction,1.9598044115197302e-05,0.0,0.0,0.0
stupefied,4.8995110287993256e-06,0.0,0.0,0.0
stupefying,0.0,0.0,0.0,9.520364058721605e-06
stupid,0.00021557848526717035,0.00011245558004588187,3.2764326201631665e-05,9.520364058721605e-06
stupider,9.799022057598651e-06,0.0,8.191081550407916e-06,0.0
stupidity,3.9196088230394604e-05,1.1245558004588187e-05,3.2764326201631665e-05,9.520364058721605e-06
stupidly,2.449755514399663e-05,0.0,0.0,0.0
stupids,4.8995110287993256e-06,0.0,0.0,0.0
sturdy,0.0,0.0,0.0,9.520364058721605e-06
style,2.9397066172795955e-05,0.0,8.191081550407916e-05,2.8561092176164816e-05
stylish,4.8995110287993256e-06,0.0,0.0,0.0
suavely,0.0,0.0,0.0,1.904072811744321e-05
sub,9.799022057598651e-06,0.0,0.0,0.0
subdue,4.8995110287993256e-06,0.0,0.0,0.0
subdued,4.8995110287993256e-06,0.0,0.0,1.904072811744321e-05
subduing,0.0,0.0,0.0,9.520364058721605e-06
subject,0.00015678435292157842,0.0,0.0006880508502342649,0.00011424436870465926
subjected,0.0,0.0,0.0,9.520364058721605e-06
subjection,4.8995110287993256e-06,0.0,8.191081550407916e-06,0.0
subjects,1.9598044115197302e-05,1.1245558004588187e-05,8.191081550407916e-05,0.0
subjoin,0.0,0.0,8.191081550407916e-06,0.0
submission,4.8995110287993256e-06,0.0,0.0,0.0
submissive,1.9598044115197302e-05,0.0,0.0,0.0
submissively,4.8995110287993256e-06,0.0,0.0,0.0
submissiveness,4.8995110287993256e-06,0.0,0.0,0.0
submit,1.4698533086397977e-05,0.0,2.457324465122375e-05,2.8561092176164816e-05
submitted,0.0,0.0,8.191081550407916e-06,3.808145623488642e-05
submitting,4.8995110287993256e-06,0.0,0.0,0.0
subscribing,4.8995110287993256e-06,0.0,0.0,0.0
subscription,1.4698533086397977e-05,0.0,0.0,0.0
subsequent,0.0,0.0,8.191081550407916e-06,0.0
subside,9.799022057598651e-06,0.0,0.0,0.0
subsided,0.0,0.0,8.191081550407916e-06,9.520364058721605e-06
subsist,0.0,0.0,8.191081550407916e-06,0.0
subsisted,0.0,0.0,1.6382163100815833e-05,0.0
subsisting,0.0,0.0,1.6382163100815833e-05,0.0
substance,0.0,0.0,2.457324465122375e-05,0.0
substantial,9.799022057598651e-06,0.0,1.6382163100815833e-05,0.0
substitute,0.0,0.0,8.191081550407916e-06,0.0
substitution,0.0,0.0,0.0,9.520364058721605e-06
subtle,0.0,0.0,0.0,4.760182029360803e-05
suburb,0.0,0.0,0.0,9.520364058721605e-06
suburban,0.0,0.0,0.0,2.8561092176164816e-05
succeed,2.9397066172795955e-05,0.0,1.6382163100815833e-05,3.808145623488642e-05
succeeded,0.00013718630880638113,0.0,5.7337570852855414e-05,3.808145623488642e-05
succeeding,0.0,0.0,3.2764326201631665e-05,0.0
succeeds,0.0,0.0,8.191081550407916e-06,0.0
success,2.9397066172795955e-05,5.6227790022940935e-05,0.0001556305494577504,9.520364058721606e-05
successes,0.0,0.0,0.0,9.520364058721605e-06
successful,1.4698533086397977e-05,5.6227790022940935e-05,2.457324465122375e-05,6.664254841105123e-05
successfully,9.799022057598651e-06,0.0,8.191081550407916e-06,9.520364058721605e-06
succession,0.0,2.2491116009176375e-05,8.191081550407916e-06,1.904072811744321e-05
successive,9.799022057598651e-06,0.0,0.0,2.8561092176164816e-05
successively,0.0,0.0,8.191081550407916e-06,0.0
successor,0.0,0.0,8.191081550407916e-06,0.0
successors,0.0,0.0,0.0,9.520364058721605e-06
succinct,0.0,0.0,0.0,9.520364058721605e-06
succour,4.8995110287993256e-06,0.0,0.0,0.0
succumbed,4.8995110287993256e-06,0.0,0.0,0.0
such,0.001401260154236607,0.0002698933921101165,0.0031699485600078636,0.0010662807745768197
suck,0.0,1.1245558004588187e-05,0.0,0.0
sucked,0.0,2.2491116009176375e-05,0.0,9.520364058721605e-06
sucking,9.799022057598651e-06,2.2491116009176375e-05,0.0,0.0
suckling,0.0,1.1245558004588187e-05,0.0,0.0
sudden,0.0002645735955551636,3.3736674013764564e-05,6.552865240326333e-05,0.00015232582493954569
suddenly,0.001430657220409403,0.00019117448607799918,0.00013105730480652666,0.00044745711075991546
suddenness,0.0,0.0,8.191081550407916e-06,0.0
suffer,8.819119851838787e-05,2.2491116009176375e-05,0.0001064840601553029,3.808145623488642e-05
suffered,3.9196088230394604e-05,0.0,6.552865240326333e-05,1.904072811744321e-05
sufferer,0.0,0.0,8.191081550407916e-06,1.904072811744321e-05
sufferers,4.8995110287993256e-06,0.0,0.0,0.0
suffering,0.00017638239703677574,1.1245558004588187e-05,1.6382163100815833e-05,9.520364058721605e-06
sufferings,1.9598044115197302e-05,0.0,1.6382163100815833e-05,0.0
suffers,0.0,0.0,8.191081550407916e-06,0.0
sufficed,0.0,0.0,0.0,9.520364058721605e-06
sufficiency,4.8995110287993256e-06,0.0,8.191081550407916e-06,0.0
sufficient,9.799022057598651e-06,1.1245558004588187e-05,3.2764326201631665e-05,5.712218435232963e-05
sufficiently,0.0,0.0,4.095540775203958e-05,0.0
suffocating,4.8995110287993256e-06,0.0,0.0,0.0
sugar,1.4698533086397977e-05,0.0,0.0,0.0
suggest,1.4698533086397977e-05,1.1245558004588187e-05,1.6382163100815833e-05,7.616291246977284e-05
suggested,1.9598044115197302e-05,0.0,4.095540775203958e-05,8.568327652849445e-05
suggesting,4.8995110287993256e-06,0.0,8.191081550407916e-06,0.0
suggestion,1.4698533086397977e-05,0.0,8.191081550407916e-06,0.0
suggestions,4.8995110287993256e-06,0.0,0.0,0.0
suggestive,0.0,0.0,0.0,8.568327652849445e-05
suggestiveness,0.0,0.0,0.0,9.520364058721605e-06
suggests,4.8995110287993256e-06,0.0,0.0,9.520364058721605e-06
suicide,1.4698533086397977e-05,1.1245558004588187e-05,0.0,4.760182029360803e-05
suicides,4.8995110287993256e-06,0.0,0.0,0.0
suit,3.9196088230394604e-05,1.1245558004588187e-05,5.7337570852855414e-05,9.520364058721606e-05
suitable,2.449755514399663e-05,0.0,2.457324465122375e-05,0.0
suitableness,0.0,0.0,2.457324465122375e-05,0.0
suitably,4.8995110287993256e-06,0.0,0.0,0.0
suitcase,0.0,1.1245558004588187e-05,0.0,0.0
suitcases,0.0,1.1245558004588187e-05,0.0,0.0
suite,0.0,0.0,0.0,2.8561092176164816e-05
suited,1.9598044115197302e-05,0.0,2.457324465122375e-05,2.8561092176164816e-05
suiting,0.0,0.0,8.191081550407916e-06,0.0
suitor,4.8995110287993256e-06,0.0,0.0,9.520364058721605e-06
suits,4.8995110287993256e-06,0.0,0.0,1.904072811744321e-05
sulkiness,9.799022057598651e-06,0.0,0.0,0.0
sulking,0.0,0.0,0.0,9.520364058721605e-06
sulky,9.799022057598651e-06,0.0,0.0,0.0
sullen,2.9397066172795955e-05,1.1245558004588187e-05,0.0,0.0
sullenly,9.799022057598651e-06,0.0,0.0,9.520364058721605e-06
sum,5.389462131679259e-05,0.0,4.095540775203958e-05,0.00013328509682210247
summarily,0.0,1.1245558004588187e-05,0.0,9.520364058721605e-06
summarise,0.0,0.0,0.0,9.520364058721605e-06
summer,5.879413234559191e-05,0.00021366560208717556,0.0001556305494577504,2.8561092176164816e-05
summon,9.799022057598651e-06,0.0,8.191081550407916e-06,0.0
summoned,1.9598044115197302e-05,0.0,4.095540775203958e-05,1.904072811744321e-05
summoning,9.799022057598651e-06,0.0,0.0,0.0
summons,9.799022057598651e-06,0.0,2.457324465122375e-05,1.904072811744321e-05
summonses,0.0,0.0,0.0,9.520364058721605e-06
sumptuous,9.799022057598651e-06,0.0,0.0,0.0
sums,4.8995110287993256e-06,0.0,0.0,2.8561092176164816e-05
sun,5.879413234559191e-05,0.00029238450811929287,0.0,6.664254841105123e-05
sunbeam,0.0,0.0,0.0,9.520364058721605e-06
sunburnt,0.0,0.0,0.0,9.520364058721605e-06
sunday,1.4698533086397977e-05,0.0,7.371973395367124e-05,9.520364058721605e-06
sundays,4.8995110287993256e-06,0.0,0.0,0.0
sundial,0.0,0.0,0.0,4.760182029360803e-05
sundials,0.0,0.0,0.0,9.520364058721605e-06
sung,1.9598044115197302e-05,2.2491116009176375e-05,0.0,0.0
sunk,1.4698533086397977e-05,1.1245558004588187e-05,3.2764326201631665e-05,8.568327652849445e-05
sunken,9.799022057598651e-06,2.2491116009176375e-05,0.0,0.0
sunlight,1.4698533086397977e-05,0.00012370113805047008,0.0,9.520364058721605e-06
sunny,4.8995110287993256e-06,0.0,0.0,0.0
sunrise,4.8995110287993256e-06,0.0,0.0,0.0
sunset,2.449755514399663e-05,1.1245558004588187e-05,0.0,9.520364058721605e-06
sunshine,1.4698533086397977e-05,0.0,0.0,9.520364058721605e-06
super,0.0,0.0,8.191081550407916e-06,0.0
superb,0.0,0.0,0.0,9.520364058721605e-06
supercilious,0.0,0.0,8.191081550407916e-06,0.0
superciliously,9.799022057598651e-06,0.0,0.0,0.0
superciliousness,4.8995110287993256e-06,0.0,8.191081550407916e-06,0.0
superficial,0.0,1.1245558004588187e-05,0.0,0.0
superficially,4.8995110287993256e-06,0.0,0.0,0.0
superfluous,9.799022057598651e-06,0.0,0.0,0.0
superintend,4.8995110287993256e-06,0.0,0.0,0.0
superintended,0.0,0.0,8.191081550407916e-06,0.0
superintendence,0.0,0.0,8.191081550407916e-06,0.0
superintendent,4.899511028799326e-05,1.1245558004588187e-05,0.0,0.0
superintends,0.0,0.0,8.191081550407916e-06,0.0
superior,2.449755514399663e-05,1.1245558004588187e-05,0.00014743946790734248,1.904072811744321e-05
superiority,9.799022057598651e-06,0.0,8.191081550407916e-06,0.0
superiors,4.8995110287993256e-06,0.0,0.0,0.0
superlatively,0.0,0.0,8.191081550407916e-06,0.0
superman,0.0,1.1245558004588187e-05,0.0,0.0
supernaturally,0.0,1.1245558004588187e-05,0.0,0.0
superscribed,0.0,0.0,0.0,9.520364058721605e-06
superscription,0.0,0.0,0.0,9.520364058721605e-06
superseded,0.0,0.0,8.191081550407916e-06,0.0
superstition,4.8995110287993256e-06,0.0,0.0,0.0
superstitious,4.8995110287993256e-06,0.0,0.0,0.0
superstitiously,4.8995110287993256e-06,0.0,0.0,0.0
supper,4.8995110287993256e-06,0.00010121002204129369,9.010189705448707e-05,6.664254841105123e-05
supplementing,0.0,0.0,0.0,9.520364058721605e-06
suppliant,4.8995110287993256e-06,0.0,0.0,0.0
supplication,4.8995110287993256e-06,0.0,8.191081550407916e-06,0.0
supplications,4.8995110287993256e-06,0.0,0.0,0.0
supplied,0.0,0.0,1.6382163100815833e-05,9.520364058721605e-06
supplier,0.0,0.0,0.0,9.520364058721605e-06
suppliers,0.0,0.0,0.0,9.520364058721605e-06
supply,0.0,0.0,5.7337570852855414e-05,4.760182029360803e-05
supplying,0.0,0.0,8.191081550407916e-06,0.0
support,3.429657720159528e-05,2.2491116009176375e-05,5.7337570852855414e-05,0.0
supported,4.8995110287993256e-06,0.0,3.2764326201631665e-05,0.0
supporters,0.0,0.0,0.0,9.520364058721605e-06
supporting,1.9598044115197302e-05,0.0,0.0,9.520364058721605e-06
suppose,0.00018618141909437438,0.00023615671809635195,0.00039317191441958,0.0001808869171157105
supposed,3.429657720159528e-05,0.00010121002204129369,0.0002129681203106058,9.520364058721605e-06
supposedly,0.0,1.1245558004588187e-05,0.0,0.0
supposing,2.449755514399663e-05,0.0,0.00011467514170571083,9.520364058721605e-06
supposition,1.4698533086397977e-05,0.0,3.2764326201631665e-05,9.520364058721605e-06
suppositions,4.8995110287993256e-06,0.0,8.191081550407916e-06,0.0
suppress,0.0,0.0,1.6382163100815833e-05,0.0
suppressed,1.4698533086397977e-05,0.0,1.6382163100815833e-05,0.0
suppressing,4.8995110287993256e-06,0.0,0.0,9.520364058721605e-06
sure,0.00031356870584315684,0.000359857856146822,0.0008436813996920154,0.00040937565452502903
surely,6.369364337439124e-05,0.0,3.2764326201631665e-05,9.520364058721606e-05
surer,0.0,1.1245558004588187e-05,0.0,0.0
surest,0.0,0.0,8.191081550407916e-06,9.520364058721605e-06
surface,1.9598044115197302e-05,2.2491116009176375e-05,0.0,1.904072811744321e-05
surged,1.9598044115197302e-05,0.0,0.0,0.0
surgeon,0.0,0.00012370113805047008,0.0,2.8561092176164816e-05
surgeons,0.0,1.1245558004588187e-05,0.0,9.520364058721605e-06
surgery,4.8995110287993256e-06,0.0,0.0,0.0
surging,4.8995110287993256e-06,0.0,0.0,0.0
surly,0.0,0.0,0.0,9.520364058721605e-06
surmise,4.8995110287993256e-06,0.0,1.6382163100815833e-05,1.904072811744321e-05
surmises,4.8995110287993256e-06,0.0,8.191081550407916e-06,0.0
surmount,0.0,0.0,8.191081550407916e-06,0.0
surname,9.799022057598651e-06,0.0,0.0,0.0
surpass,0.0,0.0,8.191081550407916e-06,0.0
surpassing,0.0,0.0,8.191081550407916e-06,0.0
surpliced,0.0,0.0,0.0,9.520364058721605e-06
surprise,0.0001910809301231737,2.2491116009176375e-05,0.0003030700173650929,0.00015232582493954569
surprised,0.00015678435292157842,1.1245558004588187e-05,0.00028668785426427703,0.00016184618899826728
surprises,4.8995110287993256e-06,0.0,0.0,0.0
surprising,2.9397066172795955e-05,0.0,0.0,0.0
surrender,4.8995110287993256e-06,0.0,0.0,0.0
surrendered,4.8995110287993256e-06,0.0,0.0,0.0
surrey,0.0,0.0,0.0,4.760182029360803e-05
surrounded,9.799022057598651e-06,0.0,8.191081550407916e-06,2.8561092176164816e-05
surrounding,9.799022057598651e-06,0.0,1.6382163100815833e-05,0.0
surroundings,5.879413234559191e-05,0.0,0.0,9.520364058721605e-06
surrounds,0.0,0.0,0.0,9.520364058721605e-06
survey,4.8995110287993256e-06,0.0,8.191081550407916e-06,0.0
surveyed,0.0,0.0,0.0,9.520364058721605e-06
surveying,0.0,0.0,8.191081550407916e-06,0.0
survive,0.0,0.0,1.6382163100815833e-05,0.0
survived,0.0,0.0,8.191081550407916e-06,9.520364058721605e-06
survivor,0.0,0.0,8.191081550407916e-06,1.904072811744321e-05
susceptibility,0.0,0.0,8.191081550407916e-06,0.0
suspect,6.859315440319056e-05,0.0,3.2764326201631665e-05,1.904072811744321e-05
suspected,2.449755514399663e-05,0.0,7.371973395367124e-05,2.8561092176164816e-05
suspecting,0.0,0.0,1.6382163100815833e-05,1.904072811744321e-05
suspects,1.4698533086397977e-05,0.0,8.191081550407916e-06,0.0
suspend,0.0,0.0,8.191081550407916e-06,0.0
suspended,0.0,0.0,1.6382163100815833e-05,9.520364058721605e-06
suspense,1.4698533086397977e-05,0.0,4.91464893024475e-05,0.0
suspicion,0.00014698533086397977,0.0,7.371973395367124e-05,7.616291246977284e-05
suspicions,6.369364337439124e-05,0.0,3.2764326201631665e-05,2.8561092176164816e-05
suspicious,7.349266543198989e-05,4.498223201835275e-05,8.191081550407916e-06,4.760182029360803e-05
suspiciously,2.449755514399663e-05,0.0,0.0,0.0
suspiciousness,4.8995110287993256e-06,0.0,0.0,0.0
sussex,0.0,0.0,0.0,9.520364058721605e-06
sustained,0.0,0.0,8.191081550407916e-06,0.0
sutherland,0.0,0.0,0.0,9.520364058721606e-05
sutherlands,0.0,0.0,0.0,9.520364058721605e-06
svidrigaïlov,0.0009456056285582699,0.0,0.0,0.0
svidrigaïlovs,8.819119851838787e-05,0.0,0.0,0.0
svirbey,4.8995110287993256e-06,0.0,0.0,0.0
swag,0.0,0.0,0.0,9.520364058721605e-06
swain,0.0,0.0,0.0,1.904072811744321e-05
swallow,4.8995110287993256e-06,1.1245558004588187e-05,0.0,0.0
swallowed,9.799022057598651e-06,1.1245558004588187e-05,8.191081550407916e-06,0.0
swallowing,9.799022057598651e-06,0.0,0.0,0.0
swallows,0.0,3.3736674013764564e-05,0.0,0.0
swam,4.8995110287993256e-06,1.1245558004588187e-05,0.0,0.0
swamp,0.0,0.0,0.0,9.520364058721605e-06
swamps,0.0,1.1245558004588187e-05,0.0,0.0
swan,4.8995110287993256e-06,0.0,0.0,1.904072811744321e-05
swandam,0.0,0.0,0.0,7.616291246977284e-05
swans,0.0,1.1245558004588187e-05,0.0,0.0
swarm,0.0,0.0,0.0,1.904072811744321e-05
swarmed,4.8995110287993256e-06,2.2491116009176375e-05,0.0,0.0
swarming,9.799022057598651e-06,0.0,0.0,0.0
swash,0.0,0.0,0.0,9.520364058721605e-06
swayed,0.0,0.0,0.0,9.520364058721605e-06
swaying,4.8995110287993256e-06,0.0,0.0,9.520364058721605e-06
swear,6.859315440319056e-05,2.2491116009176375e-05,0.0,5.712218435232963e-05
swearing,4.8995110287993256e-06,1.1245558004588187e-05,0.0,0.0
sweat,1.9598044115197302e-05,1.1245558004588187e-05,0.0,9.520364058721605e-06
sweating,0.0,4.498223201835275e-05,0.0,1.904072811744321e-05
sweaty,0.0,1.1245558004588187e-05,0.0,0.0
sweep,1.4698533086397977e-05,0.0,0.0,9.520364058721605e-06
sweeping,9.799022057598651e-06,1.1245558004588187e-05,0.0,1.904072811744321e-05
sweeps,4.8995110287993256e-06,0.0,0.0,0.0
sweet,1.4698533086397977e-05,0.0003148756241284693,5.7337570852855414e-05,6.664254841105123e-05
sweeter,4.8995110287993256e-06,1.1245558004588187e-05,0.0,0.0
sweetest,0.0,0.0,2.457324465122375e-05,0.0
sweetheart,4.8995110287993256e-06,1.1245558004588187e-05,0.0,2.8561092176164816e-05
sweethearts,4.8995110287993256e-06,0.0,0.0,0.0
sweetie,4.8995110287993256e-06,0.0,0.0,0.0
sweetly,0.0,1.1245558004588187e-05,0.0,9.520364058721605e-06
sweetmeat,4.8995110287993256e-06,0.0,0.0,0.0
sweetness,0.0,0.0,4.095540775203958e-05,9.520364058721605e-06
swell,0.0,0.0,8.191081550407916e-06,0.0
swelled,0.0,0.0,8.191081550407916e-06,9.520364058721605e-06
swelling,0.0,1.1245558004588187e-05,8.191081550407916e-06,0.0
swept,4.8995110287993256e-06,2.2491116009176375e-05,0.0,5.712218435232963e-05
swift,0.0,0.0,0.0,2.8561092176164816e-05
swiftly,0.0,5.6227790022940935e-05,0.0,0.00013328509682210247
swim,4.8995110287993256e-06,2.2491116009176375e-05,0.0,9.520364058721605e-06
swimmer,0.0,0.0,0.0,9.520364058721605e-06
swimming,0.0,3.3736674013764564e-05,0.0,9.520364058721605e-06
swindler,4.8995110287993256e-06,0.0,0.0,0.0
swindon,0.0,0.0,0.0,9.520364058721605e-06
swine,4.8995110287993256e-06,0.0,0.0,0.0
swing,1.4698533086397977e-05,1.1245558004588187e-05,0.0,1.904072811744321e-05
swinging,9.799022057598651e-06,0.0,0.0,5.712218435232963e-05
swinishness,4.8995110287993256e-06,0.0,0.0,0.0
swirl,0.0,1.1245558004588187e-05,0.0,0.0
swirled,0.0,1.1245558004588187e-05,0.0,0.0
swirling,4.8995110287993256e-06,0.0,0.0,0.0
swish,0.0,0.0,0.0,9.520364058721605e-06
swished,0.0,1.1245558004588187e-05,0.0,0.0
swishing,0.0,1.1245558004588187e-05,0.0,0.0
swiss,0.0,0.00010121002204129369,0.0,0.0
switch,4.8995110287993256e-06,0.0,0.0,0.0
switches,4.8995110287993256e-06,0.0,0.0,0.0
switzerland,4.8995110287993256e-06,0.00015743781206423464,0.0,0.0
swollen,2.449755514399663e-05,2.2491116009176375e-05,0.0,9.520364058721605e-06
swoon,4.8995110287993256e-06,0.0,0.0,0.0
swooning,1.4698533086397977e-05,0.0,0.0,0.0
sword,0.0,2.2491116009176375e-05,0.0,0.0
swords,0.0,2.2491116009176375e-05,0.0,0.0
swordsman,0.0,0.0,0.0,9.520364058721605e-06
swore,4.899511028799326e-05,1.1245558004588187e-05,0.0,1.904072811744321e-05
sworn,1.4698533086397977e-05,0.0,0.0,1.904072811744321e-05
swum,0.0,1.1245558004588187e-05,0.0,0.0
swung,9.799022057598651e-06,5.6227790022940935e-05,0.0,3.808145623488642e-05
syllable,1.4698533086397977e-05,0.0,4.095540775203958e-05,0.0
syllables,0.0,0.0,8.191081550407916e-06,9.520364058721605e-06
symbol,4.8995110287993256e-06,0.0,0.0,0.0
symbolism,4.8995110287993256e-06,0.0,0.0,0.0
symmetry,0.0,0.0,8.191081550407916e-06,0.0
sympathetic,4.8995110287993256e-06,0.0,0.0,1.904072811744321e-05
sympathetically,4.8995110287993256e-06,0.0,0.0,0.0
sympathise,9.799022057598651e-06,0.0,0.0,0.0
sympathize,0.0,0.0,8.191081550407916e-06,0.0
sympathy,5.389462131679259e-05,0.0,0.0,5.712218435232963e-05
symptom,4.8995110287993256e-06,0.0,3.2764326201631665e-05,9.520364058721605e-06
symptoms,0.0,0.0,1.6382163100815833e-05,1.904072811744321e-05
synonymously,0.0,0.0,8.191081550407916e-06,0.0
synovial,0.0,2.2491116009176375e-05,0.0,0.0
synthesis,0.0,0.0,0.0,9.520364058721605e-06
syphilis,0.0,5.6227790022940935e-05,0.0,0.0
system,3.429657720159528e-05,1.1245558004588187e-05,0.0,3.808145623488642e-05
systematic,4.8995110287993256e-06,0.0,0.0,9.520364058721605e-06
systems,4.8995110287993256e-06,0.0,0.0,0.0
t,3.429657720159528e-05,0.0,0.0,1.904072811744321e-05
table,0.0005977403455135178,0.0005960145742431739,0.00029487893581468496,0.0004855385669948019
tablecloth,4.8995110287993256e-06,0.0,0.0,0.0
tablecloths,0.0,1.1245558004588187e-05,0.0,0.0
tables,2.449755514399663e-05,0.00010121002204129369,4.91464893024475e-05,0.0
tacit,0.0,0.0,8.191081550407916e-06,0.0
tacitly,4.8995110287993256e-06,0.0,0.0,0.0
taciturn,0.0,0.0,8.191081550407916e-06,0.0
tack,0.0,0.0,0.0,9.520364058721605e-06
tackle,0.0,0.0,8.191081550407916e-06,1.904072811744321e-05
tactically,0.0,1.1245558004588187e-05,0.0,0.0
tactics,4.8995110287993256e-06,0.0,0.0,0.0
tagliamento,0.0,7.871890603211732e-05,0.0,0.0
tags,0.0,0.0,0.0,9.520364058721605e-06
tail,1.9598044115197302e-05,4.498223201835275e-05,0.0,5.712218435232963e-05
tailboard,0.0,1.1245558004588187e-05,0.0,0.0
tailed,0.0,0.0,0.0,9.520364058721605e-06
tailing,0.0,0.0,0.0,9.520364058721605e-06
tailless,0.0,0.0,0.0,9.520364058721605e-06
tailor,9.799022057598651e-06,1.1245558004588187e-05,0.0,0.0
tailors,1.9598044115197302e-05,0.0,0.0,0.0
tails,0.0,0.0,0.0,9.520364058721605e-06
take,0.0009505051395870693,0.0014169403085781116,0.0006552865240326333,0.0007521087606390069
taken,0.00038706137127514676,0.0002811389501147047,0.0002539235280626454,0.00026657019364420494
takes,2.449755514399663e-05,2.2491116009176375e-05,4.91464893024475e-05,4.760182029360803e-05
taketh,0.0,0.0,0.0,9.520364058721605e-06
taking,0.0002498750624687656,0.00013494669605505826,0.0001556305494577504,0.00015232582493954569
takings,0.0,0.0,0.0,2.8561092176164816e-05
tale,2.9397066172795955e-05,0.0,0.0,3.808145623488642e-05
talent,1.9598044115197302e-05,0.0,1.6382163100815833e-05,9.520364058721605e-06
talents,4.8995110287993256e-06,0.0,4.095540775203958e-05,0.0
tales,4.8995110287993256e-06,0.0,0.0,2.8561092176164816e-05
talk,0.0003821618602463474,0.0006859790382798795,0.0002621146096130533,0.00019040728117443212
talkative,1.9598044115197302e-05,0.0,0.0,0.0
talked,0.0001910809301231737,0.00019117448607799918,0.0003112610989155008,5.712218435232963e-05
talker,0.0,1.1245558004588187e-05,8.191081550407916e-06,9.520364058721605e-06
talking,0.00039196088230394606,0.00025864783410552833,0.00032764326201631665,8.568327652849445e-05
talks,9.799022057598651e-06,1.1245558004588187e-05,8.191081550407916e-06,0.0
tall,5.879413234559191e-05,0.00016868337006882282,6.552865240326333e-05,0.00011424436870465926
taller,0.0,1.1245558004588187e-05,8.191081550407916e-06,9.520364058721605e-06
tallest,0.0,0.0,8.191081550407916e-06,0.0
tallied,0.0,0.0,0.0,9.520364058721605e-06
tallish,0.0,0.0,0.0,9.520364058721605e-06
tallow,4.8995110287993256e-06,0.0,0.0,2.8561092176164816e-05
tamara,0.0,1.1245558004588187e-05,0.0,0.0
tambourine,4.8995110287993256e-06,0.0,0.0,0.0
tamping,0.0,1.1245558004588187e-05,0.0,0.0
tangible,9.799022057598651e-06,0.0,0.0,9.520364058721605e-06
tangle,1.9598044115197302e-05,0.0,0.0,9.520364058721605e-06
tangled,4.8995110287993256e-06,0.0,0.0,3.808145623488642e-05
tankerville,0.0,0.0,0.0,9.520364058721605e-06
tanned,0.0,2.2491116009176375e-05,8.191081550407916e-06,0.0
tanneries,0.0,1.1245558004588187e-05,0.0,0.0
tannic,0.0,1.1245558004588187e-05,0.0,0.0
tantalising,4.8995110287993256e-06,0.0,0.0,0.0
taormina,0.0,1.1245558004588187e-05,0.0,0.0
tap,4.8995110287993256e-06,0.0,0.0,2.8561092176164816e-05
tape,4.8995110287993256e-06,0.0,0.0,0.0
tapes,4.8995110287993256e-06,0.0,0.0,0.0
tapped,1.4698533086397977e-05,1.1245558004588187e-05,0.0,2.8561092176164816e-05
tapping,4.8995110287993256e-06,0.0,0.0,4.760182029360803e-05
taradiddle,4.8995110287993256e-06,0.0,0.0,0.0
taranto,0.0,1.1245558004588187e-05,0.0,0.0
target,0.0,1.1245558004588187e-05,0.0,0.0
tarred,4.8995110287993256e-06,0.0,0.0,0.0
task,1.4698533086397977e-05,0.0,0.0,5.712218435232963e-05
tassel,0.0,0.0,0.0,9.520364058721605e-06
taste,1.9598044115197302e-05,6.747334802752913e-05,0.00011467514170571083,2.8561092176164816e-05
tasted,1.4698533086397977e-05,3.3736674013764564e-05,0.0,0.0
tastes,0.0,2.2491116009176375e-05,8.191081550407916e-06,0.0
tasting,4.8995110287993256e-06,0.0,0.0,0.0
tattered,4.8995110287993256e-06,0.0,0.0,1.904072811744321e-05
tatters,4.8995110287993256e-06,0.0,0.0,0.0
tattoo,0.0,0.0,0.0,9.520364058721605e-06
tattooed,0.0,0.0,0.0,9.520364058721605e-06
taught,2.9397066172795955e-05,0.0,6.552865240326333e-05,0.0
taut,0.0,3.3736674013764564e-05,0.0,0.0
tavern,0.00018618141909437438,0.0,0.0,0.0
taverns,2.449755514399663e-05,0.0,0.0,0.0
tawny,0.0,1.1245558004588187e-05,0.0,9.520364058721605e-06
tax,0.0,0.0,1.6382163100815833e-05,1.904072811744321e-05
taxi,0.0,4.498223201835275e-05,0.0,0.0
tchebarov,2.9397066172795955e-05,0.0,0.0,0.0
tchecos,0.0,1.1245558004588187e-05,0.0,0.0
te,0.0,2.2491116009176375e-05,0.0,0.0
tea,0.00028907115069916025,1.1245558004588187e-05,0.0001064840601553029,2.8561092176164816e-05
teach,2.449755514399663e-05,2.2491116009176375e-05,4.095540775203958e-05,9.520364058721605e-06
teacher,9.799022057598651e-06,0.0,0.0,0.0
teachers,4.8995110287993256e-06,0.0,0.0,0.0
teaches,4.8995110287993256e-06,0.0,0.0,0.0
teaching,9.799022057598651e-06,0.0,1.6382163100815833e-05,0.0
teapot,4.8995110287993256e-06,0.0,0.0,0.0
tear,1.9598044115197302e-05,1.1245558004588187e-05,1.6382163100815833e-05,1.904072811744321e-05
tearful,9.799022057598651e-06,0.0,0.0,0.0
tearfully,9.799022057598651e-06,0.0,0.0,0.0
tearing,1.4698533086397977e-05,0.0,0.0,2.8561092176164816e-05
tears,0.0002498750624687656,2.2491116009176375e-05,8.191081550407916e-05,9.520364058721605e-06
tease,9.799022057598651e-06,1.1245558004588187e-05,1.6382163100815833e-05,0.0
teased,0.0,1.1245558004588187e-05,1.6382163100815833e-05,0.0
teasing,9.799022057598651e-06,1.1245558004588187e-05,5.7337570852855414e-05,0.0
teaspoon,4.8995110287993256e-06,0.0,0.0,0.0
technical,0.0,2.2491116009176375e-05,0.0,9.520364058721605e-06
technically,0.0,1.1245558004588187e-05,0.0,0.0
tedious,4.8995110287993256e-06,0.0,8.191081550407916e-06,0.0
teeth,4.899511028799326e-05,6.747334802752913e-05,8.191081550407916e-06,3.808145623488642e-05
teetotaler,0.0,0.0,0.0,9.520364058721605e-06
telegram,0.0,0.0,0.0,4.760182029360803e-05
telegraph,0.0,0.0,0.0,9.520364058721605e-06
telephone,0.0,7.871890603211732e-05,0.0,9.520364058721605e-06
telephoned,0.0,3.3736674013764564e-05,0.0,0.0
telescope,0.0,1.1245558004588187e-05,0.0,0.0
tell,0.0011709831358830388,0.0011133102424542305,0.0005733757085285541,0.0009425160418134389
teller,0.0,0.0,0.0,9.520364058721605e-06
telling,0.00016168386395037774,4.498223201835275e-05,5.7337570852855414e-05,5.712218435232963e-05
tells,1.4698533086397977e-05,2.2491116009176375e-05,8.191081550407916e-06,9.520364058721605e-06
temper,4.4095599259193934e-05,0.0,0.00020477703876019789,4.760182029360803e-05
temperament,4.4095599259193934e-05,0.0,0.0,9.520364058721605e-06
temperate,0.0,0.0,0.0,9.520364058721605e-06
temperature,0.0,5.6227790022940935e-05,0.0,0.0
temperatures,0.0,3.3736674013764564e-05,0.0,0.0
tempered,1.9598044115197302e-05,0.0,4.095540775203958e-05,9.520364058721605e-06
tempers,0.0,0.0,8.191081550407916e-06,0.0
tempest,9.799022057598651e-06,0.0,0.0,0.0
temple,1.4698533086397977e-05,0.0,0.0,3.808145623488642e-05
temples,0.0,0.0,0.0,9.520364058721605e-06
temporary,1.4698533086397977e-05,0.0,8.191081550407916e-06,1.904072811744321e-05
tempt,0.0,0.0,3.2764326201631665e-05,0.0
temptation,4.8995110287993256e-06,0.0,5.7337570852855414e-05,1.904072811744321e-05
temptations,0.0,0.0,1.6382163100815833e-05,0.0
tempted,2.9397066172795955e-05,0.0,5.7337570852855414e-05,9.520364058721605e-06
ten,0.00034296577201595283,0.000179928928073411,0.0002621146096130533,0.0002856109217616482
tenable,0.0,0.0,0.0,9.520364058721605e-06
tenacious,0.0,0.0,0.0,9.520364058721605e-06
tenant,0.0,0.0,8.191081550407916e-06,9.520364058721605e-06
tenants,0.0,0.0,1.6382163100815833e-05,0.0
tend,0.0,0.0,8.191081550407916e-06,1.904072811744321e-05
tended,0.0,0.0,0.0,9.520364058721605e-06
tendencies,4.8995110287993256e-06,0.0,0.0,9.520364058721605e-06
tendency,1.9598044115197302e-05,1.1245558004588187e-05,2.457324465122375e-05,0.0
tender,2.449755514399663e-05,0.0,3.2764326201631665e-05,2.8561092176164816e-05
tenderly,0.0,0.0,1.6382163100815833e-05,0.0
tenderness,0.0,0.0,2.457324465122375e-05,0.0
tending,4.8995110287993256e-06,0.0,0.0,0.0
tendons,0.0,1.1245558004588187e-05,0.0,0.0
tenements,4.8995110287993256e-06,0.0,0.0,0.0
tenente,0.0,0.000899644640367055,0.0,0.0
tenez,4.8995110287993256e-06,0.0,0.0,0.0
tenfold,0.0,0.0,0.0,9.520364058721605e-06
tennessee,0.0,0.0,0.0,9.520364058721605e-06
tenor,0.0,1.1245558004588187e-05,0.0,0.0
tenors,0.0,1.1245558004588187e-05,0.0,0.0
tenour,0.0,0.0,8.191081550407916e-06,0.0
tens,0.0,0.0,8.191081550407916e-06,0.0
tense,0.0,0.0,0.0,9.520364058721605e-06
tension,0.0,0.0,0.0,2.8561092176164816e-05
tent,0.0,1.1245558004588187e-05,8.191081550407916e-06,0.0
tentative,4.8995110287993256e-06,0.0,0.0,0.0
tentatively,4.8995110287993256e-06,1.1245558004588187e-05,0.0,0.0
tenth,0.0,3.3736674013764564e-05,0.0,0.0
tents,4.8995110287993256e-06,0.0,8.191081550407916e-06,9.520364058721605e-06
terebyeva,9.799022057598651e-06,0.0,0.0,0.0
term,9.799022057598651e-06,0.0,8.191081550407916e-06,9.520364058721605e-06
termed,0.0,0.0,8.191081550407916e-06,0.0
terminated,0.0,0.0,0.0,9.520364058721605e-06
termination,0.0,0.0,1.6382163100815833e-05,9.520364058721605e-06
terms,4.4095599259193934e-05,0.0,0.00017201271255856622,2.8561092176164816e-05
ternova,0.0,1.1245558004588187e-05,0.0,0.0
terns,0.0,1.1245558004588187e-05,0.0,0.0
terrace,4.8995110287993256e-06,0.0,0.0,0.0
terraced,0.0,2.2491116009176375e-05,0.0,9.520364058721605e-06
terrible,0.00023027701835356832,6.747334802752913e-05,0.0,0.0001428054608808241
terribly,6.859315440319056e-05,1.1245558004588187e-05,0.0,4.760182029360803e-05
terrific,0.0,1.1245558004588187e-05,8.191081550407916e-06,0.0
terrifically,0.0,1.1245558004588187e-05,0.0,0.0
terrified,1.4698533086397977e-05,0.0,0.0,2.8561092176164816e-05
terrifying,4.8995110287993256e-06,0.0,0.0,0.0
terror,0.000210678974238371,0.0,0.0,6.664254841105123e-05
terrorising,0.0,0.0,0.0,9.520364058721605e-06
terrors,9.799022057598651e-06,0.0,0.0,0.0
terse,0.0,0.0,0.0,9.520364058721605e-06
test,9.799022057598651e-06,3.3736674013764564e-05,8.191081550407916e-06,5.712218435232963e-05
testament,1.4698533086397977e-05,0.0,0.0,1.904072811744321e-05
tested,0.0,0.0,0.0,9.520364058721605e-06
testified,0.0,0.0,1.6382163100815833e-05,0.0
testifies,4.8995110287993256e-06,0.0,0.0,0.0
testifying,0.0,0.0,8.191081550407916e-06,0.0
testimony,9.799022057598651e-06,0.0,1.6382163100815833e-05,0.0
tetanus,0.0,2.2491116009176375e-05,0.0,0.0
texas,0.0,0.0,0.0,9.520364058721605e-06
text,4.8995110287993256e-06,0.0,0.0,9.520364058721605e-06
texture,0.0,0.0,0.0,9.520364058721605e-06
tfoo,1.4698533086397977e-05,0.0,0.0,0.0
thames,0.0,0.0,0.0,9.520364058721605e-06
than,0.00087211296312628,0.0006072601322477621,0.0023098849972150322,0.0015042175212780138
thank,0.00012738728674878248,0.00041608564616976294,0.0001556305494577504,0.00024752946552676175
thanked,9.799022057598651e-06,2.2491116009176375e-05,5.7337570852855414e-05,0.0
thankful,4.8995110287993256e-06,0.0,7.371973395367124e-05,0.0
thankfully,0.0,0.0,8.191081550407916e-06,0.0
thankfulness,0.0,0.0,8.191081550407916e-06,0.0
thanking,1.4698533086397977e-05,0.0,3.2764326201631665e-05,9.520364058721605e-06
thanks,2.449755514399663e-05,0.00012370113805047008,0.00011467514170571083,1.904072811744321e-05
thanksgiving,4.8995110287993256e-06,0.0,0.0,0.0
that,0.014360466825410824,0.007253384912959381,0.013015628583598178,0.01659399455435176
thatll,4.8995110287993256e-06,0.0,0.0,0.0
thats,0.0017344269041949614,0.0010683280104358778,0.0,7.616291246977284e-05
thaws,0.0,1.1245558004588187e-05,0.0,0.0
the,0.038123095315087556,0.069688722954433,0.03545919203171587,0.05323787581637122
theatre,0.0,0.0,8.191081550407916e-06,0.0
theatres,0.0,0.0,8.191081550407916e-06,0.0
theatrical,0.0,1.1245558004588187e-05,0.0,0.0
thee,2.9397066172795955e-05,2.2491116009176375e-05,0.0,0.0
theft,0.0,0.0,0.0,9.520364058721605e-06
their,0.0010925909594222496,0.0010683280104358778,0.003604075882179483,0.0009234753136959957
theirs,1.4698533086397977e-05,0.0,1.6382163100815833e-05,9.520364058721605e-06
them,0.0029103095511067993,0.0034298951913993973,0.0035631204744274434,0.0013899731525733544
theme,1.4698533086397977e-05,0.0,0.0,0.0
themes,4.8995110287993256e-06,0.0,0.0,0.0
thems,0.0,0.0,0.0,9.520364058721605e-06
themselves,0.0001322867977775818,2.2491116009176375e-05,0.00027030569116346124,3.808145623488642e-05
then,0.0023076696945644824,0.0034636318654131617,0.0014252481897709774,0.003493973609550829
thence,0.0,0.0,8.191081550407916e-06,0.0
theological,0.0,0.0,0.0,9.520364058721605e-06
theoretical,0.0,0.0,0.0,9.520364058721605e-06
theories,2.449755514399663e-05,0.0,0.0,6.664254841105123e-05
theorise,0.0,0.0,0.0,9.520364058721605e-06
theory,0.00010288973160478584,0.0,0.0,8.568327652849445e-05
therapy,0.0,2.2491116009176375e-05,0.0,0.0
there,0.003566844028965909,0.005971391300436327,0.0028914517872939945,0.004788743121536968
thereafter,4.8995110287993256e-06,0.0,0.0,0.0
thereby,9.799022057598651e-06,0.0,1.6382163100815833e-05,9.520364058721605e-06
thered,4.8995110287993256e-06,0.0,0.0,0.0
therefore,7.349266543198989e-05,0.0,0.0006143311162805937,0.0001428054608808241
therein,0.0,0.0,8.191081550407916e-06,9.520364058721605e-06
therell,9.799022057598651e-06,1.1245558004588187e-05,0.0,0.0
theres,0.00039196088230394606,0.0004273312041743511,8.191081550407916e-06,0.00011424436870465926
thereupon,0.0,0.0,1.6382163100815833e-05,0.0
thermometer,0.0,3.3736674013764564e-05,0.0,0.0
these,0.0005585442572831231,0.00021366560208717556,0.0005733757085285541,0.0007616291246977285
they,0.003669733760570695,0.007500787189060321,0.004906457848694342,0.0018945524476855994
theyd,3.9196088230394604e-05,6.747334802752913e-05,0.0,0.0
theyll,5.879413234559191e-05,0.00019117448607799918,0.0,0.0
theyre,4.4095599259193934e-05,0.00022491116009176374,0.0,0.0
theyve,9.309070954718719e-05,0.00012370113805047008,0.0,0.0
thick,9.799022057598651e-05,0.00011245558004588187,0.0,0.00013328509682210247
thickening,0.0,0.0,0.0,9.520364058721605e-06
thickest,4.8995110287993256e-06,0.0,0.0,0.0
thicket,0.0,0.0,0.0,9.520364058721605e-06
thickly,2.449755514399663e-05,1.1245558004588187e-05,0.0,9.520364058721605e-06
thickness,4.8995110287993256e-06,0.0,0.0,9.520364058721605e-06
thicknesses,0.0,1.1245558004588187e-05,0.0,0.0
thief,5.389462131679259e-05,0.0,0.0,5.712218435232963e-05
thieves,4.8995110287993256e-06,0.0,0.0,2.8561092176164816e-05
thigh,0.0,3.3736674013764564e-05,0.0,0.0
thighs,0.0,1.1245558004588187e-05,0.0,0.0
thin,0.00014698533086397977,0.0002698933921101165,4.095540775203958e-05,0.00019992764523315372
thing,0.000676132521974307,0.00048355899419729207,0.00022115920186101373,0.00044745711075991546
things,0.0005340467021391265,0.000775943502316585,0.0002457324465122375,0.00025704982958548334
think,0.0010141987829614604,0.001563132562637758,0.0017201271255856624,0.0016565433462175593
thinkable,4.8995110287993256e-06,0.0,0.0,0.0
thinker,0.0,1.1245558004588187e-05,0.0,1.904072811744321e-05
thinking,0.0003968603933327454,0.00025864783410552833,0.00018020379410897414,6.664254841105123e-05
thinks,3.429657720159528e-05,2.2491116009176375e-05,3.2764326201631665e-05,3.808145623488642e-05
thinner,9.799022057598651e-06,1.1245558004588187e-05,0.0,0.0
thinness,4.8995110287993256e-06,0.0,0.0,9.520364058721605e-06
third,0.00017148288600797641,0.00013494669605505826,5.7337570852855414e-05,0.00015232582493954569
thirdly,1.9598044115197302e-05,0.0,1.6382163100815833e-05,0.0
thirst,9.799022057598651e-06,1.1245558004588187e-05,0.0,0.0
thirsting,9.799022057598651e-06,0.0,0.0,0.0
thirsty,0.0,2.2491116009176375e-05,0.0,0.0
thirteen,9.799022057598651e-06,0.0,8.191081550407916e-06,0.0
thirteenth,4.8995110287993256e-06,0.0,0.0,0.0
thirty,0.00015678435292157842,7.871890603211732e-05,2.457324465122375e-05,0.0001428054608808241
this,0.003336567010612341,0.002035445998830462,0.0036614134530323383,0.004645937660656144
thither,0.0,0.0,7.371973395367124e-05,9.520364058721605e-06
thoreaus,0.0,0.0,0.0,9.520364058721605e-06
thorough,9.799022057598651e-06,0.0,2.457324465122375e-05,0.0
thoroughfare,9.799022057598651e-06,0.0,0.0,1.904072811744321e-05
thoroughfares,4.8995110287993256e-06,0.0,0.0,0.0
thoroughly,5.879413234559191e-05,0.0,1.6382163100815833e-05,8.568327652849445e-05
those,0.0005242476800815279,0.0004385767621789393,0.0004750827299236591,0.0006283440278756259
thou,5.879413234559191e-05,0.0,0.0,0.0
though,0.002165583874729302,0.0003935945301605866,0.001851184430392189,0.0005997829356994611
thought,0.0014943508637837945,0.000955872430389996,0.0009092100520952786,0.0007330680325215636
thoughtful,2.449755514399663e-05,0.0,8.191081550407916e-06,1.904072811744321e-05
thoughtfully,4.899511028799326e-05,0.0,0.0,2.8561092176164816e-05
thoughtfulness,0.0,0.0,1.6382163100815833e-05,0.0
thoughtless,0.0,0.0,2.457324465122375e-05,9.520364058721605e-06
thoughtlessness,0.0,0.0,2.457324465122375e-05,0.0
thoughts,9.799022057598651e-05,1.1245558004588187e-05,0.0002129681203106058,5.712218435232963e-05
thousand,0.0002449755514399663,0.00013494669605505826,0.00027849677271386917,6.664254841105123e-05
thousands,3.9196088230394604e-05,0.0,0.0,2.8561092176164816e-05
thrash,1.4698533086397977e-05,0.0,0.0,0.0
thrashed,4.4095599259193934e-05,1.1245558004588187e-05,0.0,0.0
thrashing,1.4698533086397977e-05,1.1245558004588187e-05,0.0,0.0
thread,3.9196088230394604e-05,0.0,0.0,9.520364058721605e-06
threadbare,4.8995110287993256e-06,0.0,1.6382163100815833e-05,0.0
threadneedle,0.0,0.0,0.0,1.904072811744321e-05
threads,9.799022057598651e-06,0.0,0.0,0.0
threat,2.449755514399663e-05,0.0,0.0,9.520364058721605e-06
threaten,0.0,0.0,0.0,9.520364058721605e-06
threatened,9.799022057598651e-06,0.0,8.191081550407916e-06,5.712218435232963e-05
threatening,9.799022057598651e-06,0.0,0.0,9.520364058721605e-06
threatens,0.0,0.0,0.0,1.904072811744321e-05
threats,2.449755514399663e-05,0.0,8.191081550407916e-06,9.520364058721605e-06
three,0.0006565344778591097,0.0008546624083487022,0.0004996559745748828,0.000675945848169234
threshold,1.4698533086397977e-05,0.0,0.0,2.8561092176164816e-05
thresholds,0.0,0.0,0.0,9.520364058721605e-06
threw,9.799022057598651e-05,6.747334802752913e-05,7.371973395367124e-05,0.0002760905577029266
thrice,4.8995110287993256e-06,0.0,0.0,0.0
thrill,4.8995110287993256e-06,0.0,0.0,9.520364058721605e-06
thrilling,0.0,0.0,0.0,9.520364058721605e-06
throat,5.389462131679259e-05,4.498223201835275e-05,8.191081550407916e-06,5.712218435232963e-05
throats,4.8995110287993256e-06,0.0,0.0,9.520364058721605e-06
throb,4.8995110287993256e-06,0.0,0.0,0.0
throbbed,2.449755514399663e-05,2.2491116009176375e-05,0.0,9.520364058721605e-06
throbbing,3.9196088230394604e-05,0.0,0.0,9.520364058721605e-06
throng,4.8995110287993256e-06,0.0,0.0,0.0
thronged,4.8995110287993256e-06,0.0,0.0,0.0
thronging,4.8995110287993256e-06,0.0,0.0,0.0
through,0.000705529588147103,0.0013382214025459943,0.00034402542511713244,0.0008663531293436661
throughout,9.799022057598651e-06,0.0,2.457324465122375e-05,9.520364058721605e-06
throw,0.0001126887536623845,0.00014619225405964643,6.552865240326333e-05,0.00010472400464593766
throwing,2.9397066172795955e-05,1.1245558004588187e-05,1.6382163100815833e-05,0.00012376473276338087
thrown,7.349266543198989e-05,1.1245558004588187e-05,6.552865240326333e-05,9.520364058721606e-05
throws,9.799022057598651e-06,0.0,0.0,2.8561092176164816e-05
thrust,5.389462131679259e-05,1.1245558004588187e-05,0.0,0.00010472400464593766
thrusting,0.0,0.0,0.0,1.904072811744321e-05
thud,4.8995110287993256e-06,0.0,0.0,9.520364058721605e-06
thudding,0.0,1.1245558004588187e-05,0.0,9.520364058721605e-06
thuds,4.8995110287993256e-06,0.0,0.0,0.0
thumb,0.0,7.871890603211732e-05,0.0,0.0001428054608808241
thumbs,0.0,1.1245558004588187e-05,0.0,0.0
thumped,0.0,0.0,0.0,9.520364058721605e-06
thumping,1.4698533086397977e-05,0.0,0.0,0.0
thunder,2.449755514399663e-05,0.0,0.0,0.0
thunderbolt,1.9598044115197302e-05,0.0,0.0,0.0
thunderclap,4.8995110287993256e-06,0.0,0.0,0.0
thunderstorm,4.8995110287993256e-06,0.0,0.0,0.0
thunderstruck,4.8995110287993256e-06,0.0,0.0,0.0
thursday,0.0,1.1245558004588187e-05,3.2764326201631665e-05,1.904072811744321e-05
thus,4.8995110287993256e-06,0.0,0.00023754136496182955,3.808145623488642e-05
thwarted,0.0,0.0,8.191081550407916e-06,0.0
thy,2.9397066172795955e-05,0.0,0.0,0.0
théorie,4.8995110287993256e-06,0.0,0.0,0.0
tiara,0.0,0.0,0.0,9.520364058721605e-06
tiber,0.0,1.1245558004588187e-05,0.0,0.0
ticket,1.9598044115197302e-05,1.1245558004588187e-05,0.0,9.520364058721605e-06
tickets,9.799022057598651e-06,4.498223201835275e-05,2.457324465122375e-05,1.904072811744321e-05
ticking,4.8995110287993256e-06,0.0,0.0,9.520364058721605e-06
tickled,4.8995110287993256e-06,0.0,0.0,0.0
tickling,4.8995110287993256e-06,0.0,0.0,0.0
ticklish,4.8995110287993256e-06,0.0,0.0,0.0
tide,0.0,0.0,1.6382163100815833e-05,8.568327652849445e-05
tidings,4.8995110287993256e-06,0.0,2.457324465122375e-05,0.0
tidy,4.8995110287993256e-06,0.0,0.0,9.520364058721605e-06
tie,4.8995110287993256e-06,3.3736674013764564e-05,0.0,4.760182029360803e-05
tied,2.9397066172795955e-05,6.747334802752913e-05,0.0,4.760182029360803e-05
ties,0.0,4.498223201835275e-05,0.0,0.0
tiger,0.0,0.0,0.0,9.520364058721605e-06
tight,1.9598044115197302e-05,0.00013494669605505826,0.0,9.520364058721605e-06
tightened,0.0,1.1245558004588187e-05,0.0,0.0
tightly,2.449755514399663e-05,1.1245558004588187e-05,0.0,2.8561092176164816e-05
tile,0.0,1.1245558004588187e-05,0.0,0.0
tiled,0.0,1.1245558004588187e-05,0.0,0.0
till,0.00035766430510235077,7.871890603211732e-05,0.0007699616657383441,1.904072811744321e-05
tilted,4.8995110287993256e-06,0.0,0.0,9.520364058721605e-06
timber,0.0,8.99644640367055e-05,0.0,0.0
timbered,0.0,0.0,0.0,9.520364058721605e-06
time,0.0018814122350589411,0.0017205703747019928,0.0016136430654303594,0.0014375749728669624
timed,0.0,0.0,8.191081550407916e-06,0.0
timely,0.0,1.1245558004588187e-05,0.0,0.0
times,0.00031356870584315684,0.00016868337006882282,0.00016382163100815833,0.0001713665530569889
timid,5.389462131679259e-05,0.0,0.0,1.904072811744321e-05
timidity,4.8995110287993256e-06,0.0,0.0,0.0
timidly,0.0001126887536623845,0.0,0.0,0.0
timing,0.0,1.1245558004588187e-05,0.0,0.0
timorous,4.8995110287993256e-06,0.0,0.0,0.0
tin,1.9598044115197302e-05,4.498223201835275e-05,0.0,9.520364058721605e-06
tinge,9.799022057598651e-06,0.0,0.0,9.520364058721605e-06
tinged,0.0,0.0,0.0,9.520364058721605e-06
tiniest,4.8995110287993256e-06,0.0,0.0,9.520364058721605e-06
tinkers,0.0,0.0,0.0,9.520364058721605e-06
tinkle,1.9598044115197302e-05,0.0,0.0,0.0
tinkled,4.8995110287993256e-06,0.0,0.0,0.0
tinkling,4.8995110287993256e-06,0.0,0.0,0.0
tinned,0.0,1.1245558004588187e-05,0.0,0.0
tins,0.0,1.1245558004588187e-05,0.0,0.0
tint,0.0,0.0,0.0,4.760182029360803e-05
tinted,0.0,0.0,0.0,7.616291246977284e-05
tiny,7.349266543198989e-05,3.3736674013764564e-05,0.0,1.904072811744321e-05
tion,4.8995110287993256e-06,0.0,0.0,0.0
tip,4.8995110287993256e-06,1.1245558004588187e-05,0.0,9.520364058721605e-06
tipped,0.0,4.498223201835275e-05,0.0,0.0
tipping,0.0,1.1245558004588187e-05,0.0,0.0
tips,0.0,3.3736674013764564e-05,0.0,4.760182029360803e-05
tipsily,4.8995110287993256e-06,0.0,0.0,0.0
tipsy,1.9598044115197302e-05,0.0,0.0,0.0
tiptoe,3.429657720159528e-05,0.0,0.0,0.0
tiptoed,0.0,1.1245558004588187e-05,0.0,0.0
tiptoes,0.0,0.0,0.0,1.904072811744321e-05
tirade,4.8995110287993256e-06,0.0,0.0,0.0
tire,0.0,0.0,0.0,9.520364058721605e-06
tired,8.329168748958855e-05,0.0006634879222707031,3.2764326201631665e-05,1.904072811744321e-05
tires,0.0,1.1245558004588187e-05,8.191081550407916e-06,0.0
tiresome,4.8995110287993256e-06,0.0,1.6382163100815833e-05,0.0
tis,0.0,0.0,2.457324465122375e-05,0.0
tissue,0.0,2.2491116009176375e-05,0.0,9.520364058721605e-06
tit,4.8995110287993256e-06,0.0,0.0,0.0
tithes,0.0,0.0,8.191081550407916e-06,0.0
titian,0.0,2.2491116009176375e-05,0.0,0.0
title,1.9598044115197302e-05,0.0,8.191081550407916e-06,1.904072811744321e-05
titles,4.8995110287993256e-06,0.0,0.0,0.0
tittered,4.8995110287993256e-06,0.0,0.0,0.0
titular,9.799022057598651e-06,0.0,0.0,0.0
to,0.026388766401113168,0.021883855876928614,0.03411585465744897,0.026114358613073364
toast,0.0,1.1245558004588187e-05,0.0,9.520364058721605e-06
tobacco,2.449755514399663e-05,6.747334802752913e-05,0.0,7.616291246977284e-05
tobacconist,0.0,0.0,0.0,9.520364058721605e-06
tobaccos,4.8995110287993256e-06,0.0,0.0,0.0
toboggan,0.0,6.747334802752913e-05,0.0,0.0
tobogganing,0.0,2.2491116009176375e-05,0.0,0.0
toboggans,0.0,3.3736674013764564e-05,0.0,0.0
today,4.8995110287993256e-06,0.0,0.0,0.0
toe,0.0,0.0,0.0,2.8561092176164816e-05
toes,9.799022057598651e-06,0.0,0.0,0.0
together,0.0003184682168719562,0.0004723134361927039,0.0005242292192261066,0.0003332127420552562
toilet,0.0,1.1245558004588187e-05,0.0,0.0
toilette,0.0,0.0,1.6382163100815833e-05,0.0
token,0.0,0.0,8.191081550407916e-06,9.520364058721605e-06
told,0.0006320369227151131,0.00040484008816517477,0.0005733757085285541,0.0004760182029360803
tolerable,0.0,0.0,0.00012286622325611874,0.0
tolerably,0.0,0.0,0.00011467514170571083,0.0
tolerance,0.0,1.1245558004588187e-05,0.0,0.0
toller,0.0,0.0,0.0,0.0001428054608808241
tollers,0.0,0.0,0.0,9.520364058721605e-06
tolstyakov,4.8995110287993256e-06,0.0,0.0,0.0
tomato,0.0,1.1245558004588187e-05,0.0,0.0
tomb,9.799022057598651e-06,0.0,0.0,0.0
tomboy,0.0,0.0,0.0,9.520364058721605e-06
tomfoolery,0.0,0.0,0.0,9.520364058721605e-06
ton,4.8995110287993256e-06,0.0,0.0,0.0
tone,0.0001322867977775818,0.0,0.00013105730480652666,1.904072811744321e-05
tones,4.8995110287993256e-06,0.0,8.191081550407916e-06,1.904072811744321e-05
tongs,0.0,1.1245558004588187e-05,0.0,9.520364058721605e-06
tongue,3.9196088230394604e-05,3.3736674013764564e-05,2.457324465122375e-05,3.808145623488642e-05
tongues,4.8995110287993256e-06,0.0,8.191081550407916e-06,0.0
tonnage,0.0,0.0,0.0,9.520364058721605e-06
tons,0.0,0.0,0.0,9.520364058721605e-06
tonsils,0.0,1.1245558004588187e-05,0.0,0.0
too,0.0024693535585148603,0.0017205703747019928,0.001163133580157924,0.0007806698528151717
took,0.0008133188307806881,0.0011470469164679951,0.00043412732217161954,0.0008282716731087797
tool,4.8995110287993256e-06,0.0,0.0,9.520364058721605e-06
tools,0.0,0.0,0.0,9.520364058721605e-06
tooth,9.799022057598651e-06,0.0,0.0,1.904072811744321e-05
toothbrush,0.0,3.3736674013764564e-05,0.0,0.0
toothbrushing,0.0,1.1245558004588187e-05,0.0,0.0
top,9.309070954718719e-05,0.0002811389501147047,8.191081550407916e-06,0.00013328509682210247
topic,0.0,0.0,8.191081550407916e-06,9.520364058721605e-06
topics,0.0,0.0,8.191081550407916e-06,0.0
topped,0.0,1.1245558004588187e-05,0.0,9.520364058721605e-06
tops,4.8995110287993256e-06,5.6227790022940935e-05,0.0,9.520364058721605e-06
topsy,4.8995110287993256e-06,0.0,0.0,0.0
tore,3.429657720159528e-05,0.0,0.0,4.760182029360803e-05
torino,0.0,1.1245558004588187e-05,0.0,0.0
torment,9.799022057598651e-06,0.0,8.191081550407916e-06,0.0
tormented,2.449755514399663e-05,0.0,0.0,0.0
tormenting,1.4698533086397977e-05,0.0,8.191081550407916e-06,0.0
tormentor,4.8995110287993256e-06,0.0,0.0,0.0
torn,7.349266543198989e-05,3.3736674013764564e-05,0.0,3.808145623488642e-05
torrent,0.0,1.1245558004588187e-05,0.0,0.0
tortoise,4.8995110287993256e-06,0.0,0.0,0.0
torture,6.859315440319056e-05,0.0,0.0,0.0
tortured,3.9196088230394604e-05,0.0,8.191081550407916e-06,9.520364058721605e-06
torturer,4.8995110287993256e-06,0.0,0.0,0.0
torturing,2.449755514399663e-05,0.0,0.0,0.0
tosca,0.0,2.2491116009176375e-05,0.0,0.0
tossed,9.799022057598651e-06,0.0,0.0,4.760182029360803e-05
tossing,0.0,0.0,0.0,1.904072811744321e-05
total,4.8995110287993256e-06,0.0,2.457324465122375e-05,9.520364058721605e-06
totally,0.0,0.0,6.552865240326333e-05,0.0
tottenham,0.0,0.0,0.0,3.808145623488642e-05
tottered,4.8995110287993256e-06,0.0,0.0,0.0
tottering,0.0,0.0,0.0,9.520364058721605e-06
touch,5.879413234559191e-05,0.00013494669605505826,0.0,8.568327652849445e-05
touched,3.9196088230394604e-05,0.00012370113805047008,3.2764326201631665e-05,5.712218435232963e-05
touches,4.8995110287993256e-06,0.0,0.0,0.0
touching,4.4095599259193934e-05,2.2491116009176375e-05,0.0,9.520364058721605e-06
touchingly,4.8995110287993256e-06,0.0,0.0,0.0
tough,9.799022057598651e-06,2.2491116009176375e-05,0.0,0.0
toughest,0.0,1.1245558004588187e-05,0.0,0.0
toulon,9.799022057598651e-06,0.0,0.0,0.0
tour,0.0,0.0,4.91464893024475e-05,0.0
tourists,0.0,1.1245558004588187e-05,0.0,0.0
tourniquet,0.0,2.2491116009176375e-05,0.0,0.0
tout,9.799022057598651e-06,0.0,0.0,2.8561092176164816e-05
toutes,4.8995110287993256e-06,0.0,0.0,0.0
toward,0.0,0.0006297512482569386,0.0,0.0
towards,0.00019598044115197303,0.0,0.0005733757085285541,0.00019040728117443212
towel,1.9598044115197302e-05,1.1245558004588187e-05,0.0,0.0
tower,1.4698533086397977e-05,1.1245558004588187e-05,0.0,9.520364058721605e-06
town,0.00024007604041116696,0.0007084701542890558,0.0005406113823269225,0.00021896837335059693
towns,1.4698533086397977e-05,0.0,0.0,9.520364058721605e-06
townspeople,9.799022057598651e-06,0.0,0.0,0.0
toy,0.0,1.1245558004588187e-05,0.0,1.904072811744321e-05
trace,5.879413234559191e-05,0.0,3.2764326201631665e-05,6.664254841105123e-05
traced,0.0,0.0,1.6382163100815833e-05,5.712218435232963e-05
traces,4.899511028799326e-05,0.0,8.191081550407916e-06,0.00011424436870465926
track,2.449755514399663e-05,0.00014619225405964643,0.0,8.568327652849445e-05
tracking,4.8995110287993256e-06,0.0,0.0,0.0
tracks,4.8995110287993256e-06,0.00011245558004588187,0.0,4.760182029360803e-05
tractable,0.0,0.0,8.191081550407916e-06,0.0
tractors,0.0,3.3736674013764564e-05,0.0,0.0
trade,4.8995110287993256e-06,0.0,3.2764326201631665e-05,3.808145623488642e-05
trades,4.8995110287993256e-06,0.0,0.0,0.0
tradesman,4.8995110287993256e-06,0.0,8.191081550407916e-06,9.520364058721605e-06
tradesmans,0.0,0.0,8.191081550407916e-06,0.0
tradesmen,0.0,0.0,0.0,9.520364058721605e-06
tradesmens,0.0,0.0,0.0,2.8561092176164816e-05
tradespeople,0.0,0.0,0.0,9.520364058721605e-06
trading,4.8995110287993256e-06,0.0,0.0,0.0
tradition,1.4698533086397977e-05,0.0,0.0,0.0
traditional,9.799022057598651e-06,0.0,0.0,0.0
traditions,4.8995110287993256e-06,0.0,0.0,9.520364058721605e-06
trafalgar,0.0,0.0,0.0,9.520364058721605e-06
traffic,4.8995110287993256e-06,6.747334802752913e-05,0.0,1.904072811744321e-05
tragedy,0.0,0.0,0.0,5.712218435232963e-05
tragic,9.799022057598651e-06,0.0,0.0,9.520364058721605e-06
trail,0.0,1.1245558004588187e-05,0.0,9.520364058721605e-06
trailed,4.8995110287993256e-06,0.0,0.0,0.0
trails,0.0,1.1245558004588187e-05,0.0,0.0
train,5.389462131679259e-05,0.00040484008816517477,8.191081550407916e-06,0.00019992764523315372
trained,4.8995110287993256e-06,0.0,0.0,3.808145623488642e-05
training,0.0,3.3736674013764564e-05,0.0,2.8561092176164816e-05
trains,0.0,0.0,0.0,9.520364058721605e-06
trait,0.0,0.0,8.191081550407916e-06,0.0
trajectory,0.0,1.1245558004588187e-05,0.0,0.0
tram,0.0,2.2491116009176375e-05,0.0,0.0
tramp,4.8995110287993256e-06,0.0,0.0,0.0
tramped,0.0,0.0,0.0,9.520364058721605e-06
trample,4.8995110287993256e-06,0.0,0.0,0.0
trampled,4.8995110287993256e-06,0.0,0.0,1.904072811744321e-05
tramps,4.8995110287993256e-06,0.0,0.0,0.0
tramway,0.0,1.1245558004588187e-05,0.0,0.0
tranquil,0.0,0.0,1.6382163100815833e-05,0.0
tranquillity,0.0,0.0,4.095540775203958e-05,0.0
tranquilly,0.0,0.0,8.191081550407916e-06,0.0
transaction,0.0,0.0,0.0,9.520364058721605e-06
transactions,0.0,0.0,1.6382163100815833e-05,0.0
transferred,0.0,0.0,8.191081550407916e-06,1.904072811744321e-05
transferring,4.8995110287993256e-06,0.0,0.0,0.0
transfigured,4.8995110287993256e-06,0.0,0.0,0.0
transform,4.8995110287993256e-06,0.0,0.0,9.520364058721605e-06
transformed,1.4698533086397977e-05,0.0,0.0,9.520364058721605e-06
transformer,0.0,0.0,0.0,9.520364058721605e-06
transgress,1.9598044115197302e-05,0.0,0.0,0.0
transgressed,9.799022057598651e-06,0.0,0.0,0.0
transient,0.0,0.0,8.191081550407916e-06,0.0
transition,0.0,0.0,8.191081550407916e-06,9.520364058721605e-06
translated,0.0,4.498223201835275e-05,0.0,0.0
translating,1.9598044115197302e-05,0.0,0.0,0.0
translation,2.9397066172795955e-05,1.1245558004588187e-05,0.0,0.0
transmit,0.0,0.0,0.0,9.520364058721605e-06
transparent,1.4698533086397977e-05,1.1245558004588187e-05,0.0,1.904072811744321e-05
transpired,0.0,0.0,8.191081550407916e-06,1.904072811744321e-05
transport,4.8995110287993256e-06,3.3736674013764564e-05,8.191081550407916e-06,0.0
transports,0.0,0.0,1.6382163100815833e-05,0.0
transverse,0.0,0.0,0.0,9.520364058721605e-06
tranzano,0.0,1.1245558004588187e-05,0.0,0.0
trap,3.429657720159528e-05,3.3736674013764564e-05,0.0,0.00012376473276338087
trapped,9.799022057598651e-06,3.3736674013764564e-05,0.0,0.0
trash,2.449755514399663e-05,0.0,0.0,0.0
trashy,4.8995110287993256e-06,0.0,0.0,0.0
travel,9.799022057598651e-06,1.1245558004588187e-05,0.0,2.8561092176164816e-05
travelled,0.0,0.0,8.191081550407916e-06,5.712218435232963e-05
traveller,0.0,0.0,0.0,1.904072811744321e-05
travellers,0.0,0.0,3.2764326201631665e-05,9.520364058721605e-06
travelling,4.8995110287993256e-06,1.1245558004588187e-05,4.91464893024475e-05,1.904072811744321e-05
travels,1.9598044115197302e-05,1.1245558004588187e-05,0.0,9.520364058721605e-06
tray,4.8995110287993256e-06,4.498223201835275e-05,0.0,9.520364058721605e-06
trays,0.0,1.1245558004588187e-05,0.0,0.0
treachery,4.8995110287993256e-06,1.1245558004588187e-05,0.0,1.904072811744321e-05
treacle,4.8995110287993256e-06,0.0,0.0,0.0
tread,4.8995110287993256e-06,0.0,0.0,2.8561092176164816e-05
treason,0.0,2.2491116009176375e-05,0.0,0.0
treasure,2.449755514399663e-05,0.0,1.6382163100815833e-05,3.808145623488642e-05
treasured,0.0,0.0,8.191081550407916e-06,0.0
treat,3.9196088230394604e-05,0.0,4.095540775203958e-05,2.8561092176164816e-05
treated,5.389462131679259e-05,1.1245558004588187e-05,5.7337570852855414e-05,3.808145623488642e-05
treating,1.9598044115197302e-05,1.1245558004588187e-05,8.191081550407916e-06,0.0
treatise,4.8995110287993256e-06,0.0,0.0,0.0
treatises,0.0,0.0,0.0,9.520364058721605e-06
treatment,2.9397066172795955e-05,2.2491116009176375e-05,4.095540775203958e-05,9.520364058721605e-06
treatments,0.0,4.498223201835275e-05,0.0,0.0
treble,0.0,0.0,0.0,1.904072811744321e-05
tree,9.799022057598651e-06,3.3736674013764564e-05,0.0,5.712218435232963e-05
trees,2.449755514399663e-05,0.0006972245962844676,4.095540775203958e-05,7.616291246977284e-05
trellis,0.0,1.1245558004588187e-05,0.0,0.0
trellised,0.0,1.1245558004588187e-05,0.0,0.0
tremble,1.4698533086397977e-05,0.0,8.191081550407916e-06,0.0
trembled,7.839217646078921e-05,0.0,8.191081550407916e-06,0.0
trembling,0.00018618141909437438,0.0,8.191081550407916e-06,2.8561092176164816e-05
tremblings,0.0,0.0,8.191081550407916e-06,0.0
tremendous,4.8995110287993256e-06,0.0,0.0,0.0
tremendously,1.9598044115197302e-05,0.0,0.0,0.0
tremor,3.429657720159528e-05,0.0,0.0,9.520364058721605e-06
tremulously,4.8995110287993256e-06,0.0,0.0,0.0
trench,0.0,6.747334802752913e-05,0.0,0.0
trenches,0.0,3.3736674013764564e-05,0.0,0.0
trentino,0.0,1.1245558004588187e-05,0.0,0.0
trepidation,4.8995110287993256e-06,0.0,8.191081550407916e-06,0.0
trepoff,0.0,0.0,0.0,9.520364058721605e-06
trespass,0.0,0.0,1.6382163100815833e-05,0.0
trespasser,0.0,0.0,0.0,9.520364058721605e-06
tresses,0.0,0.0,0.0,1.904072811744321e-05
trial,3.9196088230394604e-05,0.0,1.6382163100815833e-05,0.0
trials,4.8995110287993256e-06,0.0,8.191081550407916e-06,9.520364058721605e-06
triangle,0.0,1.1245558004588187e-05,0.0,0.0
triangular,0.0,0.0,0.0,9.520364058721605e-06
tribulation,1.4698533086397977e-05,0.0,0.0,0.0
tribute,0.0,0.0,8.191081550407916e-06,0.0
trick,9.799022057598651e-06,1.1245558004588187e-05,0.0,4.760182029360803e-05
tricked,0.0,0.0,0.0,9.520364058721605e-06
trickled,4.8995110287993256e-06,0.0,0.0,0.0
tricks,1.4698533086397977e-05,1.1245558004588187e-05,8.191081550407916e-06,9.520364058721605e-06
tricky,0.0,0.0,0.0,9.520364058721605e-06
tried,0.00027927212864156155,0.00030363006612388105,0.00012286622325611874,0.00012376473276338087
tries,4.8995110287993256e-06,0.0,8.191081550407916e-06,0.0
trieste,0.0,2.2491116009176375e-05,0.0,0.0
trifle,1.4698533086397977e-05,0.0,4.095540775203958e-05,3.808145623488642e-05
trifled,0.0,0.0,8.191081550407916e-06,0.0
trifles,6.369364337439124e-05,0.0,0.0,1.904072811744321e-05
trifling,3.429657720159528e-05,0.0,4.095540775203958e-05,3.808145623488642e-05
trigger,4.8995110287993256e-06,1.1245558004588187e-05,0.0,0.0
trilled,4.8995110287993256e-06,0.0,0.0,0.0
trim,0.0,0.0,8.191081550407916e-06,1.904072811744321e-05
trimly,0.0,0.0,0.0,9.520364058721605e-06
trimmed,4.8995110287993256e-06,0.0,0.0,1.904072811744321e-05
trimming,0.0,0.0,8.191081550407916e-06,0.0
trincomalee,0.0,0.0,0.0,9.520364058721605e-06
trinity,4.8995110287993256e-06,0.0,0.0,0.0
trinket,4.8995110287993256e-06,0.0,0.0,0.0
trinkets,2.9397066172795955e-05,0.0,0.0,0.0
trip,0.0,8.99644640367055e-05,0.0,9.520364058721605e-06
tripped,0.0,2.2491116009176375e-05,0.0,0.0
trips,0.0,1.1245558004588187e-05,0.0,0.0
tripwires,0.0,1.1245558004588187e-05,0.0,0.0
trite,0.0,0.0,0.0,9.520364058721605e-06
triumph,6.369364337439124e-05,0.0,8.191081550407916e-05,9.520364058721605e-06
triumphant,1.4698533086397977e-05,0.0,1.6382163100815833e-05,9.520364058721605e-06
triumphantly,1.9598044115197302e-05,0.0,1.6382163100815833e-05,0.0
triumphed,4.8995110287993256e-06,0.0,0.0,0.0
triumphing,0.0,0.0,8.191081550407916e-06,0.0
triumphs,0.0,1.1245558004588187e-05,0.0,0.0
trivial,4.4095599259193934e-05,0.0,0.0,8.568327652849445e-05
trivialities,4.8995110287993256e-06,0.0,0.0,0.0
trodden,4.8995110287993256e-06,0.0,0.0,0.0
troll,0.0,2.2491116009176375e-05,0.0,0.0
trolled,0.0,1.1245558004588187e-05,0.0,0.0
trolling,0.0,3.3736674013764564e-05,0.0,0.0
troop,0.0,0.0,8.191081550407916e-06,0.0
trooped,0.0,0.0,0.0,9.520364058721605e-06
troopers,0.0,0.0,0.0,9.520364058721605e-06
troops,0.0,0.00032612118213305746,0.0,0.0
trophy,0.0,0.0,0.0,9.520364058721605e-06
tropics,0.0,0.0,0.0,9.520364058721605e-06
trouble,0.00017148288600797641,0.00032612118213305746,0.00017201271255856622,0.00011424436870465926
troubled,3.9196088230394604e-05,0.0,0.0,2.8561092176164816e-05
troubles,4.8995110287993256e-06,0.0,0.0,3.808145623488642e-05
troublesome,9.799022057598651e-06,0.0,8.191081550407916e-06,0.0
troubling,1.9598044115197302e-05,0.0,8.191081550407916e-06,9.520364058721605e-06
trough,0.0,1.1245558004588187e-05,0.0,2.8561092176164816e-05
trouser,0.0,1.1245558004588187e-05,0.0,9.520364058721605e-06
trousers,5.879413234559191e-05,5.6227790022940935e-05,0.0,6.664254841105123e-05
trousseau,4.8995110287993256e-06,0.0,0.0,0.0
trout,0.0,5.6227790022940935e-05,8.191081550407916e-06,9.520364058721605e-06
trove,0.0,0.0,0.0,9.520364058721605e-06
truant,0.0,1.1245558004588187e-05,0.0,0.0
truck,0.0,6.747334802752913e-05,0.0,0.0
trucks,0.0,0.00014619225405964643,0.0,0.0
trudging,9.799022057598651e-06,0.0,0.0,0.0
true,0.00025477457349756496,0.00015743781206423464,0.0002129681203106058,0.0002760905577029266
truer,4.8995110287993256e-06,0.0,0.0,0.0
truest,0.0,0.0,8.191081550407916e-06,0.0
truly,1.9598044115197302e-05,2.2491116009176375e-05,5.7337570852855414e-05,2.8561092176164816e-05
trumpet,4.8995110287993256e-06,0.0,0.0,9.520364058721605e-06
trunk,2.9397066172795955e-05,5.6227790022940935e-05,8.191081550407916e-06,1.904072811744321e-05
trunks,4.8995110287993256e-06,3.3736674013764564e-05,8.191081550407916e-06,9.520364058721605e-06
truss,0.0,3.3736674013764564e-05,0.0,0.0
trust,8.329168748958855e-05,3.3736674013764564e-05,0.00012286622325611874,0.00015232582493954569
trusted,4.8995110287993256e-06,0.0,5.7337570852855414e-05,1.904072811744321e-05
trustees,0.0,0.0,0.0,1.904072811744321e-05
trustful,4.8995110287993256e-06,0.0,0.0,0.0
trusting,0.0,0.0,1.6382163100815833e-05,0.0
trusts,4.8995110287993256e-06,1.1245558004588187e-05,0.0,0.0
trusty,0.0,0.0,0.0,1.904072811744321e-05
truth,0.00022047799629596967,1.1245558004588187e-05,0.00022115920186101373,0.0001428054608808241
truthful,4.8995110287993256e-06,0.0,0.0,0.0
try,0.00013718630880638113,0.00041608564616976294,9.8292978604895e-05,7.616291246977284e-05
trying,0.00025967408452636426,0.00012370113805047008,4.91464893024475e-05,7.616291246977284e-05
tryst,4.8995110287993256e-06,0.0,0.0,0.0
tsar,9.799022057598651e-06,0.0,0.0,0.0
tub,4.8995110287993256e-06,0.0,0.0,0.0
tube,0.0,1.1245558004588187e-05,0.0,9.520364058721605e-06
tubercles,1.4698533086397977e-05,0.0,0.0,0.0
tubes,0.0,0.0,0.0,9.520364058721605e-06
tucked,4.8995110287993256e-06,1.1245558004588187e-05,0.0,9.520364058721605e-06
tudor,0.0,0.0,0.0,9.520364058721605e-06
tuesday,0.0,0.0,9.8292978604895e-05,9.520364058721605e-06
tuft,0.0,1.1245558004588187e-05,0.0,0.0
tug,0.0,0.0,0.0,9.520364058721605e-06
tugged,3.429657720159528e-05,0.0,0.0,2.8561092176164816e-05
tugging,4.8995110287993256e-06,0.0,0.0,9.520364058721605e-06
tumbled,0.0,0.0,0.0,9.520364058721605e-06
tumbler,0.0,2.2491116009176375e-05,0.0,9.520364058721605e-06
tummy,0.0,1.1245558004588187e-05,0.0,0.0
tumult,0.0,0.0,2.457324465122375e-05,0.0
tumultuously,0.0,0.0,0.0,9.520364058721605e-06
tune,4.8995110287993256e-06,0.0,0.0,9.520364058721605e-06
tunes,0.0,0.0,0.0,9.520364058721605e-06
tunic,0.0,8.99644640367055e-05,0.0,0.0
tunnel,0.0,3.3736674013764564e-05,0.0,1.904072811744321e-05
tunnels,0.0,0.0,0.0,9.520364058721605e-06
turban,9.799022057598651e-06,0.0,0.0,0.0
turf,0.0,2.2491116009176375e-05,0.0,9.520364058721605e-06
turgenev,4.8995110287993256e-06,0.0,0.0,0.0
turin,0.0,3.3736674013764564e-05,0.0,0.0
turk,4.8995110287993256e-06,0.0,0.0,0.0
turkey,0.0,3.3736674013764564e-05,0.0,0.0
turkish,4.8995110287993256e-06,0.0,0.0,9.520364058721605e-06
turmoil,9.799022057598651e-06,0.0,0.0,0.0
turn,0.00024007604041116696,0.00021366560208717556,0.0002129681203106058,0.0002856109217616482
turned,0.000857414430039882,0.0006409968062615267,0.00035221650666754036,0.0004855385669948019
turner,0.0,0.0,0.0,0.00019040728117443212
turners,0.0,0.0,0.0,1.904072811744321e-05
turning,0.0002694731065839629,2.2491116009176375e-05,0.0001064840601553029,0.00015232582493954569
turnpike,0.0,0.0,8.191081550407916e-06,0.0
turnpikes,0.0,0.0,8.191081550407916e-06,0.0
turns,3.9196088230394604e-05,3.3736674013764564e-05,1.6382163100815833e-05,1.904072811744321e-05
turvy,4.8995110287993256e-06,0.0,0.0,0.0
tut,1.4698533086397977e-05,0.0,0.0,7.616291246977284e-05
tweed,0.0,0.0,0.0,2.8561092176164816e-05
twelfth,4.8995110287993256e-06,0.0,0.0,0.0
twelve,2.449755514399663e-05,2.2491116009176375e-05,4.095540775203958e-05,8.568327652849445e-05
twelvemonth,0.0,0.0,4.91464893024475e-05,0.0
twenties,0.0,1.1245558004588187e-05,0.0,0.0
twentieth,0.0,0.0,0.0,1.904072811744321e-05
twenty,0.0002645735955551636,0.00011245558004588187,0.00013924838635693458,0.00022848873740931853
twice,0.0001322867977775818,8.99644640367055e-05,0.0001064840601553029,0.00015232582493954569
twig,0.0,0.0,0.0,9.520364058721605e-06
twigs,0.0,2.2491116009176375e-05,0.0,0.0
twilight,9.799022057598651e-06,0.0,0.0,9.520364058721605e-06
twinge,4.8995110287993256e-06,0.0,0.0,0.0
twinkle,0.0,0.0,0.0,9.520364058721605e-06
twinkled,0.0,0.0,0.0,3.808145623488642e-05
twinkling,4.8995110287993256e-06,0.0,0.0,9.520364058721605e-06
twins,0.0,0.0,0.0,1.904072811744321e-05
twirl,0.0,1.1245558004588187e-05,0.0,0.0
twist,9.799022057598651e-06,0.0,0.0,3.808145623488642e-05
twisted,1.4698533086397977e-05,3.3736674013764564e-05,0.0,7.616291246977284e-05
twisting,2.449755514399663e-05,1.1245558004588187e-05,0.0,0.0
twitch,4.8995110287993256e-06,0.0,0.0,9.520364058721605e-06
twitched,9.799022057598651e-06,1.1245558004588187e-05,0.0,0.0
twitching,3.429657720159528e-05,1.1245558004588187e-05,0.0,9.520364058721605e-06
twitter,0.0,0.0,0.0,9.520364058721605e-06
two,0.0011856816689694368,0.0018780081867662273,0.0011057960093050687,0.0014090138806907976
twopence,0.0,0.0,0.0,1.904072811744321e-05
tying,0.0,0.0,0.0,9.520364058721605e-06
type,9.799022057598651e-06,1.1245558004588187e-05,0.0,9.520364058721605e-06
typed,0.0,1.1245558004588187e-05,0.0,0.0
types,9.799022057598651e-06,0.0,0.0,0.0
typewrite,0.0,0.0,0.0,9.520364058721605e-06
typewriter,0.0,0.0,0.0,2.8561092176164816e-05
typewriting,0.0,0.0,0.0,3.808145623488642e-05
typewritist,0.0,0.0,0.0,9.520364058721605e-06
typewritten,0.0,0.0,0.0,5.712218435232963e-05
typhus,4.8995110287993256e-06,0.0,0.0,0.0
tyranny,4.8995110287993256e-06,0.0,0.0,0.0
tyrant,4.8995110287993256e-06,0.0,0.0,0.0
tyrolese,4.8995110287993256e-06,0.0,0.0,0.0
tête,9.799022057598651e-06,0.0,6.552865240326333e-05,0.0
u,8.329168748958855e-05,0.0,0.0,1.904072811744321e-05
udine,0.0,0.00021366560208717556,0.0,0.0
uffa,0.0,0.0,0.0,9.520364058721605e-06
ufficiali,0.0,1.1245558004588187e-05,0.0,0.0
ugh,1.4698533086397977e-05,0.0,0.0,0.0
uglier,0.0,0.0,8.191081550407916e-06,0.0
ugliness,4.8995110287993256e-06,0.0,0.0,9.520364058721605e-06
ugly,3.429657720159528e-05,1.1245558004588187e-05,1.6382163100815833e-05,9.520364058721605e-06
ulster,0.0,0.0,0.0,4.760182029360803e-05
ulsters,0.0,0.0,0.0,9.520364058721605e-06
ulterior,9.799022057598651e-06,0.0,0.0,0.0
ultimate,0.0,0.0,0.0,9.520364058721605e-06
ultimately,0.0,0.0,8.191081550407916e-06,0.0
um,0.0,1.1245558004588187e-05,0.0,0.0
umbrella,0.0,0.00023615671809635195,0.0,1.904072811744321e-05
umsonst,4.8995110287993256e-06,0.0,0.0,0.0
un,0.0,0.0,8.191081550407916e-06,9.520364058721605e-06
unabashed,0.0,0.0,8.191081550407916e-06,0.0
unabated,0.0,0.0,8.191081550407916e-06,0.0
unable,0.00011758826469118382,1.1245558004588187e-05,0.00011467514170571083,4.760182029360803e-05
unaccountable,2.449755514399663e-05,0.0,1.6382163100815833e-05,0.0
unacknowledged,0.0,0.0,8.191081550407916e-06,0.0
unacquainted,0.0,0.0,8.191081550407916e-06,9.520364058721605e-06
unadorned,4.8995110287993256e-06,0.0,0.0,0.0
unaffected,4.8995110287993256e-06,0.0,4.095540775203958e-05,0.0
unaffectedly,0.0,0.0,1.6382163100815833e-05,0.0
unallied,0.0,0.0,8.191081550407916e-06,0.0
unalloyed,4.8995110287993256e-06,0.0,8.191081550407916e-06,0.0
unalterable,0.0,0.0,8.191081550407916e-06,0.0
unanswerable,0.0,0.0,8.191081550407916e-06,0.0
unappeasable,0.0,0.0,8.191081550407916e-06,0.0
unapproachable,0.0,0.0,0.0,9.520364058721605e-06
unasked,0.0,0.0,8.191081550407916e-06,0.0
unassailed,0.0,0.0,8.191081550407916e-06,0.0
unassuming,0.0,0.0,2.457324465122375e-05,0.0
unattainable,1.4698533086397977e-05,0.0,0.0,0.0
unattended,0.0,0.0,8.191081550407916e-06,0.0
unattractive,0.0,1.1245558004588187e-05,0.0,0.0
unavailing,0.0,0.0,1.6382163100815833e-05,0.0
unavenged,0.0,0.0,0.0,9.520364058721605e-06
unavoidable,4.8995110287993256e-06,0.0,8.191081550407916e-06,0.0
unavoidably,0.0,0.0,8.191081550407916e-06,0.0
unaware,4.8995110287993256e-06,0.0,8.191081550407916e-06,0.0
unawares,4.8995110287993256e-06,0.0,0.0,0.0
unbearable,3.9196088230394604e-05,0.0,0.0,0.0
unbecoming,0.0,0.0,8.191081550407916e-06,0.0
unbelieving,4.8995110287993256e-06,0.0,0.0,0.0
unbending,4.8995110287993256e-06,0.0,8.191081550407916e-06,0.0
unblemished,0.0,0.0,8.191081550407916e-06,0.0
unbounded,9.799022057598651e-06,0.0,0.0,0.0
unbreakable,0.0,0.0,0.0,9.520364058721605e-06
unburned,0.0,0.0,0.0,9.520364058721605e-06
unbuttoned,9.799022057598651e-06,2.2491116009176375e-05,0.0,9.520364058721605e-06
uncanny,4.8995110287993256e-06,0.0,0.0,0.0
uncarpeted,0.0,0.0,0.0,9.520364058721605e-06
unceremonious,4.8995110287993256e-06,0.0,0.0,0.0
unceremoniously,2.9397066172795955e-05,0.0,0.0,0.0
uncertain,2.449755514399663e-05,0.0,1.6382163100815833e-05,3.808145623488642e-05
uncertainly,4.8995110287993256e-06,0.0,0.0,0.0
uncertainties,4.8995110287993256e-06,0.0,0.0,0.0
uncertainty,1.4698533086397977e-05,0.0,8.191081550407916e-06,0.0
unchanged,0.0,0.0,8.191081550407916e-06,0.0
unchaperoned,0.0,1.1245558004588187e-05,0.0,0.0
unchildish,9.799022057598651e-06,0.0,0.0,0.0
unchildlike,4.8995110287993256e-06,0.0,0.0,0.0
uncivil,0.0,0.0,4.095540775203958e-05,0.0
unclasping,0.0,1.1245558004588187e-05,0.0,9.520364058721605e-06
unclaspings,0.0,0.0,0.0,9.520364058721605e-06
uncle,4.899511028799326e-05,3.3736674013764564e-05,0.0004996559745748828,0.00013328509682210247
uncleanliness,4.8995110287993256e-06,0.0,0.0,0.0
uncleanness,4.8995110287993256e-06,0.0,0.0,0.0
uncles,4.8995110287993256e-06,0.0,9.010189705448707e-05,4.760182029360803e-05
uncomfortable,4.8995110287993256e-06,5.6227790022940935e-05,6.552865240326333e-05,9.520364058721605e-06
uncommon,0.0,0.0,4.095540775203958e-05,9.520364058721605e-06
uncommonly,0.0,0.0,7.371973395367124e-05,0.0
uncompanionable,0.0,0.0,8.191081550407916e-06,0.0
uncompromising,0.0,0.0,0.0,9.520364058721605e-06
unconcealed,4.8995110287993256e-06,0.0,0.0,0.0
unconcern,0.0,0.0,2.457324465122375e-05,0.0
unconcerned,0.0,0.0,1.6382163100815833e-05,9.520364058721605e-06
uncongenial,0.0,0.0,0.0,9.520364058721605e-06
unconnected,0.0,0.0,3.2764326201631665e-05,0.0
unconscious,5.879413234559191e-05,2.2491116009176375e-05,0.0,3.808145623488642e-05
unconsciously,4.4095599259193934e-05,0.0,2.457324465122375e-05,0.0
unconsciousness,4.8995110287993256e-06,0.0,0.0,0.0
uncontrollable,4.8995110287993256e-06,0.0,0.0,2.8561092176164816e-05
uncontrolled,0.0,0.0,8.191081550407916e-06,0.0
uncorked,0.0,1.1245558004588187e-05,0.0,0.0
uncourteous,0.0,0.0,0.0,9.520364058721605e-06
uncouth,9.799022057598651e-06,0.0,0.0,9.520364058721605e-06
uncovered,4.8995110287993256e-06,0.0,0.0,9.520364058721605e-06
uncritically,4.8995110287993256e-06,0.0,0.0,0.0
und,4.8995110287993256e-06,0.0,0.0,0.0
undated,0.0,0.0,0.0,9.520364058721605e-06
undeceive,0.0,0.0,8.191081550407916e-06,0.0
undecided,0.0,0.0,8.191081550407916e-06,0.0
under,0.00046055403670713663,0.001023345778417525,0.00027030569116346124,0.00040937565452502903
underclothes,4.8995110287993256e-06,0.0,0.0,0.0
underclothing,0.0,1.1245558004588187e-05,0.0,0.0
undergo,0.0,0.0,0.0,9.520364058721605e-06
undergoing,4.8995110287993256e-06,0.0,0.0,0.0
undergone,1.4698533086397977e-05,0.0,1.6382163100815833e-05,0.0
underground,9.799022057598651e-06,0.0,0.0,1.904072811744321e-05
underlip,4.8995110287993256e-06,0.0,0.0,0.0
underneath,4.8995110287993256e-06,4.498223201835275e-05,0.0,9.520364058721605e-06
undershirt,0.0,1.1245558004588187e-05,0.0,0.0
understand,0.0008672134520974807,0.00022491116009176374,0.0002457324465122375,0.00045697747481863706
understanding,6.859315440319056e-05,0.0,0.00017201271255856622,1.904072811744321e-05
understands,1.9598044115197302e-05,0.0,0.0,0.0
understood,0.00014698533086397977,8.99644640367055e-05,0.0001064840601553029,2.8561092176164816e-05
undertake,3.429657720159528e-05,0.0,0.0,9.520364058721605e-06
undertaken,1.4698533086397977e-05,0.0,8.191081550407916e-06,0.0
undertaking,9.799022057598651e-06,0.0,8.191081550407916e-06,9.520364058721605e-06
undertone,4.8995110287993256e-06,0.0,0.0,0.0
undertook,9.799022057598651e-06,0.0,0.0,0.0
undervalued,0.0,0.0,8.191081550407916e-06,0.0
undervaluing,0.0,0.0,8.191081550407916e-06,0.0
underwear,0.0,2.2491116009176375e-05,0.0,0.0
undeserved,0.0,0.0,8.191081550407916e-06,0.0
undeservedly,4.8995110287993256e-06,0.0,0.0,0.0
undeserving,0.0,0.0,2.457324465122375e-05,0.0
undetermined,0.0,0.0,8.191081550407916e-06,0.0
undid,9.799022057598651e-06,4.498223201835275e-05,0.0,9.520364058721605e-06
undiminished,0.0,0.0,8.191081550407916e-06,0.0
undisguised,4.8995110287993256e-06,0.0,0.0,0.0
undismayed,4.8995110287993256e-06,0.0,0.0,0.0
undo,9.799022057598651e-06,0.0,1.6382163100815833e-05,9.520364058721605e-06
undoing,4.8995110287993256e-06,0.0,0.0,9.520364058721605e-06
undone,0.0,0.0,8.191081550407916e-06,0.0
undoubted,4.8995110287993256e-06,0.0,8.191081550407916e-06,0.0
undoubtedly,9.799022057598651e-06,0.0,8.191081550407916e-05,7.616291246977284e-05
undress,0.0,1.1245558004588187e-05,0.0,0.0
undressed,1.9598044115197302e-05,4.498223201835275e-05,0.0,0.0
undressing,2.9397066172795955e-05,2.2491116009176375e-05,0.0,0.0
undue,0.0,0.0,0.0,9.520364058721605e-06
undutiful,0.0,0.0,8.191081550407916e-06,0.0
une,9.799022057598651e-06,0.0,0.0,0.0
unearthed,4.8995110287993256e-06,0.0,0.0,0.0
uneasily,8.819119851838787e-05,0.0,0.0,0.0
uneasiness,8.329168748958855e-05,0.0,5.7337570852855414e-05,1.904072811744321e-05
uneasy,0.0001910809301231737,0.0,6.552865240326333e-05,9.520364058721605e-06
uneducated,1.4698533086397977e-05,0.0,0.0,0.0
unembarrassed,0.0,0.0,1.6382163100815833e-05,0.0
unendurable,4.8995110287993256e-06,0.0,0.0,0.0
unequal,4.8995110287993256e-06,0.0,3.2764326201631665e-05,0.0
unequally,0.0,0.0,8.191081550407916e-06,0.0
unexampled,0.0,0.0,8.191081550407916e-06,0.0
unexpected,7.349266543198989e-05,0.0,6.552865240326333e-05,1.904072811744321e-05
unexpectedly,4.4095599259193934e-05,0.0,2.457324465122375e-05,0.0
unfailing,9.799022057598651e-06,0.0,0.0,0.0
unfailingly,0.0,0.0,0.0,9.520364058721605e-06
unfair,4.8995110287993256e-06,0.0,0.0,0.0
unfairly,4.8995110287993256e-06,0.0,0.0,0.0
unfaithful,0.0,1.1245558004588187e-05,0.0,0.0
unfamiliar,9.799022057598651e-06,0.0,0.0,0.0
unfastened,2.449755514399663e-05,0.0,0.0,0.0
unfavourable,4.8995110287993256e-06,0.0,1.6382163100815833e-05,0.0
unfavourably,0.0,0.0,8.191081550407916e-06,0.0
unfeeling,0.0,0.0,2.457324465122375e-05,0.0
unfeigned,4.8995110287993256e-06,0.0,0.0,9.520364058721605e-06
unfelt,0.0,0.0,1.6382163100815833e-05,0.0
unfenced,0.0,0.0,0.0,9.520364058721605e-06
unfettered,0.0,0.0,0.0,9.520364058721605e-06
unfinished,0.0,0.0,0.0,9.520364058721605e-06
unfit,0.0,0.0,1.6382163100815833e-05,0.0
unfold,4.8995110287993256e-06,0.0,8.191081550407916e-06,0.0
unfolded,4.8995110287993256e-06,0.0,4.095540775203958e-05,0.0
unfolding,4.8995110287993256e-06,0.0,8.191081550407916e-06,0.0
unforeseen,4.8995110287993256e-06,0.0,0.0,3.808145623488642e-05
unforgiving,0.0,0.0,1.6382163100815833e-05,0.0
unfortunate,7.839217646078921e-05,0.0,4.91464893024475e-05,9.520364058721606e-05
unfortunately,4.8995110287993256e-06,0.0,2.457324465122375e-05,2.8561092176164816e-05
unfrequently,0.0,0.0,8.191081550407916e-06,0.0
ungainly,0.0,1.1245558004588187e-05,0.0,0.0
ungenerous,0.0,0.0,2.457324465122375e-05,0.0
ungenerously,0.0,0.0,0.0,9.520364058721605e-06
ungentlemanly,1.9598044115197302e-05,0.0,0.0,0.0
ungovernable,4.8995110287993256e-06,0.0,8.191081550407916e-06,9.520364058721605e-06
ungracious,0.0,0.0,2.457324465122375e-05,0.0
ungraciousness,0.0,0.0,8.191081550407916e-06,0.0
ungrateful,1.9598044115197302e-05,0.0,0.0,2.8561092176164816e-05
unguarded,9.799022057598651e-06,0.0,3.2764326201631665e-05,0.0
unhappier,9.799022057598651e-06,0.0,0.0,0.0
unhappily,9.799022057598651e-06,0.0,2.457324465122375e-05,0.0
unhappiness,0.0,0.0,1.6382163100815833e-05,0.0
unhappy,8.329168748958855e-05,1.1245558004588187e-05,0.0001064840601553029,3.808145623488642e-05
unhealthy,4.8995110287993256e-06,0.0,0.0,9.520364058721605e-06
unheard,4.8995110287993256e-06,0.0,8.191081550407916e-06,0.0
unheeded,4.8995110287993256e-06,0.0,0.0,9.520364058721605e-06
unhewn,4.8995110287993256e-06,0.0,0.0,0.0
unhinged,4.4095599259193934e-05,0.0,0.0,0.0
unholy,4.8995110287993256e-06,0.0,0.0,0.0
unhooked,0.0,2.2491116009176375e-05,0.0,0.0
unhooking,0.0,1.1245558004588187e-05,0.0,0.0
unhurried,4.8995110287993256e-06,0.0,0.0,0.0
uniform,2.449755514399663e-05,0.00016868337006882282,8.191081550407916e-06,9.520364058721605e-06
uniformity,0.0,0.0,8.191081550407916e-06,0.0
uniformly,0.0,1.1245558004588187e-05,2.457324465122375e-05,0.0
uniforms,0.0,4.498223201835275e-05,0.0,0.0
unimpaired,9.799022057598651e-06,0.0,0.0,0.0
unimpeachable,0.0,0.0,0.0,1.904072811744321e-05
unimportant,0.0,0.0,8.191081550407916e-06,9.520364058721605e-06
uninfluenced,4.8995110287993256e-06,0.0,0.0,0.0
uninformed,0.0,1.1245558004588187e-05,0.0,0.0
uninhabited,9.799022057598651e-06,0.0,0.0,0.0
unintelligible,0.0,0.0,8.191081550407916e-06,0.0
unintentional,4.8995110287993256e-06,0.0,0.0,0.0
unintentionally,4.8995110287993256e-06,0.0,0.0,0.0
uninterrupted,4.8995110287993256e-06,0.0,0.0,0.0
uninvited,1.4698533086397977e-05,0.0,0.0,0.0
union,0.0,0.0,2.457324465122375e-05,2.8561092176164816e-05
unique,4.8995110287993256e-06,0.0,0.0,4.760182029360803e-05
unison,0.0,0.0,8.191081550407916e-06,0.0
unit,0.0,1.1245558004588187e-05,0.0,0.0
unite,0.0,0.0,1.6382163100815833e-05,0.0
united,9.799022057598651e-06,0.0,5.7337570852855414e-05,2.8561092176164816e-05
uniting,0.0,0.0,8.191081550407916e-06,0.0
units,0.0,2.2491116009176375e-05,0.0,0.0
universal,1.4698533086397977e-05,0.0,2.457324465122375e-05,0.0
universally,0.0,0.0,2.457324465122375e-05,0.0
universities,0.0,0.0,8.191081550407916e-06,0.0
university,8.819119851838787e-05,0.0,0.0,0.0
unjust,9.799022057598651e-06,0.0,3.2764326201631665e-05,0.0
unjustifiable,0.0,0.0,1.6382163100815833e-05,0.0
unjustly,0.0,0.0,1.6382163100815833e-05,0.0
unkempt,1.4698533086397977e-05,0.0,0.0,9.520364058721605e-06
unkindness,0.0,0.0,8.191081550407916e-06,0.0
unknowing,0.0,1.1245558004588187e-05,0.0,0.0
unknowingly,0.0,0.0,8.191081550407916e-06,0.0
unknown,9.309070954718719e-05,0.0,6.552865240326333e-05,4.760182029360803e-05
unlaced,0.0,1.1245558004588187e-05,0.0,0.0
unlatched,9.799022057598651e-06,0.0,0.0,0.0
unless,1.4698533086397977e-05,8.99644640367055e-05,0.00016382163100815833,0.00010472400464593766
unlike,3.429657720159528e-05,0.0,3.2764326201631665e-05,2.8561092176164816e-05
unlikely,0.0,0.0,3.2764326201631665e-05,2.8561092176164816e-05
unloaded,0.0,3.3736674013764564e-05,0.0,0.0
unlocked,1.9598044115197302e-05,1.1245558004588187e-05,0.0,4.760182029360803e-05
unlocking,9.799022057598651e-06,0.0,0.0,1.904072811744321e-05
unlooked,9.799022057598651e-06,0.0,0.0,0.0
unloosed,4.8995110287993256e-06,0.0,0.0,0.0
unluckily,0.0,0.0,2.457324465122375e-05,0.0
unlucky,0.0,0.0,8.191081550407916e-05,0.0
unmarked,0.0,0.0,8.191081550407916e-06,0.0
unmarried,4.8995110287993256e-06,0.0,0.0,9.520364058721605e-06
unmasked,4.8995110287993256e-06,0.0,0.0,0.0
unmerited,4.8995110287993256e-06,0.0,0.0,0.0
unmistakable,3.9196088230394604e-05,0.0,0.0,9.520364058721605e-06
unmistakably,4.8995110287993256e-06,0.0,0.0,0.0
unmitigated,4.8995110287993256e-06,0.0,0.0,0.0
unmixed,4.8995110287993256e-06,0.0,0.0,0.0
unmoved,4.8995110287993256e-06,0.0,8.191081550407916e-06,0.0
unnatural,2.9397066172795955e-05,0.0,1.6382163100815833e-05,3.808145623488642e-05
unnaturally,0.0,0.0,8.191081550407916e-06,0.0
unnecessarily,4.8995110287993256e-06,0.0,8.191081550407916e-06,0.0
unnecessary,1.4698533086397977e-05,0.0,3.2764326201631665e-05,3.808145623488642e-05
unnoticed,1.4698533086397977e-05,0.0,0.0,9.520364058721605e-06
unobservant,0.0,0.0,0.0,9.520364058721605e-06
unobserved,9.799022057598651e-06,0.0,0.0,9.520364058721605e-06
unofficial,0.0,0.0,0.0,9.520364058721605e-06
unopened,4.8995110287993256e-06,0.0,0.0,9.520364058721605e-06
unpack,0.0,0.0,0.0,9.520364058721605e-06
unpacked,0.0,1.1245558004588187e-05,0.0,9.520364058721605e-06
unpacking,0.0,1.1245558004588187e-05,0.0,0.0
unpainted,4.8995110287993256e-06,0.0,0.0,0.0
unpapered,0.0,0.0,0.0,9.520364058721605e-06
unpardonable,1.4698533086397977e-05,0.0,3.2764326201631665e-05,0.0
unpardonably,4.8995110287993256e-06,0.0,0.0,0.0
unpleasant,4.4095599259193934e-05,2.2491116009176375e-05,6.552865240326333e-05,5.712218435232963e-05
unpleasantly,4.8995110287993256e-06,0.0,8.191081550407916e-06,0.0
unpleasantness,3.429657720159528e-05,1.1245558004588187e-05,0.0,9.520364058721605e-06
unpleasing,4.8995110287993256e-06,0.0,8.191081550407916e-06,0.0
unpractised,4.8995110287993256e-06,0.0,0.0,0.0
unprecedented,4.8995110287993256e-06,0.0,0.0,9.520364058721605e-06
unprepared,0.0,0.0,8.191081550407916e-06,0.0
unpretending,0.0,0.0,8.191081550407916e-06,0.0
unprincipled,4.8995110287993256e-06,0.0,8.191081550407916e-06,0.0
unprofitable,0.0,0.0,8.191081550407916e-06,9.520364058721605e-06
unprotected,0.0,0.0,8.191081550407916e-06,0.0
unpunctual,4.8995110287993256e-06,0.0,0.0,0.0
unqualified,0.0,0.0,8.191081550407916e-06,0.0
unquestionably,0.0,0.0,8.191081550407916e-06,0.0
unravel,0.0,0.0,0.0,9.520364058721605e-06
unravelled,0.0,0.0,0.0,9.520364058721605e-06
unravelling,0.0,0.0,0.0,9.520364058721605e-06
unreal,4.8995110287993256e-06,2.2491116009176375e-05,0.0,0.0
unreasonable,0.0,2.2491116009176375e-05,5.7337570852855414e-05,0.0
unreasonably,4.8995110287993256e-06,1.1245558004588187e-05,8.191081550407916e-06,0.0
unreasoning,4.8995110287993256e-06,0.0,0.0,1.904072811744321e-05
unrecognised,4.8995110287993256e-06,0.0,0.0,0.0
unredeemed,9.799022057598651e-06,0.0,0.0,0.0
unrepaired,0.0,0.0,0.0,9.520364058721605e-06
unreserve,0.0,0.0,8.191081550407916e-06,0.0
unreserved,4.8995110287993256e-06,0.0,2.457324465122375e-05,0.0
unrestrained,4.8995110287993256e-06,0.0,8.191081550407916e-06,0.0
unsafe,4.8995110287993256e-06,0.0,0.0,0.0
unsatisfactory,9.799022057598651e-06,1.1245558004588187e-05,0.0,0.0
unscrew,0.0,1.1245558004588187e-05,0.0,0.0
unscrewed,0.0,1.1245558004588187e-05,0.0,0.0
unscrupulous,4.8995110287993256e-06,0.0,0.0,0.0
unseat,0.0,0.0,0.0,9.520364058721605e-06
unseemly,4.899511028799326e-05,1.1245558004588187e-05,0.0,0.0
unseen,1.4698533086397977e-05,0.0,0.0,0.0
unsettled,9.799022057598651e-06,0.0,2.457324465122375e-05,0.0
unshackled,0.0,0.0,8.191081550407916e-06,0.0
unshaken,0.0,0.0,8.191081550407916e-06,0.0
unshaven,1.4698533086397977e-05,1.1245558004588187e-05,0.0,0.0
unsocial,0.0,0.0,8.191081550407916e-06,0.0
unsolved,4.8995110287993256e-06,0.0,0.0,9.520364058721605e-06
unspeakable,4.8995110287993256e-06,0.0,0.0,0.0
unspoken,4.8995110287993256e-06,0.0,0.0,0.0
unsteadier,4.8995110287993256e-06,0.0,0.0,0.0
unsteadily,4.8995110287993256e-06,0.0,0.0,0.0
unstudied,0.0,0.0,8.191081550407916e-06,0.0
unsubdued,0.0,0.0,8.191081550407916e-06,0.0
unsuccessful,9.799022057598651e-06,2.2491116009176375e-05,0.0,0.0
unsuccessfully,0.0,0.0,8.191081550407916e-06,0.0
unsuitable,0.0,0.0,1.6382163100815833e-05,0.0
unsuspicious,0.0,0.0,8.191081550407916e-06,0.0
unsystematic,0.0,0.0,0.0,9.520364058721605e-06
untamed,0.0,0.0,8.191081550407916e-06,9.520364058721605e-06
untenanted,4.8995110287993256e-06,0.0,0.0,0.0
unthinkable,1.9598044115197302e-05,0.0,0.0,9.520364058721605e-06
untidy,0.0,0.0,8.191081550407916e-06,0.0
untie,9.799022057598651e-06,0.0,0.0,0.0
untied,4.8995110287993256e-06,0.0,0.0,0.0
until,3.429657720159528e-05,0.000539786784220233,8.191081550407916e-06,0.0007140273044041204
untimely,0.0,0.0,0.0,9.520364058721605e-06
untinctured,0.0,0.0,8.191081550407916e-06,0.0
untitled,0.0,0.0,8.191081550407916e-06,0.0
unto,5.879413234559191e-05,0.0,0.0,0.0
untouched,1.4698533086397977e-05,0.0,8.191081550407916e-06,0.0
untried,4.8995110287993256e-06,0.0,0.0,0.0
untrustworthy,4.8995110287993256e-06,0.0,0.0,0.0
untying,4.8995110287993256e-06,0.0,0.0,0.0
unusual,0.0,0.0,8.191081550407916e-06,7.616291246977284e-05
unusually,0.0,0.0,0.0,9.520364058721605e-06
unutterable,4.8995110287993256e-06,0.0,0.0,0.0
unvarying,0.0,0.0,8.191081550407916e-06,0.0
unveil,4.8995110287993256e-06,0.0,0.0,0.0
unwarily,9.799022057598651e-06,0.0,0.0,0.0
unwashed,1.4698533086397977e-05,0.0,0.0,0.0
unwearying,0.0,0.0,8.191081550407916e-06,0.0
unwelcome,4.8995110287993256e-06,0.0,3.2764326201631665e-05,9.520364058721605e-06
unwell,9.799022057598651e-06,0.0,1.6382163100815833e-05,0.0
unwhitewashed,9.799022057598651e-06,0.0,0.0,0.0
unwilling,4.899511028799326e-05,0.0,8.191081550407916e-05,0.0
unwillingly,4.8995110287993256e-06,0.0,3.2764326201631665e-05,0.0
unwillingness,0.0,0.0,2.457324465122375e-05,0.0
unwise,0.0,0.0,0.0,9.520364058721605e-06
unwittingly,4.8995110287993256e-06,0.0,0.0,0.0
unworthily,0.0,0.0,8.191081550407916e-06,0.0
unworthy,1.9598044115197302e-05,0.0,3.2764326201631665e-05,0.0
unwound,0.0,1.1245558004588187e-05,0.0,9.520364058721605e-06
unwounded,0.0,1.1245558004588187e-05,0.0,0.0
unwrapped,0.0,2.2491116009176375e-05,0.0,0.0
unwritten,4.8995110287993256e-06,0.0,0.0,0.0
up,0.0032140792348923576,0.005049255544060096,0.000876445725893647,0.0028656295816752034
upbraided,0.0,0.0,8.191081550407916e-06,9.520364058721605e-06
upbraiding,4.8995110287993256e-06,0.0,8.191081550407916e-06,0.0
uphill,0.0,2.2491116009176375e-05,0.0,0.0
upholstered,4.8995110287993256e-06,0.0,0.0,0.0
upholsterers,4.8995110287993256e-06,0.0,0.0,0.0
upon,0.0007104290991759022,0.0,0.0005733757085285541,0.004426969287305547
upper,2.9397066172795955e-05,2.2491116009176375e-05,1.6382163100815833e-05,9.520364058721606e-05
uppermost,4.8995110287993256e-06,0.0,8.191081550407916e-06,9.520364058721605e-06
upraised,0.0,0.0,0.0,9.520364058721605e-06
upright,4.8995110287993256e-06,1.1245558004588187e-05,0.0,0.0
uproar,2.9397066172795955e-05,0.0,8.191081550407916e-06,9.520364058721605e-06
uproarious,4.8995110287993256e-06,0.0,0.0,0.0
uproot,4.8995110287993256e-06,0.0,0.0,0.0
ups,4.8995110287993256e-06,0.0,0.0,0.0
upset,6.369364337439124e-05,5.6227790022940935e-05,0.0,9.520364058721605e-06
upsetting,1.9598044115197302e-05,0.0,0.0,0.0
upshot,4.8995110287993256e-06,0.0,0.0,0.0
upstairs,5.879413234559191e-05,0.00014619225405964643,0.00013105730480652666,0.00010472400464593766
upstart,0.0,0.0,8.191081550407916e-06,0.0
upturned,0.0,4.498223201835275e-05,0.0,0.0
upward,0.0,1.1245558004588187e-05,0.0,3.808145623488642e-05
upwards,4.8995110287993256e-06,0.0,0.0,0.0
urge,9.799022057598651e-06,0.0,0.0,0.0
urged,9.799022057598651e-06,0.0,4.91464893024475e-05,1.904072811744321e-05
urgency,0.0,0.0,0.0,9.520364058721605e-06
urgent,1.4698533086397977e-05,0.0,2.457324465122375e-05,9.520364058721605e-06
urging,4.8995110287993256e-06,0.0,0.0,9.520364058721605e-06
us,0.0009358066065006713,0.0016530970266744635,0.0010075030307001736,0.0017422266227460539
usage,0.0,0.0,1.6382163100815833e-05,9.520364058721605e-06
use,0.00020577946320957167,0.00012370113805047008,0.00012286622325611874,0.00031417201393781297
used,0.0003184682168719562,0.00012370113805047008,0.00018020379410897414,0.0002951312858203698
useful,1.9598044115197302e-05,3.3736674013764564e-05,4.91464893024475e-05,5.712218435232963e-05
usefulness,4.8995110287993256e-06,0.0,0.0,0.0
useless,6.859315440319056e-05,0.0,4.91464893024475e-05,2.8561092176164816e-05
uselessly,4.8995110287993256e-06,0.0,8.191081550407916e-06,0.0
uses,0.0,0.0,0.0,1.904072811744321e-05
ushered,0.0,0.0,0.0,1.904072811744321e-05
ushering,0.0,0.0,0.0,9.520364058721605e-06
using,4.8995110287993256e-06,5.6227790022940935e-05,8.191081550407916e-06,3.808145623488642e-05
usual,5.879413234559191e-05,0.0,0.00027849677271386917,0.00012376473276338087
usually,2.9397066172795955e-05,0.00011245558004588187,6.552865240326333e-05,6.664254841105123e-05
utilise,0.0,0.0,0.0,9.520364058721605e-06
utmost,5.389462131679259e-05,0.0,8.191081550407916e-05,2.8561092176164816e-05
utter,6.369364337439124e-05,0.0,4.91464893024475e-05,1.904072811744321e-05
uttered,8.329168748958855e-05,0.0,4.095540775203958e-05,2.8561092176164816e-05
uttering,5.879413234559191e-05,0.0,0.0,9.520364058721605e-06
utterly,0.0001126887536623845,0.0,8.191081550407916e-06,3.808145623488642e-05
v,2.449755514399663e-05,3.3736674013764564e-05,0.0,0.0
va,1.4698533086397977e-05,2.2491116009176375e-05,0.0,0.0
vacancies,0.0,0.0,0.0,1.904072811744321e-05
vacancy,0.0,0.0,8.191081550407916e-06,6.664254841105123e-05
vacant,0.0,0.0,4.095540775203958e-05,9.520364058721605e-06
vacantly,4.8995110287993256e-06,0.0,0.0,9.520364058721605e-06
vacuous,0.0,0.0,0.0,1.904072811744321e-05
vagabond,4.8995110287993256e-06,0.0,0.0,9.520364058721605e-06
vagabonds,0.0,0.0,0.0,9.520364058721605e-06
vague,5.879413234559191e-05,3.3736674013764564e-05,1.6382163100815833e-05,9.520364058721606e-05
vaguely,9.799022057598651e-06,0.0,0.0,0.0
vagueness,0.0,0.0,0.0,9.520364058721605e-06
vahrushin,3.429657720159528e-05,0.0,0.0,0.0
vain,1.9598044115197302e-05,2.2491116009176375e-05,0.00016382163100815833,2.8561092176164816e-05
vainly,0.0,0.0,0.0,9.520364058721605e-06
vale,9.799022057598651e-06,0.0,0.0,0.0
valentini,0.0,0.00010121002204129369,0.0,0.0
valet,0.0,0.0,0.0,9.520364058721605e-06
valid,0.0,0.0,8.191081550407916e-06,9.520364058721605e-06
valise,0.0,0.0,0.0,9.520364058721605e-06
valley,0.0,0.00015743781206423464,3.2764326201631665e-05,4.760182029360803e-05
valleys,0.0,1.1245558004588187e-05,0.0,0.0
valor,0.0,1.1245558004588187e-05,0.0,0.0
valorous,0.0,2.2491116009176375e-05,0.0,0.0
valuable,2.9397066172795955e-05,2.2491116009176375e-05,7.371973395367124e-05,5.712218435232963e-05
value,2.449755514399663e-05,4.498223201835275e-05,7.371973395367124e-05,0.00010472400464593766
valued,9.799022057598651e-06,0.0,4.095540775203958e-05,0.0
valueless,0.0,0.0,8.191081550407916e-06,0.0
values,0.0,0.0,0.0,9.520364058721605e-06
van,4.8995110287993256e-06,0.00021366560208717556,0.0,9.520364058721605e-06
vanish,0.0,0.0,8.191081550407916e-06,3.808145623488642e-05
vanished,1.9598044115197302e-05,0.0,1.6382163100815833e-05,9.520364058721606e-05
vanishes,0.0,0.0,0.0,9.520364058721605e-06
vanishing,4.8995110287993256e-06,0.0,0.0,2.8561092176164816e-05
vanities,4.8995110287993256e-06,0.0,0.0,0.0
vanity,4.899511028799326e-05,0.0,0.00014743946790734248,0.0
vans,0.0,2.2491116009176375e-05,0.0,0.0
varellas,0.0,1.1245558004588187e-05,0.0,0.0
varents,4.8995110287993256e-06,0.0,0.0,0.0
variable,0.0,0.0,0.0,9.520364058721605e-06
variance,0.0,0.0,8.191081550407916e-06,0.0
variation,0.0,0.0,1.6382163100815833e-05,0.0
varied,1.4698533086397977e-05,0.0,2.457324465122375e-05,1.904072811744321e-05
varieties,0.0,0.0,8.191081550407916e-06,9.520364058721605e-06
variety,4.8995110287993256e-06,0.0,5.7337570852855414e-05,1.904072811744321e-05
varini,0.0,1.1245558004588187e-05,0.0,0.0
various,5.879413234559191e-05,1.1245558004588187e-05,7.371973395367124e-05,9.520364058721605e-06
varnished,0.0,2.2491116009176375e-05,0.0,0.0
vary,0.0,0.0,2.457324465122375e-05,9.520364058721605e-06
varying,0.0,0.0,1.6382163100815833e-05,0.0
vaselined,0.0,1.1245558004588187e-05,0.0,0.0
vassilitch,4.8995110287993256e-06,0.0,0.0,0.0
vassily,4.8995110287993256e-06,0.0,0.0,0.0
vassilyevsky,2.9397066172795955e-05,0.0,0.0,0.0
vast,3.9196088230394604e-05,0.0,1.6382163100815833e-05,0.0
vastly,0.0,0.0,8.191081550407916e-06,0.0
vasya,4.8995110287993256e-06,0.0,0.0,0.0
vater,2.449755514399663e-05,0.0,0.0,0.0
vault,0.0,0.0,0.0,2.8561092176164816e-05
vauxhall,9.799022057598651e-06,0.0,0.0,0.0
veal,1.9598044115197302e-05,1.1245558004588187e-05,0.0,0.0
vegetable,0.0,1.1245558004588187e-05,0.0,0.0
vegetables,0.0,0.0,0.0,1.904072811744321e-05
vegetarian,0.0,0.0,0.0,9.520364058721605e-06
vehemence,4.8995110287993256e-06,0.0,8.191081550407916e-06,9.520364058721605e-06
vehicle,0.0,0.0,0.0,9.520364058721605e-06
vehicles,0.0,7.871890603211732e-05,0.0,0.0
veil,0.0,0.0,0.0,7.616291246977284e-05
veiled,0.0,0.0,0.0,1.904072811744321e-05
veins,4.8995110287993256e-06,1.1245558004588187e-05,0.0,2.8561092176164816e-05
velvet,0.0,1.1245558004588187e-05,0.0,1.904072811744321e-05
venerable,4.8995110287993256e-06,0.0,0.0,0.0
veneration,0.0,0.0,8.191081550407916e-06,0.0
venetian,4.8995110287993256e-06,1.1245558004588187e-05,0.0,0.0
vengeance,0.0,0.0,0.0,9.520364058721605e-06
venice,0.0,1.1245558004588187e-05,0.0,0.0
venison,0.0,0.0,8.191081550407916e-06,0.0
venner,0.0,0.0,0.0,9.520364058721605e-06
venomous,4.8995110287993256e-06,0.0,0.0,9.520364058721605e-06
vent,4.8995110287993256e-06,0.0,1.6382163100815833e-05,0.0
ventilate,0.0,0.0,0.0,9.520364058721605e-06
ventilator,0.0,0.0,0.0,0.00013328509682210247
ventilators,0.0,0.0,0.0,9.520364058721605e-06
venting,0.0,0.0,8.191081550407916e-06,0.0
venture,7.349266543198989e-05,0.0,4.095540775203958e-05,1.904072811744321e-05
ventured,2.449755514399663e-05,0.0,5.7337570852855414e-05,1.904072811744321e-05
venturing,4.8995110287993256e-06,0.0,8.191081550407916e-06,0.0
veracity,0.0,0.0,1.6382163100815833e-05,0.0
verandahs,4.8995110287993256e-06,0.0,0.0,0.0
verb,4.8995110287993256e-06,0.0,0.0,0.0
verbal,4.8995110287993256e-06,0.0,0.0,0.0
verbatim,0.0,0.0,0.0,9.520364058721605e-06
verbs,0.0,0.0,0.0,9.520364058721605e-06
verdict,9.799022057598651e-06,0.0,0.0,2.8561092176164816e-05
verdure,0.0,0.0,8.191081550407916e-06,0.0
vere,0.0,0.0,0.0,9.520364058721605e-06
verge,0.0,0.0,0.0,1.904072811744321e-05
verging,4.8995110287993256e-06,0.0,0.0,0.0
verify,0.0,0.0,0.0,9.520364058721605e-06
verily,0.0,0.0,8.191081550407916e-06,0.0
vermouth,0.0,0.000179928928073411,0.0,0.0
vermouths,0.0,1.1245558004588187e-05,0.0,0.0
verona,0.0,4.498223201835275e-05,0.0,0.0
verrons,0.0,0.0,0.0,9.520364058721605e-06
verse,1.4698533086397977e-05,0.0,0.0,0.0
versed,4.8995110287993256e-06,0.0,0.0,0.0
verses,0.0,0.0,8.191081550407916e-06,0.0
version,4.8995110287993256e-06,0.0,0.0,0.0
versts,1.9598044115197302e-05,0.0,0.0,0.0
vertu,4.8995110287993256e-06,0.0,0.0,0.0
very,0.002273373117362887,0.0042845575997481,0.0039972477965990625,0.0038081456234886424
vessel,0.0,0.0,0.0,2.8561092176164816e-05
vessels,0.0,0.0,0.0,9.520364058721605e-06
vestal,4.8995110287993256e-06,0.0,0.0,0.0
vestas,0.0,0.0,0.0,9.520364058721605e-06
vestibule,0.0,0.0,4.095540775203958e-05,0.0
vestige,0.0,0.0,0.0,9.520364058721605e-06
vestry,0.0,0.0,0.0,9.520364058721605e-06
vevey,0.0,1.1245558004588187e-05,0.0,0.0
vex,0.0,0.0,8.191081550407916e-06,9.520364058721605e-06
vexation,5.389462131679259e-05,0.0,8.191081550407916e-05,0.0
vexations,0.0,0.0,8.191081550407916e-06,0.0
vexatious,0.0,0.0,1.6382163100815833e-05,0.0
vexed,6.369364337439124e-05,0.0,6.552865240326333e-05,0.0
vexing,0.0,0.0,8.191081550407916e-06,0.0
vi,4.8995110287993256e-06,0.0,0.0,0.0
via,0.0,3.3736674013764564e-05,0.0,0.0
viazemskys,4.8995110287993256e-06,0.0,0.0,0.0
vibrating,4.8995110287993256e-06,0.0,0.0,0.0
vice,7.839217646078921e-05,7.871890603211732e-05,2.457324465122375e-05,1.904072811744321e-05
vicenza,0.0,3.3736674013764564e-05,0.0,0.0
vices,0.0,0.0,8.191081550407916e-06,0.0
vicinity,0.0,0.0,8.191081550407916e-06,0.0
vicious,9.799022057598651e-06,0.0,8.191081550407916e-06,0.0
victim,3.9196088230394604e-05,0.0,8.191081550407916e-06,4.760182029360803e-05
victims,4.8995110287993256e-06,0.0,0.0,0.0
victor,0.0,0.0,0.0,9.520364058721605e-06
victoria,0.0,0.0,0.0,4.760182029360803e-05
victories,0.0,6.747334802752913e-05,0.0,0.0
victory,0.0,6.747334802752913e-05,8.191081550407916e-06,9.520364058721605e-06
view,0.00010288973160478584,0.0,0.00013924838635693458,0.0001428054608808241
viewed,0.0,0.0,0.0,9.520364058721605e-06
viewing,0.0,0.0,2.457324465122375e-05,0.0
views,4.8995110287993256e-06,0.0,9.010189705448707e-05,1.904072811744321e-05
vigil,0.0,0.0,0.0,9.520364058721605e-06
vigilant,4.8995110287993256e-06,0.0,0.0,0.0
vigorous,2.449755514399663e-05,0.0,0.0,0.0
vigorously,1.4698533086397977e-05,1.1245558004588187e-05,8.191081550407916e-06,2.8561092176164816e-05
vigour,4.8995110287993256e-06,0.0,8.191081550407916e-06,0.0
vile,6.859315440319056e-05,1.1245558004588187e-05,0.0,3.808145623488642e-05
vileness,9.799022057598651e-06,0.0,0.0,0.0
viler,9.799022057598651e-06,0.0,0.0,0.0
vilest,0.0,0.0,0.0,2.8561092176164816e-05
villa,4.8995110287993256e-06,0.00024740227610094015,0.0,2.8561092176164816e-05
village,2.9397066172795955e-05,0.00011245558004588187,4.91464893024475e-05,6.664254841105123e-05
villagers,4.8995110287993256e-06,0.0,0.0,9.520364058721605e-06
villages,9.799022057598651e-06,4.498223201835275e-05,0.0,1.904072811744321e-05
villain,4.8995110287993256e-06,0.0,0.0,6.664254841105123e-05
villainous,0.0,0.0,8.191081550407916e-06,0.0
villains,0.0,0.0,0.0,9.520364058721605e-06
villainy,0.0,0.0,0.0,9.520364058721605e-06
villas,0.0,6.747334802752913e-05,0.0,1.904072811744321e-05
vilna,4.8995110287993256e-06,0.0,0.0,0.0
vin,4.8995110287993256e-06,0.0,0.0,0.0
vincent,0.0,0.0,0.0,4.760182029360803e-05
vincenza,0.0,2.2491116009176375e-05,0.0,0.0
vindication,0.0,0.0,1.6382163100815833e-05,0.0
vindictive,2.449755514399663e-05,0.0,0.0,0.0
vindictively,4.8995110287993256e-06,0.0,0.0,0.0
vine,0.0,3.3736674013764564e-05,0.0,0.0
vines,0.0,5.6227790022940935e-05,0.0,0.0
vineyards,0.0,4.498223201835275e-05,0.0,0.0
vingt,0.0,0.0,8.191081550407916e-06,0.0
violated,0.0,0.0,8.191081550407916e-06,0.0
violates,4.8995110287993256e-06,0.0,0.0,0.0
violation,0.0,0.0,1.6382163100815833e-05,0.0
violence,1.9598044115197302e-05,0.0,2.457324465122375e-05,0.00010472400464593766
violent,5.879413234559191e-05,1.1245558004588187e-05,8.191081550407916e-05,6.664254841105123e-05
violently,7.349266543198989e-05,0.0,4.91464893024475e-05,0.0
violet,0.0,1.1245558004588187e-05,0.0,3.808145623488642e-05
violin,4.8995110287993256e-06,0.0,0.0,3.808145623488642e-05
virgin,4.8995110287993256e-06,3.3736674013764564e-05,0.0,0.0
virgins,0.0,3.3736674013764564e-05,0.0,0.0
virtue,2.449755514399663e-05,0.0,8.191081550407916e-05,9.520364058721605e-06
virtues,1.4698533086397977e-05,0.0,0.0,9.520364058721605e-06
virtuous,9.799022057598651e-06,0.0,0.0,0.0
vis,9.799022057598651e-06,0.0,0.0,0.0
visa,0.0,2.2491116009176375e-05,0.0,0.0
visas,0.0,1.1245558004588187e-05,0.0,0.0
vise,1.4698533086397977e-05,0.0,0.0,0.0
vishera,4.8995110287993256e-06,0.0,0.0,0.0
visible,4.8995110287993256e-06,1.1245558004588187e-05,4.095540775203958e-05,4.760182029360803e-05
vision,4.8995110287993256e-06,0.0,0.0,0.0
visions,1.9598044115197302e-05,0.0,0.0,0.0
visit,0.00015678435292157842,3.3736674013764564e-05,0.0004177451590708037,9.520364058721606e-05
visitations,4.8995110287993256e-06,0.0,0.0,0.0
visited,3.9196088230394604e-05,1.1245558004588187e-05,3.2764326201631665e-05,3.808145623488642e-05
visiting,2.449755514399663e-05,1.1245558004588187e-05,4.095540775203958e-05,9.520364058721605e-06
visitor,0.00014208581983518045,1.1245558004588187e-05,9.010189705448707e-05,0.00024752946552676175
visitors,5.879413234559191e-05,0.0,0.00011467514170571083,4.760182029360803e-05
visits,9.799022057598651e-06,0.0,4.095540775203958e-05,2.8561092176164816e-05
visor,0.0,1.1245558004588187e-05,0.0,0.0
vital,1.4698533086397977e-05,0.0,0.0,2.8561092176164816e-05
vito,0.0,1.1245558004588187e-05,0.0,0.0
vitriol,0.0,0.0,0.0,9.520364058721605e-06
vittorio,0.0,1.1245558004588187e-05,0.0,0.0
viva,0.0,3.3736674013764564e-05,0.0,0.0
vivacity,0.0,0.0,1.6382163100815833e-05,0.0
vive,4.8995110287993256e-06,1.1245558004588187e-05,0.0,0.0
vivid,4.8995110287993256e-06,0.0,0.0,9.520364058721605e-06
vividly,2.9397066172795955e-05,0.0,0.0,0.0
vividness,1.4698533086397977e-05,0.0,0.0,0.0
vivisecting,4.8995110287993256e-06,0.0,0.0,0.0
vocation,9.799022057598651e-06,0.0,0.0,0.0
vodka,7.349266543198989e-05,0.0,0.0,0.0
vogue,0.0,0.0,8.191081550407916e-06,0.0
voice,0.00041155892641914335,0.00010121002204129369,0.00018020379410897414,0.00019040728117443212
voices,5.389462131679259e-05,0.0,0.0,2.8561092176164816e-05
void,0.0,0.0,8.191081550407916e-06,0.0
voilà,0.0,0.0,0.0,9.520364058721605e-06
volatility,0.0,0.0,8.191081550407916e-06,0.0
volcanic,0.0,0.0,0.0,9.520364058721605e-06
volley,0.0,0.0,0.0,9.520364058721605e-06
volubility,0.0,0.0,8.191081550407916e-06,0.0
voluble,0.0,1.1245558004588187e-05,0.0,0.0
volume,0.0,0.0,1.6382163100815833e-05,4.760182029360803e-05
volumes,0.0,0.0,0.0,9.520364058721605e-06
voluntarily,0.0,0.0,4.91464893024475e-05,0.0
voluntary,4.8995110287993256e-06,0.0,2.457324465122375e-05,0.0
volunteered,4.8995110287993256e-06,0.0,0.0,9.520364058721605e-06
voluptuous,9.799022057598651e-06,0.0,0.0,0.0
vomited,0.0,1.1245558004588187e-05,0.0,0.0
von,0.0,0.0,0.0,3.808145623488642e-05
voraciously,0.0,0.0,0.0,9.520364058721605e-06
voskresensky,4.8995110287993256e-06,0.0,0.0,0.0
vote,0.0,1.1245558004588187e-05,0.0,9.520364058721605e-06
voters,0.0,0.0,0.0,9.520364058721605e-06
vouch,0.0,0.0,2.457324465122375e-05,0.0
vouching,0.0,0.0,0.0,9.520364058721605e-06
vouchsafe,4.8995110287993256e-06,0.0,0.0,0.0
vouchsafed,1.4698533086397977e-05,0.0,8.191081550407916e-06,0.0
vous,1.4698533086397977e-05,0.0,0.0,0.0
vow,0.0,0.0,8.191081550407916e-06,0.0
vowed,1.4698533086397977e-05,0.0,0.0,0.0
vows,0.0,0.0,8.191081550407916e-06,1.904072811744321e-05
voznesensky,4.8995110287993256e-06,0.0,0.0,0.0
vrazumihin,9.799022057598651e-06,0.0,0.0,0.0
vulgar,1.4698533086397977e-05,1.1245558004588187e-05,1.6382163100815833e-05,2.8561092176164816e-05
vulgarise,4.8995110287993256e-06,0.0,0.0,0.0
vulgarity,9.799022057598651e-06,0.0,8.191081550407916e-06,0.0
vulnerable,0.0,0.0,0.0,9.520364058721605e-06
vérité,4.8995110287993256e-06,0.0,0.0,0.0
w,0.0,0.0,1.6382163100815833e-05,0.0
wadded,9.799022057598651e-06,0.0,0.0,0.0
wadding,0.0,0.0,0.0,9.520364058721605e-06
waddling,0.0,0.0,0.0,9.520364058721605e-06
wade,4.8995110287993256e-06,0.0,0.0,0.0
wading,4.8995110287993256e-06,0.0,0.0,0.0
wager,0.0,0.0,0.0,9.520364058721605e-06
wages,0.0,0.0,0.0,2.8561092176164816e-05
wagging,4.8995110287993256e-06,0.0,0.0,0.0
waggled,0.0,0.0,0.0,9.520364058721605e-06
waggon,1.9598044115197302e-05,0.0,0.0,0.0
wagners,4.8995110287993256e-06,0.0,0.0,0.0
wagon,0.0,0.0,0.0,9.520364058721605e-06
wagons,0.0,2.2491116009176375e-05,0.0,9.520364058721605e-06
wail,1.9598044115197302e-05,0.0,0.0,0.0
wailed,2.9397066172795955e-05,0.0,0.0,0.0
wailing,2.449755514399663e-05,0.0,0.0,0.0
waist,9.799022057598651e-06,0.0,0.0,9.520364058721605e-06
waistcoat,5.879413234559191e-05,0.0,0.0,6.664254841105123e-05
waisted,4.8995110287993256e-06,0.0,0.0,0.0
wait,0.00023027701835356832,0.00022491116009176374,0.00013924838635693458,0.0001808869171157105
waited,0.0001126887536623845,0.00020242004408258738,5.7337570852855414e-05,0.0001428054608808241
waiter,1.9598044115197302e-05,0.00020242004408258738,2.457324465122375e-05,1.904072811744321e-05
waiters,4.8995110287993256e-06,2.2491116009176375e-05,0.0,0.0
waiting,0.0002645735955551636,0.00011245558004588187,8.191081550407916e-05,0.00032369237799653456
waits,4.8995110287993256e-06,0.0,0.0,0.0
waived,0.0,0.0,8.191081550407916e-06,0.0
wake,4.899511028799326e-05,0.00014619225405964643,0.0,2.8561092176164816e-05
waked,6.369364337439124e-05,1.1245558004588187e-05,0.0,0.0
wakened,0.0,1.1245558004588187e-05,0.0,0.0
waking,2.449755514399663e-05,5.6227790022940935e-05,8.191081550407916e-06,0.0
walk,0.00013718630880638113,0.00032612118213305746,0.0004177451590708037,0.0001428054608808241
walked,0.0004997501249375312,0.000719715712293644,0.0003604075882179483,0.00026657019364420494
walker,0.0,6.747334802752913e-05,2.457324465122375e-05,0.0
walkers,0.0,1.1245558004588187e-05,0.0,0.0
walking,0.0001518848418927791,0.00019117448607799918,0.0002129681203106058,0.00013328509682210247
walks,4.8995110287993256e-06,2.2491116009176375e-05,2.457324465122375e-05,3.808145623488642e-05
wall,0.000225377507324769,0.000359857856146822,0.0,0.00013328509682210247
wallahs,0.0,1.1245558004588187e-05,0.0,0.0
walled,0.0,1.1245558004588187e-05,0.0,0.0
wallenstein,0.0,0.0,0.0,9.520364058721605e-06
wallet,0.0,1.1245558004588187e-05,0.0,0.0
wallowed,0.0,0.0,0.0,9.520364058721605e-06
walls,4.4095599259193934e-05,0.00010121002204129369,0.0,7.616291246977284e-05
walnut,0.0,1.1245558004588187e-05,0.0,0.0
walsall,0.0,0.0,0.0,9.520364058721605e-06
walsingham,0.0,0.0,0.0,9.520364058721605e-06
wander,4.8995110287993256e-06,0.0,8.191081550407916e-06,3.808145623488642e-05
wandered,1.4698533086397977e-05,0.0,1.6382163100815833e-05,3.808145623488642e-05
wanderers,4.8995110287993256e-06,0.0,0.0,0.0
wandering,2.9397066172795955e-05,0.0,2.457324465122375e-05,2.8561092176164816e-05
wanderings,9.799022057598651e-06,0.0,0.0,0.0
waned,0.0,0.0,0.0,9.520364058721605e-06
want,0.0009064095403278753,0.0021928838108946965,0.0003604075882179483,0.00026657019364420494
wanted,0.00046055403670713663,0.0005735234582339976,0.00018839487565938207,0.00010472400464593766
wanting,2.449755514399663e-05,1.1245558004588187e-05,5.7337570852855414e-05,2.8561092176164816e-05
wantonly,0.0,0.0,8.191081550407916e-06,0.0
wantonness,4.8995110287993256e-06,0.0,0.0,0.0
wants,0.00010778924263358517,0.00013494669605505826,9.010189705448707e-05,5.712218435232963e-05
war,0.0,0.0013382214025459943,8.191081550407916e-06,3.808145623488642e-05
warburtons,0.0,0.0,0.0,9.520364058721605e-06
ward,1.9598044115197302e-05,4.498223201835275e-05,8.191081550407916e-06,0.0
warded,0.0,0.0,8.191081550407916e-06,0.0
warder,9.799022057598651e-06,0.0,0.0,0.0
wardrobe,0.0,1.1245558004588187e-05,0.0,1.904072811744321e-05
warehouse,0.0,0.0,0.0,9.520364058721605e-06
warehouses,0.0,0.0,1.6382163100815833e-05,0.0
wares,4.8995110287993256e-06,0.0,0.0,0.0
warhorse,4.8995110287993256e-06,0.0,0.0,0.0
warm,0.00010288973160478584,0.00019117448607799918,4.91464893024475e-05,3.808145623488642e-05
warmed,0.0,3.3736674013764564e-05,0.0,9.520364058721605e-06
warmer,4.8995110287993256e-06,0.0,0.0,0.0
warmest,0.0,0.0,1.6382163100815833e-05,9.520364058721605e-06
warming,1.4698533086397977e-05,0.0,0.0,0.0
warmly,6.859315440319056e-05,0.0,6.552865240326333e-05,3.808145623488642e-05
warmth,3.429657720159528e-05,0.0,6.552865240326333e-05,9.520364058721605e-06
warn,4.4095599259193934e-05,0.0,3.2764326201631665e-05,1.904072811744321e-05
warned,9.799022057598651e-06,0.0,8.191081550407916e-06,9.520364058721605e-06
warning,4.8995110287993256e-06,0.0,0.0,5.712218435232963e-05
warnings,0.0,0.0,0.0,2.8561092176164816e-05
warrant,4.8995110287993256e-06,0.0,8.191081550407916e-06,0.0
warren,0.0,0.0,0.0,9.520364058721605e-06
wars,0.0,5.6227790022940935e-05,0.0,0.0
warsaw,0.0,0.0,0.0,1.904072811744321e-05
warwick,0.0,0.0,8.191081550407916e-06,0.0
was,0.01373822892475331,0.016294813548648285,0.015104354378952196,0.013423713322797464
wash,1.9598044115197302e-05,6.747334802752913e-05,0.0,2.8561092176164816e-05
washbowl,0.0,1.1245558004588187e-05,0.0,0.0
washbowls,0.0,1.1245558004588187e-05,0.0,0.0
washed,4.899511028799326e-05,0.00013494669605505826,0.0,0.0
washing,5.879413234559191e-05,3.3736674013764564e-05,0.0,9.520364058721605e-06
washstand,0.0,1.1245558004588187e-05,0.0,0.0
wasnt,0.00017148288600797641,0.0003486122981422338,0.0,2.8561092176164816e-05
wasp,4.8995110287993256e-06,0.0,0.0,0.0
waste,4.899511028799326e-05,0.0,8.191081550407916e-06,2.8561092176164816e-05
wasted,5.389462131679259e-05,1.1245558004588187e-05,0.0,2.8561092176164816e-05
wasteful,0.0,0.0,0.0,9.520364058721605e-06
wastes,4.8995110287993256e-06,0.0,0.0,0.0
wasting,9.799022057598651e-06,0.0,8.191081550407916e-06,0.0
watch,0.0001665833749791771,0.00029238450811929287,1.6382163100815833e-05,9.520364058721606e-05
watched,5.879413234559191e-05,0.0005622779002294094,5.7337570852855414e-05,5.712218435232963e-05
watches,0.0,0.0,8.191081550407916e-06,0.0
watchful,0.0,0.0,8.191081550407916e-06,0.0
watchfulness,0.0,0.0,1.6382163100815833e-05,0.0
watching,0.00010288973160478584,0.00010121002204129369,6.552865240326333e-05,4.760182029360803e-05
watchman,0.0,2.2491116009176375e-05,0.0,0.0
water,0.0002694731065839629,0.0008096801763303495,3.2764326201631665e-05,0.0001713665530569889
watered,0.0,0.0,0.0,9.520364058721605e-06
waterfall,4.8995110287993256e-06,0.0,0.0,0.0
waterfront,0.0,1.1245558004588187e-05,0.0,0.0
watering,0.0,1.1245558004588187e-05,8.191081550407916e-06,0.0
waterloo,4.8995110287993256e-06,0.0,0.0,7.616291246977284e-05
waterproof,0.0,0.0,0.0,1.904072811744321e-05
waters,9.799022057598651e-06,0.0,0.0,9.520364058721605e-06
watery,4.8995110287993256e-06,0.0,0.0,0.0
watson,0.0,0.0,0.0,0.0007711494887564501
watsons,0.0,0.0,8.191081550407916e-06,0.0
wave,2.449755514399663e-05,3.3736674013764564e-05,8.191081550407916e-06,2.8561092176164816e-05
waved,3.429657720159528e-05,0.00016868337006882282,0.0,3.808145623488642e-05
wavered,0.0,0.0,8.191081550407916e-06,0.0
wavering,0.0,0.0,8.191081550407916e-06,9.520364058721605e-06
waves,0.0,3.3736674013764564e-05,0.0,9.520364058721605e-06
waving,2.449755514399663e-05,2.2491116009176375e-05,0.0,1.904072811744321e-05
wax,2.449755514399663e-05,1.1245558004588187e-05,0.0,1.904072811744321e-05
waxed,4.8995110287993256e-06,0.0,0.0,9.520364058721605e-06
waxy,0.0,1.1245558004588187e-05,0.0,0.0
way,0.0012591743344014267,0.0011695380324771715,0.000876445725893647,0.0011043622308117063
waylaid,0.0,0.0,0.0,1.904072811744321e-05
ways,7.349266543198989e-05,2.2491116009176375e-05,2.457324465122375e-05,0.00010472400464593766
wayside,0.0,0.0,0.0,1.904072811744321e-05
wayward,0.0,0.0,0.0,9.520364058721605e-06
we,0.002028397565922921,0.01036840448023031,0.002072343632253203,0.004988670766770121
weak,0.00012738728674878248,2.2491116009176375e-05,5.7337570852855414e-05,4.760182029360803e-05
weaken,0.0,0.0,0.0,9.520364058721605e-06
weakened,4.8995110287993256e-06,0.0,8.191081550407916e-06,0.0
weakening,0.0,0.0,0.0,9.520364058721605e-06
weaker,4.8995110287993256e-06,0.0,0.0,9.520364058721605e-06
weakest,0.0,0.0,8.191081550407916e-06,0.0
weakly,2.449755514399663e-05,0.0,0.0,0.0
weakness,6.369364337439124e-05,1.1245558004588187e-05,4.095540775203958e-05,9.520364058721605e-06
weaknesses,4.8995110287993256e-06,0.0,8.191081550407916e-06,9.520364058721605e-06
wealth,1.9598044115197302e-05,1.1245558004588187e-05,2.457324465122375e-05,2.8561092176164816e-05
wealthy,0.0,1.1245558004588187e-05,0.0,1.904072811744321e-05
weapon,1.9598044115197302e-05,0.0,0.0,7.616291246977284e-05
wear,4.899511028799326e-05,0.00014619225405964643,8.191081550407916e-06,8.568327652849445e-05
wearer,0.0,0.0,0.0,9.520364058721605e-06
wearied,0.0,0.0,8.191081550407916e-06,0.0
wearily,4.8995110287993256e-06,0.0,0.0,0.0
weariness,0.0,0.0,0.0,9.520364058721605e-06
wearing,9.309070954718719e-05,4.498223201835275e-05,0.0,2.8561092176164816e-05
wearisome,0.0,0.0,8.191081550407916e-06,9.520364058721605e-06
wears,9.799022057598651e-06,0.0,8.191081550407916e-06,9.520364058721605e-06
weary,2.449755514399663e-05,0.0,1.6382163100815833e-05,0.00011424436870465926
weather,0.0,5.6227790022940935e-05,4.91464893024475e-05,5.712218435232963e-05
weave,4.8995110287993256e-06,0.0,0.0,9.520364058721605e-06
weaver,0.0,0.0,0.0,9.520364058721605e-06
weaving,4.8995110287993256e-06,0.0,0.0,0.0
web,4.8995110287993256e-06,0.0,0.0,1.904072811744321e-05
webbs,0.0,0.0,8.191081550407916e-06,0.0
wed,1.4698533086397977e-05,0.00014619225405964643,0.0,0.0
wedding,3.9196088230394604e-05,4.498223201835275e-05,0.00011467514170571083,0.0002094480092918753
wedged,0.0,0.0,0.0,9.520364058721605e-06
wedgelike,0.0,1.1245558004588187e-05,0.0,0.0
wedlock,4.8995110287993256e-06,0.0,0.0,9.520364058721605e-06
wednesday,0.0,0.0,7.371973395367124e-05,3.808145623488642e-05
wee,0.0,0.0,0.0,9.520364058721605e-06
weed,0.0,0.0,0.0,9.520364058721605e-06
weedy,0.0,0.0,0.0,9.520364058721605e-06
week,9.799022057598651e-05,3.3736674013764564e-05,0.00023754136496182955,0.00023800910146804015
weekly,1.4698533086397977e-05,0.0,0.0,9.520364058721605e-06
weeks,3.9196088230394604e-05,7.871890603211732e-05,0.00014743946790734248,0.0001808869171157105
weep,3.429657720159528e-05,0.0,8.191081550407916e-06,0.0
weeping,0.00011758826469118382,0.0,0.0,0.0
weigh,9.799022057598651e-06,1.1245558004588187e-05,0.0,9.520364058721605e-06
weighed,1.4698533086397977e-05,0.0,1.6382163100815833e-05,1.904072811744321e-05
weighing,5.879413234559191e-05,0.0,0.0,9.520364058721605e-06
weighs,4.8995110287993256e-06,0.0,0.0,0.0
weight,3.429657720159528e-05,2.2491116009176375e-05,4.91464893024475e-05,6.664254841105123e-05
weighted,0.0,0.0,0.0,1.904072811744321e-05
weights,0.0,1.1245558004588187e-05,0.0,0.0
weighty,1.4698533086397977e-05,0.0,8.191081550407916e-06,0.0
weird,0.0,0.0,0.0,9.520364058721605e-06
welcome,2.9397066172795955e-05,2.2491116009176375e-05,9.8292978604895e-05,9.520364058721605e-06
welcomed,0.0,0.0,5.7337570852855414e-05,9.520364058721605e-06
welcoming,9.799022057598651e-06,0.0,8.191081550407916e-06,0.0
welfare,9.799022057598651e-06,0.0,4.095540775203958e-05,0.0
well,0.0017197283711085634,0.0018105348387386982,0.001851184430392189,0.001932633903920486
wellington,0.0,0.0,0.0,9.520364058721605e-06
welted,0.0,1.1245558004588187e-05,0.0,0.0
wench,1.4698533086397977e-05,0.0,0.0,0.0
wenches,4.8995110287993256e-06,0.0,0.0,0.0
wengen,0.0,2.2491116009176375e-05,0.0,0.0
went,0.0017393264152237606,0.00421708425172057,0.0005488024638773304,0.0006473847559930691
wept,6.369364337439124e-05,0.0,0.0,0.0
were,0.0034639542973611236,0.007793171697179614,0.004611578912879656,0.003332127420552562
werent,2.9397066172795955e-05,7.871890603211732e-05,0.0,0.0
west,0.0,1.1245558004588187e-05,8.191081550407916e-06,0.00011424436870465926
westaway,0.0,0.0,0.0,9.520364058721605e-06
westaways,0.0,0.0,0.0,9.520364058721605e-06
westbury,0.0,0.0,0.0,9.520364058721605e-06
westerham,0.0,0.0,8.191081550407916e-06,0.0
western,0.0,2.2491116009176375e-05,0.0,9.520364058721605e-06
westhouse,0.0,0.0,0.0,1.904072811744321e-05
westphail,0.0,0.0,0.0,9.520364058721605e-06
westward,0.0,0.0,0.0,9.520364058721605e-06
wet,6.859315440319056e-05,0.0006297512482569386,1.6382163100815833e-05,3.808145623488642e-05
wetted,1.4698533086397977e-05,0.0,0.0,0.0
wetting,4.8995110287993256e-06,0.0,0.0,0.0
weve,6.859315440319056e-05,0.00011245558004588187,0.0,2.8561092176164816e-05
whacked,0.0,1.1245558004588187e-05,0.0,0.0
whales,4.8995110287993256e-06,0.0,0.0,0.0
wharf,0.0,0.0,0.0,2.8561092176164816e-05
wharves,0.0,0.0,0.0,1.904072811744321e-05
what,0.005654035727234422,0.003047546219243399,0.003948101307296615,0.0036843808907252615
whatever,8.329168748958855e-05,1.1245558004588187e-05,0.00027030569116346124,0.00015232582493954569
whats,0.00037236283818874877,0.0004385767621789393,8.191081550407916e-06,2.8561092176164816e-05
whatsoever,4.8995110287993256e-06,0.0,0.0,0.0
wheal,0.0,0.0,0.0,9.520364058721605e-06
wheel,4.8995110287993256e-06,6.747334802752913e-05,0.0,9.520364058721605e-06
wheeled,4.8995110287993256e-06,4.498223201835275e-05,0.0,9.520364058721605e-06
wheeler,0.0,0.0,0.0,3.808145623488642e-05
wheels,1.4698533086397977e-05,0.00015743781206423464,0.0,6.664254841105123e-05
when,0.002141086319585305,0.0031937384733030454,0.003030700173650929,0.003065557226908357
whence,0.0,0.0,2.457324465122375e-05,5.712218435232963e-05
whenever,4.8995110287993256e-06,3.3736674013764564e-05,0.00018020379410897414,1.904072811744321e-05
whens,4.8995110287993256e-06,0.0,0.0,0.0
where,0.0009946007388462632,0.002159147136880932,0.0007290062579863046,0.0011424436870465927
whereabouts,4.8995110287993256e-06,0.0,0.0,1.904072811744321e-05
wheres,9.799022057598651e-06,5.6227790022940935e-05,0.0,9.520364058721605e-06
wherever,1.9598044115197302e-05,5.6227790022940935e-05,6.552865240326333e-05,9.520364058721605e-06
whether,0.0003674633271599494,0.00012370113805047008,0.00044231840372202746,0.00040937565452502903
which,0.0016266376615613762,0.00025864783410552833,0.0044477572818714985,0.007340200689274358
whichever,0.0,0.0,2.457324465122375e-05,0.0
while,0.0004997501249375312,0.0011920291484863478,0.0006225221978310016,0.0006283440278756259
whilst,9.799022057598651e-06,0.0,3.2764326201631665e-05,0.0
whim,0.0,0.0,0.0,1.904072811744321e-05
whimper,4.8995110287993256e-06,0.0,0.0,0.0
whimpering,1.4698533086397977e-05,0.0,0.0,0.0
whims,4.8995110287993256e-06,0.0,1.6382163100815833e-05,9.520364058721605e-06
whimsical,0.0,0.0,8.191081550407916e-06,1.904072811744321e-05
whine,0.0,0.0,0.0,9.520364058721605e-06
whined,4.8995110287993256e-06,0.0,0.0,9.520364058721605e-06
whip,2.9397066172795955e-05,1.1245558004588187e-05,0.0,3.808145623488642e-05
whipcord,0.0,0.0,0.0,2.8561092176164816e-05
whipped,9.799022057598651e-06,4.498223201835275e-05,0.0,0.0
whipping,0.0,1.1245558004588187e-05,0.0,0.0
whips,2.449755514399663e-05,0.0,0.0,0.0
whirl,4.8995110287993256e-06,0.0,0.0,0.0
whirled,0.0,1.1245558004588187e-05,0.0,0.0
whirling,1.4698533086397977e-05,0.0,0.0,9.520364058721605e-06
whishing,0.0,1.1245558004588187e-05,0.0,9.520364058721605e-06
whisked,4.8995110287993256e-06,0.0,0.0,0.0
whiskered,4.8995110287993256e-06,0.0,0.0,9.520364058721605e-06
whiskers,2.9397066172795955e-05,0.0,0.0,6.664254841105123e-05
whiskey,0.0,0.00016868337006882282,0.0,0.0
whisky,0.0,0.0,0.0,1.904072811744321e-05
whisper,8.329168748958855e-05,0.0,8.191081550407916e-05,9.520364058721605e-06
whispered,0.00020087995218077235,1.1245558004588187e-05,8.191081550407916e-06,0.00015232582493954569
whispering,3.9196088230394604e-05,1.1245558004588187e-05,2.457324465122375e-05,9.520364058721605e-06
whispers,9.799022057598651e-06,0.0,0.0,0.0
whist,0.0,0.0,4.095540775203958e-05,0.0
whistle,0.0,1.1245558004588187e-05,0.0,9.520364058721606e-05
whistled,4.8995110287993256e-06,0.0,0.0,1.904072811744321e-05
whistles,0.0,0.0,0.0,1.904072811744321e-05
whistling,4.8995110287993256e-06,0.0,0.0,0.0
white,0.00017638239703677574,0.0004498223201835275,2.457324465122375e-05,0.0002760905577029266
whitely,0.0,1.1245558004588187e-05,0.0,0.0
whiten,0.0,0.0,0.0,9.520364058721605e-06
whiter,0.0,0.0,0.0,9.520364058721605e-06
whites,0.0,2.2491116009176375e-05,0.0,0.0
whitewashed,0.0,0.0,0.0,3.808145623488642e-05
whither,0.0,0.0,1.6382163100815833e-05,9.520364058721605e-06
whitish,4.8995110287993256e-06,0.0,0.0,0.0
whitney,0.0,0.0,0.0,5.712218435232963e-05
whitneys,0.0,0.0,0.0,1.904072811744321e-05
whittington,0.0,0.0,0.0,9.520364058721605e-06
who,0.001925507834318135,0.0012482569385092888,0.002326267160315848,0.002580018659913555
whoa,0.0,0.0,0.0,1.904072811744321e-05
whoever,4.8995110287993256e-06,0.0,0.0,2.8561092176164816e-05
whole,0.0005928408344847184,0.000179928928073411,0.0006470954424822253,0.00042841638264247227
wholesome,0.0,0.0,0.0,9.520364058721605e-06
wholl,4.8995110287993256e-06,0.0,0.0,0.0
wholly,4.8995110287993256e-06,0.0,0.0002129681203106058,0.0
whom,0.0003625638161311501,2.2491116009176375e-05,0.0006880508502342649,0.0003712941982901426
whore,0.0,3.3736674013764564e-05,0.0,0.0
whorehound,0.0,1.1245558004588187e-05,0.0,0.0
whorehouse,0.0,2.2491116009176375e-05,0.0,0.0
whos,2.449755514399663e-05,5.6227790022940935e-05,0.0,0.0
whose,9.799022057598651e-05,2.2491116009176375e-05,0.000483273811474067,0.00021896837335059693
whoso,0.0,0.0,0.0,9.520364058721605e-06
whosoever,4.8995110287993256e-06,0.0,0.0,0.0
whove,4.8995110287993256e-06,0.0,0.0,0.0
why,0.0021802824078157,0.0007984346183257614,0.00044231840372202746,0.000723547668462842
wicked,2.9397066172795955e-05,0.0,0.0,2.8561092176164816e-05
wickedest,0.0,0.0,8.191081550407916e-06,0.0
wickedness,0.0,0.0,1.6382163100815833e-05,1.904072811744321e-05
wicker,0.0,1.1245558004588187e-05,0.0,9.520364058721605e-06
wicket,0.0,0.0,0.0,9.520364058721605e-06
wickham,0.0,0.0,0.0013269552111660823,0.0
wickhams,0.0,0.0,0.0002621146096130533,0.0
wide,0.00013718630880638113,0.00014619225405964643,2.457324465122375e-05,2.8561092176164816e-05
widely,0.0,0.0,3.2764326201631665e-05,0.0
widened,0.0,1.1245558004588187e-05,0.0,1.904072811744321e-05
wider,4.8995110287993256e-06,1.1245558004588187e-05,0.0,0.0
widespread,0.0,0.0,0.0,2.8561092176164816e-05
widest,0.0,1.1245558004588187e-05,0.0,0.0
widow,6.859315440319056e-05,0.0,2.457324465122375e-05,9.520364058721605e-06
widower,9.799022057598651e-06,0.0,0.0,2.8561092176164816e-05
widows,9.799022057598651e-06,0.0,0.0,0.0
widths,4.8995110287993256e-06,0.0,0.0,0.0
wife,0.00023027701835356832,0.00029238450811929287,0.0003604075882179483,0.0005045792951122451
wifes,9.799022057598651e-06,0.0,2.457324465122375e-05,6.664254841105123e-05
wig,0.0,0.0,0.0,9.520364058721605e-06
wight,0.0,0.0,0.0,9.520364058721605e-06
wigmore,0.0,0.0,0.0,9.520364058721605e-06
wigs,0.0,0.0,0.0,9.520364058721605e-06
wild,4.899511028799326e-05,2.2491116009176375e-05,9.010189705448707e-05,9.520364058721606e-05
wilderness,4.8995110287993256e-06,0.0,8.191081550407916e-06,9.520364058721605e-06
wildly,4.899511028799326e-05,1.1245558004588187e-05,0.0,0.0
wildness,0.0,1.1245558004588187e-05,0.0,0.0
wiles,4.8995110287993256e-06,0.0,0.0,0.0
wilful,0.0,0.0,2.457324465122375e-05,9.520364058721605e-06
wilfully,0.0,0.0,3.2764326201631665e-05,0.0
wilhelm,0.0,0.0,0.0,9.520364058721605e-06
will,0.002680032532753231,0.0034861229814223383,0.0034320631696209167,0.0025038557474437824
willed,0.0,0.0,8.191081550407916e-06,0.0
william,0.0,0.0,0.00032764326201631665,4.760182029360803e-05
williams,0.0,0.0,4.91464893024475e-05,0.0
willing,1.9598044115197302e-05,0.0,4.91464893024475e-05,4.760182029360803e-05
willingly,0.0,0.0,2.457324465122375e-05,9.520364058721605e-06
willingness,0.0,0.0,2.457324465122375e-05,0.0
willow,4.8995110287993256e-06,3.3736674013764564e-05,0.0,0.0
willows,0.0,1.1245558004588187e-05,0.0,9.520364058721605e-06
willst,9.799022057598651e-06,0.0,0.0,0.0
wilson,0.0,2.2491116009176375e-05,0.0,0.00019040728117443212
wilsons,0.0,0.0,0.0,1.904072811744321e-05
wilt,4.8995110287993256e-06,0.0,0.0,0.0
wilton,0.0,0.0,0.0,9.520364058721605e-06
wily,4.8995110287993256e-06,0.0,0.0,0.0
wimpole,0.0,0.0,0.0,9.520364058721605e-06
win,1.4698533086397977e-05,0.00010121002204129369,8.191081550407916e-06,9.520364058721605e-06
winced,0.0,1.1245558004588187e-05,0.0,9.520364058721605e-06
winchester,0.0,0.0,0.0,9.520364058721606e-05
wincing,0.0,0.0,0.0,9.520364058721605e-06
wind,5.389462131679259e-05,0.00040484008816517477,8.191081550407916e-06,0.00010472400464593766
winded,4.8995110287993256e-06,0.0,0.0,0.0
windfall,0.0,0.0,0.0,9.520364058721605e-06
windibank,0.0,0.0,0.0,0.00019040728117443212
windigate,0.0,0.0,0.0,2.8561092176164816e-05
winding,4.8995110287993256e-06,1.1245558004588187e-05,8.191081550407916e-06,7.616291246977284e-05
windings,0.0,0.0,8.191081550407916e-06,0.0
window,0.0003527647940735515,0.0008209257343349377,0.00013105730480652666,0.0006854662122279556
windows,9.799022057598651e-05,0.00021366560208717556,4.91464893024475e-05,0.00023800910146804015
windowsill,0.0,0.0,0.0,9.520364058721605e-06
winds,0.0,0.0,0.0,1.904072811744321e-05
wine,9.799022057598651e-05,0.0007309612702982322,2.457324465122375e-05,1.904072811744321e-05
winefully,0.0,1.1245558004588187e-05,0.0,0.0
wineglassful,4.8995110287993256e-06,0.0,0.0,0.0
wines,9.799022057598651e-06,5.6227790022940935e-05,0.0,9.520364058721605e-06
wing,0.0,0.0,0.0,6.664254841105123e-05
wings,0.0,0.0,0.0,1.904072811744321e-05
wingèd,0.0,1.1245558004588187e-05,0.0,0.0
wink,1.4698533086397977e-05,0.0,1.6382163100815833e-05,1.904072811744321e-05
winked,1.9598044115197302e-05,1.1245558004588187e-05,0.0,0.0
winking,1.4698533086397977e-05,0.0,1.6382163100815833e-05,9.520364058721605e-06
winner,0.0,2.2491116009176375e-05,0.0,0.0
winners,0.0,1.1245558004588187e-05,0.0,0.0
winning,0.0,2.2491116009176375e-05,0.0,0.0
wins,0.0,1.1245558004588187e-05,0.0,0.0
winter,2.9397066172795955e-05,0.00029238450811929287,0.00012286622325611874,9.520364058721605e-06
wintry,0.0,2.2491116009176375e-05,0.0,9.520364058721605e-06
wipe,9.799022057598651e-06,0.0,0.0,0.0
wiped,1.9598044115197302e-05,0.00012370113805047008,0.0,0.0
wiping,1.4698533086397977e-05,1.1245558004588187e-05,0.0,0.0
wire,0.0,2.2491116009176375e-05,0.0,3.808145623488642e-05
wired,0.0,0.0,0.0,2.8561092176164816e-05
wires,0.0,2.2491116009176375e-05,0.0,0.0
wiring,0.0,1.1245558004588187e-05,0.0,0.0
wiry,0.0,0.0,0.0,9.520364058721605e-06
wisconsin,0.0,1.1245558004588187e-05,0.0,0.0
wisdom,9.799022057598651e-06,6.747334802752913e-05,0.0,9.520364058721605e-06
wise,2.449755514399663e-05,7.871890603211732e-05,4.095540775203958e-05,0.0
wisely,0.0,0.0,3.2764326201631665e-05,1.904072811744321e-05
wiser,1.9598044115197302e-05,2.2491116009176375e-05,1.6382163100815833e-05,1.904072811744321e-05
wisest,0.0,0.0,4.91464893024475e-05,0.0
wish,5.879413234559191e-05,0.0004948045522018803,0.0007945349103895678,0.0004188960185837506
wished,1.4698533086397977e-05,0.00011245558004588187,0.0003358343435667246,0.00011424436870465926
wisher,0.0,0.0,8.191081550407916e-06,0.0
wishes,4.8995110287993256e-06,5.6227790022940935e-05,0.00027849677271386917,4.760182029360803e-05
wishing,9.799022057598651e-06,0.0,0.00011467514170571083,9.520364058721605e-06
wisp,0.0,0.0,0.0,9.520364058721605e-06
wistaria,0.0,1.1245558004588187e-05,0.0,0.0
wit,5.389462131679259e-05,0.0,4.91464893024475e-05,1.904072811744321e-05
witch,9.799022057598651e-06,0.0,0.0,0.0
with,0.00835366630410285,0.0069497548468355,0.008617017791029127,0.007882861440621489
withdraw,1.9598044115197302e-05,0.0,0.0,1.904072811744321e-05
withdrawing,4.8995110287993256e-06,0.0,8.191081550407916e-06,0.0
withdrawn,0.0,1.1245558004588187e-05,2.457324465122375e-05,9.520364058721605e-06
withdrew,1.9598044115197302e-05,0.0,4.095540775203958e-05,0.0
withered,4.8995110287993256e-06,0.0,0.0,0.0
withheld,0.0,0.0,3.2764326201631665e-05,0.0
within,0.00011758826469118382,1.1245558004588187e-05,0.00027849677271386917,0.00045697747481863706
without,0.0010778924263358516,0.00032612118213305746,0.0013924838635693457,0.0006949865762866772
withstood,0.0,0.0,8.191081550407916e-06,0.0
witness,4.899511028799326e-05,0.0,2.457324465122375e-05,0.0001428054608808241
witnessed,0.0,0.0,3.2764326201631665e-05,0.0
witnesses,5.879413234559191e-05,0.0,0.0,9.520364058721605e-06
witnessing,0.0,0.0,8.191081550407916e-06,0.0
wits,9.799022057598651e-06,0.0,8.191081550407916e-06,4.760182029360803e-05
witted,4.8995110287993256e-06,0.0,0.0,1.904072811744321e-05
witticism,4.8995110287993256e-06,0.0,0.0,0.0
witticisms,0.0,0.0,8.191081550407916e-06,0.0
wittier,4.8995110287993256e-06,0.0,0.0,0.0
wittily,1.9598044115197302e-05,0.0,0.0,0.0
witty,9.799022057598651e-06,0.0,8.191081550407916e-06,0.0
wives,9.799022057598651e-06,2.2491116009176375e-05,8.191081550407916e-06,9.520364058721605e-06
woe,0.0,0.0,8.191081550407916e-06,0.0
woes,4.8995110287993256e-06,0.0,0.0,0.0
woke,6.369364337439124e-05,0.00023615671809635195,0.0,9.520364058721605e-06
woman,0.00087211296312628,0.00040484008816517477,0.0004750827299236591,0.0005712218435232964
womanhood,0.0,0.0,0.0,9.520364058721605e-06
womanish,2.449755514399663e-05,0.0,0.0,0.0
womanly,0.0,0.0,8.191081550407916e-06,1.904072811744321e-05
womans,0.00012248777571998316,0.0,3.2764326201631665e-05,0.00010472400464593766
women,0.0001910809301231737,0.00010121002204129369,0.00014743946790734248,7.616291246977284e-05
womens,4.8995110287993256e-06,0.0,8.191081550407916e-06,0.0
won,1.9598044115197302e-05,0.00012370113805047008,3.2764326201631665e-05,9.520364058721605e-06
wonder,0.0001126887536623845,5.6227790022940935e-05,0.00027849677271386917,0.00011424436870465926
wondered,7.349266543198989e-05,0.00011245558004588187,6.552865240326333e-05,9.520364058721605e-06
wonderful,2.449755514399663e-05,0.00025864783410552833,2.457324465122375e-05,4.760182029360803e-05
wonderfully,9.799022057598651e-06,1.1245558004588187e-05,1.6382163100815833e-05,2.8561092176164816e-05
wondering,5.879413234559191e-05,1.1245558004588187e-05,1.6382163100815833e-05,4.760182029360803e-05
wonderingly,4.8995110287993256e-06,0.0,0.0,0.0
wonders,4.8995110287993256e-06,0.0,2.457324465122375e-05,0.0
wont,0.0006271374116863137,0.0012707480545184652,8.191081550407916e-06,0.0001808869171157105
wood,0.00010778924263358517,0.00012370113805047008,4.095540775203958e-05,0.00012376473276338087
woodcock,0.0,3.3736674013764564e-05,0.0,1.904072811744321e-05
woodcutters,0.0,3.3736674013764564e-05,0.0,0.0
wooded,0.0,1.1245558004588187e-05,0.0,9.520364058721605e-06
wooden,5.879413234559191e-05,8.99644640367055e-05,0.0,0.00016184618899826728
woods,0.0,0.000179928928073411,5.7337570852855414e-05,6.664254841105123e-05
woody,0.0,0.0,1.6382163100815833e-05,0.0
wooing,0.0,0.0,0.0,1.904072811744321e-05
wool,0.0,1.1245558004588187e-05,0.0,0.0
woollen,9.799022057598651e-06,0.0,0.0,0.0
woolworth,0.0,1.1245558004588187e-05,0.0,0.0
wop,0.0,4.498223201835275e-05,0.0,0.0
word,0.0006565344778591097,0.00023615671809635195,0.0004013629959699879,0.00038081456234886424
words,0.00046055403670713663,4.498223201835275e-05,0.0002457324465122375,0.00043793674670119387
wore,9.309070954718719e-05,0.00030363006612388105,1.6382163100815833e-05,7.616291246977284e-05
work,0.0003380662609871535,0.00038234897215599835,0.00016382163100815833,0.00044745711075991546
workbags,0.0,0.0,8.191081550407916e-06,0.0
worked,7.839217646078921e-05,0.000179928928073411,3.2764326201631665e-05,4.760182029360803e-05
worker,0.0,0.0,0.0,9.520364058721605e-06
workers,4.8995110287993256e-06,0.0,0.0,0.0
working,8.329168748958855e-05,0.00016868337006882282,0.0,6.664254841105123e-05
workman,6.859315440319056e-05,0.0,0.0,0.0
workmen,6.859315440319056e-05,0.0,0.0,9.520364058721605e-06
workmens,4.8995110287993256e-06,0.0,0.0,0.0
works,1.4698533086397977e-05,1.1245558004588187e-05,0.0,0.0
workshop,9.799022057598651e-06,0.0,0.0,0.0
workshops,4.8995110287993256e-06,0.0,0.0,0.0
world,0.0001910809301231737,0.00011245558004588187,0.0005324203007765145,0.0001428054608808241
worldly,9.799022057598651e-06,0.0,1.6382163100815833e-05,0.0
worlds,4.8995110287993256e-06,1.1245558004588187e-05,0.0,9.520364058721605e-06
worm,4.8995110287993256e-06,0.0,0.0,9.520364058721605e-06
worms,0.0,0.0,0.0,9.520364058721605e-06
worn,7.839217646078921e-05,4.498223201835275e-05,1.6382163100815833e-05,0.00011424436870465926
worried,8.329168748958855e-05,0.00012370113805047008,0.0,0.0
worries,1.9598044115197302e-05,1.1245558004588187e-05,0.0,0.0
worry,0.00012248777571998316,0.00032612118213305746,0.0,9.520364058721605e-06
worrying,5.389462131679259e-05,3.3736674013764564e-05,0.0,1.904072811744321e-05
worse,9.309070954718719e-05,0.00016868337006882282,0.0001064840601553029,4.760182029360803e-05
worship,1.4698533086397977e-05,1.1245558004588187e-05,0.0,0.0
worst,4.4095599259193934e-05,0.0,5.7337570852855414e-05,2.8561092176164816e-05
worth,0.00016168386395037774,3.3736674013764564e-05,0.00012286622325611874,9.520364058721606e-05
worthless,1.9598044115197302e-05,0.0,1.6382163100815833e-05,9.520364058721605e-06
worthlessness,0.0,0.0,8.191081550407916e-06,0.0
worthy,2.9397066172795955e-05,0.0,2.457324465122375e-05,1.904072811744321e-05
would,0.002817218841559612,0.0036772974675003374,0.0038416172471413125,0.003113159047201965
wouldest,4.8995110287993256e-06,0.0,0.0,0.0
wouldnt,0.00020577946320957167,0.0004273312041743511,0.0,6.664254841105123e-05
wound,1.9598044115197302e-05,8.99644640367055e-05,1.6382163100815833e-05,6.664254841105123e-05
wounded,2.9397066172795955e-05,0.0004273312041743511,2.457324465122375e-05,9.520364058721605e-06
wounding,0.0,0.0,1.6382163100815833e-05,0.0
wounds,0.0,0.00012370113805047008,0.0,0.0
woven,0.0,1.1245558004588187e-05,0.0,2.8561092176164816e-05
wrack,0.0,0.0,0.0,9.520364058721605e-06
wrap,0.0,1.1245558004588187e-05,0.0,0.0
wrapped,7.839217646078921e-05,6.747334802752913e-05,0.0,3.808145623488642e-05
wrappers,4.8995110287993256e-06,0.0,0.0,0.0
wrapping,4.8995110287993256e-06,1.1245558004588187e-05,0.0,0.0
wraps,0.0,1.1245558004588187e-05,0.0,0.0
wrath,4.8995110287993256e-06,0.0,0.0,0.0
wrathful,4.8995110287993256e-06,0.0,0.0,0.0
wrathfully,1.9598044115197302e-05,0.0,0.0,0.0
wreath,4.8995110287993256e-06,0.0,0.0,9.520364058721605e-06
wreathed,4.8995110287993256e-06,0.0,0.0,0.0
wreaths,4.8995110287993256e-06,0.0,0.0,1.904072811744321e-05
wreck,4.8995110287993256e-06,0.0,0.0,1.904072811744321e-05
wrecked,0.0,1.1245558004588187e-05,0.0,0.0
wrenching,0.0,0.0,0.0,9.520364058721605e-06
wretch,6.369364337439124e-05,0.0,0.0,9.520364058721605e-06
wretched,9.799022057598651e-05,0.0,8.191081550407916e-05,1.904072811744321e-05
wretchedly,0.0,0.0,8.191081550407916e-06,0.0
wretchedness,9.799022057598651e-06,0.0,1.6382163100815833e-05,0.0
wretches,1.9598044115197302e-05,0.0,0.0,0.0
wriggled,0.0,0.0,0.0,9.520364058721605e-06
wriggling,4.8995110287993256e-06,0.0,0.0,0.0
wringing,3.9196088230394604e-05,0.0,0.0,0.0
wrinkled,4.8995110287993256e-06,1.1245558004588187e-05,0.0,3.808145623488642e-05
wrinkles,9.799022057598651e-06,0.0,0.0,1.904072811744321e-05
wrist,0.0,2.2491116009176375e-05,0.0,8.568327652849445e-05
wrists,0.0,0.0,0.0,2.8561092176164816e-05
writ,9.799022057598651e-06,0.0,0.0,9.520364058721605e-06
write,0.00013718630880638113,0.000179928928073411,0.0003194521804659087,8.568327652849445e-05
writer,0.0,0.0,2.457324465122375e-05,2.8561092176164816e-05
writers,4.8995110287993256e-06,0.0,0.0,9.520364058721605e-06
writes,3.9196088230394604e-05,0.0,8.191081550407916e-06,9.520364058721605e-06
writhe,4.8995110287993256e-06,0.0,0.0,0.0
writhed,0.0,0.0,0.0,2.8561092176164816e-05
writhing,4.8995110287993256e-06,0.0,0.0,2.8561092176164816e-05
writing,4.899511028799326e-05,0.0,0.00011467514170571083,0.00011424436870465926
writings,0.0,0.0,0.0,9.520364058721605e-06
written,7.839217646078921e-05,4.498223201835275e-05,0.0001556305494577504,0.00019040728117443212
wrong,0.00020577946320957167,5.6227790022940935e-05,0.00012286622325611874,0.0001428054608808241
wrongdoing,9.799022057598651e-06,0.0,0.0,0.0
wronged,1.9598044115197302e-05,0.0,0.0,1.904072811744321e-05
wrongfully,0.0,0.0,0.0,1.904072811744321e-05
wrongly,4.8995110287993256e-06,0.0,0.0,0.0
wrongs,4.8995110287993256e-06,0.0,0.0,0.0
wrote,9.799022057598651e-05,4.498223201835275e-05,0.00017201271255856622,0.00013328509682210247
wrung,3.429657720159528e-05,2.2491116009176375e-05,0.0,2.8561092176164816e-05
wäsche,9.799022057598651e-06,0.0,0.0,0.0
x,3.429657720159528e-05,4.498223201835275e-05,0.0,0.0
y,9.799022057598651e-06,0.0,0.0,0.0
yard,0.0001322867977775818,4.498223201835275e-05,0.0,0.00015232582493954569
yards,3.9196088230394604e-05,5.6227790022940935e-05,8.191081550407916e-06,8.568327652849445e-05
yawn,4.8995110287993256e-06,0.0,1.6382163100815833e-05,1.904072811744321e-05
yawned,4.8995110287993256e-06,0.0,8.191081550407916e-06,0.0
yawning,9.799022057598651e-06,0.0,8.191081550407916e-06,1.904072811744321e-05
ye,4.899511028799326e-05,1.1245558004588187e-05,0.0,0.0
yea,4.8995110287993256e-06,0.0,0.0,0.0
year,0.00016168386395037774,0.00025864783410552833,0.00023754136496182955,0.0002760905577029266
years,0.00046055403670713663,0.00014619225405964643,0.00029487893581468496,0.0006188236638169043
yegorovna,4.8995110287993256e-06,0.0,0.0,0.0
yell,0.0,0.0,0.0,9.520364058721605e-06
yelled,1.4698533086397977e-05,0.0,0.0,2.8561092176164816e-05
yellow,0.0001322867977775818,7.871890603211732e-05,0.0,0.0001428054608808241
yellowish,1.4698533086397977e-05,0.0,0.0,0.0
yes,0.0013865616211502093,0.00204669155683505,0.0006225221978310016,0.0011900455073402007
yesterday,0.0006418359447727117,2.2491116009176375e-05,0.0001064840601553029,0.00012376473276338087
yesterdays,3.429657720159528e-05,1.1245558004588187e-05,0.0,0.0
yet,0.0005438457241967252,0.00025864783410552833,0.0006061400347301858,0.0008377920371675012
yield,0.0,0.0,3.2764326201631665e-05,0.0
yielded,4.8995110287993256e-06,0.0,1.6382163100815833e-05,0.0
yielding,4.8995110287993256e-06,0.0,2.457324465122375e-05,0.0
yodelling,0.0,2.2491116009176375e-05,0.0,0.0
yonder,9.799022057598651e-06,0.0,0.0,9.520364058721605e-06
york,0.0,3.3736674013764564e-05,8.191081550407916e-06,0.0
you,0.018784725284416614,0.020242004408258737,0.011131679827004358,0.014099659170966698
youd,0.00013718630880638113,0.00010121002204129369,0.0,1.904072811744321e-05
youll,0.00025477457349756496,0.0004498223201835275,8.191081550407916e-06,9.520364058721606e-05
young,0.0005487452352255245,0.00023615671809635195,0.001056649520002621,0.0007711494887564501
younge,0.0,0.0,3.2764326201631665e-05,0.0
younger,7.839217646078921e-05,6.747334802752913e-05,0.00023754136496182955,2.8561092176164816e-05
youngest,1.4698533086397977e-05,0.0,0.00011467514170571083,0.0
youngster,4.8995110287993256e-06,0.0,0.0,1.904072811744321e-05
your,0.0032679738562091504,0.0018330259547478746,0.003718751023885194,0.0037700641672537556
youre,0.0002694731065839629,0.0015406414466285817,0.0,2.8561092176164816e-05
yours,0.00010288973160478584,5.6227790022940935e-05,0.00018839487565938207,0.0001713665530569889
yourself,0.0006271374116863137,0.00015743781206423464,0.0004013629959699879,0.00039985529046630743
yourselves,2.449755514399663e-05,0.0,1.6382163100815833e-05,3.808145623488642e-05
youth,3.429657720159528e-05,0.0,6.552865240326333e-05,6.664254841105123e-05
youthful,2.9397066172795955e-05,0.0,0.0,0.0
youths,0.0,0.0,8.191081550407916e-06,0.0
youve,0.0003674633271599494,0.00033736674013764564,0.0,2.8561092176164816e-05
yushin,4.8995110287993256e-06,0.0,0.0,0.0
yusupov,1.4698533086397977e-05,0.0,0.0,0.0
zabaione,0.0,1.1245558004588187e-05,0.0,0.0
zag,0.0,1.1245558004588187e-05,0.0,0.0
zaharovitch,4.899511028799326e-05,0.0,0.0,0.0
zametov,0.00041155892641914335,0.0,0.0,0.0
zametovs,2.9397066172795955e-05,0.0,0.0,0.0
zaraïsk,4.8995110287993256e-06,0.0,0.0,0.0
zaraïsky,4.8995110287993256e-06,0.0,0.0,0.0
zarnitsyn,9.799022057598651e-06,0.0,0.0,0.0
zeal,4.8995110287993256e-06,0.0,0.0,0.0
zealand,0.0,0.0,0.0,9.520364058721605e-06
zero,0.0,0.0,0.0,1.904072811744321e-05
zest,9.799022057598651e-06,0.0,0.0,9.520364058721605e-06
zeus,4.8995110287993256e-06,0.0,0.0,0.0
zig,0.0,1.1245558004588187e-05,0.0,0.0
zigzag,0.0,0.0,0.0,9.520364058721605e-06
zigzags,4.8995110287993256e-06,0.0,0.0,0.0
zimmermans,4.8995110287993256e-06,0.0,0.0,0.0
zinc,0.0,3.3736674013764564e-05,0.0,0.0
zona,0.0,1.1245558004588187e-05,0.0,0.0
zone,0.0,1.1245558004588187e-05,0.0,0.0
zossimov,0.00042625745950554135,0.0,0.0,0.0
zurich,0.0,1.1245558004588187e-05,0.0,0.0
à,9.799022057598651e-06,0.0,3.2764326201631665e-05,0.0
æsthetic,4.8995110287993256e-06,0.0,0.0,0.0
æsthetically,4.8995110287993256e-06,0.0,0.0,0.0
æsthetics,4.8995110287993256e-06,0.0,0.0,0.0
ça,0.0,2.2491116009176375e-05,0.0,0.0
éclat,0.0,0.0,8.191081550407916e-06,0.0
éternelle,4.8995110287993256e-06,0.0,0.0,0.0
