word,cap,fta,prpr,sh
a,-0.005010567734137946,-0.0045745883456187785,-0.0035678402752640586,-0.005595690266014474
aback,1.3584329022938437e-05,0.0,0.0,0.0
abandon,1.0188246767203828e-05,0.0,0.0,0.0
abandoned,0.0,0.0,0.0,0.0
abandoning,3.3960822557346093e-06,0.0,0.0,0.0
abandons,0.0,0.0,0.0,6.599013505207118e-06
abasement,3.3960822557346093e-06,0.0,0.0,0.0
abatement,0.0,0.0,5.677625082401832e-06,0.0
abbastanza,0.0,7.794826824703627e-06,0.0,0.0
abbots,0.0,0.0,0.0,6.599013505207118e-06
abdominal,0.0,7.794826824703627e-06,0.0,0.0
aberdeen,0.0,0.0,0.0,1.3198027010414236e-05
aberration,6.792164511469219e-06,0.0,0.0,0.0
abhorrence,0.0,0.0,3.4065750494410995e-05,0.0
abhorrent,0.0,0.0,2.3564273160428954e-06,2.7388380629084794e-06
abide,0.0,0.0,5.677625082401832e-06,0.0
abiding,0.0,0.0,0.0,0.0
abilities,0.0,0.0,3.4065750494410995e-05,0.0
ability,6.792164511469219e-06,0.0,0.0,0.0
abject,3.3960822557346093e-06,0.0,0.0,0.0
abjectly,3.3960822557346093e-06,0.0,0.0,0.0
abjectness,3.3960822557346093e-06,0.0,0.0,0.0
abjure,1.409501486765347e-06,0.0,0.0,2.7388380629084794e-06
able,-4.9198243080123845e-05,-3.26218587454987e-05,-9.870049941816557e-05,-6.585664322188637e-05
ablution,0.0,0.0,5.677625082401832e-06,0.0
abnegation,3.3960822557346093e-06,0.0,0.0,0.0
abnormal,5.638005947061388e-06,0.0,0.0,2.7388380629084794e-06
abnormality,3.3960822557346093e-06,0.0,0.0,0.0
abnormally,0.0,0.0,0.0,6.599013505207118e-06
aboard,0.0,7.794826824703627e-06,0.0,0.0
abode,0.0,0.0,1.8851418528343163e-05,2.7388380629084794e-06
abolition,3.3960822557346093e-06,0.0,0.0,0.0
abominable,0.0,0.0,1.4138563896257373e-05,2.7388380629084794e-06
abominably,1.409501486765347e-06,0.0,9.425709264171582e-06,0.0
abominate,0.0,0.0,1.1355250164803664e-05,0.0
abomination,0.0,0.0,0.0,6.599013505207118e-06
abortions,3.3960822557346093e-06,0.0,0.0,0.0
abound,0.0,0.0,2.3564273160428954e-06,2.7388380629084794e-06
about,-0.0005772593854734531,-0.0005219497399279792,-0.000224817804230266,-0.00035690051810570683
above,-3.170553442941315e-05,-6.52437174909974e-05,-3.838352755150883e-05,-5.7359011838417166e-05
abraham,3.3960822557346093e-06,0.0,0.0,0.0
abroad,0.0,0.0,0.0,0.0
abrupt,0.0,0.0,0.0,0.0
abruptly,0.0,0.0,0.0,0.0
abruptness,0.0,0.0,1.1355250164803664e-05,0.0
abruzzi,0.0,7.794826824703626e-05,0.0,0.0
abscess,6.792164511469219e-06,0.0,0.0,0.0
absence,0.0,0.0,0.0,0.0
absent,0.0,0.0,0.0,0.0
absolute,0.0,0.0,0.0,0.0
absolutely,-1.8586002941380122e-05,-5.018747499307492e-06,-3.290016647272185e-05,-5.7359011838417166e-05
absolved,0.0,0.0,0.0,6.599013505207118e-06
absorb,0.0,0.0,0.0,6.599013505207118e-06
absorbed,1.1276011894122775e-05,0.0,0.0,2.7388380629084794e-06
absorbing,0.0,0.0,0.0,6.599013505207118e-06
abstain,6.792164511469219e-06,0.0,0.0,0.0
abstract,4.2285044602960405e-06,3.235145432636643e-06,0.0,0.0
abstracted,0.0,0.0,0.0,2.6396054020828473e-05
absurd,0.0,0.0,0.0,0.0
absurdities,0.0,0.0,1.1355250164803664e-05,0.0
absurdity,5.638005947061388e-06,0.0,2.3564273160428954e-06,0.0
absurdly,2.819002973530694e-06,0.0,0.0,5.477676125816959e-06
abundant,1.409501486765347e-06,0.0,2.3564273160428954e-06,0.0
abundantly,0.0,0.0,1.7032875247205498e-05,0.0
abuse,0.0,0.0,0.0,0.0
abused,1.409501486765347e-06,0.0,4.712854632085791e-06,0.0
abusing,2.819002973530694e-06,0.0,7.069281948128687e-06,0.0
abusive,0.0,0.0,4.712854632085791e-06,2.7388380629084794e-06
abutted,0.0,0.0,0.0,1.3198027010414236e-05
abyss,3.3960822557346093e-06,0.0,0.0,0.0
abyssinia,0.0,7.794826824703627e-06,0.0,0.0
academy,3.3960822557346093e-06,0.0,0.0,0.0
accede,0.0,0.0,5.677625082401832e-06,0.0
acceded,0.0,0.0,5.677625082401832e-06,0.0
acceding,0.0,0.0,5.677625082401832e-06,0.0
accelerate,3.3960822557346093e-06,0.0,0.0,0.0
accent,-1.0932942906694186e-06,-5.018747499307492e-06,-7.311148105049301e-06,-4.248815691734605e-06
accents,0.0,0.0,1.1355250164803664e-05,0.0
accept,0.0,0.0,0.0,0.0
acceptable,0.0,0.0,3.4065750494410995e-05,0.0
acceptance,0.0,0.0,0.0,0.0
accepted,-2.1865885813388372e-06,-5.018747499307492e-06,-2.9244592420197205e-05,-4.248815691734605e-06
accepting,0.0,0.0,2.271050032960733e-05,0.0
accessory,0.0,0.0,0.0,6.599013505207118e-06
accident,-1.0932942906694187e-05,-7.528121248961238e-06,-1.0966722157573952e-05,-1.0622039229336513e-05
accidental,0.0,0.0,7.069281948128687e-06,2.7388380629084794e-06
accidentally,7.047507433826735e-06,0.0,7.069281948128687e-06,0.0
accidents,0.0,0.0,0.0,6.599013505207118e-06
accommodate,0.0,0.0,0.0,6.599013505207118e-06
accommodating,6.792164511469219e-06,0.0,0.0,0.0
accompanied,-8.746354325355349e-06,-2.509373749653746e-06,-1.0966722157573952e-05,-2.1244078458673024e-06
accompaniment,3.3960822557346093e-06,0.0,0.0,0.0
accompany,0.0,0.0,7.069281948128687e-06,2.7388380629084794e-06
accompanying,0.0,0.0,0.0,0.0
accompli,0.0,0.0,0.0,6.599013505207118e-06
accomplice,1.409501486765347e-06,0.0,0.0,2.7388380629084794e-06
accomplices,0.0,0.0,0.0,6.599013505207118e-06
accomplish,0.0,0.0,0.0,6.599013505207118e-06
accomplished,0.0,0.0,0.0,0.0
accomplishment,0.0,0.0,7.069281948128687e-06,2.7388380629084794e-06
accomplishments,0.0,0.0,1.1782136580214478e-05,5.477676125816959e-06
accord,1.6980411278673048e-05,0.0,0.0,0.0
accordance,6.792164511469219e-06,0.0,0.0,0.0
according,0.0,0.0,0.0,0.0
accordingly,0.0,0.0,3.4065750494410995e-05,0.0
accosted,0.0,0.0,1.1355250164803664e-05,0.0
account,-4.373177162677675e-05,-2.509373749653746e-06,-6.945590699796835e-05,-4.248815691734605e-05
accountant,0.0,0.0,0.0,6.599013505207118e-06
accounted,0.0,0.0,0.0,0.0
accounting,0.0,0.0,1.7032875247205498e-05,0.0
accounts,0.0,0.0,0.0,0.0
accumulated,1.409501486765347e-06,0.0,0.0,2.7388380629084794e-06
accumulation,0.0,0.0,0.0,6.599013505207118e-06
accuracy,0.0,3.235145432636643e-06,2.3564273160428954e-06,0.0
accurate,0.0,0.0,2.3564273160428954e-06,2.7388380629084794e-06
accurately,1.409501486765347e-06,0.0,0.0,2.7388380629084794e-06
accursed,2.0376493534407657e-05,0.0,0.0,0.0
accusation,4.2285044602960405e-06,0.0,2.3564273160428954e-06,0.0
accusations,2.819002973530694e-06,0.0,7.069281948128687e-06,0.0
accuse,5.638005947061388e-06,0.0,9.425709264171582e-06,0.0
accused,0.0,0.0,0.0,0.0
accuser,0.0,0.0,0.0,6.599013505207118e-06
accusing,1.409501486765347e-06,0.0,2.3564273160428954e-06,0.0
accustomed,0.0,0.0,0.0,0.0
acetones,0.0,0.0,0.0,6.599013505207118e-06
ach,0.00010188246767203829,0.0,0.0,0.0
ache,2.819002973530694e-06,3.235145432636643e-06,0.0,0.0
ached,0.0,0.0,0.0,0.0
aches,1.0188246767203828e-05,0.0,0.0,0.0
achieved,0.0,0.0,0.0,6.599013505207118e-06
achieving,0.0,0.0,5.677625082401832e-06,0.0
achilles,1.6980411278673048e-05,0.0,0.0,0.0
aching,6.792164511469219e-06,0.0,0.0,0.0
acid,0.0,0.0,0.0,1.3198027010414236e-05
acknowledge,0.0,0.0,0.0,0.0
acknowledged,0.0,0.0,0.00011355250164803665,0.0
acknowledges,0.0,0.0,0.0,6.599013505207118e-06
acknowledging,0.0,0.0,5.677625082401832e-06,0.0
acknowledgment,0.0,0.0,1.7032875247205498e-05,0.0
acknowledgments,1.409501486765347e-06,0.0,4.712854632085791e-06,0.0
acquaint,0.0,0.0,1.1355250164803664e-05,0.0
acquaintance,-2.4052474394727216e-05,-2.509373749653746e-06,-0.00011332279562826417,-2.3368486304540325e-05
acquaintances,7.047507433826735e-06,0.0,2.3564273160428954e-06,0.0
acquainted,2.819002973530694e-06,0.0,5.6554255585029494e-05,0.0
acquainting,0.0,0.0,5.677625082401832e-06,0.0
acquiesce,0.0,0.0,0.0,0.0
acquiescence,0.0,0.0,1.1355250164803664e-05,0.0
acquire,0.0,0.0,2.3564273160428954e-06,2.7388380629084794e-06
acquired,0.0,0.0,0.0,0.0
acquirement,0.0,0.0,0.0,6.599013505207118e-06
acquirements,3.3960822557346093e-06,0.0,0.0,0.0
acquiring,6.792164511469219e-06,0.0,0.0,0.0
acquisition,0.0,0.0,5.677625082401832e-06,0.0
acquit,0.0,0.0,1.1355250164803664e-05,0.0
acquitted,1.409501486765347e-06,0.0,0.0,2.7388380629084794e-06
acres,0.0,0.0,0.0,1.3198027010414236e-05
acrimony,0.0,0.0,5.677625082401832e-06,0.0
across,-1.967929723204954e-05,-0.00020827802122126091,-1.0966722157573952e-05,-7.860309029709019e-05
act,-1.0932942906694187e-05,-7.528121248961238e-06,-1.6450083236360926e-05,-1.2746447075203814e-05
acted,-6.559765744016513e-06,-5.018747499307492e-06,-1.0966722157573952e-05,-1.2746447075203814e-05
acting,0.0,0.0,0.0,0.0
action,-1.639941436004128e-05,-7.528121248961238e-06,-1.8277870262623253e-06,-2.549289415040763e-05
actionable,0.0,0.0,0.0,1.3198027010414236e-05
actions,0.0,0.0,0.0,0.0
active,0.0,0.0,0.0,0.0
actively,3.3960822557346093e-06,0.0,0.0,0.0
activity,0.0,0.0,0.0,0.0
actor,0.0,0.0,0.0,1.3198027010414236e-05
actors,3.3960822557346093e-06,0.0,0.0,0.0
actress,0.0,0.0,0.0,6.599013505207118e-06
acts,1.409501486765347e-06,0.0,0.0,2.7388380629084794e-06
actual,-7.653060034685932e-06,-2.509373749653746e-06,-9.138935131311627e-06,-2.1244078458673024e-06
actuality,3.3960822557346093e-06,0.0,0.0,0.0
actually,0.0,0.0,0.0,0.0
actuated,0.0,0.0,5.677625082401832e-06,0.0
acute,0.0,0.0,0.0,0.0
acutely,1.409501486765347e-06,0.0,9.425709264171582e-06,0.0
acutest,0.0,0.0,5.677625082401832e-06,0.0
adams,0.0,7.794826824703627e-06,0.0,0.0
adapt,0.0,0.0,0.0,6.599013505207118e-06
adaptable,6.792164511469219e-06,0.0,0.0,0.0
adapted,0.0,0.0,7.069281948128687e-06,2.7388380629084794e-06
add,0.0,0.0,0.0,0.0
added,-9.402330899757001e-05,-2.509373749653746e-06,-0.0001297728788646251,-6.373223537601907e-06
adder,0.0,0.0,0.0,6.599013505207118e-06
addicted,0.0,0.0,0.0,6.599013505207118e-06
adding,0.0,0.0,0.0,0.0
addition,0.0,0.0,0.0,0.0
additional,0.0,0.0,1.1355250164803664e-05,0.0
additions,1.409501486765347e-06,0.0,2.3564273160428954e-06,0.0
addled,3.3960822557346093e-06,0.0,0.0,0.0
address,-2.4052474394727216e-05,-1.5056242497922477e-05,-3.472795349898418e-05,-5.311019614668256e-05
addressed,0.0,0.0,0.0,0.0
addresses,0.0,3.235145432636643e-06,1.4138563896257373e-05,0.0
addressing,0.0,0.0,0.0,0.0
adds,0.0,0.0,0.0,0.0
adept,0.0,0.0,5.677625082401832e-06,0.0
adequate,0.0,0.0,5.677625082401832e-06,0.0
adhered,1.409501486765347e-06,0.0,2.3564273160428954e-06,0.0
adheres,3.3960822557346093e-06,0.0,0.0,0.0
adhering,0.0,0.0,5.677625082401832e-06,0.0
adhesive,0.0,0.0,0.0,6.599013505207118e-06
adieu,1.409501486765347e-06,0.0,1.1782136580214478e-05,0.0
adieus,0.0,0.0,1.1355250164803664e-05,0.0
adjective,0.0,0.0,0.0,6.599013505207118e-06
adjoined,3.3960822557346093e-06,0.0,0.0,0.0
adjoining,6.792164511469219e-06,0.0,0.0,0.0
adjusted,0.0,0.0,0.0,1.3198027010414236e-05
adjusting,0.0,0.0,5.677625082401832e-06,0.0
adjutant,0.0,3.117930729881451e-05,0.0,0.0
adler,0.0,0.0,0.0,0.00010558421608331389
administration,0.0,3.235145432636643e-06,0.0,2.7388380629084794e-06
administrative,6.792164511469219e-06,0.0,0.0,0.0
admirable,0.0,0.0,0.0,0.0
admirably,0.0,0.0,0.0,2.6396054020828473e-05
admiration,-1.0932942906694186e-06,-2.509373749653746e-06,-4.569467565655813e-05,-4.248815691734605e-06
admire,0.0,0.0,0.0,0.0
admired,0.0,0.0,0.0,0.0
admirer,0.0,0.0,1.7032875247205498e-05,0.0
admirers,0.0,0.0,0.0,6.599013505207118e-06
admires,0.0,0.0,1.1355250164803664e-05,0.0
admiring,0.0,0.0,0.0,0.0
admission,1.409501486765347e-06,0.0,2.3564273160428954e-06,0.0
admit,0.0,0.0,0.0,0.0
admittance,0.0,0.0,5.677625082401832e-06,0.0
admitted,-9.83964861602477e-06,-2.509373749653746e-06,-1.6450083236360926e-05,-2.1244078458673024e-06
admitting,4.2285044602960405e-06,0.0,2.3564273160428954e-06,0.0
admonishes,3.3960822557346093e-06,0.0,0.0,0.0
admonishing,3.3960822557346093e-06,0.0,0.0,0.0
admonition,3.3960822557346093e-06,0.0,0.0,0.0
ado,0.0,0.0,0.0,6.599013505207118e-06
adopt,1.409501486765347e-06,0.0,7.069281948128687e-06,0.0
adopted,0.0,0.0,0.0,0.0
adoration,0.0,0.0,5.677625082401832e-06,0.0
adores,3.3960822557346093e-06,0.0,0.0,0.0
adoring,1.0188246767203828e-05,0.0,0.0,0.0
adorned,1.409501486765347e-06,0.0,7.069281948128687e-06,0.0
adornment,3.3960822557346093e-06,0.0,0.0,0.0
adrianople,3.3960822557346093e-06,0.0,0.0,0.0
adriatic,0.0,7.794826824703627e-06,0.0,0.0
adrift,3.3960822557346093e-06,0.0,0.0,0.0
advance,-9.83964861602477e-06,-1.0037494998614984e-05,-5.483361078786976e-06,-1.2746447075203814e-05
advanced,0.0,0.0,0.0,0.0
advancement,0.0,0.0,5.677625082401832e-06,0.0
advances,0.0,0.0,5.677625082401832e-06,0.0
advancing,0.0,3.235145432636643e-06,0.0,2.7388380629084794e-06
advantage,-1.3119531488033025e-05,-2.509373749653746e-06,-6.214475889291907e-05,-1.2746447075203814e-05
advantageous,1.409501486765347e-06,0.0,4.712854632085791e-06,0.0
advantageously,0.0,0.0,1.1355250164803664e-05,0.0
advantages,0.0,0.0,0.0,0.0
adventure,0.0,0.0,0.0,0.0
adventures,0.0,0.0,0.0,0.0
adventuress,0.0,0.0,0.0,6.599013505207118e-06
adventuresses,3.3960822557346093e-06,0.0,0.0,0.0
advertise,0.0,0.0,0.0,1.3198027010414236e-05
advertised,0.0,0.0,2.3564273160428954e-06,8.216514188725437e-06
advertisement,0.0,0.0,0.0,0.00013198027010414236
advertisements,0.0,3.235145432636643e-06,0.0,2.7388380629084794e-06
advertising,1.409501486765347e-06,0.0,0.0,5.477676125816959e-06
advice,-7.653060034685932e-06,-2.509373749653746e-06,-2.9244592420197205e-05,-4.036374907147875e-05
advisability,3.3960822557346093e-06,0.0,0.0,0.0
advisable,0.0,0.0,3.4065750494410995e-05,0.0
advise,-3.2798828720082563e-06,-5.018747499307492e-06,-1.4622296210098602e-05,-1.4870854921071116e-05
advised,0.0,0.0,0.0,0.0
adviser,0.0,0.0,0.0,1.3198027010414236e-05
advising,0.0,0.0,5.677625082401832e-06,0.0
advocate,0.0,0.0,0.0,6.599013505207118e-06
advocating,3.3960822557346093e-06,0.0,0.0,0.0
afanasy,2.7168658045876875e-05,0.0,0.0,0.0
afanasyvitch,6.792164511469219e-06,0.0,0.0,0.0
afar,3.3960822557346093e-06,0.0,0.0,0.0
affability,0.0,0.0,2.271050032960733e-05,0.0
affable,1.409501486765347e-06,0.0,2.3564273160428954e-06,0.0
affably,1.3584329022938437e-05,0.0,0.0,0.0
affair,-1.3119531488033025e-05,-2.509373749653746e-06,-3.290016647272185e-05,-2.974170984214223e-05
affaire,0.0,0.0,0.0,6.599013505207118e-06
affairs,0.0,0.0,0.0,0.0
affect,0.0,0.0,0.0,0.0
affectation,0.0,0.0,0.0,0.0
affected,0.0,0.0,0.0,0.0
affecting,7.047507433826735e-06,0.0,0.0,2.7388380629084794e-06
affection,-2.1865885813388372e-06,-2.509373749653746e-06,-0.00010601164752321486,-4.248815691734605e-06
affectionate,0.0,0.0,0.0,0.0
affectionately,0.0,0.0,2.271050032960733e-05,0.0
affections,0.0,0.0,9.425709264171582e-06,2.7388380629084794e-06
affinity,0.0,0.0,1.1355250164803664e-05,0.0
affirmative,0.0,0.0,1.1355250164803664e-05,0.0
afflicting,0.0,0.0,5.677625082401832e-06,0.0
affliction,0.0,0.0,2.3564273160428954e-06,2.7388380629084794e-06
afford,-1.0932942906694186e-06,-2.509373749653746e-06,-1.2794509183836277e-05,-4.248815691734605e-06
afforded,0.0,0.0,0.0,0.0
affording,0.0,0.0,1.1355250164803664e-05,0.0
affords,0.0,0.0,5.677625082401832e-06,0.0
affront,2.819002973530694e-06,0.0,9.425709264171582e-06,0.0
affronted,4.2285044602960405e-06,0.0,4.712854632085791e-06,0.0
afghan,0.0,0.0,0.0,6.599013505207118e-06
afghanistan,0.0,0.0,0.0,6.599013505207118e-06
afraid,-9.839648616024769e-05,-0.00011543119248407233,-6.762811997170603e-05,-4.4612564763213354e-05
afresh,1.409501486765347e-06,0.0,2.3564273160428954e-06,0.0
africa,3.3960822557346093e-06,0.0,0.0,0.0
africana,0.0,7.794826824703627e-06,0.0,0.0
afrosinya,3.3960822557346093e-06,0.0,0.0,0.0
after,-0.00024708450969128864,-0.0002885779812101808,-0.000365557405252465,-0.00021031637674086292
afternoon,-3.2798828720082563e-06,-5.2696848742728664e-05,-5.483361078786976e-06,-3.611493337974414e-05
afternoons,0.0,2.338448047411088e-05,0.0,0.0
afterward,0.0,0.00018707584379288705,0.0,0.0
afterwards,0.0,0.0,0.0,0.0
again,-0.00044825065917446173,-0.00027352173871225834,-0.00032351830364843156,-0.00014658414136484388
against,-8.309036609087583e-05,-0.00011041244498476483,-9.50449253656409e-05,-0.00011046920798509973
age,-1.2026237197363608e-05,-1.0037494998614984e-05,-2.7416805393934876e-05,-2.974170984214223e-05
aged,0.0,0.0,0.0,0.0
agency,0.0,0.0,0.0,2.6396054020828473e-05
agent,0.0,0.0,0.0,5.2792108041656946e-05
ages,3.3960822557346093e-06,0.0,0.0,0.0
aggrieved,1.6980411278673048e-05,0.0,0.0,0.0
agitated,0.0,0.0,0.0,0.0
agitating,0.0,0.0,5.677625082401832e-06,0.0
agitation,0.0,0.0,0.0,0.0
agitations,0.0,0.0,5.677625082401832e-06,0.0
agitators,1.409501486765347e-06,3.235145432636643e-06,0.0,0.0
aglow,3.3960822557346093e-06,0.0,0.0,0.0
ago,-7.871718892819816e-05,-5.018747499307492e-06,-4.752246268282045e-05,-5.948341968428446e-05
agonies,0.0,0.0,0.0,0.0
agonised,3.3960822557346093e-06,0.0,0.0,0.0
agonising,3.735690481308071e-05,0.0,0.0,0.0
agonisingly,6.792164511469219e-06,0.0,0.0,0.0
agony,0.0,0.0,0.0,0.0
agra,0.0,0.0,0.0,6.599013505207118e-06
agree,-2.5145768685396633e-05,-2.509373749653746e-06,-1.0966722157573952e-05,-4.248815691734605e-06
agreeable,1.2685513380888124e-05,0.0,0.00010603922922193029,0.0
agreeably,0.0,0.0,1.7032875247205498e-05,0.0
agreed,0.0,0.0,0.0,0.0
agreeing,0.0,0.0,1.7032875247205498e-05,0.0
agreement,4.2285044602960405e-06,0.0,7.069281948128687e-06,0.0
agrees,0.0,0.0,0.0,6.599013505207118e-06
agricultural,0.0,0.0,0.0,1.3198027010414236e-05
ah,-0.0001049562519042642,-2.509373749653746e-06,-9.138935131311627e-06,-6.798105106775368e-05
aha,6.792164511469219e-06,0.0,0.0,0.0
ahead,2.819002973530694e-06,0.0001649924170644688,0.0,0.0
aid,-1.0932942906694186e-06,-2.509373749653746e-06,-1.8277870262623253e-06,-1.4870854921071116e-05
aided,0.0,3.235145432636643e-06,0.0,2.7388380629084794e-06
aie,6.792164511469219e-06,0.0,0.0,0.0
ailing,3.3960822557346093e-06,0.0,0.0,0.0
aim,1.6980411278673048e-05,0.0,0.0,0.0
aimed,0.0,0.0,0.0,0.0
aimlessly,1.6980411278673048e-05,0.0,0.0,0.0
aims,1.3584329022938437e-05,0.0,0.0,0.0
aint,0.0,2.338448047411088e-05,0.0,0.0
air,-5.138483166146268e-05,-3.26218587454987e-05,-5.483361078786975e-05,-5.7359011838417166e-05
aircraft,0.0,7.794826824703627e-06,0.0,0.0
airing,0.0,0.0,5.677625082401832e-06,0.0
airlessness,3.3960822557346093e-06,0.0,0.0,0.0
airplanes,0.0,1.5589653649407254e-05,0.0,0.0
airs,0.0,0.0,5.677625082401832e-06,0.0
aisle,0.0,3.235145432636643e-06,0.0,2.7388380629084794e-06
ajar,2.819002973530694e-06,0.0,0.0,2.7388380629084794e-06
akimbo,0.0,0.0,0.0,6.599013505207118e-06
akin,1.409501486765347e-06,0.0,0.0,8.216514188725437e-06
alabaster,3.3960822557346093e-06,0.0,0.0,0.0
alacrity,0.0,0.0,2.8388125412009164e-05,0.0
alarm,0.0,0.0,0.0,0.0
alarmed,1.6914017841184162e-05,0.0,1.8851418528343163e-05,0.0
alarming,4.2285044602960405e-06,0.0,1.1782136580214478e-05,0.0
alarms,0.0,0.0,5.677625082401832e-06,0.0
alas,0.0,0.0,0.0,0.0
albert,0.0,0.0,0.0,1.9797040515621355e-05
album,3.3960822557346093e-06,0.0,0.0,0.0
alcohol,1.409501486765347e-06,3.235145432636643e-06,0.0,0.0
alcoholism,0.0,1.5589653649407254e-05,0.0,0.0
aldersgate,0.0,0.0,0.0,6.599013505207118e-06
aldershot,0.0,0.0,0.0,6.599013505207118e-06
aldo,0.0,1.5589653649407254e-05,0.0,0.0
alert,0.0,0.0,0.0,6.599013505207118e-06
alexander,0.0,0.0,0.0,6.599013505207118e-06
alexandr,6.792164511469219e-06,0.0,0.0,0.0
alexandrovna,0.00040073770617668394,0.0,0.0,0.0
alexandrovnas,1.6980411278673048e-05,0.0,0.0,0.0
alexey,3.3960822557346093e-06,0.0,0.0,0.0
algebra,3.3960822557346093e-06,0.0,0.0,0.0
alias,0.0,0.0,0.0,6.599013505207118e-06
alice,0.0,0.0,0.0,7.25891485572783e-05
alices,0.0,0.0,0.0,6.599013505207118e-06
alicia,0.0,0.0,0.0,6.599013505207118e-06
alienated,0.0,0.0,5.677625082401832e-06,0.0
alighted,0.0,0.0,5.677625082401832e-06,0.0
alike,-1.0932942906694186e-06,-1.5056242497922477e-05,-3.6555740525246506e-06,-2.1244078458673024e-06
alive,-1.3119531488033025e-05,-5.018747499307492e-06,-3.6555740525246506e-06,-2.549289415040763e-05
all,-0.0014245624607422526,-0.0013098930973192554,-0.0011441946784402155,-0.0008327678755799825
allah,3.3960822557346093e-06,0.0,0.0,0.0
allayed,1.409501486765347e-06,0.0,2.3564273160428954e-06,0.0
alleging,0.0,0.0,0.0,6.599013505207118e-06
allegorical,3.3960822557346093e-06,0.0,0.0,0.0
allegro,0.0,0.0,0.0,1.3198027010414236e-05
alleviate,0.0,0.0,5.677625082401832e-06,0.0
alleviated,0.0,0.0,5.677625082401832e-06,0.0
alley,1.409501486765347e-06,0.0,0.0,5.477676125816959e-06
alleys,2.819002973530694e-06,0.0,0.0,2.7388380629084794e-06
alleyway,0.0,7.794826824703627e-06,0.0,0.0
alliance,0.0,0.0,7.069281948128687e-06,2.7388380629084794e-06
allied,0.0,3.235145432636643e-06,0.0,2.7388380629084794e-06
allies,0.0,7.794826824703627e-06,0.0,0.0
allow,0.0,0.0,0.0,0.0
allowable,0.0,0.0,5.677625082401832e-06,0.0
allowance,0.0,0.0,4.712854632085791e-06,8.216514188725437e-06
allowances,0.0,0.0,5.677625082401832e-06,0.0
allowed,-7.653060034685932e-06,-5.018747499307492e-06,-4.752246268282045e-05,-1.9119670612805722e-05
allowing,0.0,0.0,0.0,0.0
allows,0.0,0.0,0.0,6.599013505207118e-06
alls,3.3960822557346093e-06,0.0,0.0,0.0
allude,0.0,0.0,0.0,0.0
alluded,0.0,0.0,0.0,0.0
alluding,1.409501486765347e-06,0.0,2.3564273160428954e-06,0.0
allurement,3.3960822557346093e-06,0.0,0.0,0.0
allurements,0.0,0.0,5.677625082401832e-06,0.0
alluring,3.3960822557346093e-06,0.0,0.0,0.0
allusion,0.0,0.0,1.1782136580214478e-05,1.0955352251633918e-05
allusions,0.0,0.0,0.0,0.0
ally,0.0,3.235145432636643e-06,0.0,2.7388380629084794e-06
alma,3.3960822557346093e-06,0.0,0.0,0.0
almanac,0.0,7.794826824703627e-06,0.0,0.0
almighty,3.3960822557346093e-06,0.0,0.0,0.0
almonds,0.0,1.5589653649407254e-05,0.0,0.0
almost,-0.00023505827249392503,-6.775309124065114e-05,-0.00010783943454947718,-3.8239341225611444e-05
alms,6.792164511469219e-06,0.0,0.0,0.0
alone,-0.00010386295761359477,-8.280933373857361e-05,-5.483361078786975e-05,-5.523460399254986e-05
along,-5.794459740547919e-05,-0.0002835592337108733,-1.8277870262623254e-05,-3.8239341225611444e-05
alongside,0.0,1.5589653649407254e-05,0.0,0.0
aloof,2.819002973530694e-06,0.0,4.712854632085791e-06,0.0
aloud,0.0,0.0,0.0,0.0
aloysius,0.0,0.0,0.0,3.299506752603559e-05
alpha,0.0,0.0,0.0,4.6193094536449825e-05
alpini,0.0,1.5589653649407254e-05,0.0,0.0
already,-0.00010276966332292536,-3.0112484995844953e-05,-5.117803673534511e-05,-9.984716875576321e-05
also,-3.935859446409908e-05,-2.7603111246191207e-05,-6.214475889291907e-05,-0.00011046920798509973
altar,0.0,0.0,2.3564273160428954e-06,1.6433028377450875e-05
altars,3.3960822557346093e-06,0.0,0.0,0.0
alter,0.0,0.0,0.0,0.0
alteration,0.0,0.0,3.974337557681283e-05,0.0
alterations,0.0,0.0,2.3564273160428954e-06,2.7388380629084794e-06
altered,0.0,0.0,0.0,0.0
alternate,0.0,0.0,5.677625082401832e-06,0.0
alternately,0.0,0.0,0.0,1.3198027010414236e-05
alternating,1.409501486765347e-06,0.0,0.0,2.7388380629084794e-06
alternation,0.0,0.0,0.0,6.599013505207118e-06
alternative,0.0,0.0,1.7032875247205498e-05,0.0
alternatives,6.792164511469219e-06,0.0,0.0,0.0
alters,3.3960822557346093e-06,0.0,0.0,0.0
although,-2.951894584807431e-05,-2.0074989997229968e-05,-1.8277870262623253e-06,-2.1244078458673025e-05
alto,0.0,7.794826824703627e-06,0.0,0.0
altogether,-2.4052474394727216e-05,-2.509373749653746e-06,-1.4622296210098602e-05,-8.49763138346921e-06
always,-0.00014759472924037154,-0.00019573115247299217,-0.000219334443151479,-0.00012321565506030356
alyona,5.433731609175375e-05,0.0,0.0,0.0
alyoshka,3.3960822557346093e-06,0.0,0.0,0.0
am,-0.0005969386827055027,-0.00020827802122126091,-0.0005812362743514195,-0.00039301545148545094
amalfi,0.0,2.338448047411088e-05,0.0,0.0
amalgam,0.0,0.0,0.0,6.599013505207118e-06
amalgamated,3.3960822557346093e-06,0.0,0.0,0.0
amalia,0.00023093359338995347,0.0,0.0,0.0
amassed,3.3960822557346093e-06,0.0,0.0,0.0
amassing,6.792164511469219e-06,0.0,0.0,0.0
amateur,1.409501486765347e-06,0.0,0.0,5.477676125816959e-06
amaze,1.409501486765347e-06,0.0,2.3564273160428954e-06,0.0
amazed,1.1276011894122775e-05,0.0,1.1782136580214478e-05,0.0
amazement,0.0,0.0,0.0,0.0
amazes,0.0,0.0,5.677625082401832e-06,0.0
amazing,0.0,0.0,0.0,0.0
ambassador,0.0,7.794826824703627e-06,0.0,0.0
ambiguous,1.3584329022938437e-05,0.0,0.0,0.0
ambition,0.0,0.0,2.3564273160428954e-06,2.7388380629084794e-06
ambitious,0.0,0.0,0.0,6.599013505207118e-06
ambulance,0.0,0.0001714861901434798,0.0,0.0
ambulances,0.0,6.235861459762902e-05,0.0,0.0
amendment,0.0,0.0,1.1355250164803664e-05,0.0
amends,0.0,0.0,2.8388125412009164e-05,0.0
america,0.0,0.0,0.0,0.0
american,0.0,0.0,0.0,0.0
americans,0.0,1.6175727163183214e-05,0.0,2.7388380629084794e-06
amethyst,0.0,0.0,0.0,6.599013505207118e-06
ami,3.3960822557346093e-06,0.0,0.0,0.0
amiable,0.0,0.0,0.0,0.0
amiably,6.792164511469219e-06,0.0,0.0,0.0
amid,0.0,0.0,0.0,0.0
amidst,1.409501486765347e-06,0.0,9.425709264171582e-06,0.0
amiss,0.0,0.0,0.0,0.0
ammunition,0.0,7.794826824703627e-06,0.0,0.0
among,-3.607871159209082e-05,-2.509373749653746e-06,-4.569467565655813e-05,-7.435427460535559e-05
amongst,5.638005947061388e-06,0.0,2.8277127792514747e-05,0.0
amorous,3.3960822557346093e-06,0.0,0.0,0.0
amount,-5.4664714533470935e-06,-1.2546868748268729e-05,-3.6555740525246506e-06,-1.2746447075203814e-05
amounting,1.409501486765347e-06,0.0,2.3564273160428954e-06,0.0
amounts,3.3960822557346093e-06,0.0,0.0,0.0
amoy,0.0,0.0,0.0,6.599013505207118e-06
amphitheatre,0.0,7.794826824703627e-06,0.0,0.0
ample,0.0,0.0,4.712854632085791e-06,5.477676125816959e-06
amplifying,0.0,0.0,0.0,6.599013505207118e-06
amply,0.0,0.0,0.0,0.0
amputated,3.3960822557346093e-06,0.0,0.0,0.0
amuse,0.0,0.0,0.0,0.0
amused,-3.2798828720082563e-06,-2.509373749653746e-06,-1.0966722157573952e-05,-4.248815691734605e-06
amusement,0.0,0.0,0.0,0.0
amusements,1.409501486765347e-06,0.0,7.069281948128687e-06,0.0
amuses,3.3960822557346093e-06,0.0,0.0,0.0
amusing,0.0,0.0,0.0,0.0
an,-0.0005969386827055027,-0.0004040091736942531,-0.0006598311164806994,-0.000703178996982077
analyse,3.3960822557346093e-06,0.0,0.0,0.0
analysed,6.792164511469219e-06,0.0,0.0,0.0
analysis,2.819002973530694e-06,0.0,0.0,1.0955352251633918e-05
analytical,0.0,0.0,0.0,1.3198027010414236e-05
anarchist,0.0,3.117930729881451e-05,0.0,0.0
anarchists,0.0,1.5589653649407254e-05,0.0,0.0
anatomy,4.2285044602960405e-06,0.0,0.0,2.7388380629084794e-06
ancestors,3.3960822557346093e-06,0.0,0.0,0.0
ancestral,0.0,0.0,0.0,6.599013505207118e-06
anchorage,3.3960822557346093e-06,0.0,0.0,0.0
anchovy,0.0,7.794826824703627e-06,0.0,0.0
ancient,0.0,0.0,0.0,0.0
ancle,0.0,0.0,5.677625082401832e-06,0.0
ancles,0.0,0.0,1.1355250164803664e-05,0.0
ancona,0.0,7.794826824703627e-06,0.0,0.0
and,-0.00758090261150175,-0.007954714786402375,-0.00655627206320296,-0.006409338470981651
anderson,0.0,0.0,0.0,6.599013505207118e-06
andiamo,0.0,7.794826824703627e-06,0.0,0.0
andover,0.0,0.0,0.0,6.599013505207118e-06
andrey,7.13177273704268e-05,0.0,0.0,0.0
anecdote,0.0,0.0,1.1355250164803664e-05,0.0
anecdotes,2.819002973530694e-06,0.0,2.3564273160428954e-06,0.0
anew,1.409501486765347e-06,0.0,2.3564273160428954e-06,0.0
angel,0.0,0.0,0.0,0.0
angelic,0.0,0.0,5.677625082401832e-06,0.0
angels,0.0,0.0,0.0,6.599013505207118e-06
anger,-2.1865885813388374e-05,-2.509373749653746e-06,-2.3761231341410226e-05,-1.9119670612805722e-05
angered,6.792164511469219e-06,0.0,0.0,0.0
angers,3.3960822557346093e-06,0.0,0.0,0.0
angle,0.0,0.0,0.0,0.0
anglo,0.0,2.338448047411088e-05,0.0,0.0
angrily,1.973302081471486e-05,0.0,2.3564273160428954e-06,0.0
angry,-5.357142024280152e-05,-2.0074989997229968e-05,-3.107237944645953e-05,-2.1244078458673025e-05
anguish,2.819002973530694e-05,0.0,4.712854632085791e-06,0.0
angular,6.792164511469219e-06,0.0,0.0,0.0
animal,0.0,0.0,0.0,0.0
animals,0.0,0.0,0.0,6.599013505207118e-06
animate,3.3960822557346093e-06,0.0,0.0,0.0
animated,0.0,0.0,0.0,0.0
animating,0.0,0.0,5.677625082401832e-06,0.0
animation,4.2285044602960405e-06,0.0,9.425709264171582e-06,0.0
aniska,6.792164511469219e-06,0.0,0.0,0.0
ankles,0.0,0.0,0.0,6.599013505207118e-06
anna,3.3960822557346093e-06,0.0,0.0,0.0
anne,0.0,0.0,2.271050032960733e-05,0.0
annes,0.0,0.0,5.677625082401832e-06,0.0
annesley,0.0,0.0,1.7032875247205498e-05,0.0
annexed,0.0,0.0,5.677625082401832e-06,0.0
annihilate,3.3960822557346093e-06,0.0,0.0,0.0
annihilated,1.0188246767203828e-05,0.0,0.0,0.0
announce,0.0,0.0,9.425709264171582e-06,5.477676125816959e-06
announced,0.0,0.0,0.0,0.0
announcement,0.0,0.0,0.0,1.9797040515621355e-05
announcing,3.3960822557346093e-06,0.0,0.0,0.0
annoy,1.0188246767203828e-05,0.0,0.0,0.0
annoyance,1.409501486765347e-05,0.0,0.0,8.216514188725437e-06
annoyed,0.0,0.0,0.0,0.0
annoying,1.0188246767203828e-05,0.0,0.0,0.0
annoys,3.3960822557346093e-06,0.0,0.0,0.0
annual,0.0,0.0,2.3564273160428954e-06,2.7388380629084794e-06
annum,0.0,0.0,1.1355250164803664e-05,0.0
anoints,0.0,0.0,0.0,6.599013505207118e-06
another,-0.0002153789752618755,-0.00020074989997229966,-0.00010418386049695253,-8.922512952642671e-05
anothers,1.409501486765347e-06,3.235145432636643e-06,0.0,0.0
anstruther,0.0,0.0,0.0,6.599013505207118e-06
answer,-6.122448027748745e-05,-1.5056242497922477e-05,-0.00011880615670705113,-3.1866117688009535e-05
answerable,0.0,0.0,1.1355250164803664e-05,0.0
answered,-0.0001224489605549749,-5.018747499307492e-06,-6.214475889291907e-05,-0.00011896683936856893
answering,0.0,0.0,0.0,0.0
answers,0.0,0.0,0.0,0.0
ant,3.3960822557346093e-06,0.0,0.0,0.0
antagonist,0.0,0.0,2.3564273160428954e-06,2.7388380629084794e-06
antecedents,0.0,0.0,0.0,6.599013505207118e-06
antechamber,0.0,0.0,5.677625082401832e-06,0.0
anteroom,0.0,0.0,0.0,6.599013505207118e-06
anthony,0.0,3.897413412351813e-05,0.0,0.0
anthonys,0.0,7.794826824703627e-06,0.0,0.0
anti,0.0,2.338448047411088e-05,0.0,0.0
anticipate,1.409501486765347e-06,0.0,2.3564273160428954e-06,0.0
anticipated,2.819002973530694e-06,0.0,9.425709264171582e-06,0.0
anticipating,2.819002973530694e-06,0.0,4.712854632085791e-06,0.0
anticipation,4.2285044602960405e-06,0.0,2.3564273160428954e-06,0.0
anticipations,3.3960822557346093e-06,0.0,0.0,0.0
antics,0.0,0.0,0.0,6.599013505207118e-06
ants,0.0,3.117930729881451e-05,0.0,0.0
anxieties,1.0188246767203828e-05,0.0,0.0,0.0
anxiety,0.0,0.0,0.0,0.0
anxious,-3.279882872008256e-05,-1.0037494998614984e-05,-4.752246268282045e-05,-1.9119670612805722e-05
anxiously,0.0,0.0,0.0,0.0
any,-0.00015524778927505746,-0.00041153729494321434,-0.0004916747100645654,-0.0002719242042710147
anybody,-3.2798828720082563e-06,-2.2584363746883714e-05,-4.569467565655813e-05,-2.1244078458673024e-06
anybodys,0.0,0.0,1.1355250164803664e-05,0.0
anyhow,-2.1865885813388372e-06,-2.509373749653746e-06,-1.8277870262623253e-06,-6.373223537601907e-06
anyone,0.0,0.0,0.0,0.0
anyones,1.6980411278673048e-05,0.0,0.0,0.0
anything,-0.00015852767214706573,-0.00024842800121572086,-0.00014622296210098603,-0.00010834480013923242
anyway,4.933255203678715e-05,7.764349038327944e-05,0.0,0.0
anywhere,-6.559765744016513e-06,-1.2546868748268729e-05,-1.8277870262623253e-06,-4.248815691734605e-06
anæmic,3.3960822557346093e-06,0.0,0.0,0.0
anæsthetic,0.0,2.338448047411088e-05,0.0,0.0
anæsthetics,0.0,7.794826824703627e-06,0.0,0.0
anæsthetized,0.0,7.794826824703627e-06,0.0,0.0
aosta,0.0,7.794826824703627e-06,0.0,0.0
apace,0.0,0.0,5.677625082401832e-06,0.0
apache,0.0,0.0,0.0,6.599013505207118e-06
apaches,0.0,0.0,0.0,6.599013505207118e-06
apart,0.0,0.0,0.0,0.0
apartment,0.0,0.0,9.425709264171582e-06,1.0955352251633918e-05
apartments,1.409501486765347e-06,0.0,4.712854632085791e-06,0.0
apathy,1.0188246767203828e-05,0.0,0.0,0.0
ape,0.0,7.794826824703627e-06,0.0,0.0
aperture,0.0,0.0,0.0,1.9797040515621355e-05
apiece,0.0,1.6175727163183214e-05,0.0,1.0955352251633918e-05
apologetically,3.3960822557346093e-06,0.0,0.0,0.0
apologies,4.2285044602960405e-06,0.0,4.712854632085791e-06,0.0
apologise,5.638005947061388e-06,0.0,0.0,2.7388380629084794e-06
apologised,6.792164511469219e-06,0.0,0.0,0.0
apologising,3.3960822557346093e-06,0.0,0.0,0.0
apologize,0.0,0.0,2.8388125412009164e-05,0.0
apologized,0.0,0.0,1.1355250164803664e-05,0.0
apologizing,0.0,0.0,2.271050032960733e-05,0.0
apology,0.0,0.0,1.8851418528343163e-05,1.9171866440359353e-05
apoplexy,3.3960822557346093e-06,0.0,0.0,0.0
apothecary,0.0,0.0,1.1355250164803664e-05,0.0
appalled,3.3960822557346093e-06,0.0,0.0,0.0
appallingly,3.3960822557346093e-06,0.0,0.0,0.0
apparel,0.0,0.0,5.677625082401832e-06,0.0
apparelled,0.0,0.0,0.0,6.599013505207118e-06
apparent,0.0,0.0,0.0,0.0
apparently,0.0,0.0,0.0,0.0
apparition,0.0,0.0,0.0,6.599013505207118e-06
apparitions,3.3960822557346093e-06,0.0,0.0,0.0
appeal,0.0,0.0,0.0,0.0
appealed,3.3960822557346093e-06,0.0,0.0,0.0
appeals,0.0,0.0,2.3564273160428954e-06,2.7388380629084794e-06
appear,0.0,0.0,0.0,0.0
appearance,0.0,0.0,0.0,0.0
appearances,4.2285044602960405e-06,0.0,2.3564273160428954e-06,0.0
appeared,0.0,0.0,0.0,0.0
appearing,0.0,0.0,3.4065750494410995e-05,0.0
appears,0.0,0.0,0.0,0.0
appease,0.0,0.0,5.677625082401832e-06,0.0
appeased,0.0,0.0,5.677625082401832e-06,0.0
appendix,0.0,7.794826824703627e-06,0.0,0.0
appertain,0.0,0.0,5.677625082401832e-06,0.0
appetite,0.0,0.0,0.0,0.0
apple,0.0,3.117930729881451e-05,0.0,0.0
apples,0.0,1.5589653649407254e-05,0.0,0.0
applicant,0.0,0.0,0.0,6.599013505207118e-06
application,0.0,0.0,6.813150098882199e-05,0.0
applied,2.819002973530694e-06,0.0,2.8277127792514747e-05,0.0
applies,0.0,0.0,5.677625082401832e-06,0.0
apply,0.0,0.0,0.0,0.0
applying,0.0,0.0,7.069281948128687e-06,5.477676125816959e-06
appointed,0.0,0.0,5.677625082401832e-06,0.0
appointment,0.0,0.0,2.3564273160428954e-06,2.4649542566176314e-05
appreciate,0.0,3.117930729881451e-05,0.0,0.0
appreciative,0.0,7.794826824703627e-06,0.0,0.0
apprehended,0.0,0.0,5.677625082401832e-06,0.0
apprehending,0.0,0.0,5.677625082401832e-06,0.0
apprehension,2.819002973530694e-06,0.0,2.8277127792514747e-05,0.0
apprehensions,1.409501486765347e-06,0.0,4.712854632085791e-06,0.0
apprehensive,0.0,0.0,5.677625082401832e-06,0.0
apprehensively,0.0,7.794826824703627e-06,0.0,0.0
apprenticed,0.0,0.0,0.0,6.599013505207118e-06
approach,0.0,0.0,0.0,0.0
approached,0.0,0.0,0.0,0.0
approaching,0.0,0.0,0.0,0.0
approbation,0.0,0.0,3.974337557681283e-05,0.0
appropriate,2.819002973530694e-06,0.0,0.0,2.7388380629084794e-06
appropriately,3.3960822557346093e-06,0.0,0.0,0.0
approval,3.3960822557346093e-06,0.0,0.0,0.0
approve,1.409501486765347e-06,0.0,1.1782136580214478e-05,0.0
approved,1.409501486765347e-06,0.0,7.069281948128687e-06,0.0
approvingly,1.409501486765347e-06,0.0,0.0,2.7388380629084794e-06
approximate,3.3960822557346093e-06,0.0,0.0,0.0
approximately,6.792164511469219e-06,0.0,0.0,0.0
april,0.0,0.0,2.3564273160428954e-06,5.477676125816959e-06
apron,0.0,2.338448047411088e-05,0.0,0.0
aproned,0.0,0.0,0.0,6.599013505207118e-06
apropos,2.0376493534407657e-05,0.0,0.0,0.0
apt,-4.3731771626776745e-06,-2.509373749653746e-06,-1.8277870262623253e-06,-2.1244078458673024e-06
aptly,3.3960822557346093e-06,0.0,0.0,0.0
aquila,0.0,7.794826824703627e-06,0.0,0.0
aquiline,0.0,0.0,0.0,1.3198027010414236e-05
arabian,0.0,0.0,0.0,6.599013505207118e-06
arat,0.0,0.0,0.0,6.599013505207118e-06
arbiter,3.3960822557346093e-06,0.0,0.0,0.0
arbitrary,3.3960822557346093e-06,0.0,0.0,0.0
arc,0.0,0.0,0.0,6.599013505207118e-06
arcade,0.0,1.5589653649407254e-05,0.0,0.0
arch,0.0,3.235145432636643e-06,2.3564273160428954e-06,0.0
archbishop,0.0,3.235145432636643e-06,2.3564273160428954e-06,0.0
arched,1.409501486765347e-06,6.470290865273286e-06,0.0,0.0
archery,0.0,0.0,0.0,6.599013505207118e-06
archie,0.0,0.0,0.0,6.599013505207118e-06
architect,0.0,7.794826824703627e-06,0.0,0.0
architects,0.0,0.0,0.0,6.599013505207118e-06
architecture,0.0,6.470290865273286e-06,0.0,2.7388380629084794e-06
archly,0.0,0.0,1.1355250164803664e-05,0.0
archness,0.0,0.0,5.677625082401832e-06,0.0
archway,0.0,3.117930729881451e-05,0.0,0.0
ardent,1.409501486765347e-06,0.0,2.3564273160428954e-06,0.0
ardently,0.0,0.0,1.1355250164803664e-05,0.0
ardour,3.3960822557346093e-06,0.0,0.0,0.0
arduous,0.0,0.0,0.0,6.599013505207118e-06
are,-0.0009271135584876671,-0.0008130370948878137,-0.0006232753759554528,-0.0007116766283655463
area,0.0,3.235145432636643e-06,0.0,2.7388380629084794e-06
arent,1.6914017841184162e-05,7.764349038327944e-05,0.0,0.0
argue,0.0,0.0,0.0,0.0
argued,0.0,0.0,0.0,0.0
arguing,1.409501486765347e-06,0.0,2.3564273160428954e-06,0.0
argument,-4.3731771626776745e-06,-2.509373749653746e-06,-9.138935131311627e-06,-4.248815691734605e-06
arguments,0.0,0.0,0.0,0.0
aright,0.0,0.0,0.0,6.599013505207118e-06
arise,0.0,0.0,0.0,0.0
arisen,0.0,0.0,2.8388125412009164e-05,0.0
arises,3.3960822557346093e-06,0.0,0.0,0.0
arising,0.0,0.0,2.8388125412009164e-05,0.0
aristocratic,8.457008920592081e-06,0.0,0.0,8.216514188725437e-06
arithmetic,6.792164511469219e-06,0.0,0.0,0.0
arizona,0.0,0.0,0.0,6.599013505207118e-06
ark,3.3960822557346093e-06,0.0,0.0,0.0
arkady,3.735690481308071e-05,0.0,0.0,0.0
arm,-2.4052474394727216e-05,-7.277183873995864e-05,-7.311148105049301e-06,-2.3368486304540325e-05
armchair,0.0,0.0,0.0,9.898520257810678e-05
armchairs,0.0,0.0,0.0,6.599013505207118e-06
armed,0.0,0.0,0.0,0.0
armhole,6.792164511469219e-06,0.0,0.0,0.0
armies,2.819002973530694e-06,6.470290865273286e-06,0.0,0.0
armitage,0.0,0.0,0.0,1.9797040515621355e-05
armoire,0.0,5.456378777292539e-05,0.0,0.0
armorers,0.0,7.794826824703627e-06,0.0,0.0
armour,0.0,0.0,0.0,6.599013505207118e-06
arms,0.0,0.0,0.0,0.0
army,-3.2798828720082563e-06,-8.029995998891987e-05,-5.483361078786976e-06,-4.248815691734605e-06
arnsworth,0.0,0.0,0.0,6.599013505207118e-06
arose,4.2285044602960405e-06,0.0,1.1782136580214478e-05,0.0
around,-6.559765744016513e-06,-0.00018318428372472346,-3.6555740525246506e-06,-6.373223537601907e-06
arouse,3.3960822557346093e-06,0.0,0.0,0.0
aroused,7.047507433826735e-06,0.0,0.0,8.216514188725437e-06
arrange,-6.559765744016513e-06,-2.509373749653746e-06,-1.8277870262623253e-06,-2.1244078458673024e-06
arranged,-9.83964861602477e-06,-7.528121248961238e-06,-3.6555740525246506e-06,-1.0622039229336513e-05
arrangement,4.2285044602960405e-06,0.0,1.8851418528343163e-05,0.0
arrangements,0.0,0.0,0.0,0.0
arranges,0.0,0.0,5.677625082401832e-06,0.0
arranging,0.0,0.0,1.1355250164803664e-05,0.0
array,0.0,0.0,0.0,6.599013505207118e-06
arrear,0.0,0.0,5.677625082401832e-06,0.0
arrest,0.0,0.0,0.0,0.0
arrested,-5.4664714533470935e-06,-1.7565616247576225e-05,-3.6555740525246506e-06,-1.9119670612805722e-05
arresting,0.0,0.0,0.0,6.599013505207118e-06
arrival,0.0,0.0,0.0,0.0
arrivals,3.3960822557346093e-06,0.0,0.0,0.0
arrive,-2.1865885813388372e-06,-2.509373749653746e-06,-3.6555740525246506e-06,-4.248815691734605e-06
arrived,-1.5306120069371863e-05,-5.018747499307492e-06,-2.7416805393934876e-05,-3.399052553387684e-05
arriving,2.819002973530694e-06,0.0,2.3564273160428954e-06,0.0
arrogance,1.409501486765347e-06,0.0,2.3564273160428954e-06,0.0
arrogant,1.409501486765347e-06,0.0,2.3564273160428954e-06,0.0
arrow,6.792164511469219e-06,0.0,0.0,0.0
arrows,0.0,0.0,0.0,6.599013505207118e-06
arson,3.3960822557346093e-06,0.0,0.0,0.0
art,-4.3731771626776745e-06,-7.528121248961238e-06,-5.483361078786976e-06,-1.0622039229336513e-05
arteries,0.0,0.0,0.0,6.599013505207118e-06
artful,0.0,0.0,5.677625082401832e-06,0.0
artfully,2.819002973530694e-06,0.0,2.3564273160428954e-06,0.0
arthur,0.0,0.0,0.0,0.000112183229588521
arthurs,0.0,0.0,0.0,1.9797040515621355e-05
article,-3.826530017342966e-05,-2.509373749653746e-06,-5.483361078786976e-06,-8.49763138346921e-06
articles,0.0,0.0,0.0,0.0
articulate,6.792164511469219e-06,0.0,0.0,0.0
articulated,3.3960822557346096e-05,0.0,0.0,0.0
articulately,3.3960822557346093e-06,0.0,0.0,0.0
articulating,6.792164511469219e-06,0.0,0.0,0.0
articulation,0.0,3.117930729881451e-05,0.0,0.0
artificial,0.0,0.0,0.0,0.0
artillery,0.0,2.2646018028456504e-05,0.0,2.7388380629084794e-06
artisan,6.792164511469219e-06,0.0,0.0,0.0
artist,4.2285044602960405e-06,0.0,0.0,2.7388380629084794e-06
artistic,0.0,0.0,0.0,1.3198027010414236e-05
artistically,3.3960822557346093e-06,0.0,0.0,0.0
arts,0.0,0.0,2.271050032960733e-05,0.0
as,-0.0013119531488033024,-0.0005746465886707078,-0.0021659276261208555,-0.001805746668987207
ascend,0.0,0.0,0.0,1.3198027010414236e-05
ascended,0.0,0.0,7.069281948128687e-06,8.216514188725437e-06
ascending,6.792164511469219e-06,0.0,0.0,0.0
ascent,3.3960822557346093e-06,0.0,0.0,0.0
ascertain,0.0,0.0,0.0,0.0
ascertained,0.0,0.0,0.0,6.599013505207118e-06
ascertaining,0.0,0.0,0.0,0.0
ascetic,3.3960822557346093e-06,0.0,0.0,0.0
asciutta,0.0,1.5589653649407254e-05,0.0,0.0
ascribed,1.3584329022938437e-05,0.0,0.0,0.0
ash,2.819002973530694e-06,0.0,0.0,5.477676125816959e-06
ashamed,-4.1545183045437914e-05,-1.0037494998614984e-05,-2.9244592420197205e-05,-1.0622039229336513e-05
ashamedly,0.0,7.794826824703627e-06,0.0,0.0
ashen,0.0,0.0,0.0,1.3198027010414236e-05
ashes,0.0,0.0,0.0,0.0
ashore,0.0,1.5589653649407254e-05,0.0,0.0
ashworth,0.0,0.0,5.677625082401832e-06,0.0
asia,6.792164511469219e-06,0.0,0.0,0.0
aside,-1.4212825778702444e-05,-2.509373749653746e-06,-7.311148105049301e-06,-1.4870854921071116e-05
ask,-0.00010714284048560304,-5.2696848742728664e-05,-5.848918484039441e-05,-7.435427460535559e-05
askance,4.2285044602960405e-06,0.0,0.0,2.7388380629084794e-06
asked,-0.0002044460323551813,-0.00038393418369702314,-7.311148105049302e-05,-0.0001869478904363226
askew,3.3960822557346093e-06,0.0,0.0,0.0
asking,-3.4985417301421396e-05,-1.5056242497922477e-05,-2.5589018367672555e-05,-1.2746447075203814e-05
asks,7.047507433826735e-06,0.0,0.0,2.7388380629084794e-06
aslant,3.3960822557346093e-06,0.0,0.0,0.0
asleep,-3.7172005882760244e-05,-4.0149979994459936e-05,-1.8277870262623253e-06,-1.0622039229336513e-05
asparagus,3.3960822557346093e-06,0.0,0.0,0.0
aspect,-2.1865885813388372e-06,-2.509373749653746e-06,-1.0966722157573952e-05,-4.248815691734605e-06
aspects,3.3960822557346093e-06,0.0,0.0,0.0
asperity,0.0,0.0,5.677625082401832e-06,0.0
aspirations,3.3960822557346093e-06,0.0,0.0,0.0
aspire,0.0,0.0,5.677625082401832e-06,0.0
aspired,0.0,0.0,0.0,6.599013505207118e-06
aspirin,0.0,7.794826824703627e-06,0.0,0.0
ass,2.0376493534407657e-05,0.0,0.0,0.0
assailant,6.792164511469219e-06,0.0,0.0,0.0
assailants,0.0,0.0,0.0,6.599013505207118e-06
assault,1.409501486765347e-06,0.0,0.0,2.7388380629084794e-06
assaulted,0.0,0.0,0.0,6.599013505207118e-06
assaults,3.3960822557346093e-06,0.0,0.0,0.0
assembled,0.0,0.0,0.0,0.0
assemblies,0.0,0.0,1.1355250164803664e-05,0.0
assembly,0.0,0.0,5.1098625741616486e-05,0.0
assent,0.0,0.0,5.677625082401832e-06,0.0
assented,7.047507433826735e-06,0.0,4.712854632085791e-06,0.0
assents,0.0,0.0,5.677625082401832e-06,0.0
assert,0.0,0.0,0.0,0.0
asserted,0.0,0.0,0.0,0.0
asserting,0.0,0.0,5.677625082401832e-06,0.0
assertion,0.0,0.0,7.069281948128687e-06,2.7388380629084794e-06
assertions,0.0,0.0,1.7032875247205498e-05,0.0
assessor,3.3960822557346093e-06,0.0,0.0,0.0
asset,3.3960822557346093e-06,0.0,0.0,0.0
assets,3.3960822557346093e-06,0.0,0.0,0.0
assez,6.792164511469219e-06,0.0,0.0,0.0
assiduous,0.0,0.0,5.677625082401832e-06,0.0
assiduously,0.0,0.0,5.677625082401832e-06,0.0
assigned,3.3960822557346093e-06,0.0,0.0,0.0
assist,0.0,0.0,0.0,0.0
assistance,0.0,0.0,0.0,0.0
assistant,0.0,0.0,0.0,0.0
assistants,0.0,0.0,0.0,1.3198027010414236e-05
assisted,0.0,0.0,9.425709264171582e-06,2.7388380629084794e-06
assisting,0.0,0.0,0.0,0.0
assizes,0.0,0.0,0.0,4.6193094536449825e-05
associate,2.819002973530694e-06,0.0,0.0,1.0955352251633918e-05
associated,2.819002973530694e-06,0.0,0.0,1.0955352251633918e-05
associating,0.0,0.0,5.677625082401832e-06,0.0
association,0.0,0.0,0.0,6.599013505207118e-06
associations,3.3960822557346093e-06,0.0,0.0,0.0
assume,0.0,0.0,0.0,0.0
assumed,0.0,0.0,0.0,0.0
assumes,3.3960822557346093e-06,0.0,0.0,0.0
assuming,4.2285044602960405e-06,3.235145432636643e-06,0.0,0.0
assumption,3.3960822557346093e-06,0.0,0.0,0.0
assurance,0.0,0.0,3.298998242460054e-05,2.7388380629084794e-06
assurances,0.0,0.0,5.1098625741616486e-05,0.0
assure,0.0,0.0,0.0,0.0
assured,-7.653060034685932e-06,-2.509373749653746e-06,-5.117803673534511e-05,-1.0622039229336513e-05
assuredly,0.0,0.0,0.0,6.599013505207118e-06
assures,0.0,0.0,0.0,6.599013505207118e-06
assuring,0.0,0.0,0.0,0.0
astern,0.0,7.794826824703627e-06,0.0,0.0
asti,0.0,7.794826824703627e-06,0.0,0.0
astir,0.0,0.0,0.0,6.599013505207118e-06
astonish,0.0,0.0,1.1355250164803664e-05,0.0
astonished,0.0,0.0,0.0,0.0
astonishing,1.0188246767203828e-05,0.0,0.0,0.0
astonishment,0.0,0.0,0.0,0.0
astounded,6.792164511469219e-06,0.0,0.0,0.0
astra,0.0,7.794826824703627e-06,0.0,0.0
astrakhan,0.0,0.0,0.0,6.599013505207118e-06
astride,0.0,1.5589653649407254e-05,0.0,0.0
astronomy,0.0,0.0,0.0,6.599013505207118e-06
astute,1.409501486765347e-06,0.0,0.0,2.7388380629084794e-06
astuteness,0.0,0.0,0.0,6.599013505207118e-06
asylum,1.409501486765347e-06,0.0,0.0,2.7388380629084794e-06
asylums,3.3960822557346093e-06,0.0,0.0,0.0
at,-0.0022565594159416804,-0.0012571962485765267,-0.001432985028589663,-0.0016336696334719554
ate,-6.559765744016513e-06,-5.7715596242036164e-05,-5.483361078786976e-06,-4.248815691734605e-06
atheist,0.0,7.794826824703627e-06,0.0,0.0
atheists,1.409501486765347e-06,3.235145432636643e-06,0.0,0.0
atkinson,0.0,0.0,0.0,6.599013505207118e-06
atlantic,0.0,0.0,0.0,1.3198027010414236e-05
atmosphere,7.047507433826735e-06,0.0,0.0,2.7388380629084794e-06
atone,0.0,0.0,0.0,0.0
atoned,0.0,0.0,5.677625082401832e-06,0.0
atonement,1.409501486765347e-06,0.0,4.712854632085791e-06,0.0
atrocious,6.792164511469219e-06,0.0,0.0,0.0
attach,1.409501486765347e-06,0.0,7.069281948128687e-06,0.0
attached,-1.0932942906694186e-06,-2.509373749653746e-06,-2.0105657288885576e-05,-4.248815691734605e-06
attachment,0.0,0.0,0.00015329587722484947,0.0
attachments,0.0,0.0,5.677625082401832e-06,0.0
attack,-5.4664714533470935e-06,-8.531870748822736e-05,-7.311148105049301e-06,-2.1244078458673024e-06
attacked,0.0,0.0,0.0,0.0
attacking,8.457008920592081e-06,6.470290865273286e-06,0.0,0.0
attacks,4.2285044602960405e-06,0.0,7.069281948128687e-06,0.0
attain,4.2285044602960405e-06,0.0,0.0,5.477676125816959e-06
attained,0.0,0.0,0.0,0.0
attainments,0.0,0.0,0.0,6.599013505207118e-06
attempt,0.0,0.0,0.0,0.0
attempted,0.0,0.0,0.0,0.0
attempting,0.0,0.0,0.0,0.0
attempts,0.0,0.0,0.0,3.299506752603559e-05
attend,0.0,0.0,0.0,0.0
attendance,0.0,0.0,0.0,0.0
attendant,0.0,0.0,0.0,0.0
attendants,0.0,0.0,5.677625082401832e-06,0.0
attended,0.0,0.0,0.0,0.0
attending,5.638005947061388e-06,0.0,2.1207845844386058e-05,0.0
attends,3.3960822557346093e-06,0.0,0.0,0.0
attention,-3.826530017342966e-05,-7.528121248961238e-06,-0.00012794509183836276,-5.098578830081526e-05
attentions,0.0,0.0,0.0,0.0
attentive,4.2285044602960405e-06,0.0,2.3564273160428955e-05,0.0
attentively,2.819002973530694e-05,0.0,7.069281948128687e-06,0.0
attested,3.3960822557346093e-06,0.0,0.0,0.0
attic,2.819002973530694e-06,0.0,0.0,1.0955352251633918e-05
attica,0.0,0.0,0.0,6.599013505207118e-06
attics,0.0,0.0,2.3564273160428954e-06,2.7388380629084794e-06
attire,1.6980411278673048e-05,0.0,0.0,0.0
attired,0.0,0.0,0.0,6.599013505207118e-06
attitude,-5.4664714533470935e-06,-2.509373749653746e-06,-1.8277870262623253e-06,-4.248815691734605e-06
attorney,1.409501486765347e-06,0.0,7.069281948128687e-06,0.0
attract,0.0,0.0,0.0,0.0
attracted,0.0,0.0,0.0,0.0
attracting,2.819002973530694e-06,3.235145432636643e-06,0.0,0.0
attraction,2.819002973530694e-06,0.0,4.712854632085791e-06,0.0
attractions,0.0,0.0,0.0,0.0
attractive,5.638005947061388e-06,1.2940581730546572e-05,0.0,0.0
attribute,1.409501486765347e-06,0.0,9.425709264171582e-06,0.0
attributed,4.2285044602960405e-06,0.0,1.1782136580214478e-05,0.0
attributing,0.0,0.0,5.677625082401832e-06,0.0
auckland,0.0,0.0,0.0,6.599013505207118e-06
audible,0.0,0.0,0.0,0.0
audibly,1.3584329022938437e-05,0.0,0.0,0.0
audience,2.819002973530694e-06,0.0,4.712854632085791e-06,0.0
augen,3.3960822557346093e-06,0.0,0.0,0.0
aught,0.0,0.0,5.677625082401832e-06,0.0
augment,0.0,0.0,5.677625082401832e-06,0.0
augmented,0.0,0.0,5.677625082401832e-06,0.0
august,0.0,0.0,0.0,0.0
augustine,0.0,0.0,0.0,6.599013505207118e-06
aunt,0.0,0.0,0.0,0.0
aunts,0.0,0.0,1.649499121230027e-05,2.7388380629084794e-06
aureole,3.3960822557346093e-06,0.0,0.0,0.0
aus,1.0188246767203828e-05,0.0,0.0,0.0
austerity,0.0,0.0,5.677625082401832e-06,0.0
australia,0.0,0.0,0.0,1.3198027010414236e-05
australian,0.0,0.0,0.0,1.9797040515621355e-05
australians,0.0,0.0,0.0,6.599013505207118e-06
austria,0.0,5.456378777292539e-05,0.0,0.0
austrian,1.409501486765347e-06,5.823261778745958e-05,0.0,0.0
austrians,0.0,0.0002650241120399233,0.0,0.0
authentic,3.3960822557346093e-06,0.0,0.0,0.0
authenticity,0.0,0.0,0.0,6.599013505207118e-06
author,1.6980411278673048e-05,0.0,0.0,0.0
authoritative,0.0,0.0,4.712854632085791e-06,2.7388380629084794e-06
authorities,2.819002973530694e-06,0.0,0.0,8.216514188725437e-06
authority,-5.4664714533470935e-06,-2.509373749653746e-06,-1.6450083236360926e-05,-2.1244078458673024e-06
authorize,0.0,0.0,5.677625082401832e-06,0.0
authorized,0.0,0.0,1.7032875247205498e-05,0.0
authorizing,0.0,0.0,5.677625082401832e-06,0.0
authors,1.0188246767203828e-05,0.0,0.0,0.0
auto,0.0,1.5589653649407254e-05,0.0,0.0
automatic,0.0,7.794826824703627e-06,0.0,0.0
autre,3.3960822557346093e-06,0.0,0.0,0.0
autumn,0.0,0.0,0.0,0.0
autumnal,0.0,0.0,0.0,1.3198027010414236e-05
avail,0.0,0.0,2.3564273160428954e-06,2.7388380629084794e-06
availed,0.0,0.0,5.677625082401832e-06,0.0
avants,0.0,7.794826824703627e-06,0.0,0.0
avarice,0.0,0.0,5.677625082401832e-06,0.0
avdotya,0.00039054945940948015,0.0,0.0,0.0
ave,3.3960822557346093e-06,0.0,0.0,0.0
avenge,3.3960822557346093e-06,0.0,0.0,0.0
avenging,3.3960822557346093e-06,0.0,0.0,0.0
avenue,-2.1865885813388372e-06,-2.509373749653746e-06,-1.8277870262623253e-06,-1.2746447075203814e-05
average,0.0,0.0,0.0,0.0
averse,0.0,0.0,0.0,3.299506752603559e-05
aversion,8.457008920592081e-06,0.0,0.0,5.477676125816959e-06
avert,0.0,0.0,0.0,1.9797040515621355e-05
averted,1.409501486765347e-06,0.0,0.0,2.7388380629084794e-06
aviators,0.0,1.5589653649407254e-05,0.0,0.0
avoid,-1.8586002941380122e-05,-2.509373749653746e-06,-3.290016647272185e-05,-6.373223537601907e-06
avoidance,0.0,0.0,5.677625082401832e-06,0.0
avoided,-8.746354325355349e-06,-7.528121248961238e-06,-1.8277870262623253e-06,-4.248815691734605e-06
avoiding,0.0,0.0,0.0,0.0
avowal,0.0,0.0,1.7032875247205498e-05,0.0
avowed,0.0,0.0,1.7032875247205498e-05,0.0
await,2.819002973530694e-06,0.0,0.0,2.7388380629084794e-06
awaited,0.0,0.0,0.0,0.0
awaiting,8.457008920592081e-06,0.0,0.0,2.7388380629084794e-06
awake,-8.746354325355349e-06,-3.513123249515245e-05,-3.6555740525246506e-06,-8.49763138346921e-06
awaken,6.792164511469219e-06,0.0,0.0,0.0
awakened,0.0,0.0,9.425709264171582e-06,8.216514188725437e-06
awakening,3.3960822557346093e-06,0.0,0.0,0.0
aware,0.0,0.0,0.0,0.0
away,-0.00028753639844605715,-0.00034127482995290943,-0.00021567886909895436,-0.00022518723166193406
awe,1.409501486765347e-06,0.0,7.069281948128687e-06,0.0
awed,0.0,0.0,1.1355250164803664e-05,0.0
awful,-3.389212301075198e-05,-1.7565616247576225e-05,-3.6555740525246506e-06,-6.373223537601907e-06
awfully,2.255202378824555e-05,9.705436297909929e-05,0.0,0.0
awhile,0.0,6.235861459762902e-05,0.0,0.0
awkward,0.0,0.0,0.0,0.0
awkwardly,1.0188246767203828e-05,0.0,0.0,0.0
awkwardness,1.409501486765347e-06,0.0,7.069281948128687e-06,0.0
awoke,0.0,0.0,0.0,0.0
awry,3.3960822557346093e-06,0.0,0.0,0.0
axe,0.00019697277083260736,0.0,0.0,0.0
axes,3.3960822557346093e-06,0.0,0.0,0.0
axiom,1.409501486765347e-06,0.0,0.0,2.7388380629084794e-06
ay,0.0,0.0,1.4138563896257373e-05,5.477676125816959e-06
aymo,0.0,0.0004365103021834031,0.0,0.0
aymos,0.0,2.338448047411088e-05,0.0,0.0
azure,0.0,0.0,0.0,6.599013505207118e-06
aïe,3.3960822557346093e-06,0.0,0.0,0.0
b,-1.0932942906694186e-06,-2.509373749653746e-06,-1.8277870262623253e-06,-1.0622039229336513e-05
babbiting,0.0,7.794826824703627e-06,0.0,0.0
babble,3.3960822557346093e-06,0.0,0.0,0.0
babbled,3.3960822557346093e-06,0.0,0.0,0.0
babbling,3.3960822557346093e-06,0.0,0.0,0.0
babe,1.409501486765347e-06,3.235145432636643e-06,0.0,0.0
babies,1.409501486765347e-06,2.2646018028456504e-05,0.0,0.0
baboon,0.0,0.0,0.0,2.6396054020828473e-05
babushkins,6.792164511469219e-06,0.0,0.0,0.0
baby,0.0,0.0,0.0,0.0
bacchus,1.409501486765347e-06,2.5881163461093143e-05,0.0,0.0
bachelor,1.409501486765347e-06,0.0,0.0,1.6433028377450875e-05
bachelors,0.0,0.0,0.0,6.599013505207118e-06
back,-0.00020772591522718955,-0.0006825496599058189,-7.493926807675534e-05,-0.0002952926905755551
backed,-1.0932942906694186e-06,-1.2546868748268729e-05,-1.8277870262623253e-06,-8.49763138346921e-06
backgammon,0.0,0.0,4.712854632085791e-06,2.7388380629084794e-06
background,0.0,3.235145432636643e-06,0.0,2.7388380629084794e-06
backing,1.409501486765347e-06,9.70543629790993e-06,0.0,0.0
backs,1.409501486765347e-06,1.2940581730546572e-05,0.0,0.0
backward,0.0,0.0,0.0,0.0
backwards,2.819002973530694e-06,0.0,2.3564273160428954e-06,0.0
backwater,0.0,0.0,0.0,1.3198027010414236e-05
backwaters,0.0,0.0,0.0,6.599013505207118e-06
bad,-3.7172005882760244e-05,-0.00014805305122957103,-2.7416805393934876e-05,-2.974170984214223e-05
bade,2.819002973530694e-06,0.0,0.0,5.477676125816959e-06
badge,0.0,0.0,0.0,6.599013505207118e-06
badly,0.0,0.0,0.0,0.0
baffled,0.0,0.0,0.0,1.9797040515621355e-05
bag,0.0,4.205689062427636e-05,0.0,2.7388380629084796e-05
baggage,1.409501486765347e-06,9.70543629790993e-06,0.0,0.0
baggy,0.0,0.0,0.0,1.3198027010414236e-05
bags,0.0,0.0,0.0,0.0
bah,4.0752987068815313e-05,0.0,0.0,0.0
bail,0.0,1.5589653649407254e-05,0.0,0.0
bailer,0.0,7.794826824703627e-06,0.0,0.0
bailing,0.0,7.794826824703627e-06,0.0,0.0
bains,0.0,1.5589653649407254e-05,0.0,0.0
bainsizza,0.0,0.00010133274872114715,0.0,0.0
bait,0.0,7.794826824703627e-06,0.0,0.0
baited,0.0,7.794826824703627e-06,0.0,0.0
baiters,0.0,7.794826824703627e-06,0.0,0.0
baiting,0.0,2.338448047411088e-05,0.0,0.0
baits,0.0,0.0,0.0,6.599013505207118e-06
bakaleyevs,2.7168658045876875e-05,0.0,0.0,0.0
baked,3.3960822557346093e-06,0.0,0.0,0.0
baker,0.0,0.0,0.0,0.000277158567218699
bakers,0.0,0.0,0.0,1.3198027010414236e-05
bakewell,0.0,0.0,5.677625082401832e-06,0.0
baking,1.409501486765347e-06,3.235145432636643e-06,0.0,0.0
balalaïka,3.3960822557346093e-06,0.0,0.0,0.0
balance,4.2285044602960405e-06,0.0,0.0,2.7388380629084794e-06
balanced,0.0,0.0,0.0,6.599013505207118e-06
balancing,1.409501486765347e-06,0.0,0.0,5.477676125816959e-06
balconies,3.3960822557346093e-06,0.0,0.0,0.0
balcony,2.819002973530694e-06,3.882174519163972e-05,0.0,0.0
bald,0.0,0.0,0.0,0.0
baleful,0.0,0.0,0.0,6.599013505207118e-06
ball,-4.3731771626776745e-06,-7.528121248961238e-06,-6.58003329454437e-05,-1.0622039229336513e-05
ballarat,0.0,0.0,0.0,3.959408103124271e-05
balloon,1.3584329022938437e-05,0.0,0.0,0.0
balloons,0.0,7.794826824703627e-06,0.0,0.0
balls,-1.0932942906694186e-06,-7.528121248961238e-06,-1.4622296210098602e-05,-2.1244078458673024e-06
balm,0.0,0.0,5.677625082401832e-06,0.0
balmoral,0.0,0.0,0.0,2.6396054020828473e-05
balustraded,0.0,0.0,0.0,6.599013505207118e-06
balzac,0.0,0.0,0.0,6.599013505207118e-06
band,0.0,0.0,2.3564273160428954e-06,3.560489481781023e-05
bandage,0.0,0.0,0.0,0.0
bandaged,0.0,9.70543629790993e-06,0.0,2.7388380629084794e-06
bandages,0.0,1.6175727163183214e-05,0.0,2.7388380629084794e-06
bandaging,0.0,7.794826824703627e-06,0.0,0.0
bands,0.0,0.0,0.0,1.3198027010414236e-05
bandy,0.0,0.0,0.0,6.599013505207118e-06
bang,0.0,0.0,0.0,1.3198027010414236e-05
banged,0.0,0.0,0.0,6.599013505207118e-06
banging,1.0188246767203828e-05,0.0,0.0,0.0
banish,0.0,0.0,1.7032875247205498e-05,0.0
banished,0.0,0.0,1.7032875247205498e-05,0.0
banishment,3.3960822557346093e-06,0.0,0.0,0.0
bank,0.0,0.0,0.0,0.0
banker,0.0,0.0,0.0,6.599013505207118e-05
bankers,0.0,0.0,0.0,1.9797040515621355e-05
banking,0.0,0.0,0.0,1.9797040515621355e-05
banknotes,3.3960822557346093e-06,0.0,0.0,0.0
bankrupt,3.3960822557346093e-06,0.0,0.0,0.0
banks,-5.4664714533470935e-06,-2.509373749653746e-06,-3.6555740525246506e-06,-4.248815691734605e-06
banquets,3.3960822557346093e-06,0.0,0.0,0.0
banter,3.3960822557346093e-06,0.0,0.0,0.0
bantering,3.3960822557346093e-06,0.0,0.0,0.0
baptized,0.0,7.794826824703627e-06,0.0,0.0
bar,0.0,0.0,0.0,0.0
barbarians,0.0,7.794826824703627e-06,0.0,0.0
barbaric,0.0,0.0,0.0,6.599013505207118e-06
barbarous,0.0,0.0,5.677625082401832e-06,0.0
barbarously,0.0,0.0,5.677625082401832e-06,0.0
barber,0.0,1.941087259581986e-05,0.0,2.7388380629084794e-06
barbera,0.0,3.117930729881451e-05,0.0,0.0
barbers,3.3960822557346093e-06,0.0,0.0,0.0
barbusse,0.0,7.794826824703627e-06,0.0,0.0
bare,-1.2026237197363608e-05,-5.5206222492382414e-05,-1.8277870262623253e-06,-8.49763138346921e-06
bared,3.3960822557346093e-06,0.0,0.0,0.0
barefaced,0.0,0.0,5.677625082401832e-06,0.0
barefoot,4.2285044602960405e-06,3.235145432636643e-06,0.0,0.0
barefooted,3.3960822557346093e-06,0.0,0.0,0.0
bareheaded,6.792164511469219e-06,0.0,0.0,0.0
barely,1.409501486765347e-06,0.0,2.3564273160428954e-06,0.0
bargain,2.819002973530694e-06,0.0,0.0,2.7388380629084794e-06
bargained,3.3960822557346093e-06,0.0,0.0,0.0
barge,6.792164511469219e-06,0.0,0.0,0.0
bark,0.0,0.0,0.0,1.3198027010414236e-05
barking,3.3960822557346093e-06,0.0,0.0,0.0
barkley,0.0,0.0003195878998128487,0.0,0.0
barkleys,0.0,1.5589653649407254e-05,0.0,0.0
barmaid,0.0,3.235145432636643e-06,0.0,8.216514188725437e-06
barman,0.0,0.00018707584379288705,0.0,0.0
barmans,0.0,7.794826824703627e-06,0.0,0.0
barmherzige,3.3960822557346093e-06,0.0,0.0,0.0
barn,1.409501486765347e-06,2.911630889372979e-05,0.0,0.0
barnet,0.0,0.0,1.1355250164803664e-05,0.0
barns,0.0,7.794826824703627e-06,0.0,0.0
barometric,0.0,0.0,0.0,6.599013505207118e-06
barouche,0.0,0.0,5.677625082401832e-06,0.0
barque,0.0,0.0,0.0,1.9797040515621355e-05
barracks,6.792164511469219e-06,0.0,0.0,0.0
barred,0.0,0.0,0.0,0.0
barrel,0.0,0.0,0.0,0.0
barrels,0.0,7.794826824703627e-06,0.0,0.0
barricade,1.409501486765347e-06,0.0,0.0,2.7388380629084794e-06
barricaded,0.0,0.0,0.0,6.599013505207118e-06
barrier,1.409501486765347e-06,3.235145432636643e-06,0.0,0.0
barriers,6.792164511469219e-06,0.0,0.0,0.0
barrow,0.0,0.0,0.0,6.599013505207118e-06
barrows,3.3960822557346093e-06,0.0,0.0,0.0
bars,0.0,3.235145432636643e-06,0.0,1.0955352251633918e-05
bartender,0.0,7.794826824703627e-06,0.0,0.0
barter,6.792164511469219e-06,0.0,0.0,0.0
barto,0.0,6.235861459762902e-05,0.0,0.0
bartolomeo,0.0,4.676896094822176e-05,0.0,0.0
barton,0.0,0.0,0.0,6.599013505207118e-06
bartos,0.0,7.794826824703627e-06,0.0,0.0
baryta,0.0,0.0,0.0,6.599013505207118e-06
base,0.0,0.0,0.0,0.0
baseball,0.0,1.5589653649407254e-05,0.0,0.0
basely,3.3960822557346093e-06,0.0,0.0,0.0
basement,3.3960822557346093e-06,0.0,0.0,0.0
basements,3.3960822557346093e-06,0.0,0.0,0.0
baseness,6.792164511469219e-06,0.0,0.0,0.0
baser,3.3960822557346093e-06,0.0,0.0,0.0
basest,3.3960822557346093e-06,0.0,0.0,0.0
bashful,0.0,0.0,0.0,0.0
bashfulness,6.792164511469219e-06,0.0,0.0,0.0
basilicata,0.0,7.794826824703627e-06,0.0,0.0
basin,0.0,0.0,0.0,0.0
basins,0.0,1.5589653649407254e-05,0.0,0.0
basis,0.0,0.0,0.0,0.0
basket,1.409501486765347e-06,0.0,0.0,8.216514188725437e-06
basketful,0.0,0.0,0.0,6.599013505207118e-06
basque,3.3960822557346093e-06,0.0,0.0,0.0
bass,1.409501486765347e-06,0.0,2.3564273160428954e-06,0.0
bassi,0.0,4.676896094822176e-05,0.0,0.0
basso,0.0,7.794826824703627e-06,0.0,0.0
bastards,0.0,1.5589653649407254e-05,0.0,0.0
bat,0.0,1.5589653649407254e-05,0.0,0.0
bath,-2.1865885813388372e-06,-2.509373749653746e-06,-1.8277870262623253e-06,-4.248815691734605e-06
bathe,3.3960822557346093e-06,0.0,0.0,0.0
bathed,3.3960822557346093e-06,0.0,0.0,0.0
bathing,2.819002973530694e-06,0.0,4.712854632085791e-06,0.0
bathroom,0.0,1.941087259581986e-05,0.0,2.7388380629084794e-06
baths,1.409501486765347e-06,3.235145432636643e-06,0.0,0.0
bathtub,0.0,7.794826824703627e-06,0.0,0.0
bats,0.0,2.338448047411088e-05,0.0,0.0
battalion,0.0,7.794826824703627e-06,0.0,0.0
battalions,0.0,7.794826824703627e-06,0.0,0.0
battered,8.457008920592081e-06,0.0,0.0,8.216514188725437e-06
batteries,0.0,7.794826824703627e-06,0.0,0.0
battery,1.409501486765347e-06,1.2940581730546572e-05,0.0,0.0
battle,0.0,0.0,0.0,0.0
battled,0.0,0.0,5.677625082401832e-06,0.0
bawdy,0.0,1.5589653649407254e-05,0.0,0.0
bawled,3.3960822557346093e-06,0.0,0.0,0.0
bawling,1.0188246767203828e-05,0.0,0.0,0.0
baxters,0.0,0.0,0.0,6.599013505207118e-06
bay,2.819002973530694e-06,3.235145432636643e-06,0.0,0.0
baying,0.0,0.0,0.0,6.599013505207118e-06
bayonet,0.0,7.794826824703627e-06,0.0,0.0
bazaar,3.3960822557346093e-06,0.0,0.0,0.0
be,-0.0012255828998404186,-0.0011492931773414157,-0.0022628003385127583,-0.0013320037193587987
beaded,3.3960822557346093e-06,0.0,0.0,0.0
beads,2.819002973530694e-06,0.0,0.0,2.7388380629084794e-06
beakers,0.0,7.794826824703627e-06,0.0,0.0
beam,0.0,0.0,0.0,0.0
beamed,0.0,0.0,0.0,6.599013505207118e-06
beams,0.0,1.5589653649407254e-05,0.0,0.0
bean,0.0,0.0,0.0,6.599013505207118e-06
beans,0.0,1.5589653649407254e-05,0.0,0.0
bear,-3.279882872008256e-05,-1.2546868748268729e-05,-4.569467565655813e-05,-1.4870854921071116e-05
beard,0.0,0.0,0.0,0.0
bearded,0.0,9.70543629790993e-06,0.0,2.7388380629084794e-06
beards,0.0,1.5589653649407254e-05,0.0,0.0
bearers,0.0,7.015344142233264e-05,0.0,0.0
bearing,0.0,0.0,0.0,0.0
bearings,0.0,0.0,0.0,6.599013505207118e-06
bears,0.0,0.0,0.0,0.0
beast,1.2685513380888124e-05,0.0,0.0,2.7388380629084794e-06
beastliness,3.3960822557346093e-06,0.0,0.0,0.0
beastly,0.0,7.794826824703627e-06,0.0,0.0
beasts,0.0,0.0,0.0,6.599013505207118e-06
beat,0.0,0.0,0.0,0.0
beaten,0.0,0.0,0.0,0.0
beating,0.0,0.0,0.0,0.0
beatings,0.0,0.0,5.677625082401832e-06,0.0
beats,6.792164511469219e-06,0.0,0.0,0.0
beauteous,0.0,0.0,5.677625082401832e-06,0.0
beauties,0.0,0.0,9.425709264171582e-06,2.7388380629084794e-06
beautiful,-7.653060034685932e-06,-8.782808123788111e-05,-2.7416805393934876e-05,-2.3368486304540325e-05
beautifully,0.0,1.2940581730546572e-05,0.0,1.0955352251633918e-05
beauty,0.0,0.0,0.0,0.0
beaux,0.0,0.0,5.677625082401832e-06,0.0
became,-3.389212301075198e-05,-7.528121248961238e-06,-2.9244592420197205e-05,-6.585664322188637e-05
because,-0.00016727402647242107,-0.00020576864747160717,-0.00011332279562826417,-4.8861380454947953e-05
becher,0.0,0.0,0.0,1.3198027010414236e-05
bechers,0.0,0.0,0.0,6.599013505207118e-06
beckon,6.792164511469219e-06,0.0,0.0,0.0
beckoned,0.0,0.0,0.0,6.599013505207118e-06
beckoning,1.409501486765347e-06,0.0,0.0,5.477676125816959e-06
become,-4.482506591744617e-05,-2.7603111246191207e-05,-1.6450083236360926e-05,-2.1244078458673025e-05
becomes,-3.2798828720082563e-06,-2.509373749653746e-06,-7.311148105049301e-06,-1.4870854921071116e-05
becoming,-6.559765744016513e-06,-2.509373749653746e-06,-5.483361078786976e-06,-2.1244078458673024e-06
bed,-6.450436314949571e-05,-0.00035633107245083194,-1.0966722157573952e-05,-8.285190598882478e-05
bedclothes,6.792164511469219e-06,0.0,0.0,0.0
bedded,0.0,0.0,0.0,1.3198027010414236e-05
bedecked,3.3960822557346093e-06,0.0,0.0,0.0
bedlam,3.3960822557346093e-06,0.0,0.0,0.0
bedpan,0.0,7.794826824703627e-06,0.0,0.0
bedroom,0.0,0.0,0.0,0.0
bedrooms,0.0,0.0,0.0,1.9797040515621355e-05
beds,0.0,0.0,0.0,0.0
bedside,1.409501486765347e-06,0.0,0.0,2.7388380629084794e-06
bedstead,1.3584329022938437e-05,0.0,0.0,0.0
bedtime,1.409501486765347e-06,0.0,0.0,2.7388380629084794e-06
bee,0.0,0.0,0.0,6.599013505207118e-06
beech,0.0,0.0,0.0,6.599013505207118e-06
beeches,0.0,0.0,0.0,6.599013505207118e-05
beef,7.047507433826735e-06,0.0,0.0,8.216514188725437e-06
been,-0.0006297375114255853,-0.000464234143685943,-0.0009413103185250975,-0.0008348922834258499
beer,0.0,0.0,0.0,0.0
beetle,3.3960822557346093e-06,0.0,0.0,0.0
beetles,3.3960822557346093e-06,0.0,0.0,0.0
befall,0.0,0.0,4.712854632085791e-06,5.477676125816959e-06
befallen,1.409501486765347e-06,0.0,0.0,2.7388380629084794e-06
befogged,3.3960822557346093e-06,0.0,0.0,0.0
before,-0.0003432944072701975,-0.00019573115247299217,-0.00041490765496154784,-0.0003484028867222376
beforehand,0.0,0.0,0.0,0.0
befriend,3.3960822557346093e-06,0.0,0.0,0.0
befriended,0.0,0.0,5.677625082401832e-06,0.0
befriending,3.3960822557346093e-06,0.0,0.0,0.0
beg,-3.170553442941315e-05,-7.528121248961238e-06,-3.107237944645953e-05,-2.549289415040763e-05
began,-0.000289722987027396,-2.0074989997229968e-05,-0.00010783943454947718,-5.311019614668256e-05
beget,0.0,0.0,0.0,6.599013505207118e-06
beggar,9.86651040735743e-06,0.0,0.0,1.3694190314542398e-05
beggarly,6.792164511469219e-06,0.0,0.0,0.0
beggarman,0.0,0.0,0.0,6.599013505207118e-06
beggary,8.457008920592081e-06,0.0,0.0,2.7388380629084794e-06
begged,0.0,0.0,0.0,0.0
begging,0.0,0.0,0.0,0.0
begin,-5.357142024280152e-05,-5.018747499307492e-06,-2.3761231341410226e-05,-1.2746447075203814e-05
beginning,-4.045188875476849e-05,-1.5056242497922477e-05,-2.1933444315147905e-05,-1.2746447075203814e-05
beginnings,1.409501486765347e-06,0.0,0.0,2.7388380629084794e-06
begins,0.0,0.0,0.0,0.0
begs,1.409501486765347e-06,0.0,2.3564273160428954e-06,0.0
begun,0.0,0.0,0.0,0.0
behalf,0.0,0.0,2.271050032960733e-05,0.0
behave,0.0,0.0,0.0,0.0
behaved,5.638005947061388e-06,0.0,1.8851418528343163e-05,0.0
behaves,1.409501486765347e-06,0.0,4.712854632085791e-06,0.0
behavior,2.819002973530694e-06,3.235145432636643e-06,0.0,0.0
behaviour,1.5504516354418816e-05,0.0,0.00012960350238235926,0.0
beheld,0.0,0.0,1.1355250164803664e-05,0.0
behind,-4.9198243080123845e-05,-9.786557623649609e-05,-2.5589018367672555e-05,-0.00010622039229336512
behold,1.0188246767203828e-05,0.0,0.0,0.0
beholding,0.0,0.0,1.7032875247205498e-05,0.0
beige,0.0,0.0,0.0,6.599013505207118e-06
being,-0.0001104227233576113,-7.277183873995864e-05,-0.0003216905166221692,-9.559835306402862e-05
beings,1.409501486765347e-06,0.0,0.0,2.7388380629084794e-06
belated,0.0,0.0,0.0,6.599013505207118e-06
belauded,3.3960822557346093e-06,0.0,0.0,0.0
belfry,6.792164511469219e-06,0.0,0.0,0.0
belief,0.0,0.0,0.0,0.0
beliefs,3.3960822557346093e-06,0.0,0.0,0.0
believe,-0.00018039355796045412,-0.00013550618248130229,-0.0001608452583110846,-7.435427460535559e-05
believed,-1.5306120069371863e-05,-5.018747499307492e-06,-6.762811997170603e-05,-6.373223537601907e-06
believer,3.3960822557346093e-06,0.0,0.0,0.0
believes,2.819002973530694e-06,0.0,2.3564273160428954e-06,0.0
believest,3.3960822557346093e-06,0.0,0.0,0.0
believeth,6.792164511469219e-06,0.0,0.0,0.0
believing,0.0,0.0,0.0,0.0
bell,-2.733235726673547e-05,-2.2584363746883714e-05,-1.0966722157573952e-05,-5.311019614668256e-05
bella,0.0,1.5589653649407254e-05,0.0,0.0
bellow,0.0,7.794826824703627e-06,0.0,0.0
bellows,0.0,2.338448047411088e-05,0.0,0.0
bells,1.0188246767203828e-05,0.0,0.0,0.0
belly,0.0,1.5589653649407254e-05,0.0,0.0
belong,2.819002973530694e-06,0.0,7.069281948128687e-06,0.0
belonged,-7.653060034685932e-06,-7.528121248961238e-06,-5.483361078786976e-06,-4.248815691734605e-06
belonging,0.0,0.0,0.0,0.0
belongings,3.3960822557346093e-06,0.0,0.0,0.0
belongs,0.0,0.0,0.0,0.0
beloved,0.0,0.0,0.0,0.0
below,-1.3119531488033025e-05,-5.7715596242036164e-05,-9.138935131311627e-06,-1.0622039229336513e-05
belt,0.0,0.0,0.0,0.0
belts,0.0,1.5589653649407254e-05,0.0,0.0
bench,1.2685513380888124e-05,1.941087259581986e-05,0.0,0.0
benches,0.0,2.5881163461093143e-05,2.3564273160428954e-06,0.0
bend,0.0,0.0,0.0,0.0
bending,0.0,0.0,0.0,0.0
bene,0.0,7.794826824703627e-06,0.0,0.0
beneath,0.0,0.0,0.0,0.0
benefactor,8.457008920592081e-06,0.0,0.0,8.216514188725437e-06
benefactors,1.0188246767203828e-05,0.0,0.0,0.0
beneficence,0.0,0.0,5.677625082401832e-06,0.0
beneficent,3.3960822557346093e-06,0.0,0.0,0.0
beneficial,2.819002973530694e-06,0.0,2.3564273160428954e-06,0.0
benefit,0.0,0.0,0.0,0.0
benefited,0.0,0.0,2.271050032960733e-05,0.0
benefiting,0.0,0.0,5.677625082401832e-06,0.0
benefits,2.819002973530694e-06,0.0,2.3564273160428954e-06,0.0
benevolence,5.638005947061388e-06,0.0,7.069281948128687e-06,0.0
benevolent,0.0,0.0,0.0,0.0
bengal,0.0,0.0,0.0,6.599013505207118e-06
bennet,0.0,0.0,0.0016748993993085405,0.0
bennets,0.0,0.0,0.00022142737821367146,0.0
bent,-2.1865885813388374e-05,-2.7603111246191207e-05,-5.483361078786976e-06,-2.974170984214223e-05
bequeathed,0.0,0.0,0.0,0.0
bequest,0.0,0.0,2.3564273160428954e-06,2.7388380629084794e-06
bereaved,3.3960822557346093e-06,0.0,0.0,0.0
berg,6.792164511469219e-06,0.0,0.0,0.0
berkshire,0.0,0.0,0.0,2.6396054020828473e-05
berlin,1.0188246767203828e-05,0.0,0.0,0.0
bermuda,0.0,0.0,0.0,6.599013505207118e-06
bernois,0.0,7.794826824703627e-06,0.0,0.0
bersaglieri,0.0,5.456378777292539e-05,0.0,0.0
berth,0.0,0.0,0.0,6.599013505207118e-06
berths,0.0,0.0,0.0,1.3198027010414236e-05
beryl,0.0,0.0,0.0,1.3198027010414236e-05
beryls,0.0,0.0,0.0,2.6396054020828473e-05
beseech,6.792164511469219e-06,0.0,0.0,0.0
beseeching,6.792164511469219e-06,0.0,0.0,0.0
beside,-5.357142024280152e-05,-0.00011794056623372607,-1.8277870262623253e-06,-5.311019614668256e-05
besides,-6.559765744016512e-05,-2.2584363746883714e-05,-2.0105657288885576e-05,-2.761730199627493e-05
besought,6.792164511469219e-06,0.0,0.0,0.0
bespattered,3.3960822557346093e-06,0.0,0.0,0.0
best,-2.842565155740489e-05,-4.0149979994459936e-05,-7.676705510301765e-05,-6.585664322188637e-05
bestow,0.0,0.0,3.974337557681283e-05,0.0
bestowed,1.409501486765347e-06,0.0,1.8851418528343163e-05,0.0
bestowing,0.0,0.0,5.677625082401832e-06,0.0
bet,0.0,0.0,0.0,0.0
bethany,3.3960822557346093e-06,0.0,0.0,0.0
bethought,3.3960822557346093e-06,0.0,0.0,0.0
betray,0.0,0.0,0.0,0.0
betrayal,3.3960822557346093e-06,0.0,0.0,0.0
betrayed,0.0,0.0,0.0,0.0
betraying,1.409501486765347e-06,0.0,0.0,2.7388380629084794e-06
betrays,3.3960822557346093e-06,0.0,0.0,0.0
betrothal,0.0,0.0,0.0,6.599013505207118e-06
betrothed,5.773339834748837e-05,0.0,0.0,0.0
bets,0.0,0.0,5.677625082401832e-06,0.0
better,-0.0001639941436004128,-0.00020827802122126091,-0.0001681564064161339,-0.00010834480013923242
betting,2.819002973530694e-06,3.235145432636643e-06,0.0,0.0
between,-5.24781259521321e-05,-9.535620248684234e-05,-0.00011515058265452648,-0.00012746447075203814
bewailed,0.0,0.0,5.677625082401832e-06,0.0
beware,2.819002973530694e-06,3.235145432636643e-06,0.0,0.0
bewildered,1.5504516354418816e-05,0.0,2.3564273160428954e-06,0.0
bewilderment,8.457008920592081e-06,0.0,0.0,5.477676125816959e-06
bewitched,0.0,0.0,5.677625082401832e-06,0.0
bewitching,0.0,0.0,5.677625082401832e-06,0.0
beyond,-2.0772591522718957e-05,-0.00010539369748545733,-6.58003329454437e-05,-2.3368486304540325e-05
bezzemelny,3.3960822557346093e-06,0.0,0.0,0.0
bianca,0.0,7.794826824703627e-06,0.0,0.0
biassed,0.0,0.0,0.0,6.599013505207118e-06
bible,2.819002973530694e-06,0.0,0.0,2.7388380629084794e-06
bicycle,0.0,1.5589653649407254e-05,0.0,0.0
bicycles,0.0,3.117930729881451e-05,0.0,0.0
bicycling,0.0,0.0,0.0,6.599013505207118e-06
bicyclists,0.0,7.794826824703627e-06,0.0,0.0
bid,0.0,0.0,5.677625082401832e-06,0.0
bidding,0.0,0.0,1.7032875247205498e-05,0.0
biding,3.3960822557346093e-06,0.0,0.0,0.0
bids,3.3960822557346093e-06,0.0,0.0,0.0
bien,0.0,7.794826824703627e-06,0.0,0.0
biffis,0.0,1.5589653649407254e-05,0.0,0.0
big,0.0,0.0,0.0,0.0
bigger,0.0,0.0,0.0,0.0
biggest,0.0,7.794826824703627e-06,0.0,0.0
bigotry,3.3960822557346093e-06,0.0,0.0,0.0
bijou,0.0,0.0,0.0,6.599013505207118e-06
bile,0.0,6.470290865273286e-06,0.0,2.7388380629084794e-06
bilious,3.3960822557346093e-06,0.0,0.0,0.0
bill,0.0,0.0,0.0,0.0
billet,0.0,0.0,0.0,1.3198027010414236e-05
billiard,0.0,0.0,0.0,0.0
billiards,4.2285044602960405e-06,1.6175727163183214e-05,0.0,0.0
billposters,0.0,7.794826824703627e-06,0.0,0.0
bills,0.0,0.0,2.3564273160428954e-06,5.477676125816959e-06
billycock,0.0,0.0,0.0,6.599013505207118e-06
bind,0.0,0.0,0.0,6.599013505207118e-06
binding,1.409501486765347e-06,0.0,0.0,2.7388380629084794e-06
bingley,0.0,0.0,0.0014705048963420746,0.0
bingleys,0.0,0.0,0.0003009141293672971,0.0
biographies,0.0,0.0,0.0,6.599013505207118e-06
biography,1.409501486765347e-06,0.0,0.0,2.7388380629084794e-06
biologically,0.0,7.794826824703627e-06,0.0,0.0
birchmoor,0.0,0.0,0.0,6.599013505207118e-06
bird,0.0,0.0,0.0,0.0
birds,-4.3731771626776745e-06,-7.528121248961238e-06,-3.6555740525246506e-06,-1.4870854921071116e-05
birmingham,0.0,0.0,5.677625082401832e-06,0.0
birth,4.2285044602960405e-06,0.0,1.1782136580214478e-05,0.0
birthday,1.409501486765347e-06,9.70543629790993e-06,0.0,0.0
bisulphate,0.0,0.0,0.0,6.599013505207118e-06
bit,-2.951894584807431e-05,-2.0074989997229968e-05,-5.483361078786976e-06,-1.2746447075203814e-05
bitch,0.0,3.897413412351813e-05,0.0,0.0
bitches,0.0,1.5589653649407254e-05,0.0,0.0
bite,0.0,0.0,0.0,0.0
biting,0.0,0.0,0.0,0.0
bits,2.819002973530694e-06,3.235145432636643e-06,0.0,0.0
bitten,0.0,0.0,0.0,0.0
bitter,-1.639941436004128e-05,-5.018747499307492e-06,-3.6555740525246506e-06,-8.49763138346921e-06
bitterest,0.0,0.0,5.677625082401832e-06,0.0
bitterly,-9.83964861602477e-06,-2.509373749653746e-06,-3.6555740525246506e-06,-4.248815691734605e-06
bitterness,-4.3731771626776745e-06,-2.509373749653746e-06,-9.138935131311627e-06,-2.1244078458673024e-06
bizarre,0.0,0.0,0.0,2.6396054020828473e-05
blab,3.3960822557346093e-06,0.0,0.0,0.0
blabby,0.0,7.794826824703627e-06,0.0,0.0
black,-3.607871159209082e-05,-4.516872749376743e-05,-1.8277870262623253e-06,-0.00010622039229336512
blacked,0.0,7.794826824703627e-06,0.0,0.0
blacken,0.0,0.0,5.677625082401832e-06,0.0
blackened,6.792164511469219e-06,0.0,0.0,0.0
blackest,0.0,0.0,0.0,6.599013505207118e-06
blackguard,2.819002973530694e-06,0.0,0.0,2.7388380629084794e-06
blackmailing,0.0,0.0,0.0,6.599013505207118e-06
blacksmith,0.0,0.0,0.0,6.599013505207118e-06
blade,2.819002973530694e-06,3.235145432636643e-06,0.0,0.0
blades,0.0,1.5589653649407254e-05,0.0,0.0
blame,-2.951894584807431e-05,-2.509373749653746e-06,-2.9244592420197205e-05,-6.373223537601907e-06
blamed,0.0,0.0,0.0,0.0
blameless,0.0,0.0,1.1355250164803664e-05,0.0
blamelessness,0.0,0.0,5.677625082401832e-06,0.0
blames,3.3960822557346093e-06,0.0,0.0,0.0
blaming,4.2285044602960405e-06,0.0,7.069281948128687e-06,0.0
blanc,3.3960822557346093e-06,0.0,0.0,0.0
blanche,0.0,0.0,0.0,1.3198027010414236e-05
blanched,0.0,0.0,0.0,6.599013505207118e-06
bland,0.0,0.0,0.0,6.599013505207118e-06
blandly,0.0,0.0,0.0,1.9797040515621355e-05
blank,2.7168658045876875e-05,0.0,0.0,0.0
blanket,1.409501486765347e-05,1.941087259581986e-05,0.0,0.0
blankets,0.0,7.794826824703627e-06,0.0,0.0
blankly,5.638005947061388e-06,3.235145432636643e-06,0.0,0.0
blankness,6.792164511469219e-06,0.0,0.0,0.0
blaspheme,0.0,7.794826824703627e-06,0.0,0.0
blasphemer,3.3960822557346093e-06,0.0,0.0,0.0
blaspheming,0.0,7.794826824703627e-06,0.0,0.0
blast,1.409501486765347e-06,3.235145432636643e-06,0.0,0.0
blasted,0.0,0.0,0.0,0.0
blaze,0.0,0.0,0.0,1.3198027010414236e-05
blazing,0.0,0.0,0.0,1.3198027010414236e-05
bleak,0.0,0.0,0.0,6.599013505207118e-06
bled,0.0,0.0,0.0,6.599013505207118e-06
bleed,6.792164511469219e-06,0.0,0.0,0.0
bleeding,0.0,0.0,0.0,0.0
blemish,0.0,0.0,5.677625082401832e-06,0.0
blend,0.0,0.0,0.0,6.599013505207118e-06
blenheim,0.0,0.0,5.677625082401832e-06,0.0
bless,-5.4664714533470935e-06,-5.018747499307492e-06,-5.483361078786976e-06,-8.49763138346921e-06
blessed,1.409501486765347e-06,0.0,9.425709264171582e-06,0.0
blessing,5.638005947061388e-06,0.0,9.425709264171582e-06,0.0
blessings,3.3960822557346093e-06,0.0,0.0,0.0
blew,0.0,0.0,0.0,0.0
blind,-9.83964861602477e-06,-5.018747499307492e-06,-1.0966722157573952e-05,-8.49763138346921e-06
blinded,1.409501486765347e-06,0.0,4.712854632085791e-06,0.0
blinds,0.0,0.0,0.0,0.0
blinked,0.0,0.0,0.0,6.599013505207118e-06
blinking,3.3960822557346093e-06,0.0,0.0,0.0
bliss,3.3960822557346093e-06,0.0,0.0,0.0
blister,0.0,7.794826824703627e-06,0.0,0.0
blistered,0.0,7.794826824703627e-06,0.0,0.0
bloated,3.3960822557346093e-06,0.0,0.0,0.0
bloc,0.0,0.0,0.0,6.599013505207118e-06
block,0.0,0.0,0.0,0.0
blockaded,0.0,0.0,0.0,6.599013505207118e-06
blocked,0.0,3.235145432636643e-06,0.0,8.216514188725437e-06
blockhead,1.0188246767203828e-05,0.0,0.0,0.0
blockheads,3.3960822557346093e-06,0.0,0.0,0.0
blocking,3.3960822557346093e-06,0.0,0.0,0.0
blocks,0.0,7.794826824703627e-06,0.0,0.0
blonde,0.0,1.941087259581986e-05,0.0,2.7388380629084794e-06
blood,0.0,0.0,0.0,0.0
blooded,0.0,0.0,0.0,1.3198027010414236e-05
bloodless,0.0,0.0,0.0,1.3198027010414236e-05
bloodshed,2.7168658045876875e-05,0.0,0.0,0.0
bloodshot,3.3960822557346093e-06,0.0,0.0,0.0
bloodstains,0.0,0.0,0.0,1.3198027010414236e-05
bloody,0.0,2.911630889372979e-05,0.0,2.7388380629084794e-06
bloomsbury,0.0,0.0,0.0,6.599013505207118e-06
blossoming,3.3960822557346093e-06,0.0,0.0,0.0
blot,0.0,0.0,0.0,6.599013505207118e-06
blotched,0.0,0.0,0.0,6.599013505207118e-06
blotches,0.0,0.0,0.0,1.3198027010414236e-05
blotchy,3.3960822557346093e-06,0.0,0.0,0.0
blots,0.0,0.0,5.677625082401832e-06,0.0
blotted,0.0,0.0,0.0,6.599013505207118e-06
blotting,0.0,0.0,0.0,1.3198027010414236e-05
blow,-1.7492708650710698e-05,-2.2584363746883714e-05,-1.8277870262623253e-06,-2.549289415040763e-05
blowing,0.0,0.0,0.0,0.0
blown,0.0,0.0,0.0,0.0
blows,1.6914017841184162e-05,0.0,0.0,8.216514188725437e-06
blowzy,0.0,0.0,5.677625082401832e-06,0.0
blue,-1.2026237197363608e-05,-1.5056242497922477e-05,-3.6555740525246506e-06,-5.098578830081526e-05
blued,0.0,7.794826824703627e-06,0.0,0.0
bluff,0.0,0.0,0.0,6.599013505207118e-06
blunder,1.0188246767203828e-05,0.0,0.0,0.0
blundering,1.409501486765347e-06,0.0,0.0,2.7388380629084794e-06
blunders,1.409501486765347e-06,0.0,0.0,2.7388380629084794e-06
blunt,0.0,0.0,0.0,0.0
bluntly,3.3960822557346093e-06,0.0,0.0,0.0
blur,1.409501486765347e-06,0.0,0.0,2.7388380629084794e-06
blurs,1.409501486765347e-06,0.0,0.0,2.7388380629084794e-06
blurt,3.3960822557346093e-06,0.0,0.0,0.0
blurted,3.735690481308071e-05,0.0,0.0,0.0
blurting,3.3960822557346093e-06,0.0,0.0,0.0
blurts,3.3960822557346093e-06,0.0,0.0,0.0
blush,0.0,0.0,0.0,0.0
blushed,0.0,0.0,0.0,0.0
blushing,5.638005947061388e-06,0.0,2.3564273160428954e-06,0.0
bluster,0.0,0.0,0.0,6.599013505207118e-06
boa,0.0,0.0,0.0,6.599013505207118e-06
board,0.0,0.0,0.0,0.0
boarding,9.86651040735743e-06,0.0,0.0,5.477676125816959e-06
boards,0.0,3.235145432636643e-06,0.0,1.0955352251633918e-05
boast,1.409501486765347e-06,0.0,2.592070047647185e-05,0.0
boasted,0.0,0.0,1.1355250164803664e-05,0.0
boastful,3.3960822557346093e-06,0.0,0.0,0.0
boasting,0.0,0.0,2.3564273160428954e-06,2.7388380629084794e-06
boat,0.0,0.0,0.0,0.0
boats,1.409501486765347e-06,9.70543629790993e-06,0.0,0.0
bob,0.0,0.0,0.0,6.599013505207118e-06
bobsled,0.0,7.794826824703627e-06,0.0,0.0
bock,0.0,7.794826824703627e-06,0.0,0.0
bodes,0.0,0.0,0.0,6.599013505207118e-06
bodice,3.3960822557346093e-06,0.0,0.0,0.0
bodies,-4.3731771626776745e-06,-1.5056242497922477e-05,-1.8277870262623253e-06,-6.373223537601907e-06
bodily,0.0,1.5589653649407254e-05,0.0,0.0
body,0.0,0.0,0.0,0.0
bodys,3.3960822557346093e-06,0.0,0.0,0.0
bohemia,0.0,0.0,0.0,6.599013505207118e-05
bohemian,0.0,0.0,0.0,2.6396054020828473e-05
boiled,4.2285044602960405e-06,3.235145432636643e-06,0.0,0.0
boiling,2.819002973530694e-06,0.0,0.0,2.7388380629084794e-06
boils,1.409501486765347e-06,3.235145432636643e-06,0.0,0.0
boisterous,0.0,0.0,0.0,6.599013505207118e-06
boisterously,0.0,0.0,5.677625082401832e-06,0.0
bold,0.0,0.0,0.0,0.0
bolder,3.3960822557346093e-06,0.0,0.0,0.0
boldly,5.638005947061388e-06,0.0,2.3564273160428954e-06,0.0
boldness,3.3960822557346093e-06,0.0,0.0,0.0
bolster,3.3960822557346093e-06,0.0,0.0,0.0
bolt,3.3960822557346093e-06,0.0,0.0,0.0
bolted,1.409501486765347e-06,0.0,0.0,2.7388380629084794e-06
bolting,3.3960822557346093e-06,0.0,0.0,0.0
bombard,0.0,7.794826824703627e-06,0.0,0.0
bombarding,3.3960822557346093e-06,0.0,0.0,0.0
bombardment,0.0,5.456378777292539e-05,0.0,0.0
bombed,0.0,7.794826824703627e-06,0.0,0.0
bombing,0.0,7.794826824703627e-06,0.0,0.0
bombs,0.0,1.5589653649407254e-05,0.0,0.0
bond,1.409501486765347e-06,0.0,0.0,2.7388380629084794e-06
bondage,1.3584329022938437e-05,0.0,0.0,0.0
bonds,2.819002973530694e-06,1.6175727163183214e-05,0.0,0.0
bone,0.0,6.470290865273286e-06,0.0,8.216514188725437e-06
bonello,0.0,0.0005768171850280684,0.0,0.0
bonellos,0.0,7.794826824703627e-06,0.0,0.0
bones,2.819002973530694e-06,0.0,0.0,5.477676125816959e-06
bonjour,3.3960822557346093e-06,0.0,0.0,0.0
bonne,3.3960822557346093e-06,0.0,0.0,0.0
bonnet,0.0,0.0,7.069281948128687e-06,1.3694190314542398e-05
bonniest,0.0,0.0,0.0,6.599013505207118e-06
bonny,0.0,0.0,0.0,6.599013505207118e-06
bony,3.3960822557346093e-06,0.0,0.0,0.0
book,-2.5145768685396633e-05,-1.2546868748268729e-05,-3.290016647272185e-05,-1.9119670612805722e-05
bookcase,3.3960822557346093e-06,0.0,0.0,0.0
bookish,3.3960822557346093e-06,0.0,0.0,0.0
books,-1.7492708650710698e-05,-7.528121248961238e-06,-2.5589018367672555e-05,-2.1244078458673025e-05
bookseller,3.3960822557346093e-06,0.0,0.0,0.0
booksellers,3.3960822557346093e-06,0.0,0.0,0.0
boom,2.819002973530694e-06,3.235145432636643e-06,0.0,0.0
boomed,0.0,0.0,0.0,6.599013505207118e-06
boone,0.0,0.0,0.0,5.2792108041656946e-05
boot,4.2285044602960405e-06,0.0,0.0,1.3694190314542398e-05
booted,0.0,0.0,0.0,6.599013505207118e-06
booth,1.409501486765347e-06,6.470290865273286e-06,0.0,0.0
booths,2.819002973530694e-06,3.235145432636643e-06,0.0,0.0
boots,0.0,0.0,0.0,0.0
booty,3.3960822557346093e-06,0.0,0.0,0.0
boozed,3.3960822557346093e-06,0.0,0.0,0.0
boozer,0.0,7.794826824703627e-06,0.0,0.0
bordeaux,0.0,0.0,0.0,6.599013505207118e-06
border,0.0,6.470290865273286e-06,0.0,8.216514188725437e-06
bordered,0.0,0.0,4.712854632085791e-06,5.477676125816959e-06
bordering,1.409501486765347e-06,0.0,7.069281948128687e-06,0.0
borders,0.0,0.0,0.0,1.3198027010414236e-05
bore,-4.3731771626776745e-06,-1.0037494998614984e-05,-1.6450083236360926e-05,-1.0622039229336513e-05
bored,0.0,0.0,0.0,0.0
bores,0.0,7.794826824703627e-06,0.0,0.0
borghese,0.0,7.794826824703627e-06,0.0,0.0
boring,6.792164511469219e-06,0.0,0.0,0.0
born,-6.559765744016513e-06,-2.0074989997229968e-05,-7.311148105049301e-06,-6.373223537601907e-06
borne,0.0,0.0,0.0,0.0
borromées,0.0,1.5589653649407254e-05,0.0,0.0
borrow,-5.4664714533470935e-06,-2.509373749653746e-06,-3.6555740525246506e-06,-2.1244078458673024e-06
borrowed,0.0,0.0,0.0,0.0
borrowing,6.792164511469219e-06,0.0,0.0,0.0
boscombe,0.0,0.0,0.0,9.238618907289965e-05
bosnians,0.0,7.794826824703627e-06,0.0,0.0
bosom,0.0,0.0,0.0,0.0
bosoms,0.0,0.0,5.677625082401832e-06,0.0
boston,0.0,1.5589653649407254e-05,0.0,0.0
boswell,0.0,0.0,0.0,6.599013505207118e-06
botany,0.0,0.0,0.0,6.599013505207118e-06
both,-0.0001049562519042642,-0.00012546868748268729,-0.00012794509183836276,-9.984716875576321e-05
bother,8.457008920592081e-06,3.235145432636643e-06,0.0,0.0
bothered,1.409501486765347e-06,9.70543629790993e-06,0.0,0.0
bothering,3.3960822557346093e-06,0.0,0.0,0.0
bothers,0.0,7.794826824703627e-06,0.0,0.0
bottle,-8.746354325355349e-06,-0.00011543119248407233,-3.6555740525246506e-06,-2.1244078458673024e-06
bottles,0.0,0.0,0.0,0.0
bottom,-1.2026237197363608e-05,-1.0037494998614984e-05,-1.8277870262623253e-06,-1.699526276693842e-05
bought,-1.0932942906694187e-05,-2.7603111246191207e-05,-7.311148105049301e-06,-1.2746447075203814e-05
boulanger,0.0,0.0,5.677625082401832e-06,0.0
boulders,0.0,7.794826824703627e-06,0.0,0.0
boulevard,2.0376493534407657e-05,0.0,0.0,0.0
bounce,0.0,7.794826824703627e-06,0.0,0.0
bound,-2.5145768685396633e-05,-2.509373749653746e-06,-1.8277870262623253e-06,-1.4870854921071116e-05
boundary,0.0,0.0,4.712854632085791e-06,2.7388380629084794e-06
bounded,0.0,0.0,0.0,0.0
boundless,0.0,0.0,5.677625082401832e-06,0.0
bounds,0.0,0.0,0.0,0.0
bounty,1.409501486765347e-06,0.0,2.3564273160428954e-06,0.0
bouquet,0.0,0.0,0.0,1.9797040515621355e-05
bourgeois,3.3960822557346093e-06,0.0,0.0,0.0
bourgh,0.0,0.0,0.00019871687788406412,0.0
bourghs,0.0,0.0,2.271050032960733e-05,0.0
bout,6.792164511469219e-06,0.0,0.0,0.0
bow,-1.4212825778702444e-05,-5.018747499307492e-06,-2.0105657288885576e-05,-1.2746447075203814e-05
bowed,-1.967929723204954e-05,-1.5056242497922477e-05,-5.483361078786976e-06,-1.9119670612805722e-05
bower,0.0,7.794826824703627e-06,0.0,0.0
bowing,0.0,0.0,0.0,0.0
bowl,0.0,6.470290865273286e-06,2.3564273160428954e-06,0.0
bowled,3.3960822557346093e-06,0.0,0.0,0.0
bowling,0.0,7.794826824703627e-06,0.0,0.0
bowls,0.0,3.235145432636643e-06,0.0,2.7388380629084794e-06
bows,2.819002973530694e-06,0.0,4.712854632085791e-06,0.0
box,-2.4052474394727216e-05,-3.513123249515245e-05,-3.6555740525246506e-06,-4.036374907147875e-05
boxed,0.0,3.235145432636643e-06,0.0,2.7388380629084794e-06
boxer,0.0,0.0,0.0,6.599013505207118e-06
boxes,-5.4664714533470935e-06,-1.2546868748268729e-05,-1.8277870262623253e-06,-8.49763138346921e-06
boxing,0.0,3.897413412351813e-05,0.0,0.0
boy,-3.826530017342966e-05,-0.00015056242497922477,-5.483361078786976e-06,-4.248815691734605e-05
boyish,1.409501486765347e-06,0.0,0.0,2.7388380629084794e-06
boys,-7.653060034685932e-06,-3.0112484995844953e-05,-5.483361078786976e-06,-4.248815691734605e-06
brace,0.0,3.235145432636643e-06,0.0,2.7388380629084794e-06
braced,0.0,0.0,0.0,0.0
bracelets,0.0,0.0,0.0,0.0
bradshaw,0.0,0.0,0.0,1.3198027010414236e-05
bradstreet,0.0,0.0,0.0,7.918816206248542e-05
brag,1.409501486765347e-06,1.2940581730546572e-05,0.0,0.0
braggart,1.0188246767203828e-05,0.0,0.0,0.0
bragging,2.819002973530694e-06,3.235145432636643e-06,0.0,0.0
brain,0.0,0.0,0.0,0.0
brainless,3.3960822557346093e-06,0.0,0.0,0.0
brains,-6.559765744016513e-06,-1.0037494998614984e-05,-1.8277870262623253e-06,-6.373223537601907e-06
brake,0.0,7.794826824703627e-06,0.0,0.0
brakes,0.0,7.794826824703627e-06,0.0,0.0
bramble,0.0,0.0,0.0,6.599013505207118e-06
branch,-1.0932942906694186e-06,-5.018747499307492e-06,-7.311148105049301e-06,-6.373223537601907e-06
branched,0.0,7.794826824703627e-06,0.0,0.0
branches,0.0,3.235145432636643e-05,0.0,8.216514188725437e-06
branded,4.2285044602960405e-06,0.0,0.0,2.7388380629084794e-06
brandished,6.792164511469219e-06,0.0,0.0,0.0
brandishing,3.3960822557346093e-06,0.0,0.0,0.0
brandy,0.0,8.411378124855272e-05,0.0,1.9171866440359353e-05
brass,0.0,1.6175727163183214e-05,0.0,1.0955352251633918e-05
brassy,0.0,0.0,0.0,6.599013505207118e-06
brat,0.0,7.794826824703627e-06,0.0,0.0
bravado,3.3960822557346093e-06,0.0,0.0,0.0
brave,0.0,0.0,0.0,0.0
braved,0.0,0.0,0.0,1.3198027010414236e-05
bravely,3.3960822557346093e-06,0.0,0.0,0.0
braving,0.0,0.0,0.0,6.599013505207118e-06
bravo,6.792164511469219e-06,0.0,0.0,0.0
brawls,0.0,0.0,0.0,6.599013505207118e-06
brazen,0.0,0.0,0.0,6.599013505207118e-06
brazier,0.0,0.0,0.0,1.3198027010414236e-05
breach,0.0,0.0,0.0,0.0
breaches,2.819002973530694e-06,0.0,0.0,2.7388380629084794e-06
bread,0.0,0.0,0.0,0.0
breadth,1.409501486765347e-06,0.0,0.0,2.7388380629084794e-06
break,-1.5306120069371863e-05,-2.5093737496537457e-05,-3.6555740525246506e-06,-2.761730199627493e-05
breakfast,-1.0932942906694186e-06,-7.528121248961239e-05,-4.752246268282045e-05,-4.8861380454947953e-05
breakfasted,0.0,3.235145432636643e-06,2.3564273160428954e-06,0.0
breakfasts,0.0,0.0,0.0,6.599013505207118e-06
breaking,-1.2026237197363608e-05,-5.018747499307492e-06,-3.6555740525246506e-06,-1.699526276693842e-05
breaks,0.0,0.0,0.0,0.0
breast,-8.746354325355349e-06,-5.018747499307492e-06,-3.6555740525246506e-06,-1.0622039229336513e-05
breasted,0.0,0.0,0.0,6.599013505207118e-06
breastpin,0.0,0.0,0.0,6.599013505207118e-06
breath,-3.607871159209082e-05,-1.5056242497922477e-05,-3.6555740525246506e-06,-1.4870854921071116e-05
breathe,0.0,0.0,0.0,0.0
breathed,-4.3731771626776745e-06,-1.7565616247576225e-05,-1.8277870262623253e-06,-2.1244078458673024e-06
breathing,-9.83964861602477e-06,-1.7565616247576225e-05,-1.8277870262623253e-06,-1.2746447075203814e-05
breathless,9.86651040735743e-06,0.0,4.712854632085791e-06,0.0
breathlessly,1.409501486765347e-06,0.0,0.0,2.7388380629084794e-06
breathlessness,3.3960822557346093e-06,0.0,0.0,0.0
breaths,6.792164511469219e-06,0.0,0.0,0.0
breckinridge,0.0,0.0,0.0,4.6193094536449825e-05
bred,0.0,0.0,0.0,0.0
breeches,1.409501486765347e-06,9.70543629790993e-06,0.0,0.0
breeding,4.2285044602960405e-06,0.0,1.4138563896257373e-05,0.0
breeze,0.0,3.897413412351813e-05,0.0,0.0
brescia,0.0,2.338448047411088e-05,0.0,0.0
brevity,0.0,0.0,5.677625082401832e-06,0.0
brew,3.3960822557346093e-06,0.0,0.0,0.0
brewer,0.0,0.0,0.0,6.599013505207118e-06
briar,0.0,0.0,0.0,6.599013505207118e-06
bribe,0.0,0.0,5.677625082401832e-06,0.0
bribery,0.0,0.0,5.677625082401832e-06,0.0
bribes,1.0188246767203828e-05,0.0,0.0,0.0
brick,0.0,0.0,0.0,0.0
brickish,0.0,0.0,0.0,6.599013505207118e-06
bricks,4.2285044602960405e-06,0.0,0.0,1.3694190314542398e-05
brickyard,0.0,3.897413412351813e-05,0.0,0.0
bridal,0.0,0.0,0.0,6.599013505207118e-06
bride,0.0,0.0,0.0,0.0
bridegroom,0.0,0.0,2.3564273160428954e-06,1.9171866440359353e-05
brides,0.0,0.0,0.0,1.9797040515621355e-05
bridge,-2.733235726673547e-05,-0.00013801555623095603,-5.483361078786976e-06,-1.699526276693842e-05
bridgehead,0.0,1.5589653649407254e-05,0.0,0.0
bridges,0.0,7.794826824703627e-06,0.0,0.0
bridle,3.3960822557346093e-06,0.0,0.0,0.0
brief,1.832351932794951e-05,0.0,0.0,2.7388380629084794e-06
briefly,0.0,0.0,0.0,0.0
brigade,0.0,5.456378777292539e-05,0.0,0.0
brigand,3.3960822557346093e-06,0.0,0.0,0.0
brigands,3.3960822557346093e-06,0.0,0.0,0.0
brigata,0.0,2.338448047411088e-05,0.0,0.0
bright,-1.5306120069371863e-05,-2.2584363746883714e-05,-1.8277870262623253e-06,-3.8239341225611444e-05
brightened,0.0,0.0,0.0,0.0
brightening,0.0,0.0,5.677625082401832e-06,0.0
brighter,2.819002973530694e-06,0.0,0.0,2.7388380629084794e-06
brightest,0.0,0.0,0.0,0.0
brightly,0.0,0.0,0.0,0.0
brightness,1.409501486765347e-06,0.0,0.0,2.7388380629084794e-06
brighton,0.0,0.0,0.00013626300197764398,0.0
brilliance,3.3960822557346093e-06,0.0,0.0,0.0
brilliancy,0.0,0.0,1.1355250164803664e-05,0.0
brilliant,5.638005947061388e-06,0.0,0.0,1.6433028377450875e-05
brilliantly,0.0,0.0,0.0,1.3198027010414236e-05
brim,0.0,0.0,0.0,6.599013505207118e-06
brimless,3.3960822557346093e-06,0.0,0.0,0.0
brimmed,0.0,0.0,0.0,2.6396054020828473e-05
brims,0.0,0.0,0.0,6.599013505207118e-06
brindisi,0.0,1.5589653649407254e-05,0.0,0.0
bring,-5.5758008824140356e-05,-9.535620248684234e-05,-3.290016647272185e-05,-4.8861380454947953e-05
bringing,-1.5306120069371863e-05,-5.018747499307492e-06,-2.1933444315147905e-05,-1.2746447075203814e-05
brings,-3.2798828720082563e-06,-2.509373749653746e-06,-1.8277870262623253e-06,-4.248815691734605e-06
brink,0.0,0.0,1.1355250164803664e-05,0.0
brioche,0.0,1.5589653649407254e-05,0.0,0.0
briony,0.0,0.0,0.0,7.25891485572783e-05
brisk,0.0,0.0,0.0,2.6396054020828473e-05
briskly,0.0,0.0,0.0,1.3198027010414236e-05
brissago,0.0,2.338448047411088e-05,0.0,0.0
bristol,0.0,0.0,0.0,3.959408103124271e-05
britain,0.0,0.0,2.3564273160428954e-06,2.7388380629084794e-06
britannica,0.0,0.0,0.0,1.3198027010414236e-05
british,0.0,0.0,0.0,0.0
britisher,0.0,7.794826824703627e-06,0.0,0.0
britling,0.0,1.5589653649407254e-05,0.0,0.0
brittle,0.0,0.0,5.677625082401832e-06,0.0
brittleness,0.0,7.794826824703627e-06,0.0,0.0
brixton,0.0,0.0,0.0,3.959408103124271e-05
broad,-1.0932942906694187e-05,-2.509373749653746e-06,-1.8277870262623253e-06,-3.399052553387684e-05
broadened,1.409501486765347e-06,0.0,0.0,8.216514188725437e-06
broader,4.2285044602960405e-06,0.0,0.0,2.7388380629084794e-06
broadest,0.0,0.0,0.0,6.599013505207118e-06
broadly,3.3960822557346093e-06,0.0,0.0,0.0
brocade,6.792164511469219e-06,0.0,0.0,0.0
broke,-4.810494878945443e-05,-1.0037494998614984e-05,-5.483361078786976e-06,-2.974170984214223e-05
broken,-4.2638477336107334e-05,-3.764060624480619e-05,-1.0966722157573952e-05,-2.549289415040763e-05
brokenly,3.3960822557346093e-06,0.0,0.0,0.0
bromley,0.0,0.0,5.677625082401832e-06,0.0
bronze,1.409501486765347e-06,9.70543629790993e-06,0.0,0.0
bronzes,0.0,7.794826824703627e-06,0.0,0.0
brooch,1.409501486765347e-06,0.0,0.0,2.7388380629084794e-06
brood,6.792164511469219e-06,0.0,0.0,0.0
brooded,3.3960822557346093e-06,0.0,0.0,0.0
brooding,1.0188246767203828e-05,0.0,0.0,0.0
brooking,0.0,0.0,5.677625082401832e-06,0.0
broom,2.819002973530694e-06,3.235145432636643e-06,0.0,0.0
brother,-0.00011807578339229724,-1.2546868748268729e-05,-0.00012063394373331347,-1.4870854921071116e-05
brotherly,0.0,0.0,1.1355250164803664e-05,0.0
brothers,-1.8586002941380122e-05,-1.2546868748268729e-05,-2.7416805393934876e-05,-2.1244078458673024e-06
brougham,0.0,0.0,0.0,2.6396054020828473e-05
brought,-8.527695467221467e-05,-0.00013801555623095603,-6.945590699796835e-05,-0.00010622039229336512
brow,0.0,0.0,0.0,0.0
brown,-5.4664714533470935e-06,-3.513123249515245e-05,-1.8277870262623253e-06,-3.399052553387684e-05
brownish,0.0,0.0,0.0,6.599013505207118e-06
brows,5.638005947061388e-06,0.0,0.0,8.216514188725437e-06
bruise,1.409501486765347e-06,0.0,0.0,2.7388380629084794e-06
bruised,3.3960822557346093e-06,0.0,0.0,0.0
bruises,1.409501486765347e-06,3.235145432636643e-06,0.0,0.0
brundi,0.0,7.794826824703627e-06,0.0,0.0
brush,0.0,0.0,0.0,0.0
brushed,0.0,0.0,0.0,0.0
brushes,1.409501486765347e-06,3.235145432636643e-06,0.0,0.0
brushing,1.409501486765347e-06,6.470290865273286e-06,0.0,0.0
brutal,4.2285044602960405e-06,3.235145432636643e-06,0.0,0.0
brutality,6.792164511469219e-06,0.0,0.0,0.0
brutally,3.3960822557346093e-06,0.0,0.0,0.0
brute,5.638005947061388e-06,0.0,0.0,8.216514188725437e-06
brutes,3.3960822557346093e-06,0.0,0.0,0.0
brutish,3.3960822557346093e-06,0.0,0.0,0.0
bs,0.0,0.0,0.0,6.599013505207118e-06
bubbles,3.3960822557346093e-06,0.0,0.0,0.0
buchs,3.3960822557346093e-06,0.0,0.0,0.0
bucket,2.819002973530694e-06,1.2940581730546572e-05,0.0,0.0
buckled,0.0,2.338448047411088e-05,0.0,0.0
buckles,0.0,0.0,0.0,6.599013505207118e-06
bud,3.3960822557346093e-06,0.0,0.0,0.0
budge,0.0,0.0,0.0,6.599013505207118e-06
buffalo,0.0,0.0,0.0,6.599013505207118e-06
buffoon,6.792164511469219e-06,0.0,0.0,0.0
build,-2.1865885813388372e-06,-2.509373749653746e-06,-1.8277870262623253e-06,-2.1244078458673024e-06
builder,0.0,0.0,0.0,6.599013505207118e-06
builders,3.3960822557346093e-06,0.0,0.0,0.0
building,-7.653060034685932e-06,-7.528121248961238e-06,-5.483361078786976e-06,-2.761730199627493e-05
buildings,0.0,0.0,0.0,0.0
builds,3.3960822557346093e-06,0.0,0.0,0.0
built,-5.4664714533470935e-06,-1.0037494998614984e-05,-5.483361078786976e-06,-8.49763138346921e-06
bulbs,0.0,7.794826824703627e-06,0.0,0.0
bulgaria,0.0,1.5589653649407254e-05,0.0,0.0
bulge,0.0,0.0,0.0,6.599013505207118e-06
bulged,1.409501486765347e-06,3.235145432636643e-06,0.0,0.0
bulges,0.0,7.794826824703627e-06,0.0,0.0
bulky,0.0,0.0,0.0,2.6396054020828473e-05
bull,0.0,0.0,0.0,6.599013505207118e-06
bulldog,1.409501486765347e-06,0.0,0.0,5.477676125816959e-06
bullet,0.0,0.0,0.0,0.0
bulletin,0.0,7.794826824703627e-06,0.0,0.0
bullion,0.0,0.0,0.0,1.3198027010414236e-05
bullock,3.3960822557346093e-06,0.0,0.0,0.0
bump,0.0,6.235861459762902e-05,0.0,0.0
bumping,0.0,0.0,0.0,6.599013505207118e-06
bun,3.3960822557346093e-06,0.0,0.0,0.0
bunch,0.0,0.0,0.0,0.0
bundle,8.457008920592081e-06,0.0,0.0,1.3694190314542398e-05
bundles,1.409501486765347e-06,0.0,0.0,2.7388380629084794e-06
burden,1.409501486765347e-05,0.0,0.0,2.7388380629084794e-06
burdensome,3.3960822557346093e-06,0.0,0.0,0.0
bureau,1.5504516354418816e-05,0.0,0.0,2.4649542566176314e-05
burglar,0.0,0.0,0.0,6.599013505207118e-06
burglars,0.0,0.0,0.0,6.599013505207118e-06
burgled,0.0,0.0,0.0,1.3198027010414236e-05
burgomeister,6.792164511469219e-06,0.0,0.0,0.0
burial,3.3960822557346093e-06,0.0,0.0,0.0
buried,0.0,0.0,0.0,0.0
burly,0.0,0.0,0.0,6.599013505207118e-06
burn,4.2285044602960405e-06,3.235145432636643e-06,0.0,0.0
burned,0.0,0.0,0.0,3.299506752603559e-05
burning,-1.2026237197363608e-05,-2.509373749653746e-06,-1.8277870262623253e-06,-1.0622039229336513e-05
burnished,0.0,0.0,0.0,6.599013505207118e-06
burnous,3.3960822557346093e-06,0.0,0.0,0.0
burns,0.0,7.794826824703627e-06,0.0,0.0
burnt,0.0,0.0,0.0,0.0
burnwell,0.0,0.0,0.0,4.6193094536449825e-05
burrowing,0.0,0.0,0.0,1.3198027010414236e-05
burst,-9.83964861602477e-06,-2.2584363746883714e-05,-5.483361078786976e-06,-1.4870854921071116e-05
bursting,3.3960822557346093e-06,0.0,0.0,0.0
bury,1.409501486765347e-06,3.235145432636643e-06,0.0,0.0
burying,1.409501486765347e-06,0.0,2.3564273160428954e-06,0.0
bush,0.0,0.0,0.0,0.0
bushes,0.0,0.0,0.0,0.0
bushy,0.0,0.0,0.0,1.9797040515621355e-05
busier,0.0,0.0,0.0,6.599013505207118e-06
busily,1.409501486765347e-06,0.0,7.069281948128687e-06,0.0
business,-9.511660328823944e-05,-2.2584363746883714e-05,-8.225041618180463e-05,-0.00015508177274831307
businesslike,4.2285044602960405e-06,0.0,0.0,2.7388380629084794e-06
busted,0.0,7.794826824703627e-06,0.0,0.0
bustle,1.409501486765347e-06,0.0,2.3564273160428954e-06,0.0
bustled,0.0,0.0,0.0,6.599013505207118e-06
bustling,0.0,0.0,0.0,6.599013505207118e-06
busts,0.0,3.117930729881451e-05,0.0,0.0
busy,-1.7492708650710698e-05,-2.2584363746883714e-05,-1.8277870262623253e-06,-1.4870854921071116e-05
busybody,1.409501486765347e-06,0.0,0.0,2.7388380629084794e-06
but,-0.0019602766631702678,-0.001274761864824103,-0.0018332703873411122,-0.0013787406919678793
butcher,0.0,7.794826824703627e-06,0.0,0.0
butchered,3.3960822557346093e-06,0.0,0.0,0.0
butchers,-1.0932942906694186e-06,-2.509373749653746e-06,-1.8277870262623253e-06,-2.1244078458673024e-06
butler,0.0,0.0,2.3564273160428954e-06,5.477676125816959e-06
buts,3.3960822557346093e-06,0.0,0.0,0.0
butt,0.0,0.0,0.0,1.3198027010414236e-05
butted,0.0,0.0,0.0,6.599013505207118e-06
butter,1.409501486765347e-06,3.235145432636643e-06,0.0,0.0
butterfly,6.792164511469219e-06,0.0,0.0,0.0
button,0.0,4.676896094822176e-05,0.0,0.0
buttoned,0.0,0.0,0.0,0.0
buttonhole,3.3960822557346093e-06,0.0,0.0,0.0
buttoning,0.0,0.0,0.0,1.3198027010414236e-05
buttons,0.0,0.0,0.0,0.0
buttresses,0.0,7.794826824703627e-06,0.0,0.0
buxom,6.792164511469219e-06,0.0,0.0,0.0
buy,-7.653060034685932e-06,-2.5093737496537457e-05,-7.311148105049301e-06,-1.4870854921071116e-05
buying,0.0,0.0,0.0,0.0
buys,3.3960822557346093e-06,0.0,0.0,0.0
buzz,0.0,0.0,0.0,0.0
buzzed,3.3960822557346093e-06,0.0,0.0,0.0
buzzing,0.0,0.0,0.0,6.599013505207118e-06
bwoken,3.3960822557346093e-06,0.0,0.0,0.0
by,-0.0006045917427401885,-0.00045670602243698177,-0.001156989187624052,-0.0007392939303618212
bye,0.0,0.0,0.0,0.0
béziers,0.0,7.794826824703627e-06,0.0,0.0
c,0.0,0.0,0.0,3.299506752603559e-05
cab,0.0,0.0,0.0,0.0
cabbage,2.819002973530694e-06,3.235145432636643e-06,0.0,0.0
cabby,0.0,0.0,0.0,6.599013505207118e-06
cabin,1.0188246767203828e-05,0.0,0.0,0.0
cabinet,0.0,0.0,0.0,0.0
cabins,0.0,7.794826824703627e-06,0.0,0.0
cable,0.0,3.235145432636643e-06,0.0,2.7388380629084794e-06
cabman,4.2285044602960405e-06,0.0,0.0,1.3694190314542398e-05
cabs,1.409501486765347e-06,0.0,0.0,5.477676125816959e-06
cackled,6.792164511469219e-06,0.0,0.0,0.0
cad,3.3960822557346093e-06,0.0,0.0,0.0
cadaverous,0.0,0.0,0.0,6.599013505207118e-06
cadore,0.0,7.794826824703627e-06,0.0,0.0
cadorna,0.0,7.794826824703627e-06,0.0,0.0
café,1.409501486765347e-06,4.8527181489549644e-05,0.0,0.0
cafés,0.0,1.5589653649407254e-05,0.0,0.0
cage,1.409501486765347e-06,0.0,0.0,2.7388380629084794e-06
caged,0.0,0.0,0.0,6.599013505207118e-06
caisson,0.0,7.794826824703627e-06,0.0,0.0
cake,0.0,0.0,2.3564273160428954e-06,2.7388380629084794e-06
cakes,0.0,7.794826824703627e-06,0.0,0.0
cal,0.0,0.0,0.0,6.599013505207118e-06
calamities,6.792164511469219e-06,0.0,0.0,0.0
calamity,1.409501486765347e-06,0.0,0.0,2.7388380629084794e-06
calculate,0.0,0.0,5.677625082401832e-06,0.0
calculated,7.047507433826735e-06,0.0,7.069281948128687e-06,0.0
calculating,3.3960822557346093e-06,0.0,0.0,0.0
calculation,1.409501486765347e-06,0.0,2.3564273160428954e-06,0.0
calculations,6.792164511469219e-06,0.0,0.0,0.0
calculus,3.3960822557346093e-06,0.0,0.0,0.0
calcutta,0.0,0.0,0.0,6.599013505207118e-06
calf,0.0,3.235145432636643e-06,0.0,2.7388380629084794e-06
calhoun,0.0,0.0,0.0,1.3198027010414236e-05
caliber,0.0,7.794826824703627e-06,0.0,0.0
calico,0.0,0.0,5.677625082401832e-06,0.0
california,0.0,0.0,0.0,1.9797040515621355e-05
californian,0.0,0.0,0.0,6.599013505207118e-06
call,-3.170553442941315e-05,-4.0149979994459936e-05,-5.117803673534511e-05,-9.1349537372294e-05
called,-4.591836020811558e-05,-5.7715596242036164e-05,-7.493926807675534e-05,-5.523460399254986e-05
calling,-4.3731771626776745e-06,-5.018747499307492e-06,-2.7416805393934876e-05,-1.2746447075203814e-05
callous,3.3960822557346093e-06,0.0,0.0,0.0
calls,-2.1865885813388372e-06,-2.509373749653746e-06,-1.8277870262623253e-06,-4.248815691734605e-06
calm,0.0,0.0,0.0,0.0
calmer,3.3960822557346093e-06,0.0,0.0,0.0
calmly,0.0,0.0,0.0,0.0
calmness,0.0,0.0,2.271050032960733e-05,0.0
caltrops,0.0,0.0,0.0,6.599013505207118e-06
calumny,6.792164511469219e-06,0.0,0.0,0.0
calves,0.0,0.0,0.0,6.599013505207118e-06
camberwell,0.0,0.0,0.0,1.3198027010414236e-05
cambric,2.819002973530694e-06,0.0,2.3564273160428954e-06,0.0
cambridge,0.0,0.0,5.677625082401832e-06,0.0
came,-0.0002623906297606605,-0.0006273434374134366,-0.00016450083236360926,-0.00031016354549662613
camels,3.3960822557346093e-06,0.0,0.0,0.0
camera,0.0,0.0,0.0,6.599013505207118e-06
camion,0.0,2.338448047411088e-05,0.0,0.0
camions,0.0,2.338448047411088e-05,0.0,0.0
camp,0.0,0.0,0.0,0.0
campaign,0.0,0.0,0.0,1.3198027010414236e-05
campaigner,0.0,0.0,0.0,6.599013505207118e-06
campanile,0.0,2.338448047411088e-05,0.0,0.0
campany,3.3960822557346093e-06,0.0,0.0,0.0
camparis,0.0,7.794826824703627e-06,0.0,0.0
campen,0.0,0.00014030688284466527,0.0,0.0
campens,0.0,7.794826824703627e-06,0.0,0.0
campful,0.0,0.0,5.677625082401832e-06,0.0
campoformio,0.0,7.794826824703627e-06,0.0,0.0
camps,0.0,7.794826824703627e-06,0.0,0.0
can,-0.0003050291070967678,-0.00036385919369979314,-0.0003856630625413506,-0.00035690051810570683
canada,0.0,7.794826824703627e-06,0.0,0.0
canadian,0.0,7.794826824703627e-06,0.0,0.0
canal,3.100903270883763e-05,1.6175727163183214e-05,0.0,0.0
canals,0.0,1.5589653649407254e-05,0.0,0.0
canary,3.3960822557346093e-06,0.0,0.0,0.0
cancan,1.0188246767203828e-05,0.0,0.0,0.0
candelabraed,0.0,7.794826824703627e-06,0.0,0.0
candid,0.0,0.0,0.0,0.0
candidate,0.0,0.0,0.0,6.599013505207118e-06
candidly,6.792164511469219e-06,0.0,0.0,0.0
candle,0.0,0.0,0.0,0.0
candles,1.409501486765347e-06,1.2940581730546572e-05,0.0,0.0
candlestick,1.3584329022938437e-05,0.0,0.0,0.0
candour,1.409501486765347e-06,0.0,7.069281948128687e-06,0.0
cane,0.0,0.0,0.0,0.0
cannero,0.0,7.794826824703627e-06,0.0,0.0
cannobio,0.0,1.5589653649407254e-05,0.0,0.0
cannon,1.409501486765347e-06,0.0,0.0,2.7388380629084794e-06
cannot,-3.607871159209082e-05,-4.767810124342117e-05,-0.00020471214694138044,-0.00010834480013923242
cans,0.0,2.338448047411088e-05,0.0,0.0
cant,-0.00013884837491501617,-0.0002132967687205684,-3.6555740525246506e-06,-2.549289415040763e-05
canteen,0.0,3.897413412351813e-05,0.0,0.0
canteens,0.0,1.5589653649407254e-05,0.0,0.0
canvas,-1.0932942906694186e-06,-4.516872749376743e-05,-1.8277870262623253e-06,-2.1244078458673024e-06
canvassed,0.0,0.0,1.1355250164803664e-05,0.0
canyon,0.0,7.794826824703627e-06,0.0,0.0
cap,0.0,0.0,0.0,0.0
capable,-2.1865885813388374e-05,-2.509373749653746e-06,-3.290016647272185e-05,-1.0622039229336513e-05
capacities,6.792164511469219e-06,0.0,0.0,0.0
capacity,0.0,0.0,0.0,0.0
cape,5.638005947061388e-06,4.8527181489549644e-05,0.0,0.0
capers,0.0,0.0,5.677625082401832e-06,0.0
capes,0.0,3.897413412351813e-05,0.0,0.0
capital,0.0,0.0,0.0,0.0
capitally,3.3960822557346093e-06,0.0,0.0,0.0
capitano,0.0,2.338448047411088e-05,0.0,0.0
capitol,3.3960822557346093e-06,0.0,0.0,0.0
caporetto,0.0,3.117930729881451e-05,0.0,0.0
capped,0.0,7.794826824703627e-06,0.0,0.0
capracotta,0.0,1.5589653649407254e-05,0.0,0.0
capri,0.0,7.794826824703626e-05,0.0,0.0
caprice,0.0,0.0,2.271050032960733e-05,0.0
capricious,3.3960822557346093e-06,0.0,0.0,0.0
capriciously,3.3960822557346093e-06,0.0,0.0,0.0
caps,0.0,0.0,0.0,0.0
capsule,1.409501486765347e-06,9.70543629790993e-06,0.0,0.0
captain,-9.83964861602477e-06,-0.00010539369748545733,-7.311148105049301e-06,-4.248815691734605e-06
captains,0.0,3.117930729881451e-05,0.0,0.0
captivate,0.0,0.0,5.677625082401832e-06,0.0
captivated,0.0,0.0,5.677625082401832e-06,0.0
captivating,0.0,0.0,1.1355250164803664e-05,0.0
captivation,0.0,0.0,5.677625082401832e-06,0.0
capture,2.819002973530694e-06,0.0,0.0,2.7388380629084794e-06
captured,0.0,0.0,0.0,0.0
car,0.0,0.0005300482240798466,0.0,0.0
carabiniere,0.0,5.456378777292539e-05,0.0,0.0
carabinieri,0.0,0.00012471722919525803,0.0,0.0
caraffe,0.0,0.0,0.0,6.599013505207118e-06
caravan,3.3960822557346093e-06,0.0,0.0,0.0
carbines,0.0,2.338448047411088e-05,0.0,0.0
carbolised,0.0,0.0,0.0,6.599013505207118e-06
carbuncle,0.0,0.0,0.0,3.299506752603559e-05
card,-8.746354325355349e-06,-1.7565616247576225e-05,-1.6450083236360926e-05,-1.699526276693842e-05
cardboard,0.0,3.235145432636643e-06,0.0,5.477676125816959e-06
cards,-6.559765744016513e-06,-1.7565616247576225e-05,-1.2794509183836277e-05,-6.373223537601907e-06
care,-4.2638477336107334e-05,-6.022496999168991e-05,-6.397254591918138e-05,-3.1866117688009535e-05
cared,0.0,0.0,0.0,0.0
career,1.5504516354418816e-05,0.0,0.0,2.7388380629084794e-06
careful,-1.5306120069371863e-05,-2.0074989997229968e-05,-7.311148105049301e-06,-1.699526276693842e-05
carefully,-3.826530017342966e-05,-2.0074989997229968e-05,-5.483361078786976e-06,-2.1244078458673025e-05
carefulness,3.3960822557346093e-06,0.0,0.0,0.0
careless,0.0,0.0,0.0,0.0
carelessly,4.2285044602960405e-06,0.0,0.0,8.216514188725437e-06
carelessness,1.409501486765347e-06,0.0,4.712854632085791e-06,0.0
cares,0.0,0.0,0.0,0.0
caress,0.0,0.0,0.0,6.599013505207118e-06
caressing,1.409501486765347e-06,0.0,0.0,2.7388380629084794e-06
caressingly,3.3960822557346093e-06,0.0,0.0,0.0
careworn,3.3960822557346093e-06,0.0,0.0,0.0
cargo,0.0,0.0,0.0,6.599013505207118e-06
caricature,3.3960822557346093e-06,0.0,0.0,0.0
caring,0.0,0.0,0.0,0.0
carlo,0.0,0.0,0.0,6.599013505207118e-06
carlsbad,0.0,0.0,0.0,6.599013505207118e-06
carnage,3.3960822557346093e-06,0.0,0.0,0.0
carolinas,0.0,0.0,0.0,6.599013505207118e-06
caroline,0.0,0.0,7.948675115362566e-05,0.0
carolines,0.0,0.0,1.7032875247205498e-05,0.0
carpathians,0.0,7.794826824703627e-06,0.0,0.0
carpenter,0.0,0.0,0.0,6.599013505207118e-06
carpenters,3.3960822557346093e-06,0.0,0.0,0.0
carpet,0.0,0.0,0.0,0.0
carpeted,1.409501486765347e-06,3.235145432636643e-06,0.0,0.0
carpets,0.0,0.0,0.0,0.0
carriage,-1.0932942906694187e-05,-8.531870748822736e-05,-8.04226291555423e-05,-4.673697260908065e-05
carriages,0.0,0.0,0.0,0.0
carried,-2.295918010405779e-05,-5.5206222492382414e-05,-1.4622296210098602e-05,-4.673697260908065e-05
carries,1.409501486765347e-06,0.0,0.0,8.216514188725437e-06
carrot,3.3960822557346093e-06,0.0,0.0,0.0
carry,-1.639941436004128e-05,-2.5093737496537457e-05,-9.138935131311627e-06,-2.549289415040763e-05
carrying,-1.4212825778702444e-05,-2.2584363746883714e-05,-7.311148105049301e-06,-1.699526276693842e-05
carrée,0.0,0.0,0.0,6.599013505207118e-06
cars,0.0,0.00042871547535869943,0.0,0.0
carso,0.0,4.676896094822176e-05,0.0,0.0
cart,0.0,0.0,0.0,0.0
carte,0.0,0.0,0.0,1.3198027010414236e-05
carter,0.0,0.0,2.271050032960733e-05,0.0
cartload,6.792164511469219e-06,0.0,0.0,0.0
cartridge,0.0,1.5589653649407254e-05,0.0,0.0
cartridges,0.0,3.117930729881451e-05,0.0,0.0
carts,0.0,0.0,0.0,0.0
caruso,0.0,1.5589653649407254e-05,0.0,0.0
carved,0.0,0.0,0.0,0.0
casa,0.0,7.794826824703627e-06,0.0,0.0
cascade,0.0,0.0,0.0,6.599013505207118e-06
case,-9.94897804509171e-05,-1.0037494998614984e-05,-5.848918484039441e-05,-0.00024430690227473975
caseful,0.0,0.0,0.0,6.599013505207118e-06
cases,-2.1865885813388374e-05,-2.509373749653746e-06,-1.0966722157573952e-05,-5.098578830081526e-05
cash,6.792164511469219e-06,0.0,0.0,0.0
cashbox,0.0,0.0,0.0,6.599013505207118e-06
cashes,0.0,7.794826824703627e-06,0.0,0.0
cashier,0.0,0.0,0.0,1.3198027010414236e-05
cashing,0.0,7.794826824703627e-06,0.0,0.0
cashmere,3.3960822557346093e-06,0.0,0.0,0.0
casket,0.0,0.0,0.0,6.599013505207118e-06
casks,3.3960822557346093e-06,0.0,0.0,0.0
cassel,0.0,0.0,0.0,6.599013505207118e-06
cassino,0.0,0.0,5.677625082401832e-06,0.0
cast,-5.4664714533470935e-06,-5.018747499307492e-06,-3.6555740525246506e-06,-1.0622039229336513e-05
castagnola,0.0,7.794826824703627e-06,0.0,0.0
castigate,3.3960822557346093e-06,0.0,0.0,0.0
casting,0.0,0.0,0.0,6.599013505207118e-06
castle,0.0,0.0,0.0,0.0
casual,2.819002973530694e-06,0.0,2.3564273160428954e-06,0.0
casually,1.6980411278673048e-05,0.0,0.0,0.0
casuistry,6.792164511469219e-06,0.0,0.0,0.0
casuists,3.3960822557346093e-06,0.0,0.0,0.0
cat,0.0,0.0,0.0,0.0
catastrophe,2.819002973530694e-06,0.0,0.0,5.477676125816959e-06
catch,-2.733235726673547e-05,-1.5056242497922477e-05,-7.311148105049301e-06,-1.699526276693842e-05
catching,0.0,0.0,0.0,0.0
categories,6.792164511469219e-06,0.0,0.0,0.0
category,7.047507433826735e-06,0.0,0.0,2.7388380629084794e-06
cathedral,0.0,0.0,0.0,0.0
catherine,0.0,0.0,0.0,0.0
catherines,0.0,2.911630889372979e-05,3.770283705668633e-05,0.0
catholic,0.0,7.794826824703627e-06,0.0,0.0
catlike,0.0,0.0,0.0,6.599013505207118e-06
cattle,0.0,1.5589653649407254e-05,0.0,0.0
caught,-3.7172005882760244e-05,-1.7565616247576225e-05,-2.0105657288885576e-05,-4.248815691734605e-05
cause,-2.842565155740489e-05,-5.018747499307492e-06,-3.472795349898418e-05,-4.248815691734605e-05
caused,0.0,0.0,0.0,0.0
causes,-9.83964861602477e-06,-5.018747499307492e-06,-9.138935131311627e-06,-4.248815691734605e-06
causing,1.409501486765347e-06,0.0,0.0,8.216514188725437e-06
causé,6.792164511469219e-06,0.0,0.0,0.0
caution,0.0,0.0,0.0,0.0
cautioning,0.0,0.0,1.1355250164803664e-05,0.0
cautious,4.2285044602960405e-06,0.0,9.425709264171582e-06,0.0
cautiously,1.1276011894122775e-05,3.235145432636643e-06,0.0,0.0
cautiousness,0.0,0.0,5.677625082401832e-06,0.0
cavalcanti,0.0,7.794826824703627e-06,0.0,0.0
cavalry,2.819002973530694e-06,9.70543629790993e-06,0.0,0.0
cave,1.409501486765347e-06,0.0,0.0,2.7388380629084794e-06
caved,0.0,0.0,0.0,6.599013505207118e-06
cavour,0.0,1.5589653649407254e-05,0.0,0.0
cease,0.0,0.0,0.0,0.0
ceased,-1.7492708650710698e-05,-5.018747499307492e-06,-1.0966722157573952e-05,-1.699526276693842e-05
ceaseless,0.0,0.0,2.3564273160428954e-06,2.7388380629084794e-06
ceases,0.0,0.0,0.0,6.599013505207118e-06
ceasing,3.3960822557346093e-06,0.0,0.0,0.0
cedars,0.0,0.0,0.0,1.9797040515621355e-05
ceiling,0.0,0.0,0.0,0.0
ceilings,3.3960822557346093e-06,0.0,0.0,0.0
celebrate,1.409501486765347e-06,3.235145432636643e-06,0.0,0.0
celebrated,0.0,0.0,4.712854632085791e-06,5.477676125816959e-06
celerity,0.0,0.0,5.677625082401832e-06,0.0
cell,0.0,3.235145432636643e-06,0.0,5.477676125816959e-06
cellar,0.0,0.0,0.0,0.0
cellars,3.3960822557346093e-06,0.0,0.0,0.0
cells,0.0,0.0,0.0,1.3198027010414236e-05
cemetery,8.457008920592081e-06,6.470290865273286e-06,0.0,0.0
censor,0.0,7.794826824703627e-06,0.0,0.0
censure,1.409501486765347e-06,0.0,1.1782136580214478e-05,0.0
censured,0.0,0.0,1.1355250164803664e-05,0.0
censuring,0.0,0.0,5.677625082401832e-06,0.0
cent,0.0,0.0,0.0,0.0
centered,3.3960822557346093e-06,0.0,0.0,0.0
central,1.409501486765347e-06,0.0,0.0,1.0955352251633918e-05
centre,0.0,0.0,0.0,0.0
centred,0.0,0.0,0.0,6.599013505207118e-06
centres,1.409501486765347e-06,3.235145432636643e-06,0.0,0.0
cents,0.0,0.0,5.677625082401832e-06,0.0
centuries,0.0,0.0,0.0,6.599013505207118e-06
century,2.819002973530694e-06,0.0,0.0,2.7388380629084794e-06
ceremonies,1.409501486765347e-06,0.0,2.3564273160428954e-06,0.0
ceremonious,1.409501486765347e-06,0.0,7.069281948128687e-06,0.0
ceremoniously,3.3960822557346093e-06,0.0,0.0,0.0
ceremony,0.0,0.0,0.0,0.0
certain,-8.090377750953699e-05,-1.7565616247576225e-05,-9.870049941816557e-05,-3.1866117688009535e-05
certainly,-7.981048321886757e-05,-3.513123249515245e-05,-0.00013342845291714975,-9.559835306402862e-05
certainty,0.0,0.0,0.0,0.0
certificate,9.86651040735743e-06,3.235145432636643e-06,0.0,0.0
certificates,0.0,0.0,0.0,6.599013505207118e-06
cesare,0.0,7.794826824703627e-06,0.0,0.0
cessation,0.0,0.0,5.677625082401832e-06,0.0
cesspool,6.792164511469219e-06,0.0,0.0,0.0
cesspools,3.3960822557346093e-06,0.0,0.0,0.0
cest,1.409501486765347e-06,0.0,0.0,5.477676125816959e-06
chaff,0.0,0.0,0.0,6.599013505207118e-06
chaffed,0.0,0.0,0.0,6.599013505207118e-06
chaffering,0.0,0.0,0.0,6.599013505207118e-06
chagrin,0.0,0.0,2.3564273160428954e-06,5.477676125816959e-06
chagrined,0.0,0.0,0.0,6.599013505207118e-06
chain,0.0,0.0,0.0,0.0
chained,0.0,7.794826824703627e-06,0.0,0.0
chains,0.0,0.0,0.0,0.0
chair,-5.903789169614862e-05,-5.0187474993074915e-05,-1.0966722157573952e-05,-0.00013171328644377274
chairman,0.0,0.0,0.0,1.3198027010414236e-05
chairs,0.0,0.0,0.0,0.0
chaise,0.0,0.0,6.245387590642016e-05,0.0
chalet,0.0,7.794826824703627e-06,0.0,0.0
chalk,0.0,0.0,0.0,0.0
chalky,0.0,7.794826824703627e-06,0.0,0.0
challenge,4.2285044602960405e-06,0.0,2.3564273160428954e-06,0.0
challenged,3.3960822557346093e-06,0.0,0.0,0.0
challenging,6.792164511469219e-06,0.0,0.0,0.0
chamber,0.0,0.0,2.3564273160428954e-06,4.382140900653567e-05
chamberlayne,0.0,0.0,5.677625082401832e-06,0.0
chambermaid,0.0,0.0,1.1355250164803664e-05,0.0
chambers,0.0,0.0,0.0,1.9797040515621355e-05
chamois,0.0,0.0,0.0,0.0
champagne,1.409501486765347e-05,2.5881163461093143e-05,0.0,0.0
champion,2.819002973530694e-06,6.470290865273286e-06,0.0,0.0
chance,-2.842565155740489e-05,-1.5056242497922477e-05,-3.472795349898418e-05,-5.311019614668256e-05
chanced,0.0,0.0,0.0,0.0
chances,0.0,3.235145432636643e-06,0.0,5.477676125816959e-06
chancres,0.0,7.794826824703627e-06,0.0,0.0
chandelier,0.0,7.794826824703627e-06,0.0,0.0
chandlers,3.3960822557346093e-06,0.0,0.0,0.0
change,-2.4052474394727216e-05,-1.5056242497922477e-05,-4.386688863029581e-05,-3.399052553387684e-05
changed,-2.733235726673547e-05,-1.2546868748268729e-05,-1.4622296210098602e-05,-1.0622039229336513e-05
changes,-2.1865885813388372e-06,-2.509373749653746e-06,-1.8277870262623253e-06,-2.1244078458673024e-06
changing,0.0,0.0,0.0,0.0
channel,0.0,7.794826824703627e-06,0.0,0.0
channels,0.0,2.338448047411088e-05,0.0,0.0
chantant,3.3960822557346093e-06,0.0,0.0,0.0
chanted,3.3960822557346093e-06,0.0,0.0,0.0
chaotic,3.3960822557346093e-06,0.0,0.0,0.0
chap,0.0,3.235145432636643e-06,0.0,5.477676125816959e-06
chapel,6.792164511469219e-06,0.0,0.0,0.0
chaperon,0.0,0.0,5.677625082401832e-06,0.0
chapter,1.409501486765347e-06,0.0,0.0,2.7388380629084794e-06
character,0.0,0.0,0.0,0.0
characterises,0.0,0.0,0.0,6.599013505207118e-06
characteristic,0.0,0.0,0.0,0.0
characteristics,2.819002973530694e-06,0.0,0.0,8.216514188725437e-06
characterize,0.0,0.0,5.677625082401832e-06,0.0
characters,0.0,0.0,0.0,0.0
charcoal,0.0,0.0,0.0,1.3198027010414236e-05
charge,-4.3731771626776745e-06,-7.528121248961238e-06,-1.4622296210098602e-05,-2.761730199627493e-05
charged,0.0,0.0,0.0,0.0
charges,3.3960822557346093e-06,0.0,0.0,0.0
charing,0.0,0.0,0.0,1.3198027010414236e-05
chariot,0.0,7.794826824703627e-06,0.0,0.0
charitable,6.792164511469219e-06,0.0,0.0,0.0
charity,0.0,0.0,0.0,0.0
charlatanism,3.3960822557346093e-06,0.0,0.0,0.0
charles,0.0,0.0,1.649499121230027e-05,2.7388380629084794e-06
charlotte,0.0,0.0,0.00038607850560332466,0.0
charlottes,0.0,0.0,9.651962640083116e-05,0.0
charm,0.0,0.0,0.0,0.0
charmed,3.3960822557346093e-06,0.0,0.0,0.0
charmer,3.3960822557346093e-06,0.0,0.0,0.0
charming,-5.4664714533470935e-06,-2.509373749653746e-06,-3.655574052524651e-05,-1.0622039229336513e-05
charmingly,0.0,0.0,1.1355250164803664e-05,0.0
charms,0.0,0.0,2.271050032960733e-05,0.0
charred,0.0,0.0,0.0,6.599013505207118e-06
chart,0.0,1.5589653649407254e-05,0.0,0.0
charwoman,3.3960822557346093e-06,0.0,0.0,0.0
chase,1.409501486765347e-06,0.0,0.0,1.3694190314542398e-05
chased,2.819002973530694e-06,0.0,0.0,2.7388380629084794e-06
chaser,0.0,7.794826824703627e-06,0.0,0.0
chasing,1.409501486765347e-06,0.0,0.0,2.7388380629084794e-06
chaste,1.6980411278673048e-05,0.0,0.0,0.0
chastise,3.3960822557346093e-06,0.0,0.0,0.0
chastity,6.792164511469219e-06,0.0,0.0,0.0
chat,1.409501486765347e-06,0.0,0.0,5.477676125816959e-06
chatsworth,0.0,0.0,5.677625082401832e-06,0.0
chatted,0.0,0.0,0.0,6.599013505207118e-06
chatter,2.7168658045876875e-05,0.0,0.0,0.0
chatterbox,3.3960822557346093e-06,0.0,0.0,0.0
chattered,1.3584329022938437e-05,0.0,0.0,0.0
chattering,6.792164511469219e-06,0.0,0.0,0.0
chatting,1.409501486765347e-06,0.0,0.0,2.7388380629084794e-06
chatty,0.0,0.0,5.677625082401832e-06,0.0
cheap,-4.3731771626776745e-06,-5.018747499307492e-06,-1.8277870262623253e-06,-2.1244078458673024e-06
cheapest,6.792164511469219e-06,0.0,0.0,0.0
cheapside,0.0,0.0,1.1355250164803664e-05,0.0
cheat,1.409501486765347e-06,0.0,2.3564273160428954e-06,0.0
cheating,0.0,0.0,2.3564273160428954e-06,2.7388380629084794e-06
check,0.0,0.0,0.0,0.0
checked,0.0,0.0,0.0,0.0
checking,1.409501486765347e-06,0.0,4.712854632085791e-06,0.0
checkmate,0.0,0.0,0.0,6.599013505207118e-06
cheek,8.457008920592081e-06,9.70543629790993e-06,0.0,0.0
cheeked,6.792164511469219e-06,0.0,0.0,0.0
cheeks,-1.4212825778702444e-05,-5.018747499307492e-06,-7.311148105049301e-06,-2.1244078458673025e-05
cheeky,0.0,7.794826824703627e-06,0.0,0.0
cheer,0.0,0.0,0.0,0.0
cheered,0.0,1.5589653649407254e-05,0.0,0.0
cheerful,-5.4664714533470935e-06,-3.26218587454987e-05,-1.2794509183836277e-05,-4.248815691734605e-06
cheerfully,1.409501486765347e-06,0.0,4.712854632085791e-06,0.0
cheerfulness,0.0,0.0,3.974337557681283e-05,0.0
cheerily,0.0,3.235145432636643e-06,0.0,5.477676125816959e-06
cheeriness,0.0,7.794826824703627e-06,0.0,0.0
cheering,0.0,0.0,1.1355250164803664e-05,0.0
cheerless,0.0,0.0,0.0,6.599013505207118e-06
cheery,0.0,6.470290865273286e-06,0.0,5.477676125816959e-06
cheese,0.0,0.00019487067061759066,0.0,0.0
cheeses,0.0,7.794826824703627e-06,0.0,0.0
cheetah,0.0,0.0,0.0,3.959408103124271e-05
chemical,0.0,6.470290865273286e-06,0.0,1.0955352251633918e-05
chemise,6.792164511469219e-06,0.0,0.0,0.0
chemistry,0.0,0.0,0.0,6.599013505207118e-06
chemists,6.792164511469219e-06,0.0,0.0,0.0
cheque,0.0,0.0,0.0,6.599013505207118e-06
cher,3.3960822557346093e-06,0.0,0.0,0.0
cherish,1.409501486765347e-06,0.0,2.3564273160428954e-06,0.0
cherished,4.2285044602960405e-06,0.0,9.425709264171582e-06,0.0
cherishing,3.3960822557346093e-06,0.0,0.0,0.0
chernex,0.0,7.794826824703627e-06,0.0,0.0
cherry,0.0,0.0,0.0,6.599013505207118e-06
chess,0.0,3.117930729881451e-05,0.0,0.0
chest,0.0,0.0,0.0,0.0
chesterfield,0.0,0.0,0.0,6.599013505207118e-06
chestnut,0.0,1.6175727163183214e-05,0.0,5.477676125816959e-06
chestnuts,0.0,3.235145432636643e-06,2.3564273160428954e-06,0.0
chew,0.0,2.338448047411088e-05,0.0,0.0
chewed,1.409501486765347e-06,9.70543629790993e-06,0.0,0.0
chewing,0.0,0.0,0.0,6.599013505207118e-06
chianti,0.0,3.117930729881451e-05,0.0,0.0
chicago,0.0,1.5589653649407254e-05,0.0,0.0
chicken,1.409501486765347e-06,0.0,2.3564273160428954e-06,0.0
chickens,0.0,7.794826824703627e-06,0.0,0.0
chief,0.0,0.0,0.0,0.0
chiefly,7.047507433826735e-06,0.0,2.3564273160428955e-05,0.0
chiens,3.3960822557346093e-06,0.0,0.0,0.0
chiffon,0.0,0.0,0.0,6.599013505207118e-06
chilblains,0.0,7.794826824703627e-06,0.0,0.0
child,-5.466471453347094e-05,-3.26218587454987e-05,-2.5589018367672555e-05,-4.036374907147875e-05
childbirth,0.0,1.5589653649407254e-05,0.0,0.0
childhood,8.457008920592081e-06,0.0,2.3564273160428954e-06,0.0
childish,1.5504516354418816e-05,0.0,0.0,2.7388380629084794e-06
childishly,0.0,7.794826824703627e-06,0.0,0.0
childishness,3.3960822557346093e-06,0.0,0.0,0.0
children,-0.00011807578339229724,-1.2546868748268729e-05,-4.569467565655813e-05,-1.4870854921071116e-05
childrens,9.86651040735743e-06,0.0,0.0,2.7388380629084794e-06
childs,7.047507433826735e-06,0.0,0.0,5.477676125816959e-06
chill,9.86651040735743e-06,0.0,0.0,1.0955352251633918e-05
chilled,6.792164511469219e-06,0.0,0.0,0.0
chimney,0.0,0.0,0.0,0.0
chimneys,0.0,3.235145432636643e-06,0.0,5.477676125816959e-06
chin,-1.0932942906694187e-05,-1.0037494998614984e-05,-1.8277870262623253e-06,-2.549289415040763e-05
china,0.0,0.0,0.0,0.0
chinchilla,0.0,0.0,0.0,6.599013505207118e-06
chinese,0.0,0.0,0.0,6.599013505207118e-06
chink,0.0,0.0,0.0,1.3198027010414236e-05
chinks,3.3960822557346093e-06,0.0,0.0,0.0
chins,0.0,3.235145432636643e-06,0.0,2.7388380629084794e-06
chintz,3.3960822557346093e-06,0.0,0.0,0.0
chips,0.0,1.5589653649407254e-05,0.0,0.0
chirruping,3.3960822557346093e-06,0.0,0.0,0.0
chisel,0.0,0.0,0.0,6.599013505207118e-06
chiselled,3.3960822557346093e-06,0.0,0.0,0.0
chivalrous,0.0,0.0,0.0,6.599013505207118e-06
chocolate,0.0,2.338448047411088e-05,0.0,0.0
choice,0.0,0.0,0.0,0.0
choke,0.0,7.794826824703627e-06,0.0,0.0
choked,0.0,0.0,0.0,0.0
chokes,3.3960822557346093e-06,0.0,0.0,0.0
choking,1.409501486765347e-06,6.470290865273286e-06,0.0,0.0
cholera,0.0,7.794826824703627e-06,0.0,0.0
choose,0.0,0.0,0.0,0.0
chooses,0.0,0.0,4.542100065921466e-05,0.0
choosing,0.0,0.0,0.0,0.0
chop,6.792164511469219e-06,0.0,0.0,0.0
chopped,1.409501486765347e-06,3.235145432636643e-06,0.0,0.0
chopping,0.0,7.794826824703627e-06,0.0,0.0
chord,3.3960822557346093e-06,0.0,0.0,0.0
chorus,1.0188246767203828e-05,0.0,0.0,0.0
chose,0.0,0.0,0.0,0.0
chosen,0.0,0.0,0.0,0.0
choucroute,0.0,4.676896094822176e-05,0.0,0.0
christ,2.819002973530694e-06,4.8527181489549644e-05,0.0,0.0
christened,3.3960822557346093e-06,0.0,0.0,0.0
christening,1.409501486765347e-06,0.0,2.3564273160428954e-06,0.0
christian,0.0,0.0,0.0,0.0
christians,0.0,7.794826824703627e-06,0.0,0.0
christmas,-1.0932942906694186e-06,-7.528121248961238e-06,-1.0966722157573952e-05,-2.1244078458673025e-05
christs,0.0,0.0,0.0,0.0
chronic,0.0,0.0,0.0,6.599013505207118e-06
chronicle,1.409501486765347e-06,0.0,0.0,1.3694190314542398e-05
chronicler,0.0,0.0,0.0,6.599013505207118e-06
chubb,0.0,0.0,0.0,6.599013505207118e-06
chucked,0.0,0.0,0.0,6.599013505207118e-06
chuckled,1.409501486765347e-06,0.0,0.0,1.9171866440359353e-05
chuckling,1.409501486765347e-06,0.0,0.0,2.7388380629084794e-06
chugged,0.0,7.794826824703627e-06,0.0,0.0
chugging,0.0,1.5589653649407254e-05,0.0,0.0
chuh,0.0,3.117930729881451e-05,0.0,0.0
chunk,3.3960822557346093e-06,0.0,0.0,0.0
chunks,1.409501486765347e-06,3.235145432636643e-06,0.0,0.0
church,-9.83964861602477e-06,-7.528121248961238e-06,-2.0105657288885576e-05,-2.974170984214223e-05
churls,3.3960822557346093e-06,0.0,0.0,0.0
chute,0.0,1.5589653649407254e-05,0.0,0.0
château,0.0,1.5589653649407254e-05,0.0,0.0
ciaou,0.0,7.015344142233264e-05,0.0,0.0
cigar,1.409501486765347e-06,0.0,0.0,3.286605675490175e-05
cigarette,0.0,0.0,0.0,0.0
cigarettes,0.0,0.0,0.0,0.0
cigars,1.409501486765347e-06,0.0,0.0,1.3694190314542398e-05
cinder,0.0,0.0,0.0,6.599013505207118e-06
cinq,2.0376493534407657e-05,0.0,0.0,0.0
cinzano,0.0,2.338448047411088e-05,0.0,0.0
circle,0.0,0.0,0.0,0.0
circled,0.0,7.794826824703627e-06,0.0,0.0
circles,-4.3731771626776745e-06,-5.018747499307492e-06,-1.8277870262623253e-06,-4.248815691734605e-06
circling,1.3584329022938437e-05,0.0,0.0,0.0
circuit,0.0,0.0,5.677625082401832e-06,0.0
circulated,0.0,0.0,5.677625082401832e-06,0.0
circulating,1.409501486765347e-06,0.0,2.3564273160428954e-06,0.0
circulation,-1.0932942906694186e-06,-2.509373749653746e-06,-3.6555740525246506e-06,-2.1244078458673024e-06
circumspect,0.0,0.0,2.3564273160428954e-06,2.7388380629084794e-06
circumspection,0.0,0.0,1.1355250164803664e-05,0.0
circumstance,1.2685513380888124e-05,0.0,4.477211900481501e-05,0.0
circumstances,0.0,0.0,0.0,0.0
circumstantial,7.047507433826735e-06,0.0,0.0,8.216514188725437e-06
circumstantially,3.3960822557346093e-06,0.0,0.0,0.0
circus,0.0,7.794826824703627e-06,0.0,0.0
citation,0.0,1.5589653649407254e-05,0.0,0.0
cities,0.0,7.794826824703627e-06,0.0,0.0
citizen,2.377257579014227e-05,0.0,0.0,0.0
citizens,0.0,3.235145432636643e-06,0.0,5.477676125816959e-06
city,-2.1865885813388372e-06,-5.018747499307492e-06,-1.8277870262623253e-06,-4.248815691734605e-05
cividale,0.0,1.5589653649407254e-05,0.0,0.0
civil,-7.653060034685932e-06,-2.509373749653746e-06,-3.290016647272185e-05,-6.373223537601907e-06
civilian,2.819002973530694e-06,1.941087259581986e-05,0.0,0.0
civilisation,0.0,0.0,0.0,6.599013505207118e-06
civilised,1.409501486765347e-06,0.0,0.0,2.7388380629084794e-06
civilities,0.0,0.0,3.974337557681283e-05,0.0
civility,0.0,0.0,0.00023846025346087692,0.0
civilization,0.0,7.794826824703627e-06,0.0,0.0
civilized,0.0,7.794826824703627e-06,0.0,0.0
civilly,2.819002973530694e-06,0.0,7.069281948128687e-06,0.0
clad,0.0,0.0,0.0,4.6193094536449825e-05
claim,0.0,0.0,0.0,0.0
claimed,0.0,0.0,1.7032875247205498e-05,0.0
claiming,3.3960822557346093e-06,0.0,0.0,0.0
claims,0.0,0.0,3.4065750494410995e-05,0.0
clair,0.0,0.0,0.0,0.00015177731061976374
clairs,0.0,0.0,0.0,2.6396054020828473e-05
clambered,1.409501486765347e-06,0.0,0.0,2.7388380629084794e-06
clammy,0.0,7.794826824703627e-06,0.0,0.0
clamorous,0.0,0.0,5.677625082401832e-06,0.0
clamour,3.3960822557346093e-06,0.0,0.0,0.0
clamouring,3.3960822557346093e-06,0.0,0.0,0.0
clamped,0.0,0.0,0.0,1.3198027010414236e-05
clang,0.0,0.0,0.0,2.6396054020828473e-05
clanging,0.0,0.0,0.0,1.3198027010414236e-05
clank,0.0,0.0,0.0,6.599013505207118e-06
clanking,1.409501486765347e-06,0.0,0.0,2.7388380629084794e-06
clanks,3.3960822557346093e-06,0.0,0.0,0.0
clap,4.2285044602960405e-06,3.235145432636643e-06,0.0,0.0
clapham,0.0,0.0,2.271050032960733e-05,0.0
clapped,0.0,0.0,0.0,2.6396054020828473e-05
clapping,3.3960822557346093e-06,0.0,0.0,0.0
clara,0.0,0.0,0.0,6.599013505207118e-06
claret,0.0,0.0,0.0,6.599013505207118e-06
clarionet,3.3960822557346093e-06,0.0,0.0,0.0
clark,0.0,0.0,0.0,6.599013505207118e-06
clarkes,0.0,0.0,5.677625082401832e-06,0.0
clashed,3.3960822557346093e-06,0.0,0.0,0.0
clasp,0.0,7.794826824703627e-06,0.0,0.0
clasped,0.0,0.0,0.0,0.0
clasping,5.638005947061388e-06,0.0,0.0,2.7388380629084794e-06
claspings,0.0,0.0,0.0,6.599013505207118e-06
claspknife,3.3960822557346093e-06,0.0,0.0,0.0
class,-2.1865885813388374e-05,-1.2546868748268729e-05,-3.6555740525246506e-06,-4.248815691734605e-06
classes,4.2285044602960405e-06,0.0,0.0,2.7388380629084794e-06
classical,0.0,7.794826824703627e-06,0.0,0.0
clatter,0.0,0.0,0.0,1.3198027010414236e-05
clattered,0.0,0.0,0.0,1.3198027010414236e-05
claws,0.0,0.0,0.0,1.3198027010414236e-05
clay,0.0,3.235145432636643e-06,0.0,3.834373288071871e-05
clays,0.0,0.0,0.0,6.599013505207118e-06
clean,0.0,0.0,0.0,0.0
cleaned,0.0,0.0,0.0,0.0
cleaner,0.0,7.794826824703627e-06,0.0,0.0
cleaning,6.792164511469219e-06,0.0,0.0,0.0
cleanliness,6.792164511469219e-06,0.0,0.0,0.0
cleanly,0.0,3.235145432636643e-06,0.0,2.7388380629084794e-06
cleanse,0.0,0.0,5.677625082401832e-06,0.0
clear,-6.669095173083455e-05,-6.775309124065114e-05,-1.6450083236360926e-05,-9.34739452181613e-05
cleared,-9.83964861602477e-06,-7.528121248961238e-06,-3.6555740525246506e-06,-3.399052553387684e-05
clearer,0.0,0.0,0.0,0.0
clearest,3.3960822557346093e-06,0.0,0.0,0.0
clearing,-2.1865885813388372e-06,-1.0037494998614984e-05,-1.8277870262623253e-06,-1.699526276693842e-05
clearly,-4.482506591744617e-05,-1.5056242497922477e-05,-5.483361078786976e-06,-2.974170984214223e-05
clearness,3.3960822557346093e-06,0.0,0.0,0.0
clears,0.0,0.0,0.0,6.599013505207118e-06
cleaver,0.0,0.0,0.0,1.3198027010414236e-05
cleft,1.3584329022938437e-05,0.0,0.0,0.0
clements,0.0,0.0,5.677625082401832e-06,0.0
clenched,2.819002973530694e-06,0.0,0.0,2.7388380629084794e-06
clenching,6.792164511469219e-06,0.0,0.0,0.0
cleopatra,0.0,1.5589653649407254e-05,0.0,0.0
clergy,0.0,0.0,5.677625082401832e-06,0.0
clergyman,0.0,0.0,1.8851418528343163e-05,1.9171866440359353e-05
clerical,0.0,0.0,5.677625082401832e-06,0.0
clerk,0.0,0.0,0.0,0.0
clerks,1.6914017841184162e-05,0.0,0.0,8.216514188725437e-06
clever,0.0,0.0,0.0,0.0
cleverer,6.792164511469219e-06,0.0,0.0,0.0
cleverest,1.0188246767203828e-05,0.0,0.0,0.0
cleverly,1.0188246767203828e-05,0.0,0.0,0.0
cleverness,0.0,0.0,0.0,6.599013505207118e-06
click,1.409501486765347e-06,6.470290865273286e-06,0.0,0.0
clicked,0.0,1.5589653649407254e-05,0.0,0.0
clicking,2.819002973530694e-06,9.70543629790993e-06,0.0,0.0
clickingly,0.0,7.794826824703627e-06,0.0,0.0
client,0.0,0.0,0.0,0.00019797040515621357
clients,0.0,0.0,0.0,1.9797040515621355e-05
climate,0.0,0.0,0.0,0.0
climb,0.0,3.117930729881451e-05,0.0,0.0
climbed,0.0,5.1762326922186286e-05,0.0,2.7388380629084794e-06
climbers,3.3960822557346093e-06,0.0,0.0,0.0
climbing,0.0,6.470290865273286e-06,0.0,2.7388380629084794e-06
clinched,0.0,0.0,0.0,6.599013505207118e-06
cling,1.0188246767203828e-05,0.0,0.0,0.0
clinging,1.0188246767203828e-05,0.0,0.0,0.0
clinic,0.0,7.794826824703627e-06,0.0,0.0
clink,0.0,0.0,0.0,1.3198027010414236e-05
clinked,0.0,0.0,0.0,6.599013505207118e-06
clip,0.0,1.5589653649407254e-05,0.0,0.0
clipped,0.0,7.794826824703627e-06,0.0,0.0
clippings,0.0,7.794826824703627e-06,0.0,0.0
clips,0.0,3.117930729881451e-05,0.0,0.0
cloak,7.047507433826735e-06,0.0,0.0,2.1910704503267835e-05
clock,-7.653060034685932e-06,-1.7565616247576225e-05,-1.8277870262623253e-06,-1.0622039229336513e-05
cloistered,0.0,7.794826824703627e-06,0.0,0.0
close,-4.2638477336107334e-05,-0.00010037494998614983,-1.6450083236360926e-05,-4.248815691734605e-05
closed,-2.1865885813388374e-05,-3.26218587454987e-05,-1.0966722157573952e-05,-4.673697260908065e-05
closely,-6.559765744016513e-06,-2.509373749653746e-06,-1.8277870262623253e-06,-1.2746447075203814e-05
closeness,3.3960822557346093e-06,0.0,0.0,0.0
closer,0.0,0.0,0.0,0.0
closest,0.0,0.0,1.1355250164803664e-05,0.0
closet,0.0,7.794826824703627e-06,0.0,0.0
closets,0.0,0.0,5.677625082401832e-06,0.0
closing,7.047507433826735e-06,0.0,0.0,1.6433028377450875e-05
closure,0.0,0.0,5.677625082401832e-06,0.0
cloth,0.0,0.0,0.0,0.0
clothes,-5.0291537370793266e-05,-4.516872749376743e-05,-2.3761231341410226e-05,-4.673697260908065e-05
clothing,0.0,2.338448047411088e-05,0.0,0.0
clotilde,0.0,0.0,0.0,6.599013505207118e-06
clotted,3.3960822557346093e-06,0.0,0.0,0.0
cloud,0.0,0.0,0.0,0.0
clouded,-3.2798828720082563e-06,-5.018747499307492e-06,-1.8277870262623253e-06,-2.1244078458673024e-06
clouding,0.0,7.794826824703627e-06,0.0,0.0
cloudless,0.0,0.0,0.0,1.3198027010414236e-05
clouds,0.0,0.0,0.0,0.0
cloudy,0.0,1.5589653649407254e-05,0.0,0.0
clout,3.3960822557346093e-06,0.0,0.0,0.0
clove,3.3960822557346093e-06,0.0,0.0,0.0
clown,3.3960822557346093e-06,0.0,0.0,0.0
club,0.0,0.0,0.0,0.0
clubs,3.3960822557346093e-06,0.0,0.0,0.0
clue,0.0,0.0,0.0,0.0
clues,0.0,0.0,0.0,1.9797040515621355e-05
clump,0.0,0.0,2.3564273160428954e-06,8.216514188725437e-06
clumps,0.0,0.0,0.0,6.599013505207118e-06
clumsily,3.3960822557346093e-06,0.0,0.0,0.0
clumsiness,3.3960822557346093e-06,0.0,0.0,0.0
clumsy,8.457008920592081e-06,0.0,0.0,2.7388380629084794e-06
cluster,0.0,0.0,2.3564273160428954e-06,2.7388380629084794e-06
clutch,4.2285044602960405e-06,3.235145432636643e-06,0.0,0.0
clutched,0.0,0.0,0.0,0.0
clutches,0.0,0.0,0.0,1.3198027010414236e-05
clutching,2.819002973530694e-06,0.0,0.0,2.7388380629084794e-06
co,0.0,0.0,0.0,2.6396054020828473e-05
coach,0.0,0.0,2.3564273160428955e-05,2.7388380629084794e-06
coachman,-5.4664714533470935e-06,-2.509373749653746e-06,-1.8277870262623253e-06,-6.373223537601907e-06
coachmans,0.0,0.0,5.677625082401832e-06,0.0
coagulate,0.0,7.794826824703627e-06,0.0,0.0
coagulates,0.0,7.794826824703627e-06,0.0,0.0
coal,3.3960822557346093e-06,0.0,0.0,0.0
coarse,0.0,0.0,0.0,0.0
coarsely,2.819002973530694e-06,0.0,0.0,2.7388380629084794e-06
coarsened,3.3960822557346093e-06,0.0,0.0,0.0
coarseness,0.0,0.0,1.1355250164803664e-05,0.0
coarser,6.792164511469219e-06,0.0,0.0,0.0
coarsest,6.792164511469219e-06,0.0,0.0,0.0
coast,0.0,7.794826824703627e-06,0.0,0.0
coat,-4.591836020811558e-05,-4.265935374411368e-05,-7.311148105049301e-06,-5.948341968428446e-05
coated,3.3960822557346093e-06,0.0,0.0,0.0
coats,-3.2798828720082563e-06,-5.018747499307492e-06,-1.8277870262623253e-06,-2.1244078458673024e-06
coaxed,1.409501486765347e-06,0.0,2.3564273160428954e-06,0.0
coaxing,0.0,0.0,0.0,6.599013505207118e-06
cobb,0.0,0.0,0.0,6.599013505207118e-06
cobblers,0.0,3.235145432636643e-06,0.0,2.7388380629084794e-06
cobbles,0.0,7.794826824703627e-06,0.0,0.0
coburg,0.0,0.0,0.0,5.9391121546864066e-05
cobwebby,0.0,0.0,0.0,6.599013505207118e-06
cocaine,0.0,0.0,0.0,1.9797040515621355e-05
cock,0.0,0.0,0.0,0.0
cockaded,3.3960822557346093e-06,0.0,0.0,0.0
cocked,0.0,0.0,0.0,0.0
cockeyed,0.0,7.794826824703627e-06,0.0,0.0
cocking,0.0,0.0,0.0,6.599013505207118e-06
cockroaches,0.0,0.0,0.0,6.599013505207118e-06
cocksure,0.0,0.0,0.0,1.3198027010414236e-05
cocktail,0.0,3.235145432636643e-06,0.0,2.7388380629084794e-06
cocktails,0.0,7.794826824703627e-06,0.0,0.0
code,3.3960822557346093e-06,0.0,0.0,0.0
coffee,-8.746354325355349e-06,-6.273434374134364e-05,-1.2794509183836277e-05,-1.699526276693842e-05
coffin,2.377257579014227e-05,0.0,0.0,0.0
cogent,0.0,0.0,5.677625082401832e-06,0.0
cognac,0.0,0.00016369136331877615,0.0,0.0
cogwheel,0.0,7.794826824703627e-06,0.0,0.0
coherence,6.792164511469219e-06,0.0,0.0,0.0
coherent,1.409501486765347e-06,0.0,2.3564273160428954e-06,0.0
coiffeurs,0.0,7.794826824703627e-06,0.0,0.0
coil,1.409501486765347e-06,0.0,0.0,5.477676125816959e-06
coiling,0.0,7.794826824703627e-06,0.0,0.0
coin,1.409501486765347e-06,0.0,0.0,2.7388380629084794e-06
coincide,0.0,0.0,5.677625082401832e-06,0.0
coincided,0.0,0.0,5.677625082401832e-06,0.0
coincidence,0.0,0.0,0.0,0.0
coincidences,1.409501486765347e-06,0.0,0.0,2.7388380629084794e-06
coincident,0.0,0.0,0.0,6.599013505207118e-06
coincides,3.3960822557346093e-06,0.0,0.0,0.0
coiners,1.409501486765347e-06,0.0,0.0,2.7388380629084794e-06
coins,0.0,6.470290865273286e-06,0.0,5.477676125816959e-06
cold,-4.9198243080123845e-05,-0.00010288432373580359,-3.290016647272185e-05,-4.673697260908065e-05
colder,0.0,3.235145432636643e-06,2.3564273160428954e-06,0.0
coldly,-6.559765744016513e-06,-7.528121248961238e-06,-3.6555740525246506e-06,-6.373223537601907e-06
coldness,0.0,3.235145432636643e-06,0.0,2.7388380629084794e-06
colds,0.0,0.0,5.677625082401832e-06,0.0
collapse,0.0,0.0,0.0,6.599013505207118e-06
collapsed,0.0,0.0,0.0,1.3198027010414236e-05
collapses,3.3960822557346093e-06,0.0,0.0,0.0
collar,0.0,0.0,0.0,0.0
collars,5.638005947061388e-06,6.470290865273286e-06,0.0,0.0
colleague,0.0,3.235145432636643e-06,0.0,1.0955352251633918e-05
collect,7.047507433826735e-06,0.0,4.712854632085791e-06,0.0
collected,-3.2798828720082563e-06,-2.509373749653746e-06,-5.483361078786976e-06,-2.1244078458673024e-06
collecting,0.0,0.0,4.712854632085791e-06,2.7388380629084794e-06
collection,0.0,0.0,9.425709264171582e-06,2.7388380629084794e-06
collector,0.0,7.794826824703627e-06,0.0,0.0
college,0.0,3.235145432636643e-06,0.0,5.477676125816959e-06
collins,0.0,0.0,0.0008857095128546858,0.0
collinses,0.0,0.0,3.4065750494410995e-05,0.0
collinss,0.0,0.0,0.00013058537689524213,0.0
colonel,-5.4664714533470935e-06,-2.2584363746883714e-05,-0.00011880615670705113,-5.948341968428446e-05
colonello,0.0,1.5589653649407254e-05,0.0,0.0
colonels,0.0,0.0,0.0,0.0
colonies,0.0,0.0,0.0,1.3198027010414236e-05
colony,0.0,0.0,0.0,1.3198027010414236e-05
color,0.0,6.235861459762902e-05,0.0,0.0
colored,0.0,7.794826824703627e-06,0.0,0.0
colour,0.0,0.0,0.0,0.0
coloured,0.0,0.0,0.0,0.0
colouring,0.0,0.0,1.7032875247205498e-05,0.0
colourless,2.819002973530694e-06,0.0,0.0,2.7388380629084794e-06
colours,1.3584329022938437e-05,0.0,0.0,0.0
column,0.0,5.1762326922186286e-05,0.0,2.4649542566176314e-05
columns,0.0,9.70543629790993e-06,0.0,5.477676125816959e-06
comb,3.3960822557346093e-06,0.0,0.0,0.0
combat,0.0,7.794826824703627e-06,0.0,0.0
combated,0.0,0.0,5.677625082401832e-06,0.0
combed,4.2285044602960405e-06,3.235145432636643e-06,0.0,0.0
combination,0.0,6.470290865273286e-06,0.0,2.7388380629084794e-06
combinations,1.409501486765347e-06,0.0,0.0,2.7388380629084794e-06
combine,0.0,0.0,0.0,6.599013505207118e-06
combined,0.0,0.0,0.0,6.599013505207118e-06
combustion,3.3960822557346093e-06,0.0,0.0,0.0
come,-0.0005236879652306516,-0.0005344966086762479,-0.00017181198046865859,-0.0003420296631846357
comely,0.0,0.0,0.0,6.599013505207118e-06
comer,6.792164511469219e-06,0.0,0.0,0.0
comers,2.819002973530694e-06,0.0,2.3564273160428954e-06,0.0
comes,-2.0772591522718957e-05,-5.0187474993074915e-05,-2.9244592420197205e-05,-3.1866117688009535e-05
cometh,3.3960822557346093e-06,0.0,0.0,0.0
comfort,-2.4052474394727216e-05,-2.509373749653746e-06,-5.6661397814132085e-05,-2.1244078458673024e-06
comfortable,-1.0932942906694186e-06,-2.0074989997229968e-05,-2.1933444315147905e-05,-1.0622039229336513e-05
comfortably,-3.2798828720082563e-06,-2.509373749653746e-06,-3.6555740525246506e-06,-2.1244078458673024e-06
comforted,-6.559765744016513e-06,-5.018747499307492e-06,-1.8277870262623253e-06,-2.1244078458673024e-06
comforting,2.819002973530694e-06,3.235145432636643e-06,0.0,0.0
comfortless,0.0,0.0,5.677625082401832e-06,0.0
comforts,2.819002973530694e-06,0.0,9.425709264171582e-06,0.0
comfy,0.0,7.794826824703627e-06,0.0,0.0
comic,0.0,0.0,0.0,0.0
comical,4.2285044602960405e-06,0.0,0.0,8.216514188725437e-06
coming,-8.74635432535535e-05,-0.00017314678872610849,-0.0001096672215757395,-5.948341968428446e-05
command,-4.3731771626776745e-06,-5.018747499307492e-06,-1.2794509183836277e-05,-8.49763138346921e-06
commanded,0.0,3.235145432636643e-06,4.712854632085791e-06,0.0
commander,0.0,3.235145432636643e-06,0.0,2.7388380629084794e-06
commanding,0.0,0.0,0.0,6.599013505207118e-06
commands,2.819002973530694e-06,0.0,0.0,5.477676125816959e-06
comme,3.3960822557346093e-06,0.0,0.0,0.0
commence,0.0,3.235145432636643e-06,0.0,1.0955352251633918e-05
commenced,1.409501486765347e-06,3.5586599759003076e-05,0.0,0.0
commencement,0.0,0.0,4.712854632085791e-06,5.477676125816959e-06
commendable,0.0,0.0,5.677625082401832e-06,0.0
commendation,0.0,0.0,3.974337557681283e-05,0.0
commendations,0.0,0.0,1.1355250164803664e-05,0.0
commended,0.0,0.0,1.1355250164803664e-05,0.0
comment,0.0,0.0,0.0,6.599013505207118e-06
commented,3.3960822557346093e-06,0.0,0.0,0.0
commenting,0.0,0.0,0.0,6.599013505207118e-06
commerce,0.0,0.0,2.3564273160428954e-06,2.7388380629084794e-06
commercial,6.792164511469219e-06,0.0,0.0,0.0
commiserating,3.3960822557346093e-06,0.0,0.0,0.0
commiseration,0.0,0.0,5.677625082401832e-06,0.0
commissariat,2.7168658045876875e-05,0.0,0.0,0.0
commission,0.0,0.0,0.0,0.0
commissionaire,0.0,0.0,0.0,2.6396054020828473e-05
commissioned,0.0,0.0,5.677625082401832e-06,0.0
commissioning,0.0,0.0,5.677625082401832e-06,0.0
commissions,1.409501486765347e-06,0.0,0.0,2.7388380629084794e-06
commit,0.0,0.0,0.0,0.0
commits,3.3960822557346093e-06,0.0,0.0,0.0
committed,5.638005947061388e-06,0.0,0.0,1.9171866440359353e-05
committing,6.792164511469219e-06,0.0,0.0,0.0
common,-1.8586002941380122e-05,-2.509373749653746e-06,-3.472795349898418e-05,-2.974170984214223e-05
commonest,0.0,0.0,5.677625082401832e-06,0.0
commonly,0.0,0.0,2.3564273160428954e-06,2.7388380629084794e-06
commonplace,7.047507433826735e-06,0.0,0.0,2.1910704503267835e-05
commonplaces,1.409501486765347e-06,0.0,0.0,5.477676125816959e-06
commons,0.0,0.0,0.0,6.599013505207118e-06
commotion,3.3960822557346093e-06,0.0,0.0,0.0
commune,6.792164511469219e-06,0.0,0.0,0.0
communicate,0.0,0.0,0.0,0.0
communicated,0.0,0.0,7.069281948128687e-06,5.477676125816959e-06
communicating,3.3960822557346093e-06,0.0,0.0,0.0
communication,-2.1865885813388372e-06,-2.509373749653746e-06,-1.8277870262623254e-05,-8.49763138346921e-06
communications,0.0,0.0,1.1355250164803664e-05,0.0
communicative,0.0,0.0,0.0,0.0
communicativeness,0.0,0.0,5.677625082401832e-06,0.0
communities,3.3960822557346093e-06,0.0,0.0,0.0
community,1.409501486765347e-05,0.0,0.0,2.7388380629084794e-06
commuting,0.0,0.0,0.0,6.599013505207118e-06
como,0.0,3.897413412351813e-05,0.0,0.0
compact,0.0,7.794826824703627e-06,0.0,0.0
companies,0.0,0.0,0.0,6.599013505207118e-06
companion,0.0,0.0,0.0,0.0
companions,0.0,0.0,0.0,0.0
companionship,3.3960822557346093e-06,0.0,0.0,0.0
company,-1.7492708650710698e-05,-5.018747499307492e-06,-4.021131457777115e-05,-3.611493337974414e-05
companys,0.0,0.0,0.0,6.599013505207118e-06
comparative,0.0,0.0,1.7032875247205498e-05,0.0
comparatively,0.0,0.0,7.069281948128687e-06,5.477676125816959e-06
compare,0.0,0.0,5.677625082401832e-06,0.0
compared,-4.3731771626776745e-06,-2.509373749653746e-06,-7.311148105049301e-06,-4.248815691734605e-06
comparing,0.0,0.0,0.0,0.0
comparison,4.2285044602960405e-06,0.0,3.063355510855764e-05,0.0
comparisons,0.0,0.0,5.677625082401832e-06,0.0
compartment,0.0,5.456378777292539e-05,0.0,0.0
compass,0.0,0.0,0.0,0.0
compasses,0.0,0.0,0.0,6.599013505207118e-06
compassion,1.409501486765347e-05,0.0,3.298998242460054e-05,0.0
compassionate,1.409501486765347e-06,0.0,4.712854632085791e-06,0.0
compassionately,1.0188246767203828e-05,0.0,0.0,0.0
compatible,0.0,0.0,1.1355250164803664e-05,0.0
compatriots,0.0,7.794826824703627e-06,0.0,0.0
compelled,5.638005947061388e-06,0.0,0.0,1.6433028377450875e-05
compels,3.3960822557346093e-06,0.0,0.0,0.0
compensate,1.0188246767203828e-05,0.0,0.0,0.0
compensated,0.0,0.0,0.0,6.599013505207118e-06
compensation,0.0,0.0,5.677625082401832e-06,0.0
competence,0.0,0.0,0.0,6.599013505207118e-06
competent,1.6980411278673048e-05,0.0,0.0,0.0
competition,0.0,0.0,7.069281948128687e-06,2.7388380629084794e-06
complacency,0.0,0.0,2.8388125412009164e-05,0.0
complacent,3.3960822557346093e-06,0.0,0.0,0.0
complain,0.0,0.0,0.0,0.0
complained,0.0,0.0,0.0,0.0
complaining,4.2285044602960405e-06,0.0,2.3564273160428954e-06,0.0
complaint,0.0,0.0,0.0,0.0
complaints,2.819002973530694e-06,0.0,9.425709264171582e-06,0.0
complaisance,0.0,0.0,2.8388125412009164e-05,0.0
complaisant,0.0,0.0,5.677625082401832e-06,0.0
complete,-3.279882872008256e-05,-7.528121248961238e-06,-1.4622296210098602e-05,-2.549289415040763e-05
completed,0.0,0.0,0.0,0.0
completely,-4.373177162677675e-05,-7.528121248961238e-06,-1.2794509183836277e-05,-1.0622039229336513e-05
completeness,3.3960822557346093e-06,0.0,0.0,0.0
completing,0.0,7.794826824703627e-06,0.0,0.0
completion,0.0,0.0,5.677625082401832e-06,0.0
complex,1.409501486765347e-06,0.0,0.0,5.477676125816959e-06
complexion,0.0,0.0,1.649499121230027e-05,2.7388380629084794e-06
compliance,0.0,0.0,2.3564273160428954e-06,2.7388380629084794e-06
complicated,0.0,1.5589653649407254e-05,0.0,0.0
complicates,0.0,0.0,0.0,6.599013505207118e-06
complied,0.0,0.0,2.271050032960733e-05,0.0
compliment,0.0,0.0,0.0,0.0
complimentary,0.0,0.0,0.0,6.599013505207118e-06
complimented,0.0,0.0,7.069281948128687e-06,2.7388380629084794e-06
complimenting,0.0,0.0,5.677625082401832e-06,0.0
compliments,0.0,0.0,2.592070047647185e-05,2.7388380629084794e-06
comply,0.0,0.0,7.069281948128687e-06,2.7388380629084794e-06
complying,0.0,0.0,1.7032875247205498e-05,0.0
compose,0.0,0.0,7.069281948128687e-06,2.7388380629084794e-06
composed,0.0,0.0,0.0,0.0
composedly,0.0,0.0,1.7032875247205498e-05,0.0
composer,0.0,0.0,0.0,6.599013505207118e-06
composition,0.0,0.0,5.677625082401832e-06,0.0
compositor,0.0,0.0,0.0,6.599013505207118e-06
composure,4.2285044602960405e-06,0.0,3.770283705668633e-05,0.0
comprehen,3.3960822557346093e-06,0.0,0.0,0.0
comprehend,1.409501486765347e-06,0.0,4.477211900481501e-05,0.0
comprehended,0.0,0.0,1.7032875247205498e-05,0.0
comprehends,0.0,0.0,5.677625082401832e-06,0.0
comprehensible,6.792164511469219e-06,0.0,0.0,0.0
comprehension,0.0,0.0,5.677625082401832e-06,0.0
comprehensive,0.0,0.0,0.0,6.599013505207118e-06
compress,0.0,0.0,0.0,1.3198027010414236e-05
compressed,4.2285044602960405e-06,0.0,0.0,5.477676125816959e-06
comprise,0.0,0.0,5.677625082401832e-06,0.0
comprised,0.0,0.0,1.1355250164803664e-05,0.0
compromise,0.0,0.0,0.0,6.599013505207118e-06
compromised,0.0,0.0,0.0,0.0
compromises,3.3960822557346093e-06,0.0,0.0,0.0
compromising,0.0,0.0,0.0,1.3198027010414236e-05
compulsory,3.3960822557346093e-06,0.0,0.0,0.0
compunction,0.0,0.0,0.0,1.9797040515621355e-05
comrade,4.2285044602960405e-06,0.0,0.0,2.7388380629084794e-06
comrades,4.2285044602960405e-06,3.235145432636643e-06,0.0,0.0
con,3.3960822557346093e-06,0.0,0.0,0.0
conceal,0.0,0.0,0.0,0.0
concealed,0.0,0.0,0.0,0.0
concealing,4.2285044602960405e-06,0.0,2.3564273160428954e-06,0.0
concealment,0.0,0.0,0.0,0.0
conceals,0.0,0.0,5.677625082401832e-06,0.0
conceit,0.0,0.0,0.0,0.0
conceited,0.0,0.0,0.0,0.0
conceivable,0.0,0.0,0.0,6.599013505207118e-06
conceive,0.0,0.0,7.069281948128687e-06,5.477676125816959e-06
conceived,1.0188246767203828e-05,0.0,0.0,0.0
conceives,0.0,0.0,0.0,6.599013505207118e-06
conceiving,3.3960822557346093e-06,0.0,0.0,0.0
concentrate,0.0,0.0,0.0,0.0
concentrated,0.0,0.0,0.0,0.0
concentration,2.819002973530694e-06,0.0,0.0,2.7388380629084794e-06
conception,0.0,0.0,0.0,0.0
concern,0.0,0.0,0.0,0.0
concerned,0.0,0.0,0.0,0.0
concerning,0.0,0.0,0.0,0.0
concerns,1.409501486765347e-06,0.0,1.8851418528343163e-05,0.0
concert,0.0,0.0,0.0,6.599013505207118e-06
concertina,6.792164511469219e-06,0.0,0.0,0.0
concerto,0.0,0.0,5.677625082401832e-06,0.0
concerts,0.0,0.0,0.0,6.599013505207118e-06
concierge,0.0,1.5589653649407254e-05,0.0,0.0
concierges,0.0,7.794826824703627e-06,0.0,0.0
conciliate,0.0,0.0,5.677625082401832e-06,0.0
conciliating,0.0,0.0,5.677625082401832e-06,0.0
conciliatory,0.0,0.0,5.677625082401832e-06,0.0
concise,0.0,0.0,2.3564273160428954e-06,2.7388380629084794e-06
concisely,0.0,0.0,4.712854632085791e-06,2.7388380629084794e-06
conclude,0.0,0.0,2.8388125412009164e-05,0.0
concluded,0.0,0.0,0.0,0.0
concluding,0.0,0.0,0.0,0.0
conclusion,0.0,0.0,0.0,0.0
conclusions,7.047507433826735e-06,0.0,0.0,2.1910704503267835e-05
conclusive,5.638005947061388e-06,0.0,0.0,5.477676125816959e-06
conclusively,1.0188246767203828e-05,0.0,0.0,0.0
concrete,0.0,7.794826824703627e-06,0.0,0.0
concubine,3.3960822557346093e-06,0.0,0.0,0.0
concurrence,0.0,0.0,1.1355250164803664e-05,0.0
condemn,2.819002973530694e-06,0.0,7.069281948128687e-06,0.0
condemned,0.0,0.0,0.0,0.0
condensed,0.0,7.794826824703627e-06,0.0,0.0
condescend,0.0,0.0,2.3564273160428954e-06,5.477676125816959e-06
condescended,2.819002973530694e-06,0.0,1.1782136580214478e-05,0.0
condescending,1.0188246767203828e-05,0.0,0.0,0.0
condescendingly,0.0,0.0,5.677625082401832e-06,0.0
condescends,0.0,0.0,5.677625082401832e-06,0.0
condescension,1.409501486765347e-06,0.0,1.649499121230027e-05,0.0
condition,-2.295918010405779e-05,-7.528121248961238e-06,-5.483361078786976e-06,-4.248815691734605e-06
conditional,0.0,0.0,5.677625082401832e-06,0.0
conditionally,0.0,0.0,1.1355250164803664e-05,0.0
conditions,0.0,0.0,0.0,0.0
condole,0.0,0.0,1.1355250164803664e-05,0.0
condolence,0.0,0.0,5.677625082401832e-06,0.0
conduct,-7.653060034685932e-06,-2.509373749653746e-06,-4.203910160403348e-05,-1.9119670612805722e-05
conducted,0.0,0.0,4.712854632085791e-06,2.7388380629084794e-06
conducting,2.819002973530694e-06,0.0,0.0,2.7388380629084794e-06
conductor,1.409501486765347e-06,3.235145432636643e-06,0.0,0.0
conegliano,0.0,7.794826824703627e-06,0.0,0.0
confectioners,1.409501486765347e-06,0.0,0.0,2.7388380629084794e-06
confederacy,0.0,0.0,5.677625082401832e-06,0.0
confederate,0.0,0.0,0.0,2.6396054020828473e-05
confederates,0.0,0.0,0.0,6.599013505207118e-06
conference,0.0,0.0,2.271050032960733e-05,0.0
confess,0.0,0.0,0.0,0.0
confessed,0.0,0.0,0.0,0.0
confessing,1.0188246767203828e-05,0.0,0.0,0.0
confession,-1.639941436004128e-05,-5.018747499307492e-06,-5.483361078786976e-06,-8.49763138346921e-06
confessions,3.3960822557346093e-06,0.0,0.0,0.0
confessor,3.3960822557346093e-06,0.0,0.0,0.0
confidant,0.0,0.0,0.0,1.3198027010414236e-05
confidante,0.0,0.0,1.1355250164803664e-05,0.0
confide,0.0,0.0,0.0,0.0
confided,1.409501486765347e-06,0.0,0.0,5.477676125816959e-06
confidence,0.0,0.0,0.0,0.0
confident,2.819002973530694e-06,0.0,7.069281948128687e-06,0.0
confidential,0.0,0.0,2.3564273160428954e-06,5.477676125816959e-06
confidently,4.2285044602960405e-06,0.0,2.3564273160428954e-06,0.0
confiding,0.0,0.0,1.1355250164803664e-05,0.0
confine,0.0,0.0,0.0,1.3198027010414236e-05
confined,0.0,0.0,0.0,0.0
confinement,0.0,0.0,5.677625082401832e-06,0.0
confining,0.0,0.0,0.0,6.599013505207118e-06
confirm,0.0,0.0,0.0,0.0
confirmation,0.0,0.0,2.271050032960733e-05,0.0
confirmed,0.0,0.0,0.0,0.0
confirming,0.0,0.0,1.1355250164803664e-05,0.0
confirms,0.0,0.0,5.677625082401832e-06,0.0
confiscated,0.0,7.794826824703627e-06,0.0,0.0
conflagrations,3.3960822557346093e-06,0.0,0.0,0.0
conflict,1.0188246767203828e-05,0.0,0.0,0.0
confound,1.832351932794951e-05,0.0,0.0,2.7388380629084794e-06
confounded,1.0188246767203828e-05,0.0,0.0,0.0
confront,3.3960822557346093e-06,0.0,0.0,0.0
confronted,2.819002973530694e-06,0.0,0.0,2.7388380629084794e-06
confronting,3.3960822557346093e-06,0.0,0.0,0.0
confuse,1.409501486765347e-06,9.70543629790993e-06,0.0,0.0
confused,0.0,0.0,0.0,0.0
confusing,0.0,2.338448047411088e-05,0.0,0.0
confusion,0.0,0.0,0.0,0.0
congealed,3.3960822557346093e-06,0.0,0.0,0.0
congenial,0.0,0.0,2.3564273160428954e-06,2.7388380629084794e-06
congratulate,-2.1865885813388372e-06,-2.509373749653746e-06,-1.2794509183836277e-05,-8.49763138346921e-06
congratulated,0.0,0.0,4.712854632085791e-06,2.7388380629084794e-06
congratulation,0.0,0.0,5.677625082401832e-06,0.0
congratulations,0.0,0.0,6.813150098882199e-05,0.0
congratulatory,0.0,0.0,5.677625082401832e-06,0.0
conjecture,0.0,0.0,0.0,0.0
conjectured,0.0,0.0,4.712854632085791e-06,8.216514188725437e-06
conjectures,0.0,0.0,2.271050032960733e-05,0.0
conjecturing,0.0,0.0,1.1355250164803664e-05,0.0
conjugal,1.409501486765347e-06,0.0,4.712854632085791e-06,0.0
conjunction,0.0,0.0,0.0,0.0
connect,0.0,0.0,1.1355250164803664e-05,0.0
connected,-1.0932942906694186e-06,-2.509373749653746e-06,-2.5589018367672555e-05,-1.4870854921071116e-05
connection,0.0,0.0,0.0,0.0
connections,1.2685513380888124e-05,0.0,4.477211900481501e-05,0.0
connivance,0.0,0.0,2.3564273160428954e-06,2.7388380629084794e-06
connubial,0.0,0.0,5.677625082401832e-06,0.0
conquer,0.0,0.0,1.1355250164803664e-05,0.0
conquered,0.0,3.235145432636643e-06,2.3564273160428954e-06,0.0
conquest,0.0,0.0,1.7032875247205498e-05,0.0
conscience,-2.1865885813388374e-05,-2.509373749653746e-06,-9.138935131311627e-06,-4.248815691734605e-06
conscientious,1.409501486765347e-06,0.0,2.3564273160428954e-06,0.0
conscientiously,0.0,0.0,0.0,0.0
conscious,-1.967929723204954e-05,-5.018747499307492e-06,-5.483361078786976e-06,-4.248815691734605e-06
consciously,1.0188246767203828e-05,0.0,0.0,0.0
consciousness,-1.4212825778702444e-05,-2.509373749653746e-06,-3.6555740525246506e-06,-8.49763138346921e-06
consent,7.047507433826735e-06,0.0,3.063355510855764e-05,0.0
consented,0.0,0.0,0.0,0.0
consenting,2.819002973530694e-06,0.0,2.3564273160428954e-06,0.0
consequence,0.0,0.0,0.0,0.0
consequences,0.0,0.0,0.0,0.0
consequent,0.0,0.0,5.677625082401832e-06,0.0
consequential,0.0,0.0,2.3564273160428954e-06,2.7388380629084794e-06
consequently,1.409501486765347e-06,0.0,2.3564273160428955e-05,0.0
conservative,6.792164511469219e-06,0.0,0.0,0.0
consider,0.0,0.0,0.0,0.0
considerable,-8.746354325355349e-06,-2.509373749653746e-06,-1.6450083236360926e-05,-4.4612564763213354e-05
considerably,0.0,0.0,0.0,0.0
considerate,3.3960822557346093e-06,0.0,0.0,0.0
considerately,3.3960822557346093e-06,0.0,0.0,0.0
consideration,0.0,0.0,0.0,0.0
considerations,0.0,0.0,2.3564273160428954e-06,2.7388380629084794e-06
considered,0.0,0.0,0.0,0.0
considering,0.0,0.0,0.0,0.0
consign,0.0,0.0,5.677625082401832e-06,0.0
consigned,0.0,0.0,5.677625082401832e-06,0.0
consisted,0.0,0.0,0.0,0.0
consistency,0.0,0.0,5.677625082401832e-06,0.0
consistent,1.409501486765347e-06,0.0,7.069281948128687e-06,0.0
consisting,1.0188246767203828e-05,0.0,0.0,0.0
consists,1.409501486765347e-06,0.0,2.3564273160428954e-06,0.0
consolation,7.047507433826735e-06,0.0,2.3564273160428955e-05,0.0
consolations,3.3960822557346093e-06,0.0,0.0,0.0
consolatory,1.409501486765347e-06,0.0,2.3564273160428954e-06,0.0
console,1.409501486765347e-06,0.0,2.1207845844386058e-05,0.0
consoled,0.0,0.0,0.0,0.0
consoling,1.409501486765347e-06,0.0,7.069281948128687e-06,0.0
conspicuous,0.0,0.0,0.0,0.0
conspirator,6.792164511469219e-06,0.0,0.0,0.0
conspiring,0.0,0.0,0.0,6.599013505207118e-06
constable,2.819002973530694e-06,0.0,0.0,8.216514188725437e-06
constables,0.0,0.0,0.0,1.9797040515621355e-05
constabulary,0.0,0.0,0.0,6.599013505207118e-06
constancy,0.0,0.0,5.677625082401832e-06,0.0
constant,0.0,0.0,6.813150098882199e-05,0.0
constantly,0.0,0.0,0.0,0.0
consternation,0.0,0.0,0.0,0.0
constitute,0.0,0.0,5.677625082401832e-06,0.0
constitutes,6.792164511469219e-06,0.0,0.0,0.0
constitution,0.0,0.0,2.3564273160428954e-06,2.7388380629084794e-06
constrained,4.2285044602960405e-06,0.0,2.3564273160428954e-06,0.0
constraint,1.409501486765347e-06,0.0,0.0,5.477676125816959e-06
constructed,0.0,3.235145432636643e-06,0.0,2.7388380629084794e-06
construction,0.0,0.0,0.0,0.0
construed,0.0,0.0,5.677625082401832e-06,0.0
construing,0.0,0.0,5.677625082401832e-06,0.0
consul,1.409501486765347e-06,1.941087259581986e-05,0.0,0.0
consult,0.0,0.0,0.0,0.0
consultation,2.819002973530694e-06,3.235145432636643e-06,0.0,0.0
consultations,0.0,0.0,0.0,6.599013505207118e-06
consulted,0.0,0.0,0.0,0.0
consulting,0.0,0.0,4.712854632085791e-06,8.216514188725437e-06
consults,0.0,0.0,0.0,6.599013505207118e-06
consumed,0.0,0.0,0.0,6.599013505207118e-06
consuming,0.0,0.0,0.0,6.599013505207118e-06
consumption,3.735690481308071e-05,0.0,0.0,0.0
consumptive,2.7168658045876875e-05,0.0,0.0,0.0
contact,0.0,0.0,0.0,0.0
contain,0.0,0.0,1.4138563896257373e-05,2.7388380629084794e-06
contained,0.0,0.0,0.0,0.0
containing,-1.0932942906694186e-06,-2.509373749653746e-06,-3.6555740525246506e-06,-2.1244078458673024e-06
contains,0.0,0.0,2.3564273160428954e-06,5.477676125816959e-06
contemplated,3.3960822557346093e-06,0.0,0.0,0.0
contemplation,0.0,0.0,0.0,0.0
contemplative,0.0,0.0,0.0,6.599013505207118e-06
contemporary,0.0,7.794826824703627e-06,0.0,0.0
contempt,1.6914017841184162e-05,0.0,2.8277127792514747e-05,0.0
contemptible,5.433731609175375e-05,0.0,0.0,0.0
contemptuous,1.1276011894122775e-05,0.0,0.0,2.7388380629084794e-06
contemptuously,0.0,0.0,0.0,0.0
contend,6.792164511469219e-06,0.0,0.0,0.0
content,1.409501486765347e-06,0.0,2.3564273160428954e-06,0.0
contented,0.0,0.0,0.0,0.0
contention,3.3960822557346093e-06,0.0,0.0,0.0
contentment,0.0,0.0,1.7032875247205498e-05,0.0
contents,0.0,0.0,0.0,0.0
continent,0.0,0.0,0.0,6.599013505207118e-06
continental,0.0,0.0,0.0,6.599013505207118e-06
continents,0.0,0.0,0.0,6.599013505207118e-06
contingencies,3.3960822557346093e-06,0.0,0.0,0.0
continual,1.973302081471486e-05,0.0,7.069281948128687e-06,0.0
continually,0.0,0.0,0.0,0.0
continuance,0.0,0.0,1.7032875247205498e-05,0.0
continue,0.0,0.0,0.0,0.0
continued,0.0,0.0,0.0,0.0
continues,0.0,0.0,0.0,6.599013505207118e-06
continuing,1.409501486765347e-06,0.0,4.712854632085791e-06,0.0
continuous,1.409501486765347e-06,3.235145432636643e-06,0.0,0.0
continuously,0.0,0.0,0.0,6.599013505207118e-06
contorted,1.0188246767203828e-05,0.0,0.0,0.0
contortions,0.0,0.0,0.0,6.599013505207118e-06
contract,1.0188246767203828e-05,0.0,0.0,0.0
contracted,1.409501486765347e-06,0.0,7.069281948128687e-06,0.0
contraction,0.0,0.0,0.0,1.9797040515621355e-05
contractors,3.3960822557346093e-06,0.0,0.0,0.0
contradict,0.0,0.0,0.0,0.0
contradicted,1.409501486765347e-06,0.0,2.3564273160428954e-06,0.0
contradiction,3.3960822557346093e-06,0.0,0.0,0.0
contradictions,0.0,0.0,5.677625082401832e-06,0.0
contradicts,3.3960822557346093e-06,0.0,0.0,0.0
contralto,1.409501486765347e-06,0.0,0.0,2.7388380629084794e-06
contrariety,0.0,0.0,5.677625082401832e-06,0.0
contrariwise,0.0,0.0,5.677625082401832e-06,0.0
contrary,0.0,0.0,0.0,0.0
contrast,0.0,0.0,0.0,0.0
contrasted,0.0,3.235145432636643e-06,2.3564273160428954e-06,0.0
contribute,2.819002973530694e-06,0.0,4.712854632085791e-06,0.0
contributed,0.0,0.0,0.0,0.0
contribution,3.3960822557346093e-06,0.0,0.0,0.0
contrition,0.0,0.0,0.0,6.599013505207118e-06
contrivance,0.0,0.0,2.271050032960733e-05,0.0
contrive,0.0,0.0,1.7032875247205498e-05,0.0
contrived,0.0,0.0,1.7032875247205498e-05,0.0
control,2.1142522301480205e-05,0.0,0.0,1.0955352251633918e-05
controlled,8.457008920592081e-06,0.0,0.0,5.477676125816959e-06
controlling,6.792164511469219e-06,0.0,0.0,0.0
controls,0.0,7.794826824703627e-06,0.0,0.0
controverted,0.0,0.0,5.677625082401832e-06,0.0
conundrums,0.0,0.0,0.0,6.599013505207118e-06
convalescent,0.0,3.117930729881451e-05,0.0,0.0
convalescing,0.0,7.794826824703627e-06,0.0,0.0
convenience,0.0,0.0,0.0,0.0
convenient,0.0,0.0,0.0,0.0
conveniently,1.409501486765347e-06,0.0,0.0,2.7388380629084794e-06
convention,3.3960822557346093e-06,0.0,0.0,0.0
conventional,6.792164511469219e-06,0.0,0.0,0.0
conventionalities,0.0,0.0,0.0,6.599013505207118e-06
conventionally,3.3960822557346093e-06,0.0,0.0,0.0
conventions,0.0,0.0,0.0,6.599013505207118e-06
converging,0.0,7.794826824703627e-06,0.0,0.0
conversation,-6.0131185986818026e-05,-2.509373749653746e-06,-0.00011149500860200183,-2.1244078458673025e-05
conversations,4.2285044602960405e-06,0.0,2.3564273160428954e-06,0.0
converse,0.0,0.0,0.0,0.0
conversed,0.0,0.0,5.677625082401832e-06,0.0
conversible,0.0,0.0,5.677625082401832e-06,0.0
conversing,0.0,0.0,1.7032875247205498e-05,0.0
convert,0.0,0.0,0.0,0.0
converting,0.0,0.0,5.677625082401832e-06,0.0
convey,0.0,0.0,1.1355250164803664e-05,0.0
conveyance,3.3960822557346093e-06,0.0,0.0,0.0
conveyances,3.3960822557346093e-06,0.0,0.0,0.0
conveyed,0.0,0.0,0.0,0.0
conveying,0.0,0.0,5.677625082401832e-06,0.0
convict,1.6980411278673048e-05,0.0,0.0,0.0
conviction,0.0,0.0,0.0,0.0
convictions,4.0752987068815313e-05,0.0,0.0,0.0
convicts,1.3584329022938437e-05,0.0,0.0,0.0
convince,0.0,0.0,0.0,0.0
convinced,0.0,0.0,0.0,0.0
convincing,4.2285044602960405e-06,0.0,0.0,8.216514188725437e-06
convoy,0.0,3.235145432636643e-06,0.0,2.7388380629084794e-06
convulse,0.0,0.0,0.0,6.599013505207118e-06
convulsed,0.0,0.0,0.0,6.599013505207118e-06
convulsion,1.409501486765347e-06,0.0,0.0,2.7388380629084794e-06
convulsions,3.3960822557346093e-06,0.0,0.0,0.0
convulsive,1.409501486765347e-06,0.0,0.0,2.7388380629084794e-06
convulsively,1.0188246767203828e-05,0.0,0.0,0.0
cooee,0.0,0.0,0.0,4.6193094536449825e-05
cook,0.0,0.0,0.0,0.0
cooked,1.409501486765347e-06,4.8527181489549644e-05,0.0,0.0
cookery,0.0,0.0,5.677625082401832e-06,0.0
cooking,1.409501486765347e-06,0.0,0.0,2.7388380629084794e-06
cooks,2.819002973530694e-06,0.0,2.3564273160428954e-06,0.0
cookshop,3.3960822557346093e-06,0.0,0.0,0.0
cool,-5.4664714533470935e-06,-4.0149979994459936e-05,-5.483361078786976e-06,-4.248815691734605e-06
cooler,1.409501486765347e-06,6.470290865273286e-06,0.0,0.0
coolest,0.0,0.0,0.0,6.599013505207118e-06
cooling,0.0,7.794826824703627e-06,0.0,0.0
coolly,1.409501486765347e-06,0.0,9.425709264171582e-06,0.0
coolness,2.819002973530694e-06,0.0,0.0,2.7388380629084794e-06
cooped,0.0,0.0,0.0,6.599013505207118e-06
copeck,1.0188246767203828e-05,0.0,0.0,0.0
copecks,0.00012225896120644596,0.0,0.0,0.0
copied,0.0,0.0,5.677625082401832e-06,0.0
copier,0.0,0.0,0.0,6.599013505207118e-06
copies,3.3960822557346093e-06,0.0,0.0,0.0
copper,0.0,0.0,0.0,0.0
coppers,0.0,0.0,0.0,0.0
coppice,0.0,0.0,5.677625082401832e-06,0.0
copse,1.409501486765347e-06,0.0,9.425709264171582e-06,0.0
copy,0.0,0.0,0.0,0.0
copying,0.0,0.0,0.0,1.3198027010414236e-05
coquetry,0.0,0.0,5.677625082401832e-06,0.0
coquettish,0.0,0.0,0.0,6.599013505207118e-06
cord,0.0,1.941087259581986e-05,0.0,1.3694190314542398e-05
cordial,0.0,3.235145432636643e-06,7.069281948128687e-06,0.0
cordiality,0.0,0.0,2.271050032960733e-05,0.0
cordially,0.0,0.0,7.069281948128687e-06,2.7388380629084794e-06
cork,0.0,3.897413412351813e-05,0.0,0.0
corks,0.0,2.338448047411088e-05,0.0,0.0
corkscrew,0.0,3.117930729881451e-05,0.0,0.0
cormons,0.0,1.5589653649407254e-05,0.0,0.0
corn,1.409501486765347e-06,3.235145432636643e-06,0.0,0.0
corner,-7.653060034685932e-05,-3.0112484995844953e-05,-1.8277870262623253e-06,-6.798105106775368e-05
corners,8.457008920592081e-06,0.0,0.0,5.477676125816959e-06
cornwall,0.0,0.0,0.0,6.599013505207118e-06
coroner,0.0,0.0,0.0,9.898520257810678e-05
coroners,0.0,0.0,0.0,1.9797040515621355e-05
coronet,0.0,0.0,0.0,0.00017157435113538509
corporal,0.0,1.5589653649407254e-05,0.0,0.0
corps,0.0,9.70543629790993e-06,1.4138563896257373e-05,0.0
corpse,1.409501486765347e-06,3.235145432636643e-06,0.0,0.0
corpses,3.3960822557346093e-06,0.0,0.0,0.0
corpulence,3.3960822557346093e-06,0.0,0.0,0.0
correct,0.0,0.0,0.0,0.0
corrected,3.3960822557346093e-06,0.0,0.0,0.0
correction,3.3960822557346093e-06,0.0,0.0,0.0
corrective,3.3960822557346093e-06,0.0,0.0,0.0
correctly,7.047507433826735e-06,0.0,0.0,2.7388380629084794e-06
correspond,0.0,0.0,5.677625082401832e-06,0.0
corresponded,0.0,0.0,0.0,6.599013505207118e-06
correspondence,0.0,0.0,0.0,0.0
correspondent,0.0,0.0,4.712854632085791e-06,5.477676125816959e-06
correspondents,0.0,0.0,5.677625082401832e-06,0.0
corresponds,0.0,0.0,0.0,1.3198027010414236e-05
corridor,0.0,0.0,0.0,0.0
corridors,0.0,0.0,0.0,6.599013505207118e-06
corriere,0.0,1.5589653649407254e-05,0.0,0.0
corroborate,0.0,0.0,0.0,6.599013505207118e-06
corroborated,0.0,0.0,5.677625082401832e-06,0.0
corroboration,0.0,0.0,2.3564273160428954e-06,2.7388380629084794e-06
corruption,1.409501486765347e-06,0.0,2.3564273160428954e-06,0.0
corsica,0.0,7.794826824703627e-06,0.0,0.0
cortina,0.0,7.794826824703627e-06,0.0,0.0
cosmopolitan,0.0,0.0,0.0,1.9797040515621355e-05
cost,-7.653060034685932e-06,-7.528121248961238e-06,-7.311148105049301e-06,-6.373223537601907e-06
costermongers,3.3960822557346093e-06,0.0,0.0,0.0
costers,0.0,0.0,0.0,6.599013505207118e-06
costing,0.0,0.0,5.677625082401832e-06,0.0
costs,5.638005947061388e-06,3.235145432636643e-06,0.0,0.0
costume,1.409501486765347e-06,0.0,0.0,8.216514188725437e-06
costumes,3.3960822557346093e-06,0.0,0.0,0.0
cosy,0.0,0.0,0.0,6.599013505207118e-06
cot,0.0,7.794826824703627e-06,0.0,0.0
cottage,3.3960822557346093e-06,0.0,0.0,0.0
cottagers,0.0,0.0,5.677625082401832e-06,0.0
cotton,9.86651040735743e-06,0.0,0.0,2.7388380629084794e-06
couch,0.0,0.0,0.0,3.299506752603559e-05
cough,-4.2638477336107334e-05,-7.528121248961238e-06,-3.6555740525246506e-06,-2.1244078458673024e-06
coughed,6.792164511469219e-06,0.0,0.0,0.0
coughing,1.1276011894122775e-05,0.0,2.3564273160428954e-06,0.0
coughs,0.0,0.0,5.677625082401832e-06,0.0
could,-0.0005422739681720317,-0.0006725121649072039,-0.0009541048277089338,-0.0006075806439180485
couldnt,0.0,0.0,0.0,0.0
councillor,3.3960822557346093e-06,0.0,0.0,0.0
councillors,3.3960822557346093e-06,0.0,0.0,0.0
counsel,1.409501486765347e-06,0.0,0.0,2.7388380629084794e-06
counsellor,5.638005947061388e-06,0.0,0.0,2.7388380629084794e-06
count,0.0,0.0,0.0,0.0
counted,0.0,0.0,0.0,0.0
countenance,7.047507433826735e-06,0.0,7.069281948128686e-05,0.0
counter,5.638005947061388e-06,1.941087259581986e-05,0.0,0.0
counteract,0.0,0.0,5.677625082401832e-06,0.0
counteracted,0.0,0.0,1.1355250164803664e-05,0.0
counterbalance,0.0,0.0,5.677625082401832e-06,0.0
counterpaned,0.0,0.0,0.0,6.599013505207118e-06
counterpart,0.0,0.0,5.677625082401832e-06,0.0
countess,1.409501486765347e-06,0.0,0.0,2.1910704503267835e-05
counties,0.0,0.0,0.0,1.3198027010414236e-05
counting,7.047507433826735e-06,0.0,2.3564273160428954e-06,0.0
country,-2.623906297606605e-05,-0.00011041244498476483,-7.493926807675534e-05,-7.435427460535559e-05
countryman,0.0,0.0,0.0,6.599013505207118e-06
countrymen,0.0,1.5589653649407254e-05,0.0,0.0
countryside,0.0,3.235145432636643e-06,0.0,5.477676125816959e-06
countrywomen,0.0,7.794826824703627e-06,0.0,0.0
counts,0.0,0.0,0.0,6.599013505207118e-06
county,0.0,0.0,1.4138563896257373e-05,1.6433028377450875e-05
coup,0.0,7.794826824703627e-06,0.0,0.0
couple,-1.2026237197363608e-05,-2.2584363746883714e-05,-1.4622296210098602e-05,-2.3368486304540325e-05
coupled,0.0,0.0,0.0,6.599013505207118e-06
couples,0.0,0.0,2.3564273160428954e-06,2.7388380629084794e-06
coupling,0.0,7.794826824703627e-06,0.0,0.0
courage,-4.3731771626776745e-06,-5.018747499307492e-06,-2.1933444315147905e-05,-2.1244078458673024e-06
courier,0.0,0.0,5.677625082401832e-06,0.0
course,-0.00018367344083246233,-8.531870748822736e-05,-8.590599023432929e-05,-0.00012534006290617085
courses,1.409501486765347e-06,0.0,7.069281948128687e-06,0.0
court,-1.2026237197363608e-05,-7.528121248961238e-06,-7.311148105049301e-06,-4.036374907147875e-05
courted,0.0,0.0,1.1355250164803664e-05,0.0
courteous,0.0,0.0,0.0,0.0
courteously,6.792164511469219e-06,0.0,0.0,0.0
courtesied,0.0,0.0,5.677625082401832e-06,0.0
courtesy,0.0,0.0,0.0,0.0
courtier,0.0,0.0,5.677625082401832e-06,0.0
courting,0.0,0.0,5.677625082401832e-06,0.0
courts,3.3960822557346093e-06,0.0,0.0,0.0
courtship,1.409501486765347e-06,0.0,4.712854632085791e-06,0.0
courtyard,5.638005947061388e-06,1.941087259581986e-05,0.0,0.0
courtyards,6.792164511469219e-06,0.0,0.0,0.0
cousin,-1.0932942906694186e-06,-7.528121248961238e-06,-7.493926807675534e-05,-6.373223537601907e-06
cousins,0.0,0.0,4.477211900481501e-05,2.7388380629084794e-06
cova,0.0,4.676896094822176e-05,0.0,0.0
covent,0.0,0.0,0.0,1.9797040515621355e-05
coventry,0.0,0.0,0.0,6.599013505207118e-06
cover,0.0,0.0,0.0,0.0
covered,-2.842565155740489e-05,-4.0149979994459936e-05,-3.6555740525246506e-06,-2.3368486304540325e-05
covering,2.819002973530694e-06,0.0,4.712854632085791e-06,0.0
coverlet,0.0,1.5589653649407254e-05,0.0,0.0
covers,1.409501486765347e-06,3.235145432636643e-06,0.0,0.0
coveys,0.0,0.0,5.677625082401832e-06,0.0
cow,3.3960822557346093e-06,0.0,0.0,0.0
coward,5.638005947061388e-06,6.470290865273286e-06,0.0,0.0
cowardice,1.3584329022938437e-05,0.0,0.0,0.0
cowardly,1.0188246767203828e-05,0.0,0.0,0.0
cowards,1.409501486765347e-06,3.235145432636643e-06,0.0,0.0
cows,0.0,0.0,5.677625082401832e-06,0.0
cowshed,3.3960822557346093e-06,0.0,0.0,0.0
coxcombs,3.3960822557346093e-06,0.0,0.0,0.0
crab,1.409501486765347e-06,0.0,0.0,2.7388380629084794e-06
crabs,0.0,7.794826824703627e-06,0.0,0.0
crack,0.0,0.0,0.0,0.0
cracked,0.0,0.0,0.0,0.0
crackers,0.0,7.794826824703627e-06,0.0,0.0
cracking,1.0188246767203828e-05,0.0,0.0,0.0
crackled,0.0,7.794826824703627e-06,0.0,0.0
crackling,0.0,0.0,0.0,1.9797040515621355e-05
cracks,0.0,0.0,0.0,1.3198027010414236e-05
cradle,0.0,7.794826824703627e-06,0.0,0.0
cradles,0.0,0.0,5.677625082401832e-06,0.0
crafty,6.792164511469219e-06,0.0,0.0,0.0
craggy,0.0,0.0,0.0,6.599013505207118e-06
crammed,0.0,0.0,5.677625082401832e-06,0.0
cramp,3.3960822557346093e-06,0.0,0.0,0.0
cramped,1.3584329022938437e-05,0.0,0.0,0.0
cramping,3.3960822557346093e-06,0.0,0.0,0.0
cramps,0.0,7.794826824703627e-06,0.0,0.0
crane,0.0,0.0,0.0,6.599013505207118e-06
cranky,0.0,7.794826824703627e-06,0.0,0.0
crash,1.409501486765347e-06,0.0,0.0,5.477676125816959e-06
crashing,3.3960822557346093e-06,0.0,0.0,0.0
crate,0.0,0.0,0.0,1.9797040515621355e-05
crates,0.0,0.0,0.0,6.599013505207118e-06
cravat,2.819002973530694e-06,0.0,0.0,5.477676125816959e-06
cravats,0.0,0.0,0.0,6.599013505207118e-06
craved,3.3960822557346093e-06,0.0,0.0,0.0
craving,1.0188246767203828e-05,0.0,0.0,0.0
crawl,0.0,0.0,0.0,1.3198027010414236e-05
crawled,0.0,9.70543629790993e-06,0.0,2.7388380629084794e-06
crawling,3.3960822557346093e-06,0.0,0.0,0.0
crayons,0.0,0.0,5.677625082401832e-06,0.0
crazed,3.3960822557346093e-06,0.0,0.0,0.0
crazy,1.6914017841184162e-05,8.087863581591608e-05,0.0,0.0
creaking,0.0,0.0,0.0,6.599013505207118e-06
cream,2.819002973530694e-06,0.0,0.0,8.216514188725437e-06
creases,0.0,0.0,0.0,1.9797040515621355e-05
create,0.0,7.794826824703627e-06,0.0,0.0
created,-3.2798828720082563e-06,-2.509373749653746e-06,-9.138935131311627e-06,-2.1244078458673024e-06
creation,1.3584329022938437e-05,0.0,0.0,0.0
creative,0.0,0.0,5.677625082401832e-06,0.0
creator,3.3960822557346093e-06,0.0,0.0,0.0
creature,0.0,0.0,0.0,0.0
creatures,0.0,0.0,0.0,0.0
credit,0.0,0.0,0.0,0.0
creditable,0.0,0.0,4.712854632085791e-06,2.7388380629084794e-06
creditably,0.0,0.0,5.677625082401832e-06,0.0
creditor,1.409501486765347e-06,0.0,0.0,2.7388380629084794e-06
creditors,0.0,0.0,1.1355250164803664e-05,0.0
credulous,3.3960822557346093e-06,0.0,0.0,0.0
creed,3.3960822557346093e-06,0.0,0.0,0.0
creep,6.792164511469219e-06,0.0,0.0,0.0
creeping,0.0,0.0,0.0,6.599013505207118e-06
crept,1.0188246767203828e-05,0.0,0.0,0.0
crest,0.0,0.0,0.0,0.0
crestfallen,3.3960822557346093e-06,0.0,0.0,0.0
crevez,3.3960822557346093e-06,0.0,0.0,0.0
crew,0.0,7.794826824703627e-06,0.0,0.0
crewe,0.0,0.0,0.0,6.599013505207118e-06
crib,0.0,0.0,0.0,1.3198027010414236e-05
cried,-0.00026348392405132993,-2.0074989997229968e-05,-0.00016632861938987157,-0.00014445973351897656
criers,3.3960822557346093e-06,0.0,0.0,0.0
cries,5.638005947061388e-06,0.0,0.0,2.7388380629084794e-06
crime,0.0,0.0,0.0,0.0
crimes,7.047507433826735e-06,0.0,0.0,1.0955352251633918e-05
criminal,0.0,0.0,0.0,0.0
criminality,3.3960822557346093e-06,0.0,0.0,0.0
criminals,0.0,0.0,0.0,0.0
crimson,3.056474030161149e-05,0.0,0.0,0.0
crimsoned,6.792164511469219e-06,0.0,0.0,0.0
cringe,0.0,0.0,0.0,6.599013505207118e-06
cringing,1.409501486765347e-06,0.0,0.0,2.7388380629084794e-06
crinkled,0.0,0.0,0.0,6.599013505207118e-06
crinoline,1.0188246767203828e-05,0.0,0.0,0.0
cripple,0.0,0.0,0.0,3.299506752603559e-05
crippled,1.409501486765347e-06,0.0,0.0,2.7388380629084794e-06
crisis,1.409501486765347e-06,0.0,0.0,5.477676125816959e-06
crisp,0.0,0.0,0.0,1.9797040515621355e-05
crisply,0.0,0.0,0.0,6.599013505207118e-06
cristal,2.0376493534407657e-05,0.0,0.0,0.0
critical,0.0,0.0,5.677625082401832e-06,0.0
criticise,1.409501486765347e-06,0.0,2.3564273160428954e-06,0.0
criticised,3.3960822557346093e-06,0.0,0.0,0.0
criticism,1.3584329022938437e-05,0.0,0.0,0.0
criticisms,0.0,0.0,5.677625082401832e-06,0.0
croak,3.3960822557346093e-06,0.0,0.0,0.0
croatians,0.0,7.794826824703627e-06,0.0,0.0
croats,0.0,7.794826824703627e-06,0.0,0.0
crockery,6.792164511469219e-06,0.0,0.0,0.0
crocuses,0.0,0.0,0.0,6.599013505207118e-06
crony,0.0,0.0,0.0,6.599013505207118e-06
crooked,1.409501486765347e-06,1.2940581730546572e-05,0.0,0.0
crop,0.0,0.0,0.0,0.0
crops,0.0,7.794826824703627e-06,0.0,0.0
cross,-3.170553442941315e-05,-5.0187474993074915e-05,-7.311148105049301e-06,-2.1244078458673025e-05
crossed,-1.967929723204954e-05,-5.7715596242036164e-05,-9.138935131311627e-06,-8.49763138346921e-06
crosses,7.047507433826735e-06,3.235145432636643e-06,0.0,0.0
crossing,0.0,0.0,0.0,0.0
crouched,0.0,0.0,0.0,0.0
crouching,0.0,7.794826824703627e-06,0.0,0.0
crowbar,6.792164511469219e-06,0.0,0.0,0.0
crowd,-6.122448027748745e-05,-1.0037494998614984e-05,-1.8277870262623253e-06,-1.4870854921071116e-05
crowded,-1.0932942906694187e-05,-1.2546868748268729e-05,-5.483361078786976e-06,-8.49763138346921e-06
crowder,0.0,0.0,0.0,1.9797040515621355e-05
crowding,2.819002973530694e-06,3.235145432636643e-06,0.0,0.0
crowds,1.6980411278673048e-05,0.0,0.0,0.0
crowell,0.0,9.353792189644353e-05,0.0,0.0
crowells,0.0,1.5589653649407254e-05,0.0,0.0
crowing,0.0,7.794826824703627e-06,0.0,0.0
crown,-2.1865885813388372e-06,-2.509373749653746e-06,-1.8277870262623253e-06,-1.2746447075203814e-05
crowned,2.819002973530694e-06,0.0,2.3564273160428954e-06,0.0
crowns,0.0,0.0,0.0,6.599013505207118e-06
crows,3.3960822557346093e-06,0.0,0.0,0.0
croyant,0.0,7.794826824703627e-06,0.0,0.0
crucial,0.0,0.0,0.0,6.599013505207118e-06
crucified,1.0188246767203828e-05,0.0,0.0,0.0
crucify,6.792164511469219e-06,0.0,0.0,0.0
crude,2.819002973530694e-06,0.0,0.0,2.7388380629084794e-06
crudest,1.409501486765347e-06,0.0,0.0,2.7388380629084794e-06
cruel,0.0,0.0,0.0,0.0
cruelly,0.0,0.0,0.0,0.0
cruelty,0.0,0.0,0.0,0.0
crueltys,0.0,0.0,0.0,6.599013505207118e-06
crumbly,0.0,0.0,0.0,6.599013505207118e-06
crumpled,2.819002973530694e-06,0.0,0.0,8.216514188725437e-06
crush,2.0376493534407657e-05,0.0,0.0,0.0
crushed,0.0,0.0,0.0,0.0
crushing,0.0,0.0,0.0,0.0
crust,8.457008920592081e-06,0.0,0.0,2.7388380629084794e-06
crusted,0.0,3.235145432636643e-06,0.0,2.7388380629084794e-06
crutches,1.409501486765347e-06,2.2646018028456504e-05,0.0,0.0
cry,-2.951894584807431e-05,-2.5093737496537457e-05,-1.8277870262623253e-06,-5.948341968428446e-05
crying,-3.389212301075198e-05,-3.513123249515245e-05,-3.6555740525246506e-06,-2.1244078458673024e-06
crystal,0.0,7.794826824703627e-06,0.0,0.0
crystallised,0.0,0.0,0.0,6.599013505207118e-06
crystals,0.0,3.235145432636643e-06,0.0,2.7388380629084794e-06
cub,0.0,0.0,0.0,6.599013505207118e-06
cubic,0.0,0.0,0.0,6.599013505207118e-06
cuckoos,3.3960822557346093e-06,0.0,0.0,0.0
cucumber,2.819002973530694e-06,0.0,2.3564273160428954e-06,0.0
cucumbers,3.3960822557346093e-06,0.0,0.0,0.0
cuddle,0.0,7.794826824703627e-06,0.0,0.0
cudgelled,0.0,0.0,0.0,6.599013505207118e-06
cue,3.3960822557346093e-06,0.0,0.0,0.0
cuff,0.0,0.0,0.0,1.3198027010414236e-05
cuffs,1.0188246767203828e-05,0.0,0.0,0.0
culprit,0.0,0.0,2.3564273160428954e-06,5.477676125816959e-06
cultivated,1.3584329022938437e-05,0.0,0.0,0.0
cultivation,0.0,0.0,5.677625082401832e-06,0.0
culture,4.2285044602960405e-06,3.235145432636643e-06,0.0,0.0
cultured,0.0,0.0,0.0,6.599013505207118e-06
cumbrous,0.0,0.0,0.0,6.599013505207118e-06
cunning,0.0,0.0,0.0,0.0
cunningham,0.0,7.794826824703627e-06,0.0,0.0
cup,-9.83964861602477e-06,-2.0074989997229968e-05,-1.8277870262623253e-06,-1.2746447075203814e-05
cupboard,1.2685513380888124e-05,0.0,0.0,1.0955352251633918e-05
cupboards,3.3960822557346093e-06,0.0,0.0,0.0
cupola,6.792164511469219e-06,0.0,0.0,0.0
cupped,0.0,7.794826824703627e-06,0.0,0.0
cups,6.792164511469219e-06,0.0,0.0,0.0
curb,0.0,3.235145432636643e-06,0.0,2.7388380629084794e-06
cure,-4.3731771626776745e-06,-2.509373749653746e-06,-1.8277870262623253e-06,-2.1244078458673024e-06
cured,1.409501486765347e-06,0.0,0.0,2.7388380629084794e-06
curing,6.792164511469219e-06,0.0,0.0,0.0
curiosities,0.0,0.0,5.677625082401832e-06,0.0
curiosity,0.0,0.0,0.0,0.0
curious,0.0,0.0,0.0,0.0
curiously,2.0376493534407657e-05,0.0,0.0,0.0
curled,5.638005947061388e-06,0.0,0.0,1.6433028377450875e-05
curling,0.0,0.0,0.0,1.9797040515621355e-05
curls,6.792164511469219e-06,0.0,0.0,0.0
curly,4.2285044602960405e-06,0.0,0.0,2.7388380629084794e-06
current,0.0,0.0,0.0,0.0
currently,0.0,0.0,0.0,6.599013505207118e-06
curricle,0.0,0.0,1.1355250164803664e-05,0.0
curse,5.638005947061388e-06,0.0,0.0,2.7388380629084794e-06
cursed,5.638005947061388e-06,0.0,0.0,2.7388380629084794e-06
curses,0.0,0.0,0.0,0.0
cursing,5.638005947061388e-06,3.235145432636643e-06,0.0,0.0
curt,0.0,0.0,0.0,1.3198027010414236e-05
curtailed,0.0,0.0,5.677625082401832e-06,0.0
curtain,0.0,0.0,0.0,0.0
curtains,0.0,0.0,0.0,0.0
curtseys,3.3960822557346093e-06,0.0,0.0,0.0
curtsied,6.792164511469219e-06,0.0,0.0,0.0
curtsy,6.792164511469219e-06,0.0,0.0,0.0
curtsying,6.792164511469219e-06,0.0,0.0,0.0
curve,0.0,0.0,0.0,0.0
curved,0.0,1.5589653649407254e-05,0.0,0.0
curves,0.0,0.0,0.0,6.599013505207118e-06
curving,0.0,0.0,0.0,6.599013505207118e-06
cusack,0.0,0.0,0.0,1.9797040515621355e-05
cushion,0.0,0.0,0.0,6.599013505207118e-06
cushioned,0.0,3.235145432636643e-06,0.0,2.7388380629084794e-06
cushions,0.0,0.0,0.0,6.599013505207118e-06
custody,0.0,0.0,2.3564273160428954e-06,8.216514188725437e-06
custom,0.0,0.0,0.0,0.0
customary,0.0,0.0,0.0,6.599013505207118e-06
customer,0.0,0.0,0.0,6.599013505207118e-06
customers,2.819002973530694e-06,3.235145432636643e-06,0.0,0.0
customs,0.0,1.5589653649407254e-05,0.0,0.0
cut,0.0,0.0,0.0,0.0
cuts,0.0,0.0,0.0,0.0
cutting,0.0,0.0,0.0,0.0
cuttings,0.0,0.0,0.0,6.599013505207118e-06
cuvier,0.0,0.0,0.0,6.599013505207118e-06
cyclists,0.0,7.794826824703627e-06,0.0,0.0
cylinder,0.0,6.470290865273286e-06,0.0,2.7388380629084794e-06
cylinders,0.0,3.235145432636643e-06,0.0,5.477676125816959e-06
cynic,1.0188246767203828e-05,0.0,0.0,0.0
cynical,2.819002973530694e-06,0.0,0.0,2.7388380629084794e-06
cynicism,1.409501486765347e-06,3.235145432636643e-06,0.0,0.0
cypress,6.792164511469219e-06,0.0,0.0,0.0
cypresses,0.0,7.794826824703627e-06,0.0,0.0
cyprus,3.3960822557346093e-06,0.0,0.0,0.0
cyrus,3.3960822557346093e-06,0.0,0.0,0.0
czecho,0.0,7.794826824703627e-06,0.0,0.0
cæsarean,0.0,4.676896094822176e-05,0.0,0.0
célèbres,0.0,0.0,0.0,6.599013505207118e-06
cœur,0.0,0.0,0.0,6.599013505207118e-06
d,0.0,0.0,0.0,0.0
dad,0.0,0.0,0.0,3.959408103124271e-05
dagestan,6.792164511469219e-06,0.0,0.0,0.0
dago,0.0,7.794826824703627e-06,0.0,0.0
daily,0.0,0.0,7.069281948128687e-06,8.216514188725437e-06
daintiest,0.0,0.0,0.0,6.599013505207118e-06
daintily,3.3960822557346093e-06,0.0,0.0,0.0
dainty,3.3960822557346093e-06,0.0,0.0,0.0
damages,3.3960822557346093e-06,0.0,0.0,0.0
dame,3.3960822557346093e-06,0.0,0.0,0.0
dames,1.0188246767203828e-05,0.0,0.0,0.0
damn,2.9599531222072284e-05,1.6175727163183214e-05,0.0,0.0
damnable,6.792164511469219e-06,0.0,0.0,0.0
damnation,6.792164511469219e-06,0.0,0.0,0.0
damned,7.047507433826735e-06,2.2646018028456504e-05,0.0,0.0
damning,0.0,0.0,0.0,1.3198027010414236e-05
damp,-9.83964861602477e-06,-5.018747499307492e-06,-1.8277870262623253e-06,-6.373223537601907e-06
dampezzo,0.0,7.794826824703627e-06,0.0,0.0
dampness,3.3960822557346093e-06,0.0,0.0,0.0
damsels,3.3960822557346093e-06,0.0,0.0,0.0
dance,1.6914017841184162e-05,0.0,7.540567411337265e-05,0.0
danced,9.86651040735743e-06,0.0,3.063355510855764e-05,0.0
dances,1.409501486765347e-06,0.0,2.592070047647185e-05,0.0
dancing,0.0,0.0,0.0,0.0
dandling,3.3960822557346093e-06,0.0,0.0,0.0
dandy,1.6980411278673048e-05,0.0,0.0,0.0
dane,0.0,0.0,0.0,6.599013505207118e-06
danger,-1.2026237197363608e-05,-3.0112484995844953e-05,-3.472795349898418e-05,-4.4612564763213354e-05
dangerous,-1.0932942906694187e-05,-1.2546868748268729e-05,-1.8277870262623253e-06,-1.2746447075203814e-05
dangerously,0.0,0.0,0.0,6.599013505207118e-06
dangers,0.0,0.0,0.0,1.3198027010414236e-05
dangling,0.0,0.0,0.0,1.9797040515621355e-05
dank,0.0,0.0,0.0,1.3198027010414236e-05
danke,3.3960822557346093e-06,0.0,0.0,0.0
danseuse,0.0,0.0,0.0,6.599013505207118e-06
darcy,0.0,0.0,0.0021177541557358833,0.0
darcys,0.0,0.0,0.0002498155036256806,0.0
dare,0.0,0.0,0.0,0.0
dared,0.0,0.0,0.0,0.0
darent,6.792164511469219e-06,0.0,0.0,0.0
dares,6.792164511469219e-06,0.0,0.0,0.0
daresay,0.0,0.0,0.0,0.0
dargento,0.0,7.794826824703627e-06,0.0,0.0
daring,0.0,0.0,0.0,0.0
dark,-5.466471453347094e-05,-0.00022835301121849089,-3.6555740525246506e-06,-8.49763138346921e-05
darkened,0.0,0.0,0.0,6.599013505207118e-06
darkening,2.819002973530694e-06,3.235145432636643e-06,0.0,0.0
darker,4.2285044602960405e-06,0.0,0.0,5.477676125816959e-06
darkness,0.0,0.0,0.0,0.0
darling,0.0,0.0,0.0,0.0
darlings,0.0,7.794826824703627e-06,0.0,0.0
darlington,0.0,0.0,0.0,6.599013505207118e-06
darn,3.3960822557346093e-06,0.0,0.0,0.0
darning,3.3960822557346093e-06,0.0,0.0,0.0
dart,3.3960822557346093e-06,0.0,0.0,0.0
darted,7.047507433826735e-06,0.0,0.0,2.7388380629084794e-06
darting,0.0,0.0,2.3564273160428954e-06,2.7388380629084794e-06
darwinian,3.3960822557346093e-06,0.0,0.0,0.0
darya,1.3584329022938437e-05,0.0,0.0,0.0
dash,0.0,0.0,0.0,1.3198027010414236e-05
dashed,5.638005947061388e-06,0.0,0.0,2.1910704503267835e-05
dashes,3.3960822557346093e-06,0.0,0.0,0.0
dashing,0.0,0.0,0.0,1.3198027010414236e-05
data,1.409501486765347e-06,0.0,0.0,2.7388380629084796e-05
date,0.0,0.0,0.0,0.0
dated,0.0,0.0,0.0,0.0
dates,0.0,9.70543629790993e-06,0.0,1.0955352251633918e-05
daubing,0.0,0.0,0.0,6.599013505207118e-06
daughter,0.0,0.0,0.0,0.0
daughters,0.0,0.0,0.0,0.0
dawdled,0.0,0.0,5.677625082401832e-06,0.0
dawdling,0.0,0.0,0.0,6.599013505207118e-06
dawn,1.409501486765347e-06,0.0,0.0,2.7388380629084794e-06
dawned,3.3960822557346093e-06,0.0,0.0,0.0
dawson,0.0,0.0,5.677625082401832e-06,0.0
day,-0.00031158887284078436,-0.00013299680873164854,-0.00025771797070298785,-0.00022518723166193406
daybreak,2.0376493534407657e-05,0.0,0.0,0.0
daylight,0.0,0.0,0.0,0.0
days,-8.19970718002064e-05,-4.516872749376743e-05,-6.397254591918138e-05,-8.922512952642671e-05
daytime,0.0,0.0,0.0,0.0
dazed,1.409501486765347e-06,0.0,0.0,8.216514188725437e-06
dazzling,1.409501486765347e-06,0.0,2.3564273160428954e-06,0.0
de,-1.3119531488033025e-05,-1.2546868748268729e-05,-7.128369402423068e-05,-1.0622039229336513e-05
dead,-5.0291537370793266e-05,-8.280933373857361e-05,-9.138935131311627e-06,-4.036374907147875e-05
deaden,0.0,0.0,5.677625082401832e-06,0.0
deadliest,0.0,0.0,0.0,1.3198027010414236e-05
deadly,0.0,0.0,0.0,0.0
deaf,1.3584329022938437e-05,0.0,0.0,0.0
deal,-6.231777456815687e-05,-1.2546868748268729e-05,-6.214475889291907e-05,-3.1866117688009535e-05
dealer,3.3960822557346093e-06,0.0,0.0,0.0
dealers,0.0,0.0,0.0,1.3198027010414236e-05
dealing,0.0,0.0,0.0,0.0
dealings,1.409501486765347e-06,0.0,0.0,2.7388380629084794e-06
dealt,1.0188246767203828e-05,0.0,0.0,0.0
dear,-8.309036609087583e-05,-5.5206222492382414e-05,-0.00028696256312318505,-0.00011896683936856893
dearest,0.0,0.0,0.0,0.0
dearly,0.0,0.0,0.0,0.0
death,-5.466471453347094e-05,-1.2546868748268729e-05,-1.4622296210098602e-05,-6.373223537601907e-05
deathbeds,0.0,0.0,0.0,6.599013505207118e-06
deathly,3.3960822557346093e-06,0.0,0.0,0.0
deaths,0.0,6.470290865273286e-06,0.0,8.216514188725437e-06
debate,6.792164511469219e-06,0.0,0.0,0.0
debauchery,3.3960822557346093e-06,0.0,0.0,0.0
debt,0.0,0.0,0.0,0.0
debtors,6.792164511469219e-06,0.0,0.0,0.0
debts,0.0,0.0,0.0,0.0
decamped,3.3960822557346093e-06,0.0,0.0,0.0
decamping,0.0,0.0,5.677625082401832e-06,0.0
decanter,6.792164511469219e-06,0.0,0.0,0.0
decay,3.3960822557346093e-06,0.0,0.0,0.0
decease,0.0,0.0,1.7032875247205498e-05,0.0
deceased,1.409501486765347e-06,0.0,0.0,1.0955352251633918e-05
deceitful,1.409501486765347e-06,0.0,4.712854632085791e-06,0.0
deceive,0.0,0.0,0.0,0.0
deceived,0.0,0.0,0.0,0.0
deceives,0.0,0.0,5.677625082401832e-06,0.0
deceiving,1.409501486765347e-06,0.0,2.3564273160428954e-06,0.0
december,0.0,0.0,0.0,1.3198027010414236e-05
decency,0.0,0.0,1.1355250164803664e-05,0.0
decent,7.047507433826735e-06,0.0,7.069281948128687e-06,0.0
decently,6.792164511469219e-06,0.0,0.0,0.0
deception,0.0,0.0,0.0,0.0
deceptive,0.0,0.0,0.0,6.599013505207118e-06
decide,0.0,0.0,0.0,0.0
decided,-3.935859446409908e-05,-1.5056242497922477e-05,-2.0105657288885576e-05,-2.1244078458673024e-06
decidedly,0.0,0.0,9.425709264171582e-06,5.477676125816959e-06
deciding,0.0,0.0,5.677625082401832e-06,0.0
decision,1.973302081471486e-05,0.0,0.0,2.7388380629084794e-06
decisions,4.2285044602960405e-06,0.0,2.3564273160428954e-06,0.0
decisive,7.047507433826735e-06,0.0,4.712854632085791e-06,0.0
decisively,3.3960822557346093e-06,0.0,0.0,0.0
deck,3.3960822557346093e-06,0.0,0.0,0.0
decked,1.409501486765347e-06,0.0,2.3564273160428954e-06,0.0
decking,3.3960822557346093e-06,0.0,0.0,0.0
declaim,3.3960822557346093e-06,0.0,0.0,0.0
declaimed,3.3960822557346093e-06,0.0,0.0,0.0
declaration,4.2285044602960405e-06,0.0,1.1782136580214478e-05,0.0
declare,0.0,0.0,0.0,0.0
declared,-2.5145768685396633e-05,-7.528121248961238e-06,-2.7416805393934876e-05,-6.373223537601907e-06
declares,0.0,3.235145432636643e-06,2.3564273160428954e-06,0.0
declaring,2.819002973530694e-06,0.0,2.3564273160428954e-06,0.0
decline,0.0,0.0,4.712854632085791e-06,8.216514188725437e-06
declined,0.0,0.0,3.4065750494410995e-05,0.0
decorated,0.0,0.0,0.0,0.0
decoration,6.792164511469219e-06,0.0,0.0,0.0
decorations,0.0,2.338448047411088e-05,0.0,0.0
decorous,3.3960822557346093e-06,0.0,0.0,0.0
decorously,3.3960822557346093e-06,0.0,0.0,0.0
decorum,0.0,0.0,2.271050032960733e-05,0.0
decorums,0.0,0.0,5.677625082401832e-06,0.0
decoy,3.3960822557346093e-06,0.0,0.0,0.0
decoyed,0.0,0.0,0.0,1.9797040515621355e-05
decree,3.3960822557346093e-06,0.0,0.0,0.0
decrepit,4.2285044602960405e-06,0.0,0.0,2.7388380629084794e-06
decrepitude,0.0,0.0,0.0,6.599013505207118e-06
deduce,0.0,0.0,0.0,8.578717556769254e-05
deduced,0.0,0.0,0.0,0.0
deducted,3.3960822557346093e-06,0.0,0.0,0.0
deduction,2.819002973530694e-06,0.0,0.0,1.6433028377450875e-05
deductions,0.0,0.0,0.0,2.6396054020828473e-05
deductive,0.0,0.0,0.0,6.599013505207118e-06
deed,2.819002973530694e-06,0.0,0.0,1.3694190314542398e-05
deeds,1.1276011894122775e-05,0.0,0.0,2.7388380629084794e-06
deemed,0.0,0.0,5.677625082401832e-06,0.0
deep,-2.623906297606605e-05,-2.7603111246191207e-05,-1.2794509183836277e-05,-5.523460399254986e-05
deepened,0.0,7.794826824703627e-06,0.0,0.0
deeper,0.0,0.0,0.0,0.0
deepest,0.0,0.0,0.0,0.0
deeply,-7.653060034685932e-06,-1.0037494998614984e-05,-9.138935131311627e-06,-2.549289415040763e-05
default,0.0,0.0,5.677625082401832e-06,0.0
defeat,0.0,3.897413412351813e-05,0.0,0.0
defeated,0.0,3.235145432636643e-06,0.0,2.7388380629084794e-06
defect,0.0,0.0,9.425709264171582e-06,2.7388380629084794e-06
defection,0.0,0.0,5.677625082401832e-06,0.0
defective,0.0,0.0,5.677625082401832e-06,0.0
defects,-1.0932942906694186e-06,-2.509373749653746e-06,-9.138935131311627e-06,-2.1244078458673024e-06
defence,0.0,0.0,0.0,0.0
defenceless,1.0188246767203828e-05,0.0,0.0,0.0
defend,-7.653060034685932e-06,-2.509373749653746e-06,-5.483361078786976e-06,-2.1244078458673024e-06
defended,1.409501486765347e-06,0.0,2.3564273160428954e-06,0.0
defending,4.2285044602960405e-06,0.0,0.0,2.7388380629084794e-06
defense,0.0,1.5589653649407254e-05,0.0,0.0
defer,0.0,0.0,1.7032875247205498e-05,0.0
deference,0.0,0.0,0.0,0.0
deferred,0.0,0.0,1.1355250164803664e-05,0.0
defiance,2.819002973530694e-06,0.0,7.069281948128687e-06,0.0
defiant,1.6980411278673048e-05,0.0,0.0,0.0
defiantly,0.0,0.0,0.0,0.0
deficiencies,0.0,0.0,0.0,6.599013505207118e-06
deficiency,0.0,0.0,1.1355250164803664e-05,0.0
deficient,0.0,0.0,2.8388125412009164e-05,0.0
defied,0.0,0.0,5.677625082401832e-06,0.0
defiled,3.3960822557346093e-06,0.0,0.0,0.0
define,0.0,0.0,0.0,6.599013505207118e-06
defined,-1.0932942906694186e-06,-2.509373749653746e-06,-3.6555740525246506e-06,-4.248815691734605e-06
definite,0.0,0.0,0.0,0.0
definitely,1.409501486765347e-06,0.0,0.0,2.7388380629084794e-06
definition,1.409501486765347e-06,0.0,2.3564273160428954e-06,0.0
deformed,3.3960822557346093e-06,0.0,0.0,0.0
defray,0.0,0.0,0.0,6.599013505207118e-06
defy,0.0,0.0,2.271050032960733e-05,0.0
degenerate,0.0,0.0,5.677625082401832e-06,0.0
degenerating,0.0,0.0,0.0,6.599013505207118e-06
degradation,1.409501486765347e-06,0.0,2.3564273160428954e-06,0.0
degrade,3.3960822557346093e-06,0.0,0.0,0.0
degraded,1.409501486765347e-06,0.0,0.0,2.7388380629084794e-06
degrading,1.0188246767203828e-05,0.0,0.0,0.0
degree,0.0,0.0,0.0,0.0
degrees,0.0,0.0,0.0,0.0
deigned,1.409501486765347e-06,0.0,7.069281948128687e-06,0.0
deigning,3.3960822557346093e-06,0.0,0.0,0.0
dejected,5.638005947061388e-06,0.0,0.0,2.7388380629084794e-06
dejectedly,1.0188246767203828e-05,0.0,0.0,0.0
dejection,8.457008920592081e-06,0.0,7.069281948128687e-06,0.0
delay,-5.4664714533470935e-06,-2.509373749653746e-06,-1.0966722157573952e-05,-8.49763138346921e-06
delayed,0.0,0.0,0.0,0.0
delcredo,0.0,7.794826824703627e-06,0.0,0.0
deliberate,6.792164511469219e-06,0.0,0.0,0.0
deliberated,0.0,0.0,5.677625082401832e-06,0.0
deliberately,9.86651040735743e-06,0.0,4.712854632085791e-06,0.0
deliberating,6.792164511469219e-06,0.0,0.0,0.0
deliberation,2.819002973530694e-06,0.0,9.425709264171582e-06,0.0
delicacy,-4.3731771626776745e-06,-5.018747499307492e-06,-2.0105657288885576e-05,-1.0622039229336513e-05
delicate,-7.653060034685932e-06,-1.0037494998614984e-05,-1.0966722157573952e-05,-1.4870854921071116e-05
delicately,0.0,0.0,0.0,0.0
delicious,1.409501486765347e-06,0.0,2.3564273160428954e-06,0.0
delight,0.0,0.0,0.0,0.0
delighted,0.0,0.0,0.0,0.0
delightful,0.0,0.0,0.0,0.0
delightfully,0.0,0.0,2.271050032960733e-05,0.0
delighting,0.0,0.0,5.677625082401832e-06,0.0
delights,0.0,0.0,1.1355250164803664e-05,0.0
delirious,4.087554311619506e-05,0.0,0.0,5.477676125816959e-06
delirium,4.369454608972575e-05,0.0,0.0,5.477676125816959e-06
deliver,0.0,7.794826824703627e-06,0.0,0.0
deliverance,1.0188246767203828e-05,0.0,0.0,0.0
delivered,2.819002973530694e-06,0.0,9.425709264171582e-06,0.0
delivering,0.0,0.0,5.677625082401832e-06,0.0
delivery,0.0,5.456378777292539e-05,0.0,0.0
della,0.0,1.5589653649407254e-05,0.0,0.0
deluded,0.0,0.0,0.0,6.599013505207118e-06
delusion,0.0,0.0,0.0,6.599013505207118e-06
delusions,3.3960822557346093e-06,0.0,0.0,0.0
demand,0.0,0.0,0.0,0.0
demanded,3.3960822557346093e-06,0.0,0.0,0.0
demanding,0.0,0.0,5.677625082401832e-06,0.0
demands,4.2285044602960405e-06,0.0,2.3564273160428954e-06,0.0
demean,0.0,0.0,5.677625082401832e-06,0.0
demeanour,0.0,0.0,0.0,6.599013505207118e-06
dementyev,3.3960822557346093e-06,0.0,0.0,0.0
demi,0.0,3.117930729881451e-05,0.0,0.0
demon,0.0,0.0,0.0,6.599013505207118e-06
demoralisation,3.3960822557346093e-06,0.0,0.0,0.0
demurely,0.0,0.0,0.0,6.599013505207118e-06
den,5.638005947061388e-06,0.0,0.0,3.834373288071871e-05
denial,0.0,0.0,1.4138563896257373e-05,2.7388380629084794e-06
denied,-2.1865885813388372e-06,-5.018747499307492e-06,-5.483361078786976e-06,-6.373223537601907e-06
denny,0.0,0.0,6.813150098882199e-05,0.0
denominated,0.0,0.0,5.677625082401832e-06,0.0
denoted,0.0,0.0,1.1355250164803664e-05,0.0
denounce,0.0,7.794826824703627e-06,0.0,0.0
dens,3.3960822557346093e-06,0.0,0.0,0.0
dense,1.409501486765347e-06,0.0,0.0,1.0955352251633918e-05
denser,6.792164511469219e-06,0.0,0.0,0.0
dent,1.409501486765347e-06,6.470290865273286e-06,0.0,0.0
deny,-1.0932942906694187e-05,-5.018747499307492e-06,-1.4622296210098602e-05,-2.1244078458673024e-06
denying,0.0,0.0,0.0,0.0
depart,2.819002973530694e-06,0.0,9.425709264171582e-06,0.0
departed,0.0,0.0,0.0,0.0
departing,3.3960822557346093e-06,0.0,0.0,0.0
department,5.638005947061388e-06,6.470290865273286e-06,0.0,0.0
departure,0.0,0.0,0.0,0.0
depend,-4.3731771626776745e-06,-2.509373749653746e-06,-4.203910160403348e-05,-1.4870854921071116e-05
depended,-4.3731771626776745e-06,-2.509373749653746e-06,-7.311148105049301e-06,-2.1244078458673024e-06
dependence,0.0,0.0,3.974337557681283e-05,0.0
dependent,0.0,0.0,0.0,0.0
depending,0.0,0.0,0.0,0.0
depends,0.0,0.0,0.0,0.0
depicted,0.0,0.0,0.0,6.599013505207118e-06
deportment,0.0,0.0,2.3564273160428954e-06,2.7388380629084794e-06
depose,1.409501486765347e-06,0.0,0.0,2.7388380629084794e-06
deposed,0.0,0.0,0.0,6.599013505207118e-06
deposes,0.0,0.0,0.0,6.599013505207118e-06
deposit,0.0,0.0,0.0,2.6396054020828473e-05
depositing,3.3960822557346093e-06,0.0,0.0,0.0
deposition,1.409501486765347e-06,0.0,0.0,2.7388380629084794e-06
depositors,0.0,0.0,0.0,6.599013505207118e-06
depot,0.0,0.0,0.0,6.599013505207118e-06
depraved,1.6980411278673048e-05,0.0,0.0,0.0
depravity,7.047507433826735e-06,0.0,2.3564273160428954e-06,0.0
deprecatingly,0.0,7.794826824703627e-06,0.0,0.0
depreciate,0.0,0.0,5.677625082401832e-06,0.0
depressed,-4.3731771626776745e-06,-5.018747499307492e-06,-3.6555740525246506e-06,-2.1244078458673024e-06
depressing,0.0,0.0,0.0,6.599013505207118e-06
depression,1.409501486765347e-06,0.0,0.0,2.7388380629084794e-06
deprive,0.0,0.0,5.677625082401832e-06,0.0
deprived,0.0,0.0,0.0,0.0
depriving,3.3960822557346093e-06,0.0,0.0,0.0
depth,1.409501486765347e-06,3.235145432636643e-06,0.0,0.0
depths,1.0188246767203828e-05,0.0,0.0,0.0
deputies,1.0188246767203828e-05,0.0,0.0,0.0
der,3.3960822557346093e-06,0.0,0.0,0.0
deranged,0.0,0.0,0.0,0.0
derangement,1.3584329022938437e-05,0.0,0.0,0.0
derbies,0.0,0.0,0.0,6.599013505207118e-06
derbyshire,0.0,0.0,0.00013626300197764398,0.0
derision,0.0,0.0,1.1355250164803664e-05,0.0
derive,1.409501486765347e-06,0.0,4.712854632085791e-06,0.0
derived,0.0,0.0,2.3564273160428954e-06,5.477676125816959e-06
derives,0.0,0.0,2.3564273160428954e-06,2.7388380629084794e-06
des,0.0,7.794826824703627e-06,0.0,0.0
descend,2.819002973530694e-06,0.0,0.0,2.7388380629084794e-06
descended,0.0,0.0,0.0,0.0
descending,0.0,0.0,0.0,0.0
descends,0.0,0.0,0.0,6.599013505207118e-06
descent,0.0,0.0,7.069281948128687e-06,2.7388380629084794e-06
describe,-6.559765744016513e-06,-5.018747499307492e-06,-1.2794509183836277e-05,-1.0622039229336513e-05
described,0.0,0.0,0.0,0.0
describes,0.0,0.0,0.0,6.599013505207118e-06
describing,7.047507433826735e-06,0.0,4.712854632085791e-06,0.0
description,0.0,0.0,0.0,0.0
descriptive,3.3960822557346093e-06,0.0,0.0,0.0
desert,4.2285044602960405e-06,0.0,2.3564273160428954e-06,0.0
deserted,-9.83964861602477e-06,-1.2546868748268729e-05,-1.8277870262623253e-06,-1.2746447075203814e-05
deserting,0.0,0.0,0.0,0.0
desertion,0.0,0.0,5.677625082401832e-06,0.0
deserts,0.0,0.0,4.712854632085791e-06,5.477676125816959e-06
deserve,0.0,0.0,0.0,0.0
deserved,0.0,0.0,0.0,0.0
deservedly,0.0,0.0,5.677625082401832e-06,0.0
deserves,1.409501486765347e-06,0.0,9.425709264171582e-06,0.0
deserving,2.819002973530694e-06,0.0,4.712854632085791e-06,0.0
design,1.409501486765347e-05,0.0,5.4197828268986596e-05,0.0
designed,0.0,0.0,0.0,0.0
designedly,0.0,0.0,5.677625082401832e-06,0.0
designing,0.0,0.0,5.677625082401832e-06,0.0
designs,8.457008920592081e-06,0.0,9.425709264171582e-06,0.0
desirable,0.0,0.0,6.245387590642016e-05,0.0
desire,0.0,0.0,0.0,0.0
desired,0.0,0.0,0.0,0.0
desires,4.2285044602960405e-06,0.0,0.0,5.477676125816959e-06
desiring,0.0,0.0,1.1355250164803664e-05,0.0
desirous,0.0,0.0,0.0,0.0
desk,0.0,2.2646018028456504e-05,0.0,1.0955352251633918e-05
despair,0.0,0.0,0.0,0.0
despaired,0.0,0.0,7.069281948128687e-06,2.7388380629084794e-06
despairing,4.2285044602960405e-06,0.0,0.0,2.7388380629084794e-06
despairingly,6.792164511469219e-06,0.0,0.0,0.0
despatched,1.409501486765347e-06,0.0,9.425709264171582e-06,0.0
desperate,0.0,0.0,0.0,0.0
desperately,3.3960822557346093e-06,0.0,0.0,0.0
desperation,0.0,0.0,0.0,0.0
despicable,8.457008920592081e-06,0.0,2.3564273160428954e-06,0.0
despicably,1.409501486765347e-06,0.0,2.3564273160428954e-06,0.0
despise,2.819002973530694e-06,0.0,7.069281948128687e-06,0.0
despised,5.638005947061388e-06,0.0,7.069281948128687e-06,0.0
despises,2.819002973530694e-06,0.0,2.3564273160428954e-06,0.0
despising,1.409501486765347e-06,0.0,4.712854632085791e-06,0.0
desponding,0.0,0.0,5.677625082401832e-06,0.0
despot,3.3960822557346093e-06,0.0,0.0,0.0
despotism,6.792164511469219e-06,0.0,0.0,0.0
dessert,0.0,1.5589653649407254e-05,0.0,0.0
destined,0.0,0.0,0.0,0.0
destinies,3.3960822557346093e-06,0.0,0.0,0.0
destiny,5.638005947061388e-06,0.0,0.0,5.477676125816959e-06
destitute,0.0,0.0,0.0,0.0
destitution,6.792164511469219e-06,0.0,0.0,0.0
destroy,0.0,0.0,0.0,0.0
destroyed,0.0,0.0,0.0,0.0
destroyers,6.792164511469219e-06,0.0,0.0,0.0
destruction,0.0,0.0,0.0,0.0
destructive,0.0,0.0,5.677625082401832e-06,0.0
desultory,0.0,0.0,0.0,6.599013505207118e-06
detached,0.0,0.0,1.1355250164803664e-05,0.0
detaching,0.0,0.0,5.677625082401832e-06,0.0
detachment,0.0,1.5589653649407254e-05,0.0,0.0
detail,-1.7492708650710698e-05,-2.509373749653746e-06,-1.8277870262623253e-06,-1.0622039229336513e-05
detailed,0.0,0.0,0.0,0.0
detailing,0.0,0.0,0.0,6.599013505207118e-06
details,1.973302081471486e-05,0.0,0.0,5.2037923195261106e-05
detain,0.0,0.0,0.0,0.0
detained,0.0,0.0,0.0,0.0
detaining,0.0,0.0,1.1355250164803664e-05,0.0
detect,0.0,3.235145432636643e-06,2.3564273160428954e-06,0.0
detected,0.0,0.0,0.0,0.0
detection,0.0,0.0,1.1355250164803664e-05,0.0
detective,1.409501486765347e-06,0.0,0.0,1.9171866440359353e-05
deter,0.0,0.0,5.677625082401832e-06,0.0
deteriorated,3.3960822557346093e-06,0.0,0.0,0.0
determination,0.0,0.0,0.0,0.0
determine,0.0,0.0,0.0,0.0
determined,0.0,0.0,0.0,0.0
determining,1.409501486765347e-06,0.0,4.712854632085791e-06,0.0
deterred,3.3960822557346093e-06,0.0,0.0,0.0
detest,1.409501486765347e-06,0.0,7.069281948128687e-06,0.0
detestable,0.0,0.0,5.677625082401832e-06,0.0
detested,0.0,0.0,5.677625082401832e-06,0.0
detour,0.0,0.0,0.0,6.599013505207118e-06
detract,3.3960822557346093e-06,0.0,0.0,0.0
detracted,0.0,0.0,0.0,6.599013505207118e-06
deuce,1.409501486765347e-06,0.0,0.0,2.7388380629084794e-06
develop,0.0,0.0,0.0,6.599013505207118e-06
develope,0.0,0.0,5.677625082401832e-06,0.0
developed,2.819002973530694e-06,0.0,0.0,5.477676125816959e-06
developing,1.3584329022938437e-05,0.0,0.0,0.0
development,8.457008920592081e-06,0.0,4.712854632085791e-06,0.0
developments,0.0,0.0,0.0,6.599013505207118e-06
develops,3.3960822557346093e-06,0.0,0.0,0.0
device,0.0,0.0,0.0,0.0
devices,3.3960822557346093e-06,0.0,0.0,0.0
devil,2.5371026761776248e-05,0.0,0.0,1.9171866440359353e-05
devilish,0.0,0.0,0.0,6.599013505207118e-06
devils,0.0,0.0,0.0,1.3198027010414236e-05
devised,0.0,0.0,0.0,1.3198027010414236e-05
devoid,0.0,0.0,2.3564273160428954e-06,5.477676125816959e-06
devonshire,0.0,0.0,0.0,6.599013505207118e-06
devote,0.0,0.0,0.0,0.0
devoted,0.0,0.0,0.0,0.0
devotedly,0.0,0.0,0.0,1.3198027010414236e-05
devoting,0.0,0.0,5.677625082401832e-06,0.0
devotion,4.2285044602960405e-06,3.235145432636643e-06,0.0,0.0
devour,3.3960822557346093e-06,0.0,0.0,0.0
devoured,1.409501486765347e-06,0.0,0.0,2.7388380629084794e-06
devouring,1.409501486765347e-06,0.0,0.0,5.477676125816959e-06
devout,0.0,4.676896094822176e-05,0.0,0.0
dew,0.0,6.470290865273286e-06,0.0,2.7388380629084794e-06
di,0.0,3.117930729881451e-05,0.0,0.0
diabetes,0.0,0.0,0.0,6.599013505207118e-06
diadem,0.0,0.0,0.0,6.599013505207118e-06
diagnosed,3.3960822557346093e-06,0.0,0.0,0.0
dial,0.0,6.235861459762902e-05,0.0,0.0
dialect,0.0,3.117930729881451e-05,0.0,0.0
dialogue,0.0,0.0,1.1355250164803664e-05,0.0
diamanten,3.3960822557346093e-06,0.0,0.0,0.0
diamond,1.409501486765347e-06,0.0,0.0,5.477676125816959e-06
diamonds,3.3960822557346093e-06,0.0,0.0,0.0
diary,0.0,0.0,0.0,1.3198027010414236e-05
dictate,1.409501486765347e-06,0.0,2.3564273160428954e-06,0.0
dictated,0.0,0.0,5.677625082401832e-06,0.0
dictates,0.0,0.0,5.677625082401832e-06,0.0
dictating,0.0,0.0,0.0,0.0
dictation,3.3960822557346093e-06,0.0,0.0,0.0
dictatorial,0.0,0.0,5.677625082401832e-06,0.0
dictionary,3.3960822557346093e-06,0.0,0.0,0.0
did,-0.0005433672624627012,-0.0006850590336554726,-0.0004989858581696148,-0.00032503440041769724
didnt,0.0,0.0,0.0,0.0
die,-2.623906297606605e-05,-0.0001405249299806098,-7.311148105049301e-06,-4.248815691734605e-06
died,-3.279882872008256e-05,-2.0074989997229968e-05,-5.483361078786976e-06,-2.974170984214223e-05
dies,0.0,0.0,0.0,0.0
differ,0.0,9.70543629790993e-06,2.3564273160428954e-06,0.0
difference,-7.653060034685932e-06,-4.0149979994459936e-05,-1.8277870262623254e-05,-6.373223537601907e-06
differences,1.409501486765347e-06,0.0,2.3564273160428954e-06,0.0
different,-5.0291537370793266e-05,-3.26218587454987e-05,-6.58003329454437e-05,-2.761730199627493e-05
differential,0.0,2.338448047411088e-05,0.0,0.0
differently,0.0,0.0,0.0,0.0
difficult,-2.5145768685396633e-05,-1.0037494998614984e-05,-2.0105657288885576e-05,-2.974170984214223e-05
difficulties,7.047507433826735e-06,0.0,0.0,8.216514188725437e-06
difficulty,-1.0932942906694187e-05,-2.509373749653746e-06,-1.4622296210098602e-05,-1.699526276693842e-05
diffidence,0.0,0.0,2.8388125412009164e-05,0.0
diffident,1.409501486765347e-06,0.0,2.3564273160428954e-06,0.0
diffuse,0.0,0.0,5.677625082401832e-06,0.0
diffused,0.0,0.0,5.677625082401832e-06,0.0
diffuseness,0.0,0.0,5.677625082401832e-06,0.0
dig,0.0,6.470290865273286e-06,0.0,2.7388380629084794e-06
digest,6.792164511469219e-06,0.0,0.0,0.0
digesting,0.0,0.0,0.0,6.599013505207118e-06
digging,1.409501486765347e-06,3.235145432636643e-06,0.0,0.0
diggings,0.0,0.0,0.0,1.3198027010414236e-05
dignified,4.2285044602960405e-06,0.0,7.069281948128687e-06,0.0
dignity,-2.295918010405779e-05,-2.509373749653746e-06,-9.138935131311627e-06,-8.49763138346921e-06
digressions,0.0,0.0,5.677625082401832e-06,0.0
digs,0.0,0.0,0.0,6.599013505207118e-06
dilate,0.0,0.0,0.0,6.599013505207118e-06
dilatory,0.0,0.0,1.1355250164803664e-05,0.0
diligence,0.0,0.0,2.3564273160428954e-06,2.7388380629084794e-06
diligently,0.0,0.0,0.0,6.599013505207118e-06
dim,0.0,0.0,0.0,0.0
dimensions,1.409501486765347e-06,0.0,2.3564273160428954e-06,0.0
diminution,0.0,0.0,5.677625082401832e-06,0.0
diminutive,3.3960822557346093e-06,0.0,0.0,0.0
dimly,8.457008920592081e-06,0.0,0.0,1.6433028377450875e-05
din,3.3960822557346093e-06,0.0,0.0,0.0
dine,0.0,0.0,0.0,0.0
dined,2.819002973530694e-06,0.0,1.8851418528343163e-05,0.0
dines,0.0,0.0,5.677625082401832e-06,0.0
dingy,0.0,0.0,0.0,6.599013505207118e-06
dining,-4.3731771626776745e-06,-1.2546868748268729e-05,-3.290016647272185e-05,-6.373223537601907e-06
dinner,-4.045188875476849e-05,-4.265935374411368e-05,-5.6661397814132085e-05,-8.49763138346921e-06
dinners,2.819002973530694e-06,0.0,4.712854632085791e-06,0.0
dinnertime,0.0,0.0,2.271050032960733e-05,0.0
dint,0.0,0.0,0.0,6.599013505207118e-06
dio,0.0,1.5589653649407254e-05,0.0,0.0
dip,0.0,1.5589653649407254e-05,0.0,0.0
diplomatic,0.0,7.794826824703627e-06,0.0,0.0
dipped,0.0,1.6175727163183214e-05,0.0,2.7388380629084794e-06
dipping,0.0,0.0,0.0,6.599013505207118e-06
direct,0.0,0.0,0.0,0.0
directed,0.0,0.0,0.0,0.0
directing,0.0,3.235145432636643e-06,4.712854632085791e-06,0.0
direction,-1.5306120069371863e-05,-2.509373749653746e-06,-1.8277870262623254e-05,-4.036374907147875e-05
directions,0.0,0.0,0.0,0.0
directly,-3.170553442941315e-05,-5.018747499307492e-06,-4.203910160403348e-05,-2.1244078458673024e-06
director,0.0,0.0,0.0,1.9797040515621355e-05
directors,0.0,0.0,0.0,1.9797040515621355e-05
directress,3.3960822557346093e-06,0.0,0.0,0.0
dirt,-6.559765744016513e-06,-5.018747499307492e-06,-3.6555740525246506e-06,-2.1244078458673024e-06
dirty,-2.623906297606605e-05,-3.513123249515245e-05,-7.311148105049301e-06,-1.4870854921071116e-05
disable,0.0,1.5589653649407254e-05,0.0,0.0
disadvantage,0.0,0.0,1.1782136580214478e-05,2.7388380629084794e-06
disadvantages,0.0,0.0,4.712854632085791e-06,2.7388380629084794e-06
disagreeable,0.0,0.0,3.298998242460054e-05,5.477676125816959e-06
disagreeably,0.0,0.0,5.677625082401832e-06,0.0
disagreement,0.0,0.0,5.677625082401832e-06,0.0
disagreements,0.0,0.0,0.0,6.599013505207118e-06
disappearance,0.0,0.0,0.0,6.599013505207118e-05
disappeared,4.2285044602960405e-06,0.0,0.0,2.4649542566176314e-05
disappearing,0.0,0.0,0.0,6.599013505207118e-06
disappoint,0.0,0.0,4.712854632085791e-06,2.7388380629084794e-06
disappointed,0.0,0.0,0.0,0.0
disappointing,0.0,0.0,1.7032875247205498e-05,0.0
disappointment,0.0,0.0,0.0,0.0
disappointments,0.0,0.0,5.677625082401832e-06,0.0
disapprobation,0.0,0.0,3.974337557681283e-05,0.0
disapproval,6.792164511469219e-06,0.0,0.0,0.0
disapprove,0.0,0.0,5.677625082401832e-06,0.0
disapprovingly,0.0,7.794826824703627e-06,0.0,0.0
disarm,4.2285044602960405e-06,0.0,2.3564273160428954e-06,0.0
disarmed,3.3960822557346093e-06,0.0,0.0,0.0
disarming,6.792164511469219e-06,0.0,0.0,0.0
disaster,1.409501486765347e-06,3.235145432636643e-06,0.0,0.0
disavowal,3.3960822557346093e-06,0.0,0.0,0.0
disbelieved,3.3960822557346093e-06,0.0,0.0,0.0
disbelieving,1.409501486765347e-06,0.0,2.3564273160428954e-06,0.0
disc,0.0,0.0,0.0,6.599013505207118e-06
discern,0.0,0.0,1.1355250164803664e-05,0.0
discernible,0.0,0.0,5.677625082401832e-06,0.0
discerning,0.0,0.0,5.677625082401832e-06,0.0
discernment,0.0,0.0,1.1355250164803664e-05,0.0
discharge,0.0,0.0,1.1355250164803664e-05,0.0
discharged,4.2285044602960405e-06,0.0,7.069281948128687e-06,0.0
discharging,0.0,0.0,1.1355250164803664e-05,0.0
discipline,0.0,1.5589653649407254e-05,0.0,0.0
disclaim,0.0,0.0,5.677625082401832e-06,0.0
disclaimed,0.0,0.0,5.677625082401832e-06,0.0
disclose,0.0,0.0,5.677625082401832e-06,0.0
disclosed,0.0,0.0,5.677625082401832e-06,0.0
discloses,0.0,0.0,0.0,6.599013505207118e-06
disclosure,0.0,0.0,5.677625082401832e-06,0.0
discolored,0.0,7.794826824703627e-06,0.0,0.0
discoloured,1.409501486765347e-06,0.0,0.0,1.3694190314542398e-05
discomfort,3.3960822557346093e-06,0.0,0.0,0.0
discompose,0.0,0.0,5.677625082401832e-06,0.0
discomposed,0.0,0.0,1.1355250164803664e-05,0.0
discomposure,0.0,0.0,1.7032875247205498e-05,0.0
disconcert,3.3960822557346093e-06,0.0,0.0,0.0
disconcerted,1.5504516354418816e-05,0.0,7.069281948128687e-06,0.0
disconnected,1.409501486765347e-06,0.0,0.0,2.7388380629084794e-06
discontent,0.0,0.0,0.0,6.599013505207118e-06
discontented,0.0,0.0,1.1355250164803664e-05,0.0
discontentedly,3.3960822557346093e-06,0.0,0.0,0.0
discontentedness,0.0,0.0,5.677625082401832e-06,0.0
discontinuance,0.0,0.0,5.677625082401832e-06,0.0
discord,3.3960822557346093e-06,0.0,0.0,0.0
discourage,0.0,0.0,0.0,0.0
discouraged,0.0,0.0,1.1355250164803664e-05,0.0
discourse,2.819002973530694e-06,0.0,1.649499121230027e-05,0.0
discourses,0.0,0.0,5.677625082401832e-06,0.0
discourteous,6.792164511469219e-06,0.0,0.0,0.0
discover,0.0,0.0,0.0,0.0
discovered,0.0,0.0,0.0,0.0
discoveries,6.792164511469219e-06,0.0,0.0,0.0
discovering,0.0,0.0,0.0,0.0
discovery,0.0,0.0,1.649499121230027e-05,8.216514188725437e-06
discredit,0.0,0.0,1.1355250164803664e-05,0.0
discreditable,0.0,0.0,5.677625082401832e-06,0.0
discreet,0.0,0.0,0.0,1.3198027010414236e-05
discrepancy,0.0,0.0,0.0,6.599013505207118e-06
discretion,0.0,0.0,1.1782136580214478e-05,8.216514188725437e-06
discriminate,0.0,0.0,0.0,6.599013505207118e-06
discrimination,0.0,0.0,5.677625082401832e-06,0.0
discuss,-9.83964861602477e-06,-2.509373749653746e-06,-3.6555740525246506e-06,-1.0622039229336513e-05
discussed,0.0,3.235145432636643e-06,7.069281948128687e-06,0.0
discusses,3.3960822557346093e-06,0.0,0.0,0.0
discussing,4.2285044602960405e-06,3.235145432636643e-06,0.0,0.0
discussion,8.457008920592081e-06,0.0,1.1782136580214478e-05,0.0
discussions,3.3960822557346093e-06,0.0,0.0,0.0
disdain,2.819002973530694e-06,0.0,1.4138563896257373e-05,0.0
disdained,1.409501486765347e-06,0.0,7.069281948128687e-06,0.0
disdainfully,3.3960822557346093e-06,0.0,0.0,0.0
disdaining,3.3960822557346093e-06,0.0,0.0,0.0
disease,0.0,0.0,0.0,0.0
diseases,6.792164511469219e-06,0.0,0.0,0.0
disengaged,0.0,0.0,1.7032875247205498e-05,0.0
disentangled,0.0,0.0,0.0,6.599013505207118e-06
disfigured,1.409501486765347e-06,0.0,0.0,2.7388380629084794e-06
disgrace,-1.3119531488033025e-05,-2.509373749653746e-06,-2.0105657288885576e-05,-4.248815691734605e-06
disgraced,0.0,3.235145432636643e-06,2.3564273160428954e-06,0.0
disgraceful,-4.3731771626776745e-06,-5.018747499307492e-06,-9.138935131311627e-06,-4.248815691734605e-06
disgracing,0.0,0.0,1.1355250164803664e-05,0.0
disguise,0.0,0.0,0.0,0.0
disguised,1.409501486765347e-06,0.0,0.0,2.7388380629084794e-06
disguises,0.0,0.0,0.0,6.599013505207118e-06
disgust,-1.5306120069371863e-05,-2.509373749653746e-06,-9.138935131311627e-06,-4.248815691734605e-06
disgusted,2.819002973530694e-06,0.0,7.069281948128687e-06,0.0
disgusting,0.0,0.0,0.0,0.0
disgustingly,6.792164511469219e-06,0.0,0.0,0.0
dish,0.0,0.0,0.0,0.0
disheartened,0.0,0.0,5.677625082401832e-06,0.0
disheartening,3.3960822557346093e-06,0.0,0.0,0.0
dished,3.3960822557346093e-06,0.0,0.0,0.0
dishes,5.638005947061388e-06,0.0,2.3564273160428954e-06,0.0
dishevelled,3.3960822557346093e-06,0.0,0.0,0.0
dishonest,2.819002973530694e-06,0.0,2.3564273160428954e-06,0.0
dishonesty,0.0,0.0,5.677625082401832e-06,0.0
dishonour,6.792164511469219e-06,0.0,0.0,0.0
dishonourable,0.0,0.0,0.0,0.0
dishonoured,0.0,0.0,0.0,1.9797040515621355e-05
disillusion,3.3960822557346093e-06,0.0,0.0,0.0
disillusioned,6.792164511469219e-06,0.0,0.0,0.0
disinclination,0.0,0.0,1.1355250164803664e-05,0.0
disinclined,2.819002973530694e-06,0.0,2.3564273160428954e-06,0.0
disinterested,0.0,0.0,1.7032875247205498e-05,0.0
disinterestedly,6.792164511469219e-06,0.0,0.0,0.0
disinterestedness,0.0,0.0,5.677625082401832e-06,0.0
disjecta,0.0,0.0,0.0,6.599013505207118e-06
disks,0.0,7.794826824703627e-06,0.0,0.0
dislike,0.0,0.0,0.0,0.0
disliked,-5.4664714533470935e-06,-5.018747499307492e-06,-7.311148105049301e-06,-2.1244078458673024e-06
dislikes,1.409501486765347e-06,0.0,2.3564273160428954e-06,0.0
disliking,0.0,0.0,5.677625082401832e-06,0.0
dislocated,3.3960822557346093e-06,0.0,0.0,0.0
dismal,0.0,1.5589653649407254e-05,0.0,0.0
dismantled,0.0,0.0,0.0,6.599013505207118e-06
dismay,0.0,0.0,0.0,0.0
dismiss,1.0188246767203828e-05,0.0,0.0,0.0
dismissal,3.3960822557346093e-06,0.0,0.0,0.0
dismissed,0.0,0.0,0.0,0.0
dismission,0.0,0.0,5.677625082401832e-06,0.0
dismount,0.0,7.794826824703627e-06,0.0,0.0
disobedient,3.3960822557346093e-06,0.0,0.0,0.0
disobeyed,3.3960822557346093e-06,0.0,0.0,0.0
disobliging,0.0,0.0,5.677625082401832e-06,0.0
disorder,4.2285044602960405e-06,3.235145432636643e-06,0.0,0.0
disordered,6.792164511469219e-06,0.0,0.0,0.0
disorderly,1.0188246767203828e-05,0.0,0.0,0.0
disown,0.0,0.0,0.0,6.599013505207118e-06
dispatched,0.0,0.0,0.0,6.599013505207118e-06
dispel,0.0,0.0,0.0,6.599013505207118e-06
dispelling,0.0,0.0,5.677625082401832e-06,0.0
dispense,0.0,0.0,5.677625082401832e-06,0.0
dispirited,0.0,0.0,5.677625082401832e-06,0.0
display,4.2285044602960405e-06,0.0,9.425709264171582e-06,0.0
displayed,0.0,0.0,0.0,0.0
displaying,0.0,0.0,1.1355250164803664e-05,0.0
displease,0.0,0.0,5.677625082401832e-06,0.0
displeased,2.819002973530694e-06,0.0,9.425709264171582e-06,0.0
displeasure,4.2285044602960405e-06,0.0,1.4138563896257373e-05,0.0
disposal,0.0,0.0,0.0,0.0
dispose,0.0,0.0,0.0,0.0
disposed,1.2685513380888124e-05,0.0,3.534640974064343e-05,0.0
disposing,0.0,0.0,5.677625082401832e-06,0.0
disposition,0.0,0.0,0.0,0.0
dispositions,0.0,0.0,5.677625082401832e-06,0.0
disproportionate,3.3960822557346093e-06,0.0,0.0,0.0
disproportionately,1.409501486765347e-06,0.0,0.0,2.7388380629084794e-06
disputable,0.0,0.0,5.677625082401832e-06,0.0
disputatious,0.0,0.0,0.0,6.599013505207118e-06
dispute,0.0,0.0,0.0,0.0
disputes,0.0,0.0,5.677625082401832e-06,0.0
disputing,3.3960822557346093e-06,0.0,0.0,0.0
disqualify,0.0,0.0,0.0,6.599013505207118e-06
disquiet,0.0,0.0,5.677625082401832e-06,0.0
disregard,0.0,0.0,0.0,6.599013505207118e-06
disregarded,0.0,0.0,0.0,0.0
disregarding,2.819002973530694e-06,0.0,0.0,5.477676125816959e-06
disreputable,1.409501486765347e-06,0.0,0.0,8.216514188725437e-06
disrespect,4.2285044602960405e-06,0.0,4.712854632085791e-06,0.0
disrespectful,1.409501486765347e-06,0.0,2.3564273160428954e-06,0.0
dissatisfied,0.0,0.0,9.425709264171582e-06,8.216514188725437e-06
dissemble,0.0,0.0,5.677625082401832e-06,0.0
dissembler,3.3960822557346093e-06,0.0,0.0,0.0
dissension,6.792164511469219e-06,0.0,0.0,0.0
dissenter,6.792164511469219e-06,0.0,0.0,0.0
disservice,0.0,0.0,5.677625082401832e-06,0.0
dissipation,0.0,0.0,5.677625082401832e-06,0.0
dissolute,1.409501486765347e-06,0.0,0.0,2.7388380629084794e-06
dissolved,0.0,0.0,2.3564273160428954e-06,2.7388380629084794e-06
dissuade,0.0,0.0,5.677625082401832e-06,0.0
dissuaded,0.0,0.0,5.677625082401832e-06,0.0
distaff,0.0,0.0,0.0,6.599013505207118e-06
distance,-1.639941436004128e-05,-7.528121248961238e-06,-2.9244592420197205e-05,-1.699526276693842e-05
distant,0.0,0.0,0.0,0.0
distantly,3.3960822557346093e-06,0.0,0.0,0.0
distaste,0.0,7.794826824703627e-06,0.0,0.0
distasteful,6.792164511469219e-06,0.0,0.0,0.0
distinct,5.638005947061388e-06,0.0,0.0,1.6433028377450875e-05
distinction,0.0,0.0,1.1782136580214478e-05,2.7388380629084794e-06
distinctive,0.0,0.0,0.0,6.599013505207118e-06
distinctly,1.832351932794951e-05,0.0,0.0,1.6433028377450875e-05
distinguish,0.0,0.0,0.0,0.0
distinguished,5.638005947061388e-06,0.0,1.4138563896257373e-05,0.0
distinguishing,1.409501486765347e-06,0.0,4.712854632085791e-06,0.0
distinguons,3.3960822557346093e-06,0.0,0.0,0.0
distort,1.409501486765347e-06,3.235145432636643e-06,0.0,0.0
distorted,8.457008920592081e-06,0.0,0.0,2.7388380629084794e-06
distortion,3.3960822557346093e-06,0.0,0.0,0.0
distract,1.0188246767203828e-05,0.0,0.0,0.0
distracted,4.2285044602960405e-06,0.0,4.712854632085791e-06,0.0
distractedly,2.819002973530694e-06,0.0,2.3564273160428954e-06,0.0
distracting,0.0,0.0,0.0,6.599013505207118e-06
distraction,4.2285044602960405e-06,0.0,2.3564273160428954e-06,0.0
distraught,3.3960822557346093e-06,0.0,0.0,0.0
distress,1.5504516354418816e-05,0.0,3.770283705668633e-05,0.0
distressed,1.6914017841184162e-05,0.0,3.063355510855764e-05,0.0
distressing,1.409501486765347e-06,0.0,1.4138563896257373e-05,0.0
distribute,0.0,0.0,5.677625082401832e-06,0.0
distributing,0.0,7.794826824703627e-06,0.0,0.0
district,1.5504516354418816e-05,0.0,0.0,8.216514188725437e-06
distrust,2.819002973530694e-06,0.0,7.069281948128687e-06,0.0
distrusted,0.0,0.0,2.3564273160428954e-06,2.7388380629084794e-06
distrustfully,1.0188246767203828e-05,0.0,0.0,0.0
disturb,-6.559765744016513e-06,-5.018747499307492e-06,-1.8277870262623253e-06,-8.49763138346921e-06
disturbance,0.0,0.0,0.0,0.0
disturbed,-1.0932942906694186e-06,-2.509373749653746e-06,-3.6555740525246506e-06,-8.49763138346921e-06
disturbers,0.0,0.0,5.677625082401832e-06,0.0
disturbing,7.047507433826735e-06,0.0,0.0,2.7388380629084794e-06
ditalia,0.0,7.794826824703627e-06,0.0,0.0
ditch,0.0,4.676896094822176e-05,0.0,0.0
ditches,0.0,2.338448047411088e-05,0.0,0.0
divan,0.0,0.0,0.0,6.599013505207118e-06
dived,0.0,0.0,0.0,6.599013505207118e-06
diversified,0.0,0.0,5.677625082401832e-06,0.0
diversion,0.0,0.0,1.7032875247205498e-05,0.0
diversity,0.0,0.0,0.0,6.599013505207118e-06
divert,2.819002973530694e-06,0.0,2.3564273160428954e-06,0.0
diverted,0.0,0.0,0.0,0.0
divide,0.0,0.0,1.7032875247205498e-05,0.0
divided,0.0,0.0,0.0,0.0
dividing,2.819002973530694e-06,0.0,2.3564273160428954e-06,0.0
divine,1.0188246767203828e-05,0.0,0.0,0.0
divined,2.819002973530694e-06,0.0,0.0,5.477676125816959e-06
diving,0.0,0.0,0.0,6.599013505207118e-06
divinity,3.3960822557346093e-06,0.0,0.0,0.0
division,0.0,0.0,0.0,0.0
divisions,2.819002973530694e-06,1.2940581730546572e-05,0.0,0.0
divorced,3.3960822557346093e-06,0.0,0.0,0.0
dizzier,3.3960822557346093e-06,0.0,0.0,0.0
dizziness,0.0,0.0,0.0,6.599013505207118e-06
dizzy,2.819002973530694e-06,3.235145432636643e-06,0.0,0.0
dmitri,0.00016301194827526125,0.0,0.0,0.0
dmitris,3.3960822557346093e-06,0.0,0.0,0.0
do,-0.0006384838657509406,-0.0008832995598781186,-0.0006287587370342398,-0.0006075806439180485
dock,0.0,0.0,0.0,1.9797040515621355e-05
docketing,0.0,0.0,0.0,6.599013505207118e-06
docks,0.0,0.0,0.0,6.599013505207118e-06
dockyard,0.0,0.0,0.0,6.599013505207118e-06
doctor,0.0,0.0,0.0,0.0
doctors,0.0,0.0,0.0,0.0
doctrine,6.792164511469219e-06,0.0,0.0,0.0
doctrines,3.3960822557346093e-06,0.0,0.0,0.0
document,7.047507433826735e-06,0.0,0.0,2.7388380629084794e-06
documentary,3.3960822557346093e-06,0.0,0.0,0.0
documents,3.3960822557346093e-06,0.0,0.0,0.0
doddering,0.0,0.0,0.0,6.599013505207118e-06
does,-0.00011151601764828071,-9.033745498753486e-05,-0.00015536189723229765,-8.285190598882478e-05
doesnt,0.0,0.0,0.0,0.0
dog,0.0,0.0,0.0,0.0
dogfish,0.0,7.794826824703627e-06,0.0,0.0
doggedly,3.3960822557346093e-06,0.0,0.0,0.0
dogging,3.3960822557346093e-06,0.0,0.0,0.0
dogs,1.409501486765347e-06,3.235145432636643e-06,0.0,0.0
doing,-8.527695467221467e-05,-4.767810124342117e-05,-4.752246268282045e-05,-4.4612564763213354e-05
doings,0.0,0.0,0.0,0.0
dolce,0.0,1.5589653649407254e-05,0.0,0.0
doleful,0.0,0.0,5.677625082401832e-06,0.0
dollars,0.0,9.70543629790993e-06,0.0,2.7388380629084794e-06
dolls,0.0,7.794826824703627e-06,0.0,0.0
domain,6.792164511469219e-06,0.0,0.0,0.0
dome,0.0,7.794826824703627e-06,0.0,0.0
domestic,2.819002973530694e-06,0.0,1.649499121230027e-05,0.0
domestics,0.0,0.0,5.677625082401832e-06,0.0
dominated,0.0,7.794826824703627e-06,0.0,0.0
domineering,0.0,7.794826824703627e-06,0.0,0.0
don,0.0,1.5589653649407254e-05,0.0,0.0
dona,0.0,7.794826824703627e-06,0.0,0.0
donation,3.3960822557346093e-06,0.0,0.0,0.0
done,-9.620989757890886e-05,-6.022496999168991e-05,-0.0001681564064161339,-0.00014233532567310925
donna,0.0,0.0,0.0,6.599013505207118e-06
dont,-0.0005083818451612797,-0.0009485432773691161,-1.0966722157573952e-05,-6.373223537601907e-05
door,-0.0002481778039819581,-0.00024089987996675963,-6.397254591918138e-05,-0.00030591472980489155
doorkeeper,3.3960822557346093e-06,0.0,0.0,0.0
doormans,0.0,7.794826824703627e-06,0.0,0.0
doors,-1.3119531488033025e-05,-2.2584363746883714e-05,-1.4622296210098602e-05,-1.4870854921071116e-05
doorway,-3.279882872008256e-05,-1.0037494998614984e-05,-1.8277870262623253e-06,-2.1244078458673024e-06
dooties,0.0,0.0,0.0,6.599013505207118e-06
dopey,0.0,7.794826824703627e-06,0.0,0.0
doran,0.0,0.0,0.0,6.599013505207118e-05
dorans,0.0,0.0,0.0,1.3198027010414236e-05
dormer,0.0,7.794826824703627e-06,0.0,0.0
dormouse,3.3960822557346093e-06,0.0,0.0,0.0
dose,0.0,0.0,5.677625082401832e-06,0.0
dost,3.3960822557346093e-06,0.0,0.0,0.0
dottles,0.0,0.0,0.0,6.599013505207118e-06
double,-1.0932942906694186e-06,-7.528121248961238e-06,-3.6555740525246506e-06,-3.399052553387684e-05
doubled,0.0,0.0,2.3564273160428954e-06,2.7388380629084794e-06
doubly,0.0,0.0,2.3564273160428954e-06,2.7388380629084794e-06
doubt,-5.5758008824140356e-05,-2.509373749653746e-06,-6.762811997170603e-05,-0.00013596210213550735
doubted,0.0,0.0,0.0,0.0
doubtful,0.0,0.0,0.0,0.0
doubtfully,1.409501486765347e-06,3.235145432636643e-06,0.0,0.0
doubting,0.0,0.0,4.712854632085791e-06,2.7388380629084794e-06
doubtingly,0.0,0.0,5.677625082401832e-06,0.0
doubtless,0.0,0.0,0.0,0.0
doubts,0.0,0.0,0.0,0.0
douches,3.3960822557346093e-06,0.0,0.0,0.0
dounia,0.0010256168412318522,0.0,0.0,0.0
dounias,7.810989188189602e-05,0.0,0.0,0.0
dove,0.0,7.794826824703627e-06,0.0,0.0
dovedale,0.0,0.0,1.1355250164803664e-05,0.0
down,-0.00032908158149149504,-0.0008933370548767336,-0.00014073960102219902,-0.00048648939670361223
downcast,3.3960822557346093e-06,0.0,0.0,0.0
downhearted,3.3960822557346093e-06,0.0,0.0,0.0
downhill,0.0,7.794826824703627e-06,0.0,0.0
downright,3.3960822557346093e-06,0.0,0.0,0.0
downs,1.409501486765347e-06,0.0,2.3564273160428954e-06,0.0
downstairs,-2.1865885813388374e-05,-3.0112484995844953e-05,-3.6555740525246506e-06,-1.4870854921071116e-05
downward,0.0,0.0,0.0,1.3198027010414236e-05
downwards,1.0188246767203828e-05,0.0,0.0,0.0
dowry,1.409501486765347e-06,0.0,0.0,8.216514188725437e-06
dozed,3.3960822557346093e-06,0.0,0.0,0.0
dozen,-7.653060034685932e-06,-5.018747499307492e-06,-3.6555740525246506e-06,-2.3368486304540325e-05
dozens,1.3584329022938437e-05,0.0,0.0,0.0
dozing,3.3960822557346093e-06,0.0,0.0,0.0
dr,0.0,0.0,0.0,0.0
drab,0.0,0.0,0.0,6.599013505207118e-06
draft,0.0,3.897413412351813e-05,0.0,0.0
drafts,0.0,2.338448047411088e-05,0.0,0.0
drag,1.3584329022938437e-05,0.0,0.0,0.0
dragged,0.0,0.0,0.0,0.0
dragging,0.0,0.0,0.0,6.599013505207118e-06
draggletails,1.0188246767203828e-05,0.0,0.0,0.0
drained,3.3960822557346093e-06,0.0,0.0,0.0
dram,1.0188246767203828e-05,0.0,0.0,0.0
drama,0.0,0.0,0.0,6.599013505207118e-06
dramatic,0.0,0.0,0.0,1.9797040515621355e-05
drank,0.0,0.0,0.0,0.0
drap,1.0188246767203828e-05,0.0,0.0,0.0
draught,1.409501486765347e-06,0.0,0.0,8.216514188725437e-06
draughts,0.0,0.0,4.712854632085791e-06,2.7388380629084794e-06
draw,-6.559765744016513e-06,-5.018747499307492e-06,-1.0966722157573952e-05,-2.549289415040763e-05
drawback,1.409501486765347e-06,0.0,0.0,5.477676125816959e-06
drawer,4.2285044602960405e-06,0.0,0.0,1.6433028377450875e-05
drawers,1.2685513380888124e-05,0.0,0.0,8.216514188725437e-06
drawing,-1.0932942906694187e-05,-2.509373749653746e-06,-3.838352755150883e-05,-2.3368486304540325e-05
drawings,0.0,0.0,5.677625082401832e-06,0.0
drawled,1.409501486765347e-06,0.0,0.0,2.7388380629084794e-06
drawling,3.3960822557346093e-06,0.0,0.0,0.0
drawn,-7.653060034685932e-06,-1.0037494998614984e-05,-1.4622296210098602e-05,-4.673697260908065e-05
draws,0.0,0.0,0.0,6.599013505207118e-06
dray,3.3960822557346093e-06,0.0,0.0,0.0
dread,0.0,0.0,0.0,0.0
dreaded,8.457008920592081e-06,0.0,1.649499121230027e-05,0.0
dreadful,-2.1865885813388372e-06,-1.5056242497922477e-05,-2.0105657288885576e-05,-3.611493337974414e-05
dreadfully,-5.4664714533470935e-06,-5.018747499307492e-06,-3.6555740525246506e-06,-4.248815691734605e-06
dreading,0.0,0.0,5.677625082401832e-06,0.0
dream,0.0,0.0,0.0,0.0
dreamed,1.3584329022938437e-05,0.0,0.0,0.0
dreamer,3.3960822557346093e-06,0.0,0.0,0.0
dreamily,2.377257579014227e-05,0.0,0.0,0.0
dreaminess,6.792164511469219e-06,0.0,0.0,0.0
dreaming,1.409501486765347e-05,0.0,0.0,2.7388380629084794e-06
dreams,3.100903270883763e-05,0.0,0.0,5.477676125816959e-06
dreamt,1.6980411278673048e-05,0.0,0.0,0.0
dreamy,7.047507433826735e-06,0.0,0.0,2.7388380629084794e-06
dreary,2.819002973530694e-06,0.0,0.0,2.7388380629084794e-06
dregs,1.409501486765347e-06,0.0,0.0,2.7388380629084794e-06
drenched,4.2285044602960405e-06,0.0,0.0,5.477676125816959e-06
dress,-3.4985417301421396e-05,-1.2546868748268729e-05,-9.138935131311627e-06,-5.7359011838417166e-05
dressed,-4.591836020811558e-05,-3.26218587454987e-05,-1.0966722157573952e-05,-5.523460399254986e-05
dresser,0.0,1.5589653649407254e-05,0.0,0.0
dressers,0.0,7.794826824703627e-06,0.0,0.0
dresses,4.2285044602960405e-06,0.0,2.3564273160428954e-06,0.0
dressing,-9.83964861602477e-06,-6.273434374134364e-05,-1.6450083236360926e-05,-3.399052553387684e-05
dressings,0.0,4.676896094822176e-05,0.0,0.0
dressmaker,6.792164511469219e-06,0.0,0.0,0.0
drew,-4.1545183045437914e-05,-1.7565616247576225e-05,-3.472795349898418e-05,-3.611493337974414e-05
dried,0.0,0.0,0.0,0.0
drier,0.0,7.794826824703627e-06,0.0,0.0
drifted,0.0,3.235145432636643e-06,0.0,5.477676125816959e-06
drifting,0.0,0.0,0.0,1.3198027010414236e-05
drily,2.819002973530694e-06,0.0,4.712854632085791e-06,0.0
drink,-6.122448027748745e-05,-0.0002233342637191834,-1.2794509183836277e-05,-1.2746447075203814e-05
drinkers,3.3960822557346093e-06,0.0,0.0,0.0
drinking,-3.279882872008256e-05,-1.5056242497922477e-05,-1.8277870262623253e-06,-2.1244078458673024e-06
drinks,1.409501486765347e-06,1.2940581730546572e-05,0.0,0.0
drip,1.409501486765347e-06,3.235145432636643e-06,0.0,0.0
dripped,0.0,7.794826824703627e-06,0.0,0.0
dripping,0.0,3.897413412351813e-05,0.0,0.0
drive,-2.0772591522718957e-05,-3.26218587454987e-05,-7.311148105049301e-06,-4.4612564763213354e-05
driven,-8.746354325355349e-06,-2.509373749653746e-06,-9.138935131311627e-06,-1.699526276693842e-05
driver,0.0,0.0,0.0,0.0
drivers,1.409501486765347e-06,6.146776322009621e-05,0.0,0.0
drives,1.409501486765347e-06,0.0,0.0,5.477676125816959e-06
driveway,0.0,7.794826824703626e-05,0.0,0.0
driving,-6.559765744016513e-06,-1.2546868748268729e-05,-7.311148105049301e-06,-1.4870854921071116e-05
drizzle,0.0,1.5589653649407254e-05,0.0,0.0
droite,3.3960822557346093e-06,0.0,0.0,0.0
droning,0.0,0.0,0.0,6.599013505207118e-06
drooping,0.0,0.0,2.3564273160428954e-06,8.216514188725437e-06
drop,-1.7492708650710698e-05,-2.2584363746883714e-05,-5.483361078786976e-06,-1.699526276693842e-05
dropped,-2.842565155740489e-05,-2.5093737496537457e-05,-1.0966722157573952e-05,-3.399052553387684e-05
dropping,0.0,0.0,0.0,0.0
drops,0.0,0.0,0.0,0.0
drove,-1.0932942906694187e-05,-5.7715596242036164e-05,-2.0105657288885576e-05,-5.523460399254986e-05
drown,2.819002973530694e-06,9.70543629790993e-06,0.0,0.0
drowned,0.0,0.0,0.0,0.0
drowning,2.0376493534407657e-05,0.0,0.0,0.0
drowsiness,7.047507433826735e-06,0.0,0.0,2.7388380629084794e-06
drowsy,6.792164511469219e-06,0.0,0.0,0.0
drubbing,3.3960822557346093e-06,0.0,0.0,0.0
drudge,3.3960822557346093e-06,0.0,0.0,0.0
drug,0.0,0.0,0.0,3.299506752603559e-05
drum,1.0188246767203828e-05,0.0,0.0,0.0
drumming,0.0,7.794826824703627e-06,0.0,0.0
drunk,0.0,0.0,0.0,0.0
drunkard,1.1276011894122775e-05,0.0,0.0,2.7388380629084794e-06
drunkards,2.819002973530694e-06,0.0,0.0,2.7388380629084794e-06
drunken,4.51040475764911e-05,0.0,0.0,1.0955352251633918e-05
drunkenness,3.3960822557346093e-06,0.0,0.0,0.0
dry,0.0,0.0,0.0,0.0
drying,3.3960822557346093e-06,0.0,0.0,0.0
dryly,7.047507433826735e-06,0.0,0.0,2.7388380629084794e-06
dryness,1.409501486765347e-06,3.235145432636643e-06,0.0,0.0
du,5.638005947061388e-06,9.70543629790993e-06,0.0,0.0
dual,0.0,0.0,0.0,6.599013505207118e-06
dubious,0.0,0.0,0.0,6.599013505207118e-06
duchess,0.0,0.0,0.0,0.0
ducked,0.0,2.338448047411088e-05,0.0,0.0
ducks,0.0,3.235145432636643e-06,2.3564273160428954e-06,0.0
duclida,6.792164511469219e-06,0.0,0.0,0.0
ductility,0.0,0.0,5.677625082401832e-06,0.0
due,-1.2026237197363608e-05,-2.509373749653746e-06,-2.0105657288885576e-05,-1.0622039229336513e-05
duel,0.0,0.0,5.677625082401832e-06,0.0
duets,0.0,0.0,5.677625082401832e-06,0.0
dug,0.0,0.0,0.0,0.0
dugout,0.0,7.794826824703626e-05,0.0,0.0
dugouts,0.0,1.5589653649407254e-05,0.0,0.0
duke,0.0,3.235145432636643e-06,0.0,1.9171866440359353e-05
dull,-3.2798828720082563e-06,-3.0112484995844953e-05,-7.311148105049301e-06,-1.4870854921071116e-05
dullards,6.792164511469219e-06,0.0,0.0,0.0
dullest,1.409501486765347e-06,0.0,2.3564273160428954e-06,0.0
dulls,0.0,7.794826824703627e-06,0.0,0.0
dully,3.3960822557346093e-06,0.0,0.0,0.0
dulness,0.0,0.0,5.677625082401832e-06,0.0
duly,0.0,0.0,0.0,6.599013505207118e-06
dumb,1.1276011894122775e-05,3.235145432636643e-06,0.0,0.0
dumbfounded,6.792164511469219e-06,0.0,0.0,0.0
dumbfoundered,3.3960822557346093e-06,0.0,0.0,0.0
dummy,0.0,0.0,0.0,1.9797040515621355e-05
dumpy,0.0,7.794826824703627e-06,0.0,0.0
dun,0.0,0.0,0.0,6.599013505207118e-06
duncan,0.0,0.0,0.0,4.6193094536449825e-05
dundas,0.0,0.0,0.0,6.599013505207118e-06
dundee,0.0,0.0,0.0,3.299506752603559e-05
dung,0.0,7.794826824703627e-06,0.0,0.0
dupe,0.0,0.0,5.677625082401832e-06,0.0
duped,0.0,0.0,5.677625082401832e-06,0.0
duping,3.3960822557346093e-06,0.0,0.0,0.0
duplicate,0.0,0.0,0.0,6.599013505207118e-06
duplicates,0.0,0.0,0.0,6.599013505207118e-06
duplicity,0.0,0.0,1.1355250164803664e-05,0.0
duration,0.0,0.0,1.1355250164803664e-05,0.0
during,-2.5145768685396633e-05,-7.528121248961238e-06,-4.9350249709082784e-05,-8.07274981429575e-05
dushkin,1.3584329022938437e-05,0.0,0.0,0.0
dushkins,1.3584329022938437e-05,0.0,0.0,0.0
dusk,0.0,0.0,0.0,0.0
dussauts,3.3960822557346093e-06,0.0,0.0,0.0
dust,0.0,0.0,0.0,0.0
dustcoat,0.0,0.0,0.0,6.599013505207118e-06
dustier,3.3960822557346093e-06,0.0,0.0,0.0
dusty,0.0,0.0,0.0,0.0
duties,0.0,0.0,0.0,0.0
dutifully,0.0,0.0,1.1355250164803664e-05,0.0
duty,-2.4052474394727216e-05,-3.764060624480619e-05,-2.7416805393934876e-05,-2.1244078458673025e-05
dwell,0.0,0.0,4.712854632085791e-06,5.477676125816959e-06
dweller,0.0,0.0,0.0,6.599013505207118e-06
dwelling,0.0,0.0,0.0,0.0
dwelt,0.0,0.0,2.8388125412009164e-05,0.0
dyed,0.0,7.794826824703627e-06,0.0,0.0
dying,-1.4212825778702444e-05,-7.528121248961238e-06,-5.483361078786976e-06,-1.9119670612805722e-05
dyou,4.2285044602960405e-06,0.0,0.0,8.216514188725437e-06
dénouement,0.0,0.0,0.0,6.599013505207118e-06
e,-2.1865885813388372e-06,-2.509373749653746e-06,-1.8277870262623253e-06,-4.248815691734605e-06
each,-6.669095173083455e-05,-0.00010288432373580359,-0.00011515058265452648,-6.798105106775368e-05
eager,0.0,0.0,0.0,0.0
eagerly,0.0,0.0,0.0,0.0
eagerness,0.0,0.0,0.0,0.0
ear,-2.1865885813388374e-05,-5.018747499307492e-06,-1.8277870262623253e-06,-1.9119670612805722e-05
earl,0.0,0.0,5.677625082401832e-06,0.0
earlier,-6.559765744016513e-06,-2.509373749653746e-06,-5.483361078786976e-06,-2.1244078458673024e-06
earliest,0.0,0.0,1.4138563896257373e-05,2.7388380629084794e-06
earls,0.0,0.0,5.677625082401832e-06,0.0
early,-9.83964861602477e-06,-5.5206222492382414e-05,-5.117803673534511e-05,-2.974170984214223e-05
earn,1.1276011894122775e-05,0.0,0.0,1.9171866440359353e-05
earned,4.2285044602960405e-06,0.0,0.0,2.7388380629084794e-06
earnest,0.0,0.0,0.0,0.0
earnestly,0.0,0.0,0.0,0.0
earnestness,2.819002973530694e-06,0.0,4.712854632085791e-06,0.0
earning,0.0,0.0,0.0,1.3198027010414236e-05
earnings,1.3584329022938437e-05,0.0,0.0,0.0
earrings,0.0,0.0,0.0,1.3198027010414236e-05
ears,0.0,0.0,0.0,0.0
earshot,0.0,3.235145432636643e-06,0.0,2.7388380629084794e-06
earth,-2.5145768685396633e-05,-1.2546868748268729e-05,-1.8277870262623253e-06,-4.248815691734605e-05
earthenware,6.792164511469219e-06,0.0,0.0,0.0
earthly,2.819002973530694e-06,0.0,2.3564273160428954e-06,0.0
ease,0.0,0.0,0.0,0.0
eased,0.0,7.794826824703627e-06,0.0,0.0
easier,0.0,0.0,0.0,0.0
easiest,3.3960822557346093e-06,0.0,0.0,0.0
easily,-1.639941436004128e-05,-2.5093737496537457e-05,-4.9350249709082784e-05,-2.1244078458673025e-05
easiness,0.0,0.0,1.7032875247205498e-05,0.0
east,0.0,0.0,0.0,4.6193094536449825e-05
eastbourne,0.0,0.0,5.677625082401832e-06,0.0
easter,2.819002973530694e-06,0.0,7.069281948128687e-06,0.0
easterly,0.0,0.0,0.0,6.599013505207118e-06
eastern,0.0,0.0,0.0,1.9797040515621355e-05
eastward,0.0,0.0,0.0,6.599013505207118e-06
easy,-8.746354325355349e-06,-2.2584363746883714e-05,-4.386688863029581e-05,-5.311019614668256e-05
eat,-1.639941436004128e-05,-0.00010539369748545733,-9.138935131311627e-06,-6.373223537601907e-06
eaten,0.0,0.0,0.0,0.0
eater,1.409501486765347e-06,3.235145432636643e-06,0.0,0.0
eaters,0.0,7.794826824703627e-06,0.0,0.0
eating,0.0,0.0,0.0,0.0
eats,0.0,7.794826824703627e-06,0.0,0.0
eaves,0.0,0.0,0.0,6.599013505207118e-06
eavesdroppers,0.0,0.0,0.0,6.599013505207118e-06
ebb,3.3960822557346093e-06,0.0,0.0,0.0
ebbing,0.0,0.0,0.0,6.599013505207118e-06
eccentric,0.0,0.0,0.0,0.0
eccentricity,0.0,0.0,0.0,1.3198027010414236e-05
ech,3.3960822557346093e-06,0.0,0.0,0.0
echo,0.0,0.0,2.3564273160428954e-06,2.7388380629084794e-06
echoed,6.792164511469219e-06,0.0,0.0,0.0
echoes,0.0,0.0,0.0,6.599013505207118e-06
eclipse,3.3960822557346093e-06,0.0,0.0,0.0
eclipsed,0.0,0.0,2.3564273160428954e-06,2.7388380629084794e-06
eclipses,0.0,0.0,0.0,6.599013505207118e-06
economic,1.3584329022938437e-05,0.0,0.0,0.0
economically,0.0,0.0,5.677625082401832e-06,0.0
economy,2.819002973530694e-06,0.0,1.1782136580214478e-05,0.0
ecstasies,3.3960822557346093e-06,0.0,0.0,0.0
ecstasy,1.409501486765347e-05,0.0,4.712854632085791e-06,0.0
ecstatic,6.792164511469219e-06,0.0,0.0,0.0
ecstatically,3.3960822557346093e-06,0.0,0.0,0.0
ed,0.0,1.5589653649407254e-05,0.0,0.0
eddy,0.0,6.470290865273286e-06,0.0,2.7388380629084794e-06
edgar,0.0,1.5589653649407254e-05,0.0,0.0
edge,-1.0932942906694187e-05,-3.764060624480619e-05,-3.6555740525246506e-06,-2.761730199627493e-05
edged,-1.0932942906694186e-06,-2.509373749653746e-06,-3.6555740525246506e-06,-4.248815691734605e-06
edges,0.0,0.0,0.0,0.0
edgeware,0.0,0.0,0.0,1.3198027010414236e-05
edging,6.792164511469219e-06,0.0,0.0,0.0
edifying,1.409501486765347e-06,3.235145432636643e-06,0.0,0.0
editions,0.0,0.0,0.0,6.599013505207118e-06
editor,1.409501486765347e-06,0.0,0.0,2.7388380629084794e-06
edouardo,0.0,7.794826824703627e-06,0.0,0.0
educated,1.409501486765347e-05,0.0,7.069281948128687e-06,0.0
education,-2.4052474394727216e-05,-7.528121248961238e-06,-2.0105657288885576e-05,-6.373223537601907e-06
edw,0.0,0.0,5.677625082401832e-06,0.0
edward,0.0,0.0,2.3564273160428954e-06,5.477676125816959e-06
eerie,0.0,0.0,0.0,6.599013505207118e-06
efface,3.3960822557346093e-06,0.0,0.0,0.0
effect,0.0,0.0,0.0,0.0
effected,0.0,0.0,0.0,6.599013505207118e-06
effective,0.0,0.0,0.0,0.0
effects,-1.0932942906694186e-06,-2.509373749653746e-06,-7.311148105049301e-06,-6.373223537601907e-06
effectual,0.0,0.0,5.677625082401832e-06,0.0
effectually,0.0,0.0,1.7032875247205498e-05,0.0
efficacy,0.0,0.0,5.677625082401832e-06,0.0
efficiency,0.0,7.794826824703627e-06,0.0,0.0
efficient,0.0,7.794826824703627e-06,0.0,0.0
effort,-2.4052474394727216e-05,-2.509373749653746e-06,-9.138935131311627e-06,-1.0622039229336513e-05
efforts,0.0,0.0,0.0,0.0
effusion,0.0,0.0,1.1355250164803664e-05,0.0
effusions,2.819002973530694e-06,0.0,4.712854632085791e-06,0.0
effusive,0.0,0.0,0.0,6.599013505207118e-06
eg,0.0,0.0,0.0,6.599013505207118e-06
egg,0.0,0.0,0.0,0.0
eggs,0.0,3.5586599759003076e-05,0.0,2.7388380629084794e-06
eggshells,3.3960822557346093e-06,0.0,0.0,0.0
eglonitz,0.0,0.0,0.0,6.599013505207118e-06
eglow,0.0,0.0,0.0,6.599013505207118e-06
egoist,6.792164511469219e-06,0.0,0.0,0.0
egotism,0.0,0.0,0.0,6.599013505207118e-06
egria,0.0,0.0,0.0,6.599013505207118e-06
egypt,4.2285044602960405e-06,3.235145432636643e-06,0.0,0.0
egyptian,1.0188246767203828e-05,0.0,0.0,0.0
eh,4.79230505500218e-05,0.0,0.0,5.477676125816959e-06
eight,-2.623906297606605e-05,-1.0037494998614984e-05,-1.6450083236360926e-05,-2.974170984214223e-05
eighteen,0.0,0.0,0.0,0.0
eightpence,0.0,0.0,0.0,6.599013505207118e-06
eighty,6.792164511469219e-06,0.0,0.0,0.0
either,-4.482506591744617e-05,-2.2584363746883714e-05,-0.00011332279562826417,-7.010545891362098e-05
ejaculated,5.638005947061388e-06,0.0,0.0,1.0955352251633918e-05
ejaculation,0.0,0.0,0.0,1.9797040515621355e-05
ejaculations,3.3960822557346093e-06,0.0,0.0,0.0
ejected,0.0,0.0,0.0,6.599013505207118e-06
ekaterininsky,3.3960822557346093e-06,0.0,0.0,0.0
elaborate,0.0,0.0,0.0,0.0
elapse,3.3960822557346093e-06,0.0,0.0,0.0
elapsed,0.0,0.0,4.712854632085791e-06,8.216514188725437e-06
elastic,0.0,3.235145432636643e-06,0.0,1.0955352251633918e-05
elated,0.0,3.235145432636643e-06,2.3564273160428954e-06,0.0
elbow,1.1276011894122775e-05,0.0,0.0,8.216514188725437e-06
elbowed,0.0,0.0,0.0,6.599013505207118e-06
elbows,0.0,0.0,0.0,0.0
elder,-1.2026237197363608e-05,-5.018747499307492e-06,-1.8277870262623254e-05,-2.1244078458673024e-06
elderly,-1.0932942906694186e-06,-7.528121248961238e-06,-1.8277870262623253e-06,-8.49763138346921e-06
eldest,4.2285044602960405e-06,0.0,5.18414009529437e-05,0.0
elect,3.3960822557346093e-06,0.0,0.0,0.0
elected,3.3960822557346093e-06,0.0,0.0,0.0
electric,0.0,9.70543629790993e-06,0.0,8.216514188725437e-06
electrically,0.0,7.794826824703627e-06,0.0,0.0
elegance,0.0,0.0,5.1098625741616486e-05,0.0
elegant,2.819002973530694e-06,0.0,3.298998242460054e-05,0.0
element,8.457008920592081e-06,0.0,0.0,2.7388380629084794e-06
elemental,0.0,0.0,0.0,6.599013505207118e-06
elementary,1.409501486765347e-06,0.0,0.0,2.7388380629084794e-06
elements,1.409501486765347e-06,0.0,0.0,2.7388380629084794e-06
elevate,0.0,0.0,5.677625082401832e-06,0.0
elevated,0.0,0.0,1.1355250164803664e-05,0.0
elevating,0.0,0.0,5.677625082401832e-06,0.0
elevation,0.0,3.235145432636643e-06,2.3564273160428954e-06,0.0
elevator,0.0,0.0001714861901434798,0.0,0.0
eleven,-1.0932942906694187e-05,-1.0037494998614984e-05,-1.8277870262623253e-06,-1.4870854921071116e-05
eleventh,6.792164511469219e-06,0.0,0.0,0.0
eleys,0.0,0.0,0.0,6.599013505207118e-06
elias,0.0,0.0,0.0,1.9797040515621355e-05
eligibility,0.0,0.0,5.677625082401832e-06,0.0
eligible,0.0,0.0,1.649499121230027e-05,5.477676125816959e-06
eliminate,6.792164511469219e-06,0.0,0.0,0.0
eliminated,0.0,0.0,0.0,6.599013505207118e-06
elise,0.0,0.0,0.0,6.599013505207118e-06
eliza,0.0,0.0,0.00013058537689524213,0.0
elizabeth,0.0,0.0,0.0033838645491114923,0.0
elizabeths,0.0,0.0,0.0002157497531312696,0.0
elle,3.3960822557346093e-06,0.0,0.0,0.0
elope,1.409501486765347e-06,0.0,2.3564273160428954e-06,0.0
eloped,0.0,0.0,5.677625082401832e-06,0.0
elopement,0.0,0.0,5.1098625741616486e-05,0.0
eloping,0.0,0.0,5.677625082401832e-06,0.0
eloquence,1.409501486765347e-06,0.0,2.3564273160428954e-06,0.0
eloquent,0.0,0.0,1.1355250164803664e-05,0.0
else,-5.5758008824140356e-05,-8.782808123788111e-05,-7.676705510301765e-05,-6.798105106775368e-05
elses,1.409501486765347e-06,6.470290865273286e-06,0.0,0.0
elsewhere,0.0,0.0,0.0,0.0
eluded,1.409501486765347e-06,0.0,2.3564273160428954e-06,0.0
emaciated,6.792164511469219e-06,0.0,0.0,0.0
emaciation,0.0,0.0,0.0,6.599013505207118e-06
emancipation,3.3960822557346093e-06,0.0,0.0,0.0
embankment,0.0,0.0,0.0,0.0
embargo,0.0,0.0,5.677625082401832e-06,0.0
embarrassed,-1.4212825778702444e-05,-7.528121248961238e-06,-1.2794509183836277e-05,-2.1244078458673024e-06
embarrassedly,0.0,1.5589653649407254e-05,0.0,0.0
embarrassing,4.2285044602960405e-06,3.235145432636643e-06,0.0,0.0
embarrassment,0.0,0.0,0.0,0.0
embassy,3.3960822557346093e-06,0.0,0.0,0.0
embellish,0.0,0.0,0.0,1.3198027010414236e-05
ember,3.3960822557346093e-06,0.0,0.0,0.0
embrace,2.0376493534407657e-05,0.0,0.0,0.0
embraced,0.0,0.0,0.0,0.0
embracing,5.638005947061388e-06,0.0,4.712854632085791e-06,0.0
embroidered,3.3960822557346093e-06,0.0,0.0,0.0
embroiders,3.3960822557346093e-06,0.0,0.0,0.0
embryo,3.3960822557346093e-06,0.0,0.0,0.0
emerald,0.0,0.0,0.0,6.599013505207118e-06
emerge,0.0,0.0,0.0,1.3198027010414236e-05
emerged,0.0,0.0,0.0,5.2792108041656946e-05
emergency,0.0,0.0,0.0,0.0
emery,0.0,7.794826824703627e-06,0.0,0.0
emigrant,0.0,0.0,0.0,6.599013505207118e-06
emigrate,3.3960822557346093e-06,0.0,0.0,0.0
emigrated,0.0,0.0,0.0,6.599013505207118e-06
emilio,0.0,1.5589653649407254e-05,0.0,0.0
eminence,0.0,0.0,5.677625082401832e-06,0.0
eminent,0.0,0.0,5.677625082401832e-06,0.0
emmanuele,0.0,7.794826824703627e-06,0.0,0.0
emotion,0.0,0.0,0.0,0.0
emotional,3.3960822557346093e-06,0.0,0.0,0.0
emotions,0.0,0.0,2.3564273160428954e-06,2.7388380629084794e-06
emphasis,4.2285044602960405e-06,0.0,2.3564273160428954e-06,0.0
emphasise,3.3960822557346093e-06,0.0,0.0,0.0
emphasising,3.3960822557346093e-06,0.0,0.0,0.0
emphatic,2.819002973530694e-06,0.0,2.3564273160428954e-06,0.0
emphatically,8.457008920592081e-06,0.0,2.3564273160428954e-06,0.0
empire,0.0,0.0,0.0,6.599013505207118e-06
employ,0.0,0.0,4.712854632085791e-06,5.477676125816959e-06
employed,0.0,0.0,0.0,0.0
employer,0.0,0.0,0.0,1.9797040515621355e-05
employers,0.0,0.0,0.0,1.3198027010414236e-05
employing,0.0,0.0,2.3564273160428954e-06,5.477676125816959e-06
employment,-1.0932942906694186e-06,-5.018747499307492e-06,-1.0966722157573952e-05,-2.1244078458673024e-06
employments,0.0,0.0,2.271050032960733e-05,0.0
employs,0.0,0.0,0.0,6.599013505207118e-06
employé,0.0,0.0,0.0,1.3198027010414236e-05
emptied,0.0,0.0,0.0,0.0
emptily,0.0,1.5589653649407254e-05,0.0,0.0
emptiness,0.0,0.0,5.677625082401832e-06,0.0
empty,-3.279882872008256e-05,-8.280933373857361e-05,-1.8277870262623253e-06,-2.1244078458673025e-05
en,4.2285044602960405e-06,0.0,0.0,2.7388380629084794e-06
enable,0.0,0.0,0.0,0.0
enabled,0.0,0.0,4.712854632085791e-06,2.7388380629084794e-06
enables,0.0,0.0,0.0,6.599013505207118e-06
enabling,0.0,0.0,5.677625082401832e-06,0.0
enamel,0.0,7.794826824703627e-06,0.0,0.0
enamelled,3.3960822557346093e-06,0.0,0.0,0.0
encamp,0.0,0.0,0.0,6.599013505207118e-06
encamped,0.0,0.0,5.677625082401832e-06,0.0
enchanted,3.3960822557346093e-06,0.0,0.0,0.0
encircled,0.0,0.0,0.0,6.599013505207118e-06
enclosed,0.0,7.794826824703627e-06,0.0,0.0
enclosure,0.0,0.0,0.0,1.9797040515621355e-05
encompass,0.0,0.0,0.0,6.599013505207118e-06
encore,0.0,7.794826824703627e-06,0.0,0.0
encounter,0.0,3.235145432636643e-06,9.425709264171582e-06,0.0
encourage,0.0,0.0,0.0,0.0
encouraged,2.819002973530694e-06,0.0,1.8851418528343163e-05,0.0
encouragement,0.0,3.235145432636643e-06,2.3564273160428955e-05,0.0
encouraging,0.0,0.0,9.425709264171582e-06,2.7388380629084794e-06
encroaching,0.0,0.0,5.677625082401832e-06,0.0
encumbrance,0.0,0.0,5.677625082401832e-06,0.0
encyclopædia,0.0,0.0,0.0,3.299506752603559e-05
encyclopædias,0.0,0.0,0.0,6.599013505207118e-06
encyst,0.0,1.5589653649407254e-05,0.0,0.0
encysted,0.0,1.5589653649407254e-05,0.0,0.0
end,-8.855683754422292e-05,-7.779058623926613e-05,-5.300582376160743e-05,-0.00012109124721443623
endeared,0.0,0.0,5.677625082401832e-06,0.0
endeavor,0.0,0.0,5.677625082401832e-06,0.0
endeavour,0.0,0.0,4.712854632085791e-05,2.7388380629084794e-06
endeavoured,0.0,0.0,0.0,0.0
endeavouring,0.0,0.0,1.1782136580214478e-05,1.6433028377450875e-05
endeavours,0.0,0.0,3.974337557681283e-05,0.0
ended,-1.4212825778702444e-05,-2.509373749653746e-06,-7.311148105049301e-06,-8.49763138346921e-06
endell,0.0,0.0,0.0,6.599013505207118e-06
ending,0.0,0.0,0.0,0.0
endless,0.0,0.0,0.0,0.0
endowed,3.3960822557346093e-06,0.0,0.0,0.0
ends,0.0,0.0,0.0,0.0
endurable,0.0,0.0,5.677625082401832e-06,0.0
endurance,3.3960822557346093e-06,0.0,0.0,0.0
endure,1.2685513380888124e-05,0.0,2.3564273160428954e-06,0.0
endured,0.0,0.0,0.0,0.0
enduring,0.0,0.0,5.677625082401832e-06,0.0
enemies,0.0,0.0,0.0,0.0
enemy,-3.2798828720082563e-06,-1.0037494998614984e-05,-1.8277870262623253e-06,-6.373223537601907e-06
enemys,0.0,3.235145432636643e-06,0.0,5.477676125816959e-06
energetic,0.0,0.0,2.3564273160428954e-06,1.0955352251633918e-05
energies,6.792164511469219e-06,0.0,0.0,0.0
energy,0.0,0.0,0.0,0.0
enforced,0.0,0.0,5.677625082401832e-06,0.0
engadine,0.0,7.794826824703627e-06,0.0,0.0
engage,0.0,0.0,0.0,0.0
engaged,-7.653060034685932e-06,-2.509373749653746e-06,-6.945590699796835e-05,-3.1866117688009535e-05
engagement,0.0,0.0,0.0,0.0
engagements,0.0,0.0,6.813150098882199e-05,0.0
engaging,0.0,0.0,0.0,0.0
engine,0.0,2.911630889372979e-05,0.0,5.477676125816959e-06
engineer,0.0,3.235145432636643e-06,0.0,1.9171866440359353e-05
engineers,0.0,9.70543629790993e-06,0.0,2.7388380629084794e-06
engines,0.0,0.0,0.0,6.599013505207118e-06
england,-1.0932942906694186e-06,-1.0037494998614984e-05,-9.138935131311627e-06,-4.248815691734605e-05
english,0.0,0.0,0.0,0.0
englishman,0.0,1.2940581730546572e-05,0.0,8.216514188725437e-06
englishmen,3.3960822557346093e-06,0.0,0.0,0.0
englishwoman,0.0,7.794826824703627e-06,0.0,0.0
engraved,1.409501486765347e-06,0.0,0.0,2.7388380629084794e-06
engross,0.0,0.0,5.677625082401832e-06,0.0
engrossed,0.0,0.0,2.8388125412009164e-05,0.0
engrossing,0.0,0.0,5.677625082401832e-06,0.0
enhance,0.0,0.0,5.677625082401832e-06,0.0
enigmatic,1.3584329022938437e-05,0.0,0.0,0.0
enigmatical,0.0,0.0,0.0,6.599013505207118e-06
enigmatically,3.3960822557346093e-06,0.0,0.0,0.0
enjoy,-2.1865885813388372e-06,-5.018747499307492e-06,-1.4622296210098602e-05,-2.1244078458673024e-06
enjoyed,0.0,0.0,0.0,0.0
enjoying,0.0,0.0,2.271050032960733e-05,0.0
enjoyment,9.86651040735743e-06,0.0,3.063355510855764e-05,0.0
enjoyments,0.0,0.0,5.677625082401832e-06,0.0
enlarge,6.792164511469219e-06,0.0,0.0,0.0
enlarged,1.409501486765347e-06,0.0,0.0,2.7388380629084794e-06
enlarging,1.409501486765347e-06,0.0,2.3564273160428954e-06,0.0
enlightened,3.3960822557346093e-06,0.0,0.0,0.0
enlightenment,6.792164511469219e-06,0.0,0.0,0.0
ennobled,3.3960822557346093e-06,0.0,0.0,0.0
ennui,0.0,0.0,0.0,6.599013505207118e-06
enormity,0.0,0.0,5.677625082401832e-06,0.0
enormous,0.0,3.235145432636643e-06,0.0,1.0955352251633918e-05
enormously,1.409501486765347e-06,3.235145432636643e-06,0.0,0.0
enough,-8.637024896288408e-05,-8.280933373857361e-05,-0.0001955732118100688,-0.00012321565506030356
enrage,3.3960822557346093e-06,0.0,0.0,0.0
enraged,0.0,0.0,0.0,0.0
enrico,0.0,3.897413412351813e-05,0.0,0.0
enry,0.0,7.794826824703627e-06,0.0,0.0
ensign,0.0,0.0,5.677625082401832e-06,0.0
ensigncy,0.0,0.0,5.677625082401832e-06,0.0
ensue,0.0,0.0,2.3564273160428954e-06,2.7388380629084794e-06
ensued,0.0,0.0,4.712854632085791e-06,2.7388380629084794e-06
ensuing,0.0,0.0,5.677625082401832e-06,0.0
ensure,3.3960822557346093e-06,0.0,0.0,0.0
entail,0.0,0.0,4.542100065921466e-05,0.0
entailed,0.0,0.0,1.4138563896257373e-05,2.7388380629084794e-06
entailing,0.0,0.0,5.677625082401832e-06,0.0
entangled,0.0,0.0,0.0,1.3198027010414236e-05
enter,-1.5306120069371863e-05,-2.509373749653746e-06,-2.1933444315147905e-05,-1.0622039229336513e-05
entered,-1.0932942906694187e-05,-2.509373749653746e-06,-6.58003329454437e-05,-7.010545891362098e-05
entering,0.0,0.0,0.0,0.0
enterprise,4.2285044602960405e-06,0.0,0.0,2.7388380629084794e-06
enters,0.0,0.0,0.0,6.599013505207118e-06
entertain,4.2285044602960405e-06,0.0,1.1782136580214478e-05,0.0
entertained,1.409501486765347e-06,0.0,1.649499121230027e-05,0.0
entertaining,1.409501486765347e-06,0.0,0.0,5.477676125816959e-06
entertainment,1.409501486765347e-06,0.0,1.4138563896257373e-05,0.0
enthusiasm,9.86651040735743e-06,0.0,0.0,8.216514188725437e-06
enthusiastic,0.0,0.0,0.0,1.3198027010414236e-05
enthusiastically,3.3960822557346093e-06,0.0,0.0,0.0
entire,0.0,0.0,0.0,6.599013505207118e-06
entirely,0.0,0.0,0.0,0.0
entitled,0.0,0.0,2.271050032960733e-05,0.0
entitles,0.0,3.235145432636643e-06,0.0,2.7388380629084794e-06
entrails,3.3960822557346093e-06,0.0,0.0,0.0
entrance,-2.623906297606605e-05,-1.7565616247576225e-05,-2.5589018367672555e-05,-4.248815691734605e-06
entrances,3.3960822557346093e-06,0.0,0.0,0.0
entreat,2.819002973530694e-06,0.0,1.4138563896257373e-05,0.0
entreated,0.0,0.0,4.712854632085791e-06,2.7388380629084794e-06
entreaties,0.0,0.0,0.0,0.0
entreating,2.819002973530694e-06,0.0,2.3564273160428954e-06,0.0
entreaty,1.409501486765347e-06,0.0,1.649499121230027e-05,0.0
entries,0.0,0.0,0.0,1.3198027010414236e-05
entrusted,6.792164511469219e-06,0.0,0.0,0.0
entry,0.0,0.0,0.0,0.0
entrée,3.3960822557346093e-06,0.0,0.0,0.0
enumerating,0.0,0.0,2.8388125412009164e-05,0.0
enumeration,0.0,0.0,5.677625082401832e-06,0.0
envelope,0.0,0.0,0.0,0.0
envelopes,0.0,2.338448047411088e-05,0.0,0.0
envied,0.0,0.0,1.1355250164803664e-05,0.0
envious,6.792164511469219e-06,0.0,0.0,0.0
environment,3.3960822557346096e-05,0.0,0.0,0.0
environs,0.0,3.235145432636643e-06,2.3564273160428954e-06,0.0
envy,0.0,0.0,1.7032875247205498e-05,0.0
envying,0.0,0.0,5.677625082401832e-06,0.0
enwrapped,0.0,0.0,0.0,6.599013505207118e-06
ephemeral,6.792164511469219e-06,0.0,0.0,0.0
epicurean,0.0,0.0,0.0,6.599013505207118e-06
epileptic,3.3960822557346093e-06,0.0,0.0,0.0
episode,0.0,0.0,0.0,6.599013505207118e-06
episodes,1.409501486765347e-06,0.0,0.0,2.7388380629084794e-06
epistle,0.0,0.0,0.0,1.9797040515621355e-05
epithet,0.0,0.0,0.0,0.0
epsom,0.0,0.0,1.7032875247205498e-05,0.0
equal,0.0,0.0,0.0,0.0
equality,2.819002973530694e-06,0.0,0.0,2.7388380629084794e-06
equalled,0.0,0.0,2.3564273160428954e-06,2.7388380629084794e-06
equally,0.0,0.0,4.712854632085791e-05,1.6433028377450875e-05
equals,0.0,0.0,5.677625082401832e-06,0.0
equinoctial,0.0,0.0,0.0,1.3198027010414236e-05
equipage,0.0,0.0,5.677625082401832e-06,0.0
equipment,0.0,1.5589653649407254e-05,0.0,0.0
equipped,0.0,7.794826824703627e-06,0.0,0.0
equivalent,1.409501486765347e-06,0.0,2.3564273160428954e-06,0.0
equivocal,0.0,0.0,5.677625082401832e-06,0.0
eradicate,3.3960822557346093e-06,0.0,0.0,0.0
ere,0.0,0.0,4.712854632085791e-06,2.7388380629084794e-06
erect,0.0,0.0,0.0,1.3198027010414236e-05
erected,0.0,0.0,0.0,1.3198027010414236e-05
err,1.409501486765347e-06,0.0,7.069281948128687e-06,0.0
errand,0.0,0.0,0.0,0.0
errands,0.0,7.794826824703627e-06,0.0,0.0
erred,0.0,0.0,0.0,1.3198027010414236e-05
erroneous,0.0,0.0,0.0,6.599013505207118e-06
error,0.0,0.0,0.0,0.0
errors,0.0,0.0,1.7032875247205498e-05,0.0
es,0.0,0.0,0.0,6.599013505207118e-06
escapade,0.0,0.0,0.0,6.599013505207118e-06
escape,-3.7172005882760244e-05,-2.509373749653746e-06,-1.8277870262623254e-05,-1.2746447075203814e-05
escaped,0.0,0.0,0.0,0.0
escaping,0.0,0.0,0.0,0.0
escort,5.638005947061388e-06,0.0,0.0,5.477676125816959e-06
escorted,0.0,0.0,0.0,1.3198027010414236e-05
escorting,3.3960822557346093e-06,0.0,0.0,0.0
especial,3.3960822557346093e-06,0.0,0.0,0.0
especially,-6.34110688588263e-05,-1.7565616247576225e-05,-4.021131457777115e-05,-8.49763138346921e-06
esq,0.0,0.0,2.3564273160428954e-06,5.477676125816959e-06
essays,3.3960822557346093e-06,0.0,0.0,0.0
essence,0.0,0.0,0.0,0.0
essential,0.0,0.0,0.0,0.0
essentially,1.0188246767203828e-05,0.0,0.0,0.0
essentials,1.409501486765347e-06,0.0,4.712854632085791e-06,0.0
est,3.3960822557346093e-06,0.0,0.0,0.0
establish,0.0,0.0,0.0,0.0
established,0.0,0.0,0.0,0.0
establishing,6.792164511469219e-06,0.0,0.0,0.0
establishment,0.0,0.0,0.0,0.0
establishments,1.0188246767203828e-05,0.0,0.0,0.0
estate,0.0,0.0,0.0,0.0
estates,0.0,0.0,9.425709264171582e-06,2.7388380629084794e-06
esteem,4.2285044602960405e-06,0.0,2.592070047647185e-05,0.0
esteemed,0.0,0.0,3.974337557681283e-05,0.0
esteeming,3.3960822557346093e-06,0.0,0.0,0.0
esteems,1.0188246767203828e-05,0.0,0.0,0.0
estephe,0.0,1.5589653649407254e-05,0.0,0.0
estimable,2.819002973530694e-06,0.0,4.712854632085791e-06,0.0
estimate,0.0,0.0,0.0,6.599013505207118e-06
estimated,0.0,0.0,5.677625082401832e-06,0.0
estimation,0.0,0.0,2.8388125412009164e-05,0.0
estrange,3.3960822557346093e-06,0.0,0.0,0.0
et,6.792164511469219e-06,0.0,0.0,0.0
etc,0.0,0.0,0.0,0.0
eternal,1.0188246767203828e-05,0.0,0.0,0.0
eternity,1.6980411278673048e-05,0.0,0.0,0.0
ether,0.0,7.794826824703627e-06,0.0,0.0
etherege,0.0,0.0,0.0,6.599013505207118e-06
etiquette,2.819002973530694e-06,0.0,4.712854632085791e-06,0.0
eton,0.0,0.0,0.0,6.599013505207118e-06
ettore,0.0,0.0002104603242669979,0.0,0.0
europe,1.409501486765347e-06,0.0,0.0,1.6433028377450875e-05
european,1.409501486765347e-06,0.0,0.0,2.7388380629084794e-06
eustace,0.0,0.0,0.0,6.599013505207118e-06
evacuate,0.0,7.794826824703627e-06,0.0,0.0
evacuated,0.0,1.5589653649407254e-05,0.0,0.0
evade,0.0,0.0,5.677625082401832e-06,0.0
evasiveness,3.3960822557346093e-06,0.0,0.0,0.0
eve,6.792164511469219e-06,0.0,0.0,0.0
even,-0.00036953347024626355,-0.00010288432373580359,-0.00014987853615351068,-0.00014870854921071117
evening,-6.122448027748745e-05,-5.0187474993074915e-05,-0.0001316006658908874,-8.07274981429575e-05
evenings,0.0,0.0,0.0,0.0
evenness,0.0,0.0,1.1355250164803664e-05,0.0
event,-1.0932942906694186e-06,-2.509373749653746e-06,-4.021131457777115e-05,-8.49763138346921e-06
events,0.0,0.0,0.0,0.0
eventually,0.0,6.470290865273286e-06,0.0,1.6433028377450875e-05
ever,-7.215742318418163e-05,-0.00011794056623372607,-0.00024309567449288922,-0.00014870854921071117
everlasting,2.0376493534407657e-05,0.0,0.0,0.0
everlastingly,6.792164511469219e-06,0.0,0.0,0.0
every,-0.00013119531488033025,-0.00010539369748545733,-0.00033265723877974314,-0.0001720770355152515
everybody,-7.653060034685932e-06,-5.2696848742728664e-05,-6.762811997170603e-05,-4.248815691734605e-06
everybodys,0.0,6.470290865273286e-06,4.712854632085791e-06,0.0
everyday,2.819002973530694e-06,0.0,0.0,2.7388380629084794e-06
everyone,0.0,0.0,0.0,0.0
everyones,0.0,0.0,5.677625082401832e-06,0.0
everything,-0.00018367344083246233,-9.033745498753486e-05,-0.0001096672215757395,-4.248815691734605e-05
everywhere,-1.0932942906694187e-05,-1.7565616247576225e-05,-3.6555740525246506e-06,-2.1244078458673024e-06
evidence,5.638005947061388e-05,0.0,0.0,4.656024706944414e-05
evident,-2.623906297606605e-05,-2.509373749653746e-06,-3.290016647272185e-05,-1.2746447075203814e-05
evidently,-2.1865885813388374e-05,-7.528121248961238e-06,-9.138935131311627e-06,-2.974170984214223e-05
evil,0.0,0.0,0.0,0.0
evils,1.409501486765347e-06,0.0,1.8851418528343163e-05,0.0
evolve,0.0,0.0,0.0,6.599013505207118e-06
evolved,0.0,0.0,0.0,6.599013505207118e-06
evviva,0.0,7.794826824703627e-06,0.0,0.0
ex,0.0,0.0,0.0,1.3198027010414236e-05
exact,0.0,0.0,0.0,0.0
exacted,0.0,0.0,0.0,1.3198027010414236e-05
exacting,0.0,0.0,0.0,6.599013505207118e-06
exactitude,3.3960822557346093e-06,0.0,0.0,0.0
exactly,-3.389212301075198e-05,-1.5056242497922477e-05,-5.483361078786975e-05,-1.699526276693842e-05
exactness,1.409501486765347e-06,0.0,0.0,2.7388380629084794e-06
exaggerate,0.0,0.0,0.0,0.0
exaggerated,1.5504516354418816e-05,0.0,0.0,5.477676125816959e-06
exaggerating,6.792164511469219e-06,0.0,0.0,0.0
exaggeration,0.0,0.0,5.677625082401832e-06,0.0
exalted,0.0,0.0,0.0,0.0
examination,-3.2798828720082563e-06,-1.0037494998614984e-05,-5.483361078786976e-06,-2.3368486304540325e-05
examinations,3.3960822557346093e-06,0.0,0.0,0.0
examine,0.0,0.0,0.0,0.0
examined,-5.4664714533470935e-06,-1.0037494998614984e-05,-7.311148105049301e-06,-3.399052553387684e-05
examining,0.0,0.0,0.0,0.0
example,-3.2798828720082563e-06,-2.509373749653746e-06,-9.138935131311627e-06,-2.761730199627493e-05
examples,5.638005947061388e-06,3.235145432636643e-06,0.0,0.0
exasperate,0.0,0.0,1.1355250164803664e-05,0.0
exasperated,1.0188246767203828e-05,0.0,0.0,0.0
exasperation,6.792164511469219e-06,0.0,0.0,0.0
excavating,0.0,0.0,0.0,6.599013505207118e-06
exceed,1.409501486765347e-06,0.0,4.712854632085791e-06,0.0
exceeded,0.0,0.0,4.712854632085791e-06,2.7388380629084794e-06
exceeding,0.0,0.0,2.3564273160428954e-06,2.7388380629084794e-06
exceedingly,0.0,0.0,0.0,0.0
exceeds,3.3960822557346093e-06,0.0,0.0,0.0
excel,0.0,0.0,1.1355250164803664e-05,0.0
excellence,0.0,0.0,1.7032875247205498e-05,0.0
excellency,3.056474030161149e-05,0.0,0.0,0.0
excellent,-6.559765744016513e-06,-1.7565616247576225e-05,-3.655574052524651e-05,-4.036374907147875e-05
except,-3.170553442941315e-05,-8.029995998891987e-05,-4.021131457777115e-05,-1.4870854921071116e-05
excepting,0.0,0.0,1.7032875247205498e-05,0.0
exception,0.0,0.0,0.0,0.0
exceptionable,0.0,0.0,5.677625082401832e-06,0.0
exceptional,8.457008920592081e-06,0.0,0.0,1.0955352251633918e-05
exceptionally,5.638005947061388e-06,0.0,0.0,5.477676125816959e-06
exceptionalness,3.3960822557346093e-06,0.0,0.0,0.0
excess,0.0,0.0,1.1355250164803664e-05,0.0
excessive,0.0,0.0,0.0,0.0
excessively,2.819002973530694e-06,0.0,2.3564273160428955e-05,0.0
exchange,5.638005947061388e-06,0.0,0.0,5.477676125816959e-06
exchanged,0.0,0.0,0.0,0.0
exchanging,2.819002973530694e-06,0.0,0.0,2.7388380629084794e-06
excitable,0.0,3.235145432636643e-06,0.0,2.7388380629084794e-06
excite,0.0,0.0,0.0,0.0
excited,-2.733235726673547e-05,-1.7565616247576225e-05,-2.0105657288885576e-05,-8.49763138346921e-06
excitedly,0.0,0.0,0.0,6.599013505207118e-06
excitement,0.0,0.0,0.0,0.0
excites,6.792164511469219e-06,0.0,0.0,0.0
exciting,-1.0932942906694186e-06,-1.5056242497922477e-05,-1.8277870262623253e-06,-2.1244078458673024e-06
exclaim,0.0,0.0,5.677625082401832e-06,0.0
exclaimed,0.0,0.0,0.0,0.0
exclaiming,4.2285044602960405e-06,0.0,9.425709264171582e-06,0.0
exclamation,0.0,0.0,0.0,0.0
exclamations,1.2685513380888124e-05,0.0,7.069281948128687e-06,0.0
exclude,0.0,0.0,2.3564273160428954e-06,2.7388380629084794e-06
excluded,1.409501486765347e-06,0.0,0.0,2.7388380629084794e-06
exclusion,0.0,0.0,2.3564273160428954e-06,2.7388380629084794e-06
exclusively,1.3584329022938437e-05,0.0,0.0,0.0
excursion,0.0,0.0,0.0,6.599013505207118e-06
excusable,3.3960822557346093e-06,0.0,0.0,0.0
excuse,0.0,0.0,0.0,0.0
excused,0.0,3.235145432636643e-06,4.712854632085791e-06,0.0
excuses,0.0,0.0,0.0,0.0
executed,1.409501486765347e-06,0.0,2.3564273160428954e-06,0.0
executing,1.409501486765347e-06,3.235145432636643e-06,0.0,0.0
execution,0.0,0.0,0.0,0.0
executors,0.0,0.0,5.677625082401832e-06,0.0
exemplary,3.3960822557346093e-06,0.0,0.0,0.0
exempt,3.3960822557346093e-06,0.0,0.0,0.0
exercise,-1.0932942906694186e-06,-5.018747499307492e-06,-1.0966722157573952e-05,-4.248815691734605e-06
exercises,0.0,1.5589653649407254e-05,0.0,0.0
exercising,0.0,0.0,4.712854632085791e-06,2.7388380629084794e-06
exert,0.0,0.0,0.0,0.0
exerted,0.0,0.0,1.1355250164803664e-05,0.0
exerting,0.0,0.0,5.677625082401832e-06,0.0
exertion,0.0,0.0,5.1098625741616486e-05,0.0
exertions,6.792164511469219e-06,0.0,0.0,0.0
exhausted,0.0,0.0,0.0,0.0
exhaustion,1.6980411278673048e-05,0.0,0.0,0.0
exhibit,0.0,0.0,0.0,0.0
exhibited,1.409501486765347e-06,0.0,0.0,2.7388380629084794e-06
exhibiting,0.0,0.0,5.677625082401832e-06,0.0
exhibition,0.0,0.0,1.1355250164803664e-05,0.0
exhilarated,1.0188246767203828e-05,0.0,0.0,0.0
exhilarating,0.0,0.0,0.0,6.599013505207118e-06
exhilaration,0.0,1.5589653649407254e-05,0.0,0.0
exhortations,3.3960822557346093e-06,0.0,0.0,0.0
exigence,0.0,0.0,5.677625082401832e-06,0.0
exiles,3.3960822557346093e-06,0.0,0.0,0.0
exist,0.0,0.0,0.0,0.0
existed,1.409501486765347e-06,0.0,7.069281948128687e-06,0.0
existence,0.0,0.0,0.0,0.0
existing,0.0,0.0,0.0,0.0
exists,1.3584329022938437e-05,0.0,0.0,0.0
exit,0.0,0.0,0.0,6.599013505207118e-06
expand,3.3960822557346093e-06,0.0,0.0,0.0
expect,-1.967929723204954e-05,-2.509373749653746e-06,-6.397254591918138e-05,-1.699526276693842e-05
expectancies,0.0,0.0,0.0,6.599013505207118e-06
expectancy,0.0,0.0,0.0,6.599013505207118e-06
expectation,5.638005947061388e-06,0.0,4.477211900481501e-05,0.0
expectations,1.409501486765347e-06,0.0,1.649499121230027e-05,0.0
expected,-2.733235726673547e-05,-3.0112484995844953e-05,-7.676705510301765e-05,-2.761730199627493e-05
expecting,-1.7492708650710698e-05,-5.018747499307492e-06,-9.138935131311627e-06,-2.1244078458673024e-06
expects,2.819002973530694e-06,0.0,2.3564273160428954e-06,0.0
expedient,0.0,0.0,1.1355250164803664e-05,0.0
expedite,0.0,0.0,5.677625082401832e-06,0.0
expedition,2.819002973530694e-06,0.0,0.0,1.3694190314542398e-05
expeditiously,0.0,0.0,1.1355250164803664e-05,0.0
expenditure,0.0,0.0,0.0,6.599013505207118e-06
expense,0.0,0.0,0.0,0.0
expenses,0.0,0.0,0.0,0.0
expensive,0.0,0.0,0.0,0.0
experience,-1.0932942906694187e-05,-5.018747499307492e-06,-3.6555740525246506e-06,-4.248815691734605e-05
experienced,-5.4664714533470935e-06,-5.018747499307492e-06,-7.311148105049301e-06,-2.1244078458673024e-06
experiences,1.409501486765347e-06,0.0,0.0,5.477676125816959e-06
experiencing,0.0,7.794826824703627e-06,0.0,0.0
experiment,1.3584329022938437e-05,0.0,0.0,0.0
experiments,3.3960822557346093e-06,0.0,0.0,0.0
expiate,3.3960822557346093e-06,0.0,0.0,0.0
expiating,6.792164511469219e-06,0.0,0.0,0.0
expiation,3.3960822557346093e-06,0.0,0.0,0.0
expired,0.0,0.0,0.0,6.599013505207118e-06
expiring,0.0,0.0,0.0,6.599013505207118e-06
explain,-3.826530017342966e-05,-5.018747499307492e-06,-1.0966722157573952e-05,-3.399052553387684e-05
explained,-2.951894584807431e-05,-1.0037494998614984e-05,-1.6450083236360926e-05,-1.9119670612805722e-05
explaining,0.0,0.0,0.0,0.0
explains,0.0,0.0,0.0,6.599013505207118e-06
explanation,-2.951894584807431e-05,-7.528121248961238e-06,-1.4622296210098602e-05,-1.9119670612805722e-05
explanations,-4.3731771626776745e-06,-2.509373749653746e-06,-3.6555740525246506e-06,-4.248815691734605e-06
explanatory,0.0,0.0,5.677625082401832e-06,0.0
explicit,0.0,0.0,1.1355250164803664e-05,0.0
explicitly,0.0,0.0,5.677625082401832e-06,0.0
exploded,0.0,7.794826824703627e-06,0.0,0.0
exploit,6.792164511469219e-06,0.0,0.0,0.0
explore,0.0,0.0,2.3564273160428954e-06,2.7388380629084794e-06
explosion,1.409501486765347e-06,6.470290865273286e-06,0.0,0.0
explosive,1.409501486765347e-05,9.70543629790993e-06,0.0,0.0
export,0.0,7.794826824703627e-06,0.0,0.0
expose,1.409501486765347e-06,0.0,1.649499121230027e-05,0.0
exposed,0.0,0.0,0.0,0.0
exposing,0.0,0.0,2.8388125412009164e-05,0.0
expostulating,1.409501486765347e-06,0.0,0.0,2.7388380629084794e-06
expostulation,0.0,0.0,5.677625082401832e-06,0.0
exposure,0.0,0.0,0.0,0.0
expound,1.409501486765347e-06,0.0,0.0,2.7388380629084794e-06
expounding,1.0188246767203828e-05,0.0,0.0,0.0
express,1.409501486765347e-05,0.0,5.6554255585029494e-05,0.0
expressed,-1.4212825778702444e-05,-2.509373749653746e-06,-4.752246268282045e-05,-4.248815691734605e-06
expresses,3.3960822557346093e-06,0.0,0.0,0.0
expressing,4.2285044602960405e-06,0.0,1.8851418528343163e-05,0.0
expression,-3.389212301075198e-05,-2.509373749653746e-06,-4.021131457777115e-05,-1.699526276693842e-05
expressions,0.0,0.0,0.0,0.0
expressive,0.0,0.0,0.0,0.0
expressively,1.409501486765347e-06,0.0,4.712854632085791e-06,0.0
expressly,0.0,0.0,0.0,0.0
exquisite,0.0,0.0,0.0,0.0
extend,0.0,3.235145432636643e-06,0.0,2.7388380629084794e-06
extended,-1.0932942906694186e-06,-2.509373749653746e-06,-5.483361078786976e-06,-8.49763138346921e-06
extending,0.0,0.0,0.0,6.599013505207118e-06
extensive,0.0,0.0,2.271050032960733e-05,0.0
extent,-2.1865885813388372e-06,-2.509373749653746e-06,-1.2794509183836277e-05,-4.248815691734605e-06
extenuating,1.409501486765347e-06,0.0,2.3564273160428954e-06,0.0
exterior,3.3960822557346093e-06,0.0,0.0,0.0
external,1.3584329022938437e-05,0.0,0.0,0.0
externally,3.3960822557346093e-06,0.0,0.0,0.0
extinguished,0.0,0.0,0.0,0.0
extinguishes,0.0,0.0,0.0,6.599013505207118e-06
extort,0.0,0.0,5.677625082401832e-06,0.0
extorted,0.0,0.0,5.677625082401832e-06,0.0
extra,0.0,6.470290865273286e-06,0.0,5.477676125816959e-06
extractions,0.0,0.0,5.677625082401832e-06,0.0
extracts,0.0,0.0,0.0,0.0
extraordinarily,2.0376493534407657e-05,0.0,0.0,0.0
extraordinary,0.0,0.0,0.0,0.0
extravagance,0.0,0.0,2.271050032960733e-05,0.0
extravagant,0.0,3.235145432636643e-06,9.425709264171582e-06,0.0
extreme,-9.83964861602477e-06,-2.509373749653746e-06,-7.311148105049301e-06,-1.9119670612805722e-05
extremely,-1.8586002941380122e-05,-2.509373749653746e-06,-2.5589018367672555e-05,-1.4870854921071116e-05
extremes,3.3960822557346093e-06,0.0,0.0,0.0
extremity,1.409501486765347e-06,0.0,0.0,2.7388380629084794e-06
exuberance,0.0,0.0,5.677625082401832e-06,0.0
exuberant,0.0,0.0,5.677625082401832e-06,0.0
exultation,0.0,0.0,5.677625082401832e-06,0.0
eye,-1.3119531488033025e-05,-2.509373749653746e-06,-2.7416805393934876e-05,-5.098578830081526e-05
eyeballs,0.0,7.794826824703627e-06,0.0,0.0
eyebrows,5.638005947061388e-06,0.0,0.0,8.216514188725437e-06
eyed,5.638005947061388e-06,0.0,0.0,5.477676125816959e-06
eyeglasses,0.0,0.0,0.0,6.599013505207118e-06
eyeing,0.0,0.0,5.677625082401832e-06,0.0
eyelashes,5.638005947061388e-06,0.0,2.3564273160428954e-06,0.0
eyelids,6.792164511469219e-06,0.0,0.0,0.0
eyes,-0.00026895039550467703,-6.775309124065114e-05,-9.50449253656409e-05,-0.0001848234825904553
eyford,0.0,0.0,0.0,5.9391121546864066e-05
ezekiah,0.0,0.0,0.0,1.3198027010414236e-05
f,0.0,0.0,1.1782136580214478e-05,2.7388380629084794e-06
fabrication,0.0,0.0,0.0,6.599013505207118e-06
face,-0.0002733235726673547,-0.00015307179872887851,-4.9350249709082784e-05,-0.0002697997964251474
faced,-1.0932942906694186e-06,-1.5056242497922477e-05,-1.8277870262623253e-06,-2.761730199627493e-05
faces,-1.967929723204954e-05,-1.2546868748268729e-05,-5.483361078786976e-06,-4.248815691734605e-06
facet,0.0,0.0,0.0,6.599013505207118e-06
facilitate,1.409501486765347e-06,0.0,0.0,2.7388380629084794e-06
facilities,0.0,7.794826824703627e-06,0.0,0.0
facility,0.0,0.0,0.0,6.599013505207118e-06
facing,0.0,0.0,0.0,0.0
fact,-0.00010823613477627246,-2.509373749653746e-06,-2.5589018367672555e-05,-5.311019614668256e-05
factor,0.0,0.0,0.0,1.9797040515621355e-05
factories,0.0,3.235145432636643e-06,0.0,2.7388380629084794e-06
factory,0.0,0.0,0.0,6.599013505207118e-06
facts,-3.389212301075198e-05,-2.509373749653746e-06,-1.8277870262623253e-06,-7.435427460535559e-05
faculties,0.0,0.0,0.0,0.0
faculty,6.792164511469219e-06,0.0,0.0,0.0
fad,0.0,0.0,0.0,6.599013505207118e-06
faddy,0.0,0.0,0.0,1.3198027010414236e-05
fade,0.0,0.0,0.0,6.599013505207118e-06
faded,1.409501486765347e-06,0.0,0.0,8.216514188725437e-06
fading,3.3960822557346093e-06,0.0,0.0,0.0
fads,0.0,0.0,0.0,1.3198027010414236e-05
fagged,0.0,0.0,0.0,6.599013505207118e-06
fail,-1.2026237197363608e-05,-2.509373749653746e-06,-1.0966722157573952e-05,-1.2746447075203814e-05
failed,-1.4212825778702444e-05,-2.509373749653746e-06,-5.483361078786976e-06,-1.2746447075203814e-05
failing,0.0,0.0,0.0,0.0
failings,3.3960822557346093e-06,0.0,0.0,0.0
fails,1.3584329022938437e-05,0.0,0.0,0.0
failure,8.457008920592081e-06,0.0,2.3564273160428954e-06,0.0
failures,3.3960822557346093e-06,0.0,0.0,0.0
fain,0.0,0.0,0.0,6.599013505207118e-06
faint,-1.2026237197363608e-05,-7.528121248961238e-06,-1.8277870262623253e-06,-6.373223537601907e-06
fainted,9.86651040735743e-06,0.0,0.0,1.6433028377450875e-05
fainter,0.0,0.0,1.1355250164803664e-05,0.0
faintest,1.0188246767203828e-05,0.0,0.0,0.0
fainting,1.1276011894122775e-05,0.0,0.0,8.216514188725437e-06
faintly,0.0,0.0,0.0,0.0
faintness,3.3960822557346093e-06,0.0,0.0,0.0
fair,0.0,0.0,0.0,0.0
fairbank,0.0,0.0,0.0,1.3198027010414236e-05
fairer,0.0,0.0,0.0,6.599013505207118e-06
fairest,1.409501486765347e-06,0.0,2.3564273160428954e-06,0.0
fairly,-1.7492708650710698e-05,-5.018747499307492e-06,-3.6555740525246506e-06,-1.4870854921071116e-05
fairy,3.3960822557346093e-06,0.0,0.0,0.0
fait,0.0,0.0,0.0,6.599013505207118e-06
faith,0.0,0.0,0.0,0.0
faithful,0.0,0.0,0.0,0.0
faithfully,0.0,0.0,0.0,0.0
fake,0.0,7.794826824703627e-06,0.0,0.0
fall,-2.0772591522718957e-05,-6.022496999168991e-05,-1.6450083236360926e-05,-2.3368486304540325e-05
fallacy,0.0,7.794826824703627e-06,0.0,0.0
fallen,-1.639941436004128e-05,-5.018747499307492e-06,-5.483361078786976e-06,-2.1244078458673025e-05
falling,-8.746354325355349e-06,-4.516872749376743e-05,-5.483361078786976e-06,-4.248815691734605e-06
falls,-1.0932942906694186e-06,-5.018747499307492e-06,-3.6555740525246506e-06,-2.1244078458673024e-06
false,-1.3119531488033025e-05,-7.528121248961238e-06,-2.1933444315147905e-05,-8.49763138346921e-06
falsehood,2.819002973530694e-06,0.0,1.649499121230027e-05,0.0
falsely,0.0,0.0,5.677625082401832e-06,0.0
falsetto,3.3960822557346093e-06,0.0,0.0,0.0
falsity,3.3960822557346093e-06,0.0,0.0,0.0
faltered,1.6980411278673048e-05,0.0,0.0,0.0
faltering,1.0188246767203828e-05,0.0,0.0,0.0
falteringly,3.3960822557346093e-06,0.0,0.0,0.0
fame,0.0,0.0,5.677625082401832e-06,0.0
familiar,0.0,0.0,0.0,0.0
familiarised,3.3960822557346093e-06,0.0,0.0,0.0
familiarity,5.638005947061388e-06,0.0,4.712854632085791e-06,0.0
familiarly,0.0,0.0,1.1355250164803664e-05,0.0
families,-2.1865885813388372e-06,-5.018747499307492e-06,-1.2794509183836277e-05,-1.0622039229336513e-05
family,-5.0291537370793266e-05,-3.764060624480619e-05,-0.0002778236279918734,-6.373223537601907e-05
familys,3.3960822557346093e-06,0.0,0.0,0.0
famine,3.3960822557346093e-06,0.0,0.0,0.0
famished,0.0,0.0,0.0,6.599013505207118e-06
famous,0.0,0.0,0.0,0.0
fanaticism,1.0188246767203828e-05,0.0,0.0,0.0
fancied,4.651354906325645e-05,0.0,1.649499121230027e-05,0.0
fancier,0.0,0.0,0.0,6.599013505207118e-06
fancies,1.2685513380888124e-05,0.0,0.0,1.3694190314542398e-05
fanciful,2.819002973530694e-06,0.0,0.0,2.7388380629084794e-06
fancy,0.0,0.0,0.0,0.0
fancying,8.457008920592081e-06,0.0,9.425709264171582e-06,0.0
fangs,0.0,0.0,0.0,1.3198027010414236e-05
fanlight,0.0,0.0,0.0,6.599013505207118e-06
fantastic,2.1142522301480205e-05,0.0,0.0,1.9171866440359353e-05
fantasy,1.3584329022938437e-05,0.0,0.0,0.0
far,-8.418366038154525e-05,-9.786557623649609e-05,-0.00010783943454947718,-0.00011684243152270162
farce,3.3960822557346093e-06,0.0,0.0,0.0
fare,0.0,0.0,0.0,0.0
fared,3.3960822557346093e-06,0.0,0.0,0.0
fareham,0.0,0.0,0.0,6.599013505207118e-06
fares,3.3960822557346093e-06,0.0,0.0,0.0
farewell,0.0,0.0,0.0,0.0
farintosh,0.0,0.0,0.0,1.3198027010414236e-05
farm,0.0,0.0,0.0,0.0
farmhouse,0.0,3.5586599759003076e-05,0.0,2.7388380629084794e-06
farmhouses,0.0,1.5589653649407254e-05,0.0,0.0
farms,0.0,6.470290865273286e-06,0.0,2.7388380629084794e-06
farmyard,0.0,7.794826824703627e-06,0.0,0.0
farrington,0.0,0.0,0.0,6.599013505207118e-06
farther,-1.0932942906694186e-06,-5.018747499307492e-06,-2.5589018367672555e-05,-2.1244078458673025e-05
farthest,0.0,0.0,0.0,1.3198027010414236e-05
farthing,0.0,0.0,0.0,0.0
farthings,1.0188246767203828e-05,0.0,0.0,0.0
fascinate,3.3960822557346093e-06,0.0,0.0,0.0
fascinated,1.3584329022938437e-05,0.0,0.0,0.0
fascinating,7.047507433826735e-06,0.0,0.0,8.216514188725437e-06
fascination,1.409501486765347e-06,0.0,0.0,2.7388380629084794e-06
fashion,0.0,0.0,0.0,0.0
fashionable,0.0,0.0,0.0,0.0
fashionably,6.792164511469219e-06,0.0,0.0,0.0
fashioned,0.0,0.0,0.0,0.0
fashions,0.0,0.0,1.1355250164803664e-05,0.0
fast,-1.2026237197363608e-05,-5.7715596242036164e-05,-1.2794509183836277e-05,-4.248815691734605e-06
fasten,2.819002973530694e-06,0.0,0.0,2.7388380629084794e-06
fastened,-8.746354325355349e-06,-7.528121248961238e-06,-1.8277870262623253e-06,-2.1244078458673025e-05
fasteners,0.0,0.0,0.0,6.599013505207118e-06
fastening,5.638005947061388e-06,0.0,0.0,2.7388380629084794e-06
faster,0.0,6.470290865273286e-06,0.0,5.477676125816959e-06
fastest,3.3960822557346093e-06,0.0,0.0,0.0
fastidious,0.0,0.0,1.1355250164803664e-05,0.0
fastidiousness,3.3960822557346093e-06,0.0,0.0,0.0
fasting,3.3960822557346093e-06,0.0,0.0,0.0
fat,-1.639941436004128e-05,-1.5056242497922477e-05,-1.8277870262623253e-06,-1.2746447075203814e-05
fatal,8.457008920592081e-06,0.0,0.0,1.0955352251633918e-05
fatally,0.0,0.0,0.0,6.599013505207118e-06
fate,0.0,0.0,0.0,0.0
fateful,6.792164511469219e-06,0.0,0.0,0.0
father,-7.543730605618989e-05,-6.775309124065114e-05,-0.0002120232950464297,-0.00015508177274831307
fatherhood,0.0,7.794826824703627e-06,0.0,0.0
fatherland,0.0,7.794826824703627e-06,0.0,0.0
fatherless,3.3960822557346093e-06,0.0,0.0,0.0
fathers,0.0,0.0,0.0,0.0
fathom,0.0,0.0,0.0,1.3198027010414236e-05
fathomed,0.0,0.0,0.0,6.599013505207118e-06
fatigue,8.457008920592081e-06,0.0,9.425709264171582e-06,0.0
fatigued,0.0,0.0,0.0,0.0
fatiguing,3.3960822557346093e-06,0.0,0.0,0.0
fatness,3.3960822557346093e-06,0.0,0.0,0.0
fattened,0.0,0.0,0.0,1.3198027010414236e-05
fattest,0.0,0.0,0.0,6.599013505207118e-06
fattish,3.3960822557346093e-06,0.0,0.0,0.0
fatuity,3.3960822557346093e-06,0.0,0.0,0.0
fault,-1.2026237197363608e-05,-5.018747499307492e-06,-1.2794509183836277e-05,-1.0622039229336513e-05
faultless,0.0,0.0,5.677625082401832e-06,0.0
faults,0.0,0.0,0.0,0.0
faulty,0.0,0.0,1.7032875247205498e-05,0.0
favor,0.0,7.794826824703627e-06,0.0,0.0
favorably,0.0,7.794826824703627e-06,0.0,0.0
favour,0.0,0.0,0.0,0.0
favourable,0.0,0.0,0.0,0.0
favourably,0.0,0.0,4.712854632085791e-06,5.477676125816959e-06
favoured,0.0,0.0,2.3564273160428954e-06,5.477676125816959e-06
favourite,5.638005947061388e-06,0.0,4.94849736369008e-05,0.0
favourites,0.0,0.0,1.7032875247205498e-05,0.0
favours,0.0,0.0,1.1355250164803664e-05,0.0
fawn,3.3960822557346093e-06,0.0,0.0,0.0
fawned,3.3960822557346093e-06,0.0,0.0,0.0
fawning,3.3960822557346093e-06,0.0,0.0,0.0
fear,-3.0612240138743727e-05,-2.509373749653746e-06,-4.203910160403348e-05,-5.948341968428446e-05
feared,0.0,0.0,0.0,0.0
fearful,1.6914017841184162e-05,0.0,1.1782136580214478e-05,0.0
fearfully,3.735690481308071e-05,0.0,0.0,0.0
fearing,1.409501486765347e-06,0.0,7.069281948128687e-06,0.0
fearless,0.0,0.0,2.3564273160428954e-06,2.7388380629084794e-06
fears,0.0,0.0,0.0,0.0
feasible,0.0,0.0,0.0,1.3198027010414236e-05
feast,3.3960822557346093e-06,0.0,0.0,0.0
feat,0.0,0.0,0.0,6.599013505207118e-06
feather,-1.0932942906694187e-05,-5.018747499307492e-06,-1.8277870262623253e-06,-6.373223537601907e-06
feathers,0.0,0.0,2.3564273160428954e-06,2.7388380629084794e-06
feature,0.0,0.0,0.0,0.0
featureless,0.0,0.0,0.0,1.3198027010414236e-05
features,0.0,0.0,0.0,0.0
february,0.0,0.0,0.0,0.0
fed,0.0,0.0,0.0,0.0
federico,0.0,4.676896094822176e-05,0.0,0.0
fedosya,3.3960822557346093e-06,0.0,0.0,0.0
fedyaevs,3.3960822557346093e-06,0.0,0.0,0.0
fee,2.819002973530694e-06,0.0,0.0,1.3694190314542398e-05
feeble,4.2285044602960405e-06,0.0,0.0,2.7388380629084794e-06
feebler,3.3960822557346093e-06,0.0,0.0,0.0
feebly,3.3960822557346093e-06,0.0,0.0,0.0
feed,0.0,0.0,0.0,0.0
feeding,3.3960822557346093e-06,0.0,0.0,0.0
feel,-7.325071747485106e-05,-0.00018067490997506971,-7.128369402423068e-05,-3.611493337974414e-05
feeling,-8.418366038154525e-05,-6.775309124065114e-05,-6.58003329454437e-05,-3.611493337974414e-05
feelingly,0.0,0.0,5.677625082401832e-06,0.0
feelings,-2.733235726673547e-05,-5.018747499307492e-06,-0.0001608452583110846,-2.1244078458673024e-06
feels,0.0,0.0,0.0,0.0
fees,3.3960822557346093e-06,0.0,0.0,0.0
feet,-2.951894584807431e-05,-4.265935374411368e-05,-1.8277870262623253e-06,-5.948341968428446e-05
feign,3.3960822557346093e-06,0.0,0.0,0.0
feigned,0.0,0.0,0.0,0.0
felicitations,0.0,3.235145432636643e-06,2.3564273160428954e-06,0.0
felicitous,3.3960822557346093e-06,0.0,0.0,0.0
felicity,0.0,0.0,0.00010219725148323297,0.0
fell,-5.5758008824140356e-05,-2.7603111246191207e-05,-3.6555740525246506e-06,-3.8239341225611444e-05
fellow,-6.887754031217339e-05,-1.7565616247576225e-05,-1.4622296210098602e-05,-7.222986675948828e-05
fellows,-7.653060034685932e-06,-2.509373749653746e-06,-5.483361078786976e-06,-2.1244078458673024e-06
fellowship,3.3960822557346093e-06,0.0,0.0,0.0
felony,0.0,0.0,0.0,1.9797040515621355e-05
felstein,0.0,0.0,0.0,6.599013505207118e-06
felt,-0.00018804661799514002,-0.00017816553622541597,-0.0001827787026262325,-7.010545891362098e-05
female,4.2285044602960405e-06,0.0,1.8851418528343163e-05,0.0
females,0.0,0.0,1.1355250164803664e-05,0.0
feminine,0.0,0.0,0.0,0.0
fence,1.409501486765347e-06,1.2940581730546572e-05,0.0,0.0
fenced,3.3960822557346093e-06,0.0,0.0,0.0
fences,1.409501486765347e-06,3.235145432636643e-06,0.0,0.0
fenchurch,0.0,0.0,0.0,1.3198027010414236e-05
fender,0.0,0.0,5.677625082401832e-06,0.0
ferguson,0.0,0.00013587610817073902,0.0,1.0955352251633918e-05
fergy,0.0,0.0001169224023705544,0.0,0.0
feriti,0.0,1.5589653649407254e-05,0.0,0.0
fermenting,3.3960822557346093e-06,0.0,0.0,0.0
ferocious,1.409501486765347e-06,0.0,0.0,2.7388380629084794e-06
ferociously,3.3960822557346093e-06,0.0,0.0,0.0
ferocity,3.3960822557346093e-06,0.0,0.0,0.0
ferret,0.0,0.0,0.0,6.599013505207118e-06
fervent,1.409501486765347e-06,0.0,2.3564273160428954e-06,0.0
fervently,1.409501486765347e-06,0.0,2.3564273160428954e-06,0.0
fervour,3.3960822557346093e-06,0.0,0.0,0.0
fess,0.0,0.0,0.0,6.599013505207118e-06
festive,6.792164511469219e-06,0.0,0.0,0.0
festivities,0.0,0.0,0.0,6.599013505207118e-06
festivity,6.792164511469219e-06,0.0,0.0,0.0
fetch,0.0,0.0,0.0,0.0
fetched,4.2285044602960405e-06,0.0,2.3564273160428954e-06,0.0
fetching,1.3584329022938437e-05,0.0,0.0,0.0
fetters,6.792164511469219e-06,0.0,0.0,0.0
feu,0.0,7.794826824703627e-06,0.0,0.0
fever,0.0,0.0,0.0,0.0
feverish,2.819002973530694e-05,0.0,4.712854632085791e-06,0.0
feverishly,1.0188246767203828e-05,0.0,0.0,0.0
few,-5.5758008824140356e-05,-5.5206222492382414e-05,-0.0001297728788646251,-0.000161454996285915
fewer,0.0,0.0,0.0,0.0
fewness,0.0,7.794826824703627e-06,0.0,0.0
fezzes,0.0,7.794826824703627e-06,0.0,0.0
fiancé,9.86651040735743e-06,0.0,0.0,2.7388380629084794e-06
fiancée,3.3960822557346093e-06,0.0,0.0,0.0
fiasco,0.0,7.794826824703627e-06,0.0,0.0
fiat,0.0,1.5589653649407254e-05,0.0,0.0
fibbing,3.3960822557346093e-06,0.0,0.0,0.0
fiction,0.0,0.0,0.0,6.599013505207118e-06
fidelity,1.409501486765347e-06,0.0,0.0,2.7388380629084794e-06
fidget,1.409501486765347e-06,0.0,2.3564273160428954e-06,0.0
fidgeted,1.409501486765347e-06,0.0,0.0,2.7388380629084794e-06
fidgeting,3.3960822557346093e-06,0.0,0.0,0.0
fidgets,0.0,0.0,5.677625082401832e-06,0.0
fidgety,0.0,0.0,5.677625082401832e-06,0.0
fie,3.3960822557346093e-06,0.0,0.0,0.0
field,-1.0932942906694186e-06,-6.022496999168991e-05,-5.483361078786976e-06,-1.9119670612805722e-05
fields,0.0,0.0,0.0,0.0
fiend,6.792164511469219e-06,0.0,0.0,0.0
fiendish,3.3960822557346093e-06,0.0,0.0,0.0
fierce,0.0,6.470290865273286e-06,0.0,1.6433028377450875e-05
fiercely,0.0,0.0,0.0,0.0
fiery,0.0,0.0,0.0,1.3198027010414236e-05
fifteen,-2.5145768685396633e-05,-1.7565616247576225e-05,-7.311148105049301e-06,-4.248815691734605e-06
fifteenth,3.3960822557346093e-06,0.0,0.0,0.0
fifth,-6.559765744016513e-06,-2.509373749653746e-06,-1.8277870262623253e-06,-2.1244078458673024e-06
fifthly,3.3960822557346093e-06,0.0,0.0,0.0
fifty,-1.8586002941380122e-05,-2.5093737496537457e-05,-1.0966722157573952e-05,-2.549289415040763e-05
fight,-6.559765744016513e-06,-2.5093737496537457e-05,-3.6555740525246506e-06,-6.373223537601907e-06
fighting,-1.5306120069371863e-05,-6.022496999168991e-05,-1.8277870262623253e-06,-2.1244078458673024e-06
figure,-1.7492708650710698e-05,-5.018747499307492e-06,-1.4622296210098602e-05,-4.036374907147875e-05
figured,0.0,0.0,0.0,6.599013505207118e-06
figures,0.0,0.0,0.0,0.0
filberts,0.0,7.794826824703627e-06,0.0,0.0
filed,0.0,0.0,0.0,6.599013505207118e-06
files,0.0,0.0,0.0,6.599013505207118e-06
filial,0.0,0.0,4.712854632085791e-06,2.7388380629084794e-06
filigree,3.3960822557346093e-06,0.0,0.0,0.0
filka,6.792164511469219e-06,0.0,0.0,0.0
fill,-3.2798828720082563e-06,-1.2546868748268729e-05,-1.8277870262623253e-06,-8.49763138346921e-06
filled,-1.967929723204954e-05,-3.513123249515245e-05,-1.8277870262623253e-06,-1.4870854921071116e-05
filling,0.0,0.0,0.0,0.0
fillipo,0.0,1.5589653649407254e-05,0.0,0.0
fillippo,0.0,7.794826824703627e-06,0.0,0.0
fills,0.0,0.0,0.0,6.599013505207118e-06
filtering,0.0,7.794826824703627e-06,0.0,0.0
filth,6.792164511469219e-06,0.0,0.0,0.0
filthiness,6.792164511469219e-06,0.0,0.0,0.0
filthy,0.0,0.0,0.0,0.0
final,0.0,0.0,0.0,0.0
finally,-1.5306120069371863e-05,-5.0187474993074915e-05,-1.2794509183836277e-05,-4.036374907147875e-05
finances,0.0,0.0,5.677625082401832e-06,0.0
financial,1.409501486765347e-06,3.235145432636643e-06,0.0,0.0
financier,0.0,0.0,0.0,1.3198027010414236e-05
finanza,0.0,1.5589653649407254e-05,0.0,0.0
find,-0.00010714284048560304,-8.280933373857361e-05,-0.00010783943454947718,-0.0001699526276693842
finder,0.0,0.0,0.0,6.599013505207118e-06
finding,-1.639941436004128e-05,-5.018747499307492e-06,-2.3761231341410226e-05,-1.9119670612805722e-05
finds,0.0,0.0,0.0,0.0
fine,-1.639941436004128e-05,-0.00026348424371364337,-5.848918484039441e-05,-2.3368486304540325e-05
finely,0.0,0.0,0.0,6.599013505207118e-06
finer,0.0,0.0,0.0,0.0
finery,2.819002973530694e-06,0.0,4.712854632085791e-06,0.0
finest,0.0,0.0,4.712854632085791e-06,2.7388380629084794e-06
finger,0.0,0.0,0.0,0.0
fingering,0.0,0.0,5.677625082401832e-06,0.0
fingers,-1.5306120069371863e-05,-2.5093737496537457e-05,-5.483361078786976e-06,-2.3368486304540325e-05
fingertips,0.0,0.0,0.0,1.3198027010414236e-05
finish,-7.653060034685932e-06,-2.0074989997229968e-05,-7.311148105049301e-06,-2.1244078458673024e-06
finished,-1.7492708650710698e-05,-4.516872749376743e-05,-2.0105657288885576e-05,-1.9119670612805722e-05
finishing,0.0,0.0,0.0,0.0
finn,3.3960822557346093e-06,0.0,0.0,0.0
finnish,6.792164511469219e-06,0.0,0.0,0.0
finns,0.0,0.0,0.0,6.599013505207118e-06
fire,-2.1865885813388374e-05,-6.022496999168991e-05,-9.138935131311627e-06,-9.559835306402862e-05
fired,4.2285044602960405e-06,3.235145432636643e-05,0.0,0.0
firelight,0.0,0.0,0.0,6.599013505207118e-06
firemen,0.0,0.0,0.0,6.599013505207118e-06
firenze,0.0,7.794826824703627e-06,0.0,0.0
fireplace,0.0,0.0,4.712854632085791e-06,1.0955352251633918e-05
fires,1.3584329022938437e-05,0.0,0.0,0.0
fireweed,0.0,7.794826824703627e-06,0.0,0.0
firing,0.0,8.57430950717399e-05,0.0,0.0
firm,-1.0932942906694187e-05,-2.509373749653746e-06,-5.483361078786976e-06,-2.549289415040763e-05
firmer,3.3960822557346093e-06,0.0,0.0,0.0
firmest,0.0,0.0,1.1355250164803664e-05,0.0
firmly,-2.1865885813388374e-05,-2.509373749653746e-06,-1.8277870262623253e-06,-4.248815691734605e-06
firmness,0.0,0.0,0.0,0.0
first,-0.00025145768685396635,-0.00017816553622541597,-0.0002668569058342995,-0.000182699074744588
fish,-4.3731771626776745e-06,-1.0037494998614984e-05,-9.138935131311627e-06,-4.248815691734605e-06
fished,0.0,0.0,0.0,6.599013505207118e-06
fishermans,0.0,1.5589653649407254e-05,0.0,0.0
fishermen,0.0,7.794826824703627e-06,0.0,0.0
fishes,1.409501486765347e-06,0.0,0.0,5.477676125816959e-06
fishing,0.0,1.6175727163183214e-05,1.1782136580214478e-05,0.0
fist,4.4149069324549926e-05,0.0,0.0,0.0
fists,4.2285044602960405e-06,0.0,0.0,1.0955352251633918e-05
fit,-2.295918010405779e-05,-5.018747499307492e-06,-7.311148105049301e-06,-1.9119670612805722e-05
fits,2.819002973530694e-06,0.0,0.0,5.477676125816959e-06
fitted,-3.2798828720082563e-06,-5.018747499307492e-06,-1.0966722157573952e-05,-1.0622039229336513e-05
fitting,0.0,0.0,0.0,0.0
fitzwilliam,0.0,0.0,0.00018168400263685863,0.0
fitzwilliams,0.0,0.0,2.8388125412009164e-05,0.0
five,-9.183672041623117e-05,-7.277183873995864e-05,-6.0316971866656735e-05,-8.07274981429575e-05
fiver,0.0,0.0,0.0,1.3198027010414236e-05
fives,0.0,7.794826824703627e-06,0.0,0.0
fix,-5.4664714533470935e-06,-1.0037494998614984e-05,-5.483361078786976e-06,-2.1244078458673024e-06
fixed,-3.826530017342966e-05,-2.509373749653746e-06,-4.021131457777115e-05,-2.3368486304540325e-05
fixedly,6.792164511469219e-06,0.0,0.0,0.0
fixing,1.409501486765347e-06,0.0,4.712854632085791e-06,0.0
fixtures,0.0,7.794826824703627e-06,0.0,0.0
flabby,3.3960822557346093e-06,0.0,0.0,0.0
flag,0.0,0.0,0.0,0.0
flagged,0.0,0.0,0.0,1.3198027010414236e-05
flagging,3.3960822557346093e-06,0.0,0.0,0.0
flagrant,3.3960822557346093e-06,0.0,0.0,0.0
flags,0.0,3.235145432636643e-06,0.0,2.7388380629084794e-06
flake,0.0,7.794826824703627e-06,0.0,0.0
flakes,0.0,7.794826824703627e-06,0.0,0.0
flame,5.638005947061388e-06,0.0,0.0,5.477676125816959e-06
flames,1.409501486765347e-06,0.0,0.0,5.477676125816959e-06
flaming,0.0,0.0,2.3564273160428954e-06,5.477676125816959e-06
flanders,0.0,7.794826824703627e-06,0.0,0.0
flank,0.0,7.794826824703627e-06,0.0,0.0
flannel,6.792164511469219e-06,0.0,0.0,0.0
flap,0.0,6.470290865273286e-06,0.0,8.216514188725437e-06
flapped,0.0,0.0,0.0,1.3198027010414236e-05
flapping,3.3960822557346093e-06,0.0,0.0,0.0
flare,0.0,0.0,0.0,6.599013505207118e-06
flaring,1.409501486765347e-06,0.0,0.0,2.7388380629084794e-06
flash,0.0,0.0,0.0,0.0
flashed,0.0,0.0,0.0,0.0
flashes,1.409501486765347e-06,9.70543629790993e-06,0.0,0.0
flashing,0.0,0.0,0.0,0.0
flask,0.0,1.5589653649407254e-05,0.0,0.0
flasks,0.0,1.5589653649407254e-05,0.0,0.0
flat,-8.418366038154525e-05,-5.0187474993074915e-05,-1.8277870262623253e-06,-4.248815691734605e-06
flatly,3.3960822557346093e-06,0.0,0.0,0.0
flatness,0.0,7.794826824703627e-06,0.0,0.0
flats,2.0376493534407657e-05,0.0,0.0,0.0
flatten,0.0,7.794826824703627e-06,0.0,0.0
flattened,0.0,9.70543629790993e-06,0.0,5.477676125816959e-06
flattening,0.0,3.235145432636643e-06,0.0,2.7388380629084794e-06
flatter,-2.1865885813388372e-06,-1.0037494998614984e-05,-1.8277870262623254e-05,-2.1244078458673024e-06
flattered,0.0,0.0,0.0,0.0
flatterers,3.3960822557346093e-06,0.0,0.0,0.0
flattering,5.638005947061388e-06,0.0,9.425709264171582e-06,0.0
flattery,2.7168658045876875e-05,0.0,0.0,0.0
flaubert,0.0,0.0,0.0,6.599013505207118e-06
flavor,0.0,7.794826824703627e-06,0.0,0.0
flaw,1.409501486765347e-06,0.0,0.0,5.477676125816959e-06
flaxen,2.0376493534407657e-05,0.0,0.0,0.0
fleas,0.0,7.794826824703627e-06,0.0,0.0
flecked,1.409501486765347e-06,0.0,0.0,2.7388380629084794e-06
fled,0.0,0.0,0.0,1.9797040515621355e-05
fleecy,0.0,0.0,0.0,1.3198027010414236e-05
fleeing,0.0,7.794826824703627e-06,0.0,0.0
fleet,0.0,0.0,0.0,1.3198027010414236e-05
fleeting,1.409501486765347e-06,0.0,0.0,2.7388380629084794e-06
fleetingly,3.3960822557346093e-06,0.0,0.0,0.0
flesh,0.0,0.0,0.0,0.0
fleshless,0.0,0.0,0.0,1.3198027010414236e-05
fleshly,3.3960822557346093e-06,0.0,0.0,0.0
fleshy,3.3960822557346093e-06,0.0,0.0,0.0
flew,-2.4052474394727216e-05,-5.018747499307492e-06,-3.6555740525246506e-06,-8.49763138346921e-06
flicked,0.0,0.0,0.0,6.599013505207118e-06
flickering,2.819002973530694e-06,0.0,0.0,2.7388380629084794e-06
flicking,0.0,0.0,0.0,6.599013505207118e-06
flies,0.0,0.0,0.0,0.0
flight,0.0,0.0,0.0,0.0
flights,6.792164511469219e-06,0.0,0.0,0.0
flighty,3.3960822557346093e-06,0.0,0.0,0.0
flinch,3.3960822557346093e-06,0.0,0.0,0.0
flinching,3.3960822557346093e-06,0.0,0.0,0.0
fling,2.0376493534407657e-05,0.0,0.0,0.0
flinging,1.3584329022938437e-05,0.0,0.0,0.0
flint,1.409501486765347e-06,3.235145432636643e-06,0.0,0.0
flirt,0.0,0.0,2.271050032960733e-05,0.0
flirtation,0.0,0.0,1.1355250164803664e-05,0.0
flirting,0.0,0.0,4.712854632085791e-06,2.7388380629084794e-06
flitted,0.0,0.0,0.0,6.599013505207118e-06
float,1.409501486765347e-06,3.235145432636643e-06,0.0,0.0
floated,1.5504516354418816e-05,6.470290865273286e-06,0.0,0.0
floating,0.0,0.0,0.0,0.0
flock,0.0,0.0,0.0,6.599013505207118e-06
flocks,1.409501486765347e-06,3.235145432636643e-06,0.0,0.0
flog,3.3960822557346093e-06,0.0,0.0,0.0
flogged,0.0,0.0,5.677625082401832e-06,0.0
flood,0.0,0.0,0.0,0.0
flooded,2.819002973530694e-06,3.235145432636643e-06,0.0,0.0
flooding,3.3960822557346093e-06,0.0,0.0,0.0
floor,0.0,0.0,0.0,0.0
flooring,0.0,0.0,0.0,1.3198027010414236e-05
floors,5.638005947061388e-06,1.2940581730546572e-05,0.0,0.0
floorwalker,0.0,7.794826824703627e-06,0.0,0.0
floorwalkers,0.0,1.5589653649407254e-05,0.0,0.0
flop,1.409501486765347e-06,3.235145432636643e-06,0.0,0.0
flopping,0.0,7.794826824703627e-06,0.0,0.0
floppy,0.0,7.794826824703627e-06,0.0,0.0
flora,0.0,0.0,0.0,5.2792108041656946e-05
florence,0.0,7.794826824703627e-06,0.0,0.0
florid,0.0,0.0,0.0,6.599013505207118e-06
florida,0.0,0.0,0.0,1.9797040515621355e-05
flour,1.409501486765347e-06,3.235145432636643e-06,0.0,0.0
flourished,0.0,0.0,0.0,6.599013505207118e-06
flow,4.2285044602960405e-06,0.0,9.425709264171582e-06,0.0
flowed,0.0,0.0,0.0,0.0
flower,1.6980411278673048e-05,0.0,0.0,0.0
flowers,0.0,0.0,0.0,0.0
flowing,-2.1865885813388372e-06,-5.018747499307492e-06,-1.8277870262623253e-06,-4.248815691734605e-06
flown,2.819002973530694e-06,0.0,2.3564273160428954e-06,0.0
flows,6.792164511469219e-06,0.0,0.0,0.0
fluctuating,0.0,0.0,5.677625082401832e-06,0.0
fluent,0.0,7.794826824703627e-06,0.0,0.0
fluently,1.409501486765347e-06,0.0,2.3564273160428954e-06,0.0
fluffles,3.3960822557346093e-06,0.0,0.0,0.0
fluffy,0.0,0.0,0.0,1.9797040515621355e-05
fluid,0.0,1.5589653649407254e-05,0.0,0.0
flung,4.369454608972575e-05,0.0,0.0,8.216514188725437e-06
flunkey,3.3960822557346093e-06,0.0,0.0,0.0
flurried,0.0,0.0,0.0,6.599013505207118e-06
flush,1.2685513380888124e-05,0.0,0.0,1.0955352251633918e-05
flushed,2.5371026761776248e-05,0.0,0.0,1.0955352251633918e-05
flushes,3.3960822557346093e-06,0.0,0.0,0.0
flushing,2.819002973530694e-06,0.0,0.0,5.477676125816959e-06
flustered,3.3960822557346093e-06,0.0,0.0,0.0
flute,0.0,2.338448047411088e-05,0.0,0.0
flutter,0.0,0.0,0.0,0.0
fluttered,-2.1865885813388372e-06,-2.509373749653746e-06,-1.8277870262623253e-06,-4.248815691734605e-06
flutterings,0.0,0.0,5.677625082401832e-06,0.0
fly,1.2685513380888124e-05,0.0,0.0,2.1910704503267835e-05
flying,-6.559765744016513e-06,-1.0037494998614984e-05,-3.6555740525246506e-06,-6.373223537601907e-06
foam,3.3960822557346093e-06,0.0,0.0,0.0
focus,0.0,0.0,0.0,6.599013505207118e-06
fog,0.0,0.0,0.0,0.0
fogeys,3.3960822557346093e-06,0.0,0.0,0.0
foggy,0.0,7.794826824703627e-06,0.0,0.0
fogs,0.0,0.0,0.0,6.599013505207118e-06
foie,0.0,0.0,0.0,6.599013505207118e-06
foil,0.0,0.0,0.0,6.599013505207118e-06
fold,2.819002973530694e-06,0.0,0.0,5.477676125816959e-06
folded,-1.0932942906694187e-05,-1.5056242497922477e-05,-1.8277870262623253e-06,-1.0622039229336513e-05
folding,1.409501486765347e-06,0.0,0.0,2.7388380629084794e-06
foliage,1.409501486765347e-06,0.0,0.0,2.7388380629084794e-06
folios,0.0,0.0,5.677625082401832e-06,0.0
folk,1.409501486765347e-06,0.0,0.0,2.4649542566176314e-05
folks,5.638005947061388e-06,0.0,0.0,2.7388380629084794e-06
follies,0.0,0.0,2.271050032960733e-05,0.0
follow,-1.5306120069371863e-05,-2.509373749653746e-06,-2.0105657288885576e-05,-2.974170984214223e-05
followed,-4.045188875476849e-05,-3.26218587454987e-05,-4.569467565655813e-05,-5.311019614668256e-05
following,-1.0932942906694187e-05,-2.509373749653746e-06,-4.203910160403348e-05,-2.549289415040763e-05
follows,0.0,0.0,0.0,0.0
folly,0.0,0.0,0.0,0.0
fomitch,7.810989188189602e-05,0.0,0.0,0.0
fomitchs,3.3960822557346093e-06,0.0,0.0,0.0
fond,-2.4052474394727216e-05,-7.528121248961238e-06,-2.9244592420197205e-05,-8.49763138346921e-06
fonder,0.0,0.0,4.712854632085791e-06,2.7388380629084794e-06
fondly,6.792164511469219e-06,0.0,0.0,0.0
fondness,0.0,0.0,0.0,6.599013505207118e-06
fontanivent,0.0,7.794826824703627e-06,0.0,0.0
foo,4.0752987068815313e-05,0.0,0.0,0.0
food,-1.5306120069371863e-05,-2.0074989997229968e-05,-1.8277870262623253e-06,-2.1244078458673024e-06
fool,-4.482506591744617e-05,-2.5093737496537457e-05,-3.6555740525246506e-06,-6.373223537601907e-06
fooled,0.0,7.794826824703627e-06,0.0,0.0
foolish,0.0,0.0,0.0,0.0
foolishly,1.409501486765347e-06,0.0,0.0,2.7388380629084794e-06
foolishness,5.638005947061388e-06,6.470290865273286e-06,0.0,0.0
fools,-1.3119531488033025e-05,-7.528121248961238e-06,-1.8277870262623253e-06,-2.1244078458673024e-06
foolscap,0.0,0.0,0.0,1.3198027010414236e-05
foot,-1.7492708650710698e-05,-4.767810124342117e-05,-1.8277870262623253e-06,-3.1866117688009535e-05
football,0.0,7.794826824703627e-06,0.0,0.0
footboard,0.0,7.794826824703627e-06,0.0,0.0
footed,0.0,1.5589653649407254e-05,0.0,0.0
footfall,0.0,0.0,0.0,1.3198027010414236e-05
footfalls,0.0,0.0,0.0,1.3198027010414236e-05
footing,0.0,0.0,0.0,0.0
footman,0.0,0.0,0.0,0.0
footmarks,0.0,0.0,0.0,1.9797040515621355e-05
footmen,0.0,0.0,0.0,6.599013505207118e-06
footpath,0.0,0.0,0.0,6.599013505207118e-06
footpaths,0.0,0.0,0.0,1.3198027010414236e-05
footsteps,9.86651040735743e-06,0.0,0.0,5.477676125816959e-06
footstool,0.0,0.0,5.677625082401832e-06,0.0
foppish,3.3960822557346093e-06,0.0,0.0,0.0
foppishness,0.0,0.0,0.0,6.599013505207118e-06
for,-0.001811588639639227,-0.001018805742359421,-0.0019411098218905895,-0.0015423200960996615
forasmuch,6.792164511469219e-06,0.0,0.0,0.0
forbade,0.0,0.0,5.677625082401832e-06,0.0
forbearance,0.0,0.0,3.4065750494410995e-05,0.0
forbearing,0.0,0.0,5.677625082401832e-06,0.0
forbid,0.0,0.0,0.0,0.0
forbidden,0.0,0.0,0.0,0.0
forbidding,0.0,0.0,2.3564273160428954e-06,5.477676125816959e-06
forbore,0.0,0.0,5.677625082401832e-06,0.0
force,0.0,0.0,0.0,0.0
forced,0.0,0.0,0.0,0.0
forcep,0.0,7.794826824703627e-06,0.0,0.0
forceps,0.0,1.941087259581986e-05,0.0,2.7388380629084794e-06
forces,0.0,0.0,0.0,6.599013505207118e-06
forcibly,2.819002973530694e-06,0.0,9.425709264171582e-06,0.0
forcing,4.2285044602960405e-06,0.0,2.3564273160428954e-06,0.0
fordham,0.0,0.0,0.0,1.3198027010414236e-05
fordyces,0.0,0.0,5.677625082401832e-06,0.0
fore,3.3960822557346093e-06,0.0,0.0,0.0
forearm,0.0,0.0,0.0,6.599013505207118e-06
foreboding,6.792164511469219e-06,0.0,0.0,0.0
forebodings,0.0,0.0,0.0,6.599013505207118e-06
forecastle,0.0,0.0,0.0,6.599013505207118e-06
forefinger,0.0,9.70543629790993e-06,0.0,1.0955352251633918e-05
forefingers,0.0,0.0,0.0,6.599013505207118e-06
forego,0.0,0.0,5.677625082401832e-06,0.0
forehead,0.0,0.0,0.0,0.0
foreheads,0.0,7.794826824703627e-06,0.0,0.0
foreign,0.0,0.0,0.0,0.0
foreigner,0.0,0.0,0.0,0.0
foreigners,2.819002973530694e-06,3.235145432636643e-06,0.0,0.0
foreman,0.0,0.0,0.0,1.3198027010414236e-05
foremost,2.819002973530694e-06,0.0,0.0,2.7388380629084794e-06
forenoon,0.0,7.794826824703627e-06,0.0,0.0
forenoons,0.0,7.794826824703627e-06,0.0,0.0
foresaw,0.0,0.0,0.0,0.0
foresee,0.0,0.0,0.0,0.0
foreseeing,6.792164511469219e-06,0.0,0.0,0.0
foreseen,0.0,0.0,0.0,0.0
foresight,0.0,0.0,0.0,3.959408103124271e-05
forest,1.409501486765347e-06,3.882174519163972e-05,0.0,0.0
forestalling,0.0,0.0,0.0,6.599013505207118e-06
forests,3.3960822557346093e-06,0.0,0.0,0.0
foretaste,1.0188246767203828e-05,0.0,0.0,0.0
foretold,0.0,0.0,0.0,0.0
forever,0.0,1.2940581730546572e-05,0.0,1.9171866440359353e-05
forfeit,0.0,0.0,0.0,0.0
forfeited,0.0,0.0,5.677625082401832e-06,0.0
forgave,0.0,0.0,5.677625082401832e-06,0.0
forge,1.0188246767203828e-05,0.0,0.0,0.0
forger,0.0,0.0,0.0,6.599013505207118e-06
forgery,0.0,0.0,0.0,1.3198027010414236e-05
forget,-1.639941436004128e-05,-3.0112484995844953e-05,-3.107237944645953e-05,-1.0622039229336513e-05
forgetful,6.792164511469219e-06,0.0,0.0,0.0
forgetfulness,0.0,0.0,0.0,0.0
forgets,4.2285044602960405e-06,0.0,2.3564273160428954e-06,0.0
forgetting,1.2685513380888124e-05,0.0,4.712854632085791e-06,0.0
forging,3.3960822557346093e-06,0.0,0.0,0.0
forgive,-3.4985417301421396e-05,-5.018747499307492e-06,-1.8277870262623254e-05,-6.373223537601907e-06
forgiven,0.0,0.0,0.0,0.0
forgiveness,0.0,0.0,0.0,0.0
forgiving,0.0,0.0,5.677625082401832e-06,0.0
forgo,0.0,0.0,0.0,6.599013505207118e-06
forgot,-1.7492708650710698e-05,-7.528121248961238e-06,-9.138935131311627e-06,-6.373223537601907e-06
forgotten,-3.607871159209082e-05,-5.018747499307492e-06,-2.1933444315147905e-05,-8.49763138346921e-06
fork,0.0,7.794826824703627e-06,0.0,0.0
forks,1.409501486765347e-06,3.235145432636643e-06,0.0,0.0
forlorn,0.0,0.0,5.677625082401832e-06,0.0
form,-2.1865885813388374e-05,-5.018747499307492e-06,-2.3761231341410226e-05,-1.9119670612805722e-05
formal,1.409501486765347e-06,0.0,1.8851418528343163e-05,0.0
formalities,0.0,0.0,0.0,0.0
formality,5.638005947061388e-06,0.0,7.069281948128687e-06,0.0
formally,3.3960822557346093e-06,0.0,0.0,0.0
formation,0.0,0.0,5.677625082401832e-06,0.0
formed,-3.2798828720082563e-06,-2.509373749653746e-06,-2.9244592420197205e-05,-2.3368486304540325e-05
former,-1.3119531488033025e-05,-2.509373749653746e-06,-6.945590699796835e-05,-6.373223537601907e-06
formerly,0.0,0.0,0.0,0.0
formidable,0.0,0.0,0.0,0.0
forming,0.0,0.0,0.0,0.0
forms,0.0,0.0,0.0,0.0
forsaken,6.792164511469219e-06,0.0,0.0,0.0
forster,0.0,0.0,0.0002157497531312696,0.0
forsters,0.0,0.0,1.1355250164803664e-05,0.0
forth,-8.746354325355349e-06,-7.528121248961238e-06,-7.311148105049301e-06,-8.49763138346921e-06
fortifying,0.0,7.794826824703627e-06,0.0,0.0
fortitude,1.409501486765347e-06,0.0,2.3564273160428954e-06,0.0
fortnight,0.0,0.0,0.0,0.0
fortnights,0.0,0.0,4.712854632085791e-06,2.7388380629084794e-06
fortress,4.2285044602960405e-06,3.235145432636643e-06,0.0,0.0
forts,0.0,0.0,0.0,6.599013505207118e-06
fortunate,-1.0932942906694186e-06,-2.509373749653746e-06,-2.7416805393934876e-05,-1.699526276693842e-05
fortunately,0.0,0.0,0.0,0.0
fortune,0.0,0.0,0.0,0.0
fortunes,0.0,0.0,0.0,0.0
forty,-1.639941436004128e-05,-7.528121248961238e-06,-1.8277870262623253e-06,-1.0622039229336513e-05
forward,-3.0612240138743727e-05,-5.0187474993074915e-05,-5.117803673534511e-05,-6.585664322188637e-05
forwarded,0.0,0.0,4.712854632085791e-06,2.7388380629084794e-06
forwarder,0.0,0.0,5.677625082401832e-06,0.0
forwarding,0.0,0.0,5.677625082401832e-06,0.0
forwards,1.409501486765347e-06,0.0,2.3564273160428954e-06,0.0
fought,0.0,0.0,0.0,0.0
foul,0.0,0.0,0.0,0.0
found,-8.309036609087583e-05,-6.022496999168991e-05,-0.00012063394373331347,-0.00022943604735366867
foundation,7.047507433826735e-06,0.0,9.425709264171582e-06,0.0
foundations,2.819002973530694e-06,0.0,2.3564273160428954e-06,0.0
founded,0.0,0.0,0.0,0.0
founder,0.0,0.0,0.0,6.599013505207118e-06
fount,3.3960822557346093e-06,0.0,0.0,0.0
fountain,0.0,9.70543629790993e-06,0.0,2.7388380629084794e-06
fountains,6.792164511469219e-06,0.0,0.0,0.0
four,-3.0612240138743727e-05,-6.52437174909974e-05,-6.397254591918138e-05,-8.07274981429575e-05
fourier,3.3960822557346093e-06,0.0,0.0,0.0
fourteen,8.457008920592081e-06,0.0,0.0,1.0955352251633918e-05
fourteenth,0.0,0.0,0.0,6.599013505207118e-06
fourth,-2.0772591522718957e-05,-7.528121248961238e-06,-3.6555740525246506e-06,-1.0622039229336513e-05
fourthly,1.409501486765347e-06,0.0,2.3564273160428954e-06,0.0
fowl,0.0,0.0,0.0,6.599013505207118e-06
fowler,0.0,0.0,0.0,3.299506752603559e-05
fowls,0.0,0.0,0.0,1.9797040515621355e-05
fox,0.0,1.5589653649407254e-05,0.0,0.0
foxes,0.0,7.794826824703627e-06,0.0,0.0
foxhounds,0.0,0.0,5.677625082401832e-06,0.0
fraction,3.3960822557346093e-06,0.0,0.0,0.0
fracture,0.0,3.117930729881451e-05,0.0,0.0
fractured,3.3960822557346093e-06,0.0,0.0,0.0
fragile,0.0,1.5589653649407254e-05,0.0,0.0
fragment,0.0,0.0,0.0,1.3198027010414236e-05
fragments,4.2285044602960405e-06,1.6175727163183214e-05,0.0,0.0
fragrant,1.0188246767203828e-05,0.0,0.0,0.0
frail,3.3960822557346093e-06,0.0,0.0,0.0
frailty,0.0,0.0,5.677625082401832e-06,0.0
frame,-3.2798828720082563e-06,-2.509373749653746e-06,-1.8277870262623253e-06,-4.248815691734605e-06
framed,0.0,0.0,0.0,1.3198027010414236e-05
frames,6.792164511469219e-06,0.0,0.0,0.0
framework,1.409501486765347e-06,0.0,0.0,2.7388380629084794e-06
franc,0.0,7.794826824703627e-06,0.0,0.0
france,0.0,0.0,0.0,0.0
franchise,0.0,0.0,0.0,6.599013505207118e-06
francis,0.0,0.0,0.0,1.3198027010414236e-05
francisco,0.0,1.2940581730546572e-05,0.0,5.477676125816959e-06
franco,0.0,3.235145432636643e-06,0.0,2.7388380629084794e-06
francs,0.0,7.794826824703627e-06,0.0,0.0
frank,0.0,0.0,0.0,0.00012538125659893525
frankest,3.3960822557346093e-06,0.0,0.0,0.0
frankly,0.0,0.0,0.0,0.0
frankness,5.638005947061388e-06,0.0,9.425709264171582e-06,0.0
franks,0.0,0.0,0.0,6.599013505207118e-06
frantic,1.2685513380888124e-05,0.0,0.0,2.7388380629084794e-06
frantically,4.2285044602960405e-06,0.0,0.0,5.477676125816959e-06
frantsovna,1.0188246767203828e-05,0.0,0.0,0.0
frantsovnas,3.3960822557346093e-06,0.0,0.0,0.0
franz,0.0,7.794826824703627e-06,0.0,0.0
français,3.3960822557346093e-06,0.0,0.0,0.0
fraud,0.0,0.0,0.0,6.599013505207118e-06
fray,3.3960822557346093e-06,0.0,0.0,0.0
frayed,5.638005947061388e-06,0.0,0.0,2.7388380629084794e-06
freak,0.0,0.0,0.0,6.599013505207118e-06
freckled,0.0,0.0,2.3564273160428954e-06,2.7388380629084794e-06
fred,0.0,2.338448047411088e-05,0.0,0.0
frederic,0.0,7.794826824703627e-06,0.0,0.0
frederico,0.0,7.794826824703627e-06,0.0,0.0
fredi,0.0,7.794826824703627e-06,0.0,0.0
free,-2.951894584807431e-05,-7.528121248961238e-06,-1.2794509183836277e-05,-2.3368486304540325e-05
freebody,0.0,0.0,0.0,6.599013505207118e-06
freed,1.409501486765347e-06,0.0,0.0,2.7388380629084794e-06
freedom,0.0,0.0,0.0,0.0
freely,-1.2026237197363608e-05,-2.509373749653746e-06,-7.311148105049301e-06,-1.2746447075203814e-05
freemason,0.0,0.0,0.0,6.599013505207118e-06
freemasonry,0.0,0.0,0.0,1.3198027010414236e-05
freight,0.0,3.897413412351813e-05,0.0,0.0
french,-1.0932942906694187e-05,-2.2584363746883714e-05,-1.8277870262623253e-06,-1.0622039229336513e-05
frenchman,0.0,0.0,0.0,0.0
frenchmen,0.0,7.794826824703627e-06,0.0,0.0
frenzied,6.792164511469219e-06,0.0,0.0,0.0
frenzy,3.523753716913368e-05,0.0,0.0,5.477676125816959e-06
frequent,0.0,0.0,3.063355510855764e-05,5.477676125816959e-06
frequented,3.3960822557346093e-06,0.0,0.0,0.0
frequently,-3.2798828720082563e-06,-2.509373749653746e-06,-4.203910160403348e-05,-2.1244078458673025e-05
fresa,0.0,1.5589653649407254e-05,0.0,0.0
frescoes,0.0,2.338448047411088e-05,0.0,0.0
fresh,-2.5145768685396633e-05,-1.0037494998614984e-05,-1.6450083236360926e-05,-4.248815691734605e-05
freshen,3.3960822557346093e-06,0.0,0.0,0.0
fresher,1.409501486765347e-06,0.0,2.3564273160428954e-06,0.0
freshly,1.409501486765347e-06,1.2940581730546572e-05,0.0,0.0
freshness,6.792164511469219e-06,0.0,0.0,0.0
fresno,0.0,0.0,0.0,1.3198027010414236e-05
fret,0.0,0.0,1.7032875247205498e-05,0.0
fretfully,0.0,0.0,1.1355250164803664e-05,0.0
fretfulness,0.0,0.0,1.1355250164803664e-05,0.0
fretted,3.3960822557346093e-06,0.0,0.0,0.0
fretting,1.0188246767203828e-05,0.0,0.0,0.0
friday,0.0,0.0,0.0,0.0
fried,0.0,7.794826824703627e-06,0.0,0.0
friend,-4.591836020811558e-05,-5.5206222492382414e-05,-0.0001900898507312818,-0.00014658414136484388
friendless,0.0,0.0,5.677625082401832e-06,0.0
friendlier,0.0,0.0,5.677625082401832e-06,0.0
friendliness,3.3960822557346093e-06,0.0,0.0,0.0
friendly,-2.1865885813388374e-05,-7.528121248961238e-06,-1.2794509183836277e-05,-8.49763138346921e-06
friends,-2.951894584807431e-05,-3.26218587454987e-05,-0.00011515058265452648,-5.098578830081526e-05
friendship,0.0,0.0,0.0,0.0
fright,1.1276011894122775e-05,0.0,0.0,2.7388380629084794e-06
frighten,0.0,0.0,0.0,0.0
frightened,-6.231777456815687e-05,-1.0037494998614984e-05,-1.4622296210098602e-05,-2.974170984214223e-05
frightening,3.3960822557346093e-06,0.0,0.0,0.0
frightens,5.638005947061388e-06,3.235145432636643e-06,0.0,0.0
frightful,1.409501486765347e-06,0.0,0.0,2.7388380629084794e-06
frill,1.409501486765347e-06,0.0,0.0,2.7388380629084794e-06
fringe,2.819002973530694e-06,0.0,0.0,1.0955352251633918e-05
fringed,0.0,0.0,0.0,6.599013505207118e-06
frisco,0.0,3.235145432636643e-06,0.0,1.0955352251633918e-05
frisks,0.0,0.0,5.677625082401832e-06,0.0
fritz,0.0,0.0,0.0,1.3198027010414236e-05
frivolous,1.409501486765347e-06,0.0,7.069281948128687e-06,0.0
fro,1.409501486765347e-05,0.0,0.0,8.216514188725437e-06
frock,2.819002973530694e-06,0.0,0.0,2.1910704503267835e-05
frogged,0.0,0.0,0.0,6.599013505207118e-06
from,-0.0008024780093513534,-0.0005821747099196691,-0.0009047545779998509,-0.0010558306993960493
front,-2.4052474394727216e-05,-0.00019573115247299217,-9.138935131311627e-06,-0.00010622039229336512
fronted,0.0,0.0,1.1355250164803664e-05,0.0
frontier,0.0,3.117930729881451e-05,0.0,0.0
fronts,1.409501486765347e-06,0.0,0.0,2.7388380629084794e-06
frost,-1.0932942906694186e-06,-1.2546868748268729e-05,-1.8277870262623253e-06,-6.373223537601907e-06
frostbites,0.0,7.794826824703627e-06,0.0,0.0
frosted,0.0,0.0,0.0,6.599013505207118e-06
frosty,0.0,0.0,0.0,6.599013505207118e-06
frown,3.3960822557346093e-06,0.0,0.0,0.0
frowned,1.6980411278673048e-05,0.0,0.0,0.0
frowning,2.255202378824555e-05,0.0,0.0,2.7388380629084794e-06
froze,1.409501486765347e-06,3.235145432636643e-06,0.0,0.0
frozen,0.0,3.117930729881451e-05,0.0,0.0
fruit,0.0,3.235145432636643e-06,2.3564273160428954e-06,0.0
fruitless,0.0,0.0,0.0,6.599013505207118e-06
fruits,-3.2798828720082563e-06,-2.509373749653746e-06,-3.6555740525246506e-06,-2.1244078458673024e-06
frying,6.792164511469219e-06,0.0,0.0,0.0
ft,0.0,0.0,0.0,6.599013505207118e-06
fuel,6.792164511469219e-06,0.0,0.0,0.0
fugitives,0.0,0.0,2.3564273160428954e-06,2.7388380629084794e-06
fulfil,0.0,0.0,0.0,0.0
fulfilled,0.0,0.0,0.0,6.599013505207118e-06
fulfilment,1.409501486765347e-06,0.0,0.0,2.7388380629084794e-06
full,-5.903789169614862e-05,-5.5206222492382414e-05,-3.472795349898418e-05,-3.399052553387684e-05
fullers,0.0,0.0,0.0,4.6193094536449825e-05
fullest,1.409501486765347e-06,0.0,2.3564273160428954e-06,0.0
fullness,3.3960822557346093e-06,0.0,0.0,0.0
fully,-1.8586002941380122e-05,-2.509373749653746e-06,-9.138935131311627e-06,-8.49763138346921e-06
fumbled,4.2285044602960405e-06,0.0,0.0,2.7388380629084794e-06
fumbling,6.792164511469219e-06,0.0,0.0,0.0
fumes,4.2285044602960405e-06,0.0,0.0,2.7388380629084794e-06
fuming,6.792164511469219e-06,0.0,0.0,0.0
fun,0.0,0.0,0.0,0.0
functioning,0.0,7.794826824703627e-06,0.0,0.0
fund,0.0,0.0,0.0,1.3198027010414236e-05
fundamental,1.0188246767203828e-05,0.0,0.0,0.0
fundamentally,3.3960822557346093e-06,0.0,0.0,0.0
funds,1.409501486765347e-06,0.0,0.0,2.7388380629084794e-06
funeral,0.0001086746321835075,0.0,0.0,0.0
funk,6.792164511469219e-06,0.0,0.0,0.0
funniest,2.819002973530694e-06,0.0,0.0,2.7388380629084794e-06
funny,0.0,0.0,0.0,0.0
funèbre,3.3960822557346093e-06,0.0,0.0,0.0
fur,4.2285044602960405e-06,0.0,0.0,5.477676125816959e-06
furious,1.1276011894122775e-05,9.70543629790993e-06,0.0,0.0
furiously,7.047507433826735e-06,0.0,0.0,5.477676125816959e-06
furnace,0.0,7.794826824703627e-06,0.0,0.0
furnish,0.0,0.0,9.425709264171582e-06,2.7388380629084794e-06
furnished,-3.2798828720082563e-06,-2.509373749653746e-06,-1.8277870262623253e-06,-1.699526276693842e-05
furnishes,0.0,0.0,0.0,6.599013505207118e-06
furnishing,3.3960822557346093e-06,0.0,0.0,0.0
furnishings,0.0,7.794826824703627e-06,0.0,0.0
furniture,-1.4212825778702444e-05,-2.509373749653746e-06,-1.8277870262623254e-05,-1.9119670612805722e-05
furrowed,0.0,7.794826824703627e-06,0.0,0.0
further,-3.279882872008256e-05,-2.2584363746883714e-05,-4.021131457777115e-05,-2.1244078458673025e-05
furthest,2.377257579014227e-05,0.0,0.0,0.0
furtive,0.0,0.0,0.0,6.599013505207118e-06
fury,3.100903270883763e-05,0.0,0.0,2.7388380629084794e-06
fuse,0.0,7.794826824703627e-06,0.0,0.0
fuss,0.0,0.0,0.0,0.0
fussily,6.792164511469219e-06,0.0,0.0,0.0
future,0.0,0.0,0.0,0.0
fyodorovna,1.0188246767203828e-05,0.0,0.0,0.0
g,0.0,0.0,0.0,1.9797040515621355e-05
gabbled,3.3960822557346093e-06,0.0,0.0,0.0
gables,0.0,0.0,0.0,6.599013505207118e-06
gabriele,0.0,7.794826824703626e-05,0.0,0.0
gage,0.0,0.00018707584379288705,0.0,0.0
gaieties,0.0,0.0,1.1355250164803664e-05,0.0
gaiety,0.0,0.0,1.1355250164803664e-05,0.0
gaily,1.1276011894122775e-05,0.0,4.712854632085791e-06,0.0
gain,0.0,0.0,0.0,0.0
gained,0.0,0.0,0.0,0.0
gainer,0.0,0.0,0.0,6.599013505207118e-06
gaining,0.0,0.0,0.0,0.0
gait,3.3960822557346093e-06,0.0,0.0,0.0
gaiters,0.0,0.0,0.0,2.6396054020828473e-05
gale,0.0,0.0,0.0,2.6396054020828473e-05
gales,0.0,0.0,0.0,1.3198027010414236e-05
gallant,0.0,0.0,5.677625082401832e-06,0.0
gallantry,0.0,0.0,4.542100065921466e-05,0.0
gallarate,0.0,7.794826824703627e-06,0.0,0.0
galleria,0.0,5.456378777292539e-05,0.0,0.0
gallery,0.0,0.0,0.0,0.0
galling,3.3960822557346093e-06,0.0,0.0,0.0
gallon,0.0,7.794826824703627e-06,0.0,0.0
gallop,0.0,0.0,0.0,0.0
galloping,3.3960822557346093e-06,0.0,0.0,0.0
gallows,0.0,0.0,0.0,1.3198027010414236e-05
galvanised,0.0,0.0,0.0,6.599013505207118e-06
gambler,4.2285044602960405e-06,0.0,0.0,5.477676125816959e-06
gambrinus,3.3960822557346093e-06,0.0,0.0,0.0
game,-8.746354325355349e-06,-2.7603111246191207e-05,-1.2794509183836277e-05,-1.699526276693842e-05
games,0.0,1.2940581730546572e-05,0.0,2.7388380629084794e-06
gamester,0.0,0.0,5.677625082401832e-06,0.0
gaming,0.0,0.0,5.677625082401832e-06,0.0
gang,0.0,0.0,0.0,0.0
ganz,3.3960822557346093e-06,0.0,0.0,0.0
gaol,0.0,0.0,0.0,1.9797040515621355e-05
gap,0.0,3.235145432636643e-06,0.0,2.7388380629084794e-06
gape,3.3960822557346093e-06,0.0,0.0,0.0
gaped,0.0,0.0,2.3564273160428954e-06,5.477676125816959e-06
gaping,2.819002973530694e-06,0.0,0.0,5.477676125816959e-06
gaps,0.0,7.794826824703627e-06,0.0,0.0
garage,0.0,2.338448047411088e-05,0.0,0.0
garden,-2.295918010405779e-05,-4.0149979994459936e-05,-2.1933444315147905e-05,-3.8239341225611444e-05
gardener,0.0,0.0,5.677625082401832e-06,0.0
gardeners,0.0,0.0,5.677625082401832e-06,0.0
gardens,2.819002973530694e-06,1.6175727163183214e-05,0.0,0.0
gardiner,0.0,0.0,0.00047692050692175385,0.0
gardiners,0.0,0.0,0.0001078748765656348,0.0
garibaldi,0.0,7.794826824703627e-06,0.0,0.0
garlic,0.0,1.5589653649407254e-05,0.0,0.0
garment,1.409501486765347e-06,0.0,0.0,2.7388380629084794e-06
garments,2.819002973530694e-06,0.0,0.0,1.0955352251633918e-05
garret,3.3960822557346096e-05,0.0,0.0,0.0
gas,0.0,3.5586599759003076e-05,0.0,2.1910704503267835e-05
gasfitters,0.0,0.0,0.0,1.3198027010414236e-05
gash,0.0,0.0,0.0,6.599013505207118e-06
gashed,3.3960822557346093e-06,0.0,0.0,0.0
gaslight,0.0,0.0,0.0,6.599013505207118e-06
gasogene,0.0,0.0,0.0,6.599013505207118e-06
gasoline,0.0,7.794826824703627e-06,0.0,0.0
gasp,6.792164511469219e-06,0.0,0.0,0.0
gasped,1.409501486765347e-06,0.0,0.0,1.6433028377450875e-05
gasping,3.735690481308071e-05,0.0,0.0,0.0
gasps,3.3960822557346093e-06,0.0,0.0,0.0
gate,-1.639941436004128e-05,-1.2546868748268729e-05,-1.0966722157573952e-05,-1.4870854921071116e-05
gates,0.0,0.0,0.0,0.0
gateway,6.112948060322298e-05,0.0,0.0,0.0
gather,1.409501486765347e-06,0.0,0.0,1.9171866440359353e-05
gathered,0.0,0.0,0.0,0.0
gathering,0.0,0.0,0.0,0.0
gatherings,3.3960822557346093e-06,0.0,0.0,0.0
gaudy,2.819002973530694e-06,0.0,2.3564273160428954e-06,0.0
gaunt,0.0,6.470290865273286e-06,0.0,5.477676125816959e-06
gaunter,0.0,0.0,0.0,6.599013505207118e-06
gauze,0.0,7.794826824703627e-06,0.0,0.0
gave,-0.00012135566626430549,-8.029995998891987e-05,-9.870049941816557e-05,-9.772276090989591e-05
gavuzzi,0.0,5.456378777292539e-05,0.0,0.0
gawky,3.3960822557346093e-06,0.0,0.0,0.0
gay,4.2285044602960405e-06,0.0,4.712854632085791e-06,0.0
gayer,0.0,0.0,5.677625082401832e-06,0.0
gaze,0.0,0.0,0.0,0.0
gazed,6.060856393090992e-05,0.0,0.0,1.3694190314542398e-05
gazette,0.0,0.0,0.0,6.599013505207118e-06
gazetteer,0.0,0.0,0.0,6.599013505207118e-06
gazing,2.6780528248541593e-05,0.0,0.0,1.6433028377450875e-05
gear,0.0,9.70543629790993e-06,0.0,2.7388380629084794e-06
geese,0.0,0.0,0.0,0.000112183229588521
gelding,0.0,7.794826824703627e-06,0.0,0.0
gem,0.0,0.0,0.0,1.3198027010414236e-05
gems,0.0,0.0,0.0,8.578717556769254e-05
general,-2.951894584807431e-05,-1.0037494998614984e-05,-9.321713833937858e-05,-1.9119670612805722e-05
generale,0.0,7.794826824703627e-06,0.0,0.0
generality,0.0,0.0,1.1355250164803664e-05,0.0
generally,0.0,0.0,0.0,0.0
generals,5.638005947061388e-06,6.470290865273286e-06,0.0,0.0
generation,0.0,0.0,0.0,0.0
generations,0.0,0.0,2.3564273160428954e-06,5.477676125816959e-06
generosity,6.792164511469219e-06,0.0,0.0,0.0
generous,0.0,0.0,0.0,0.0
generously,1.409501486765347e-06,0.0,2.3564273160428954e-06,0.0
genial,1.409501486765347e-06,0.0,0.0,5.477676125816959e-06
geniality,0.0,0.0,0.0,6.599013505207118e-06
genially,3.3960822557346093e-06,0.0,0.0,0.0
genii,0.0,0.0,0.0,6.599013505207118e-06
genius,1.1276011894122775e-05,0.0,4.712854632085791e-06,0.0
geniuses,6.792164511469219e-06,0.0,0.0,0.0
genoa,0.0,7.794826824703627e-06,0.0,0.0
genteel,0.0,0.0,0.0,0.0
genteelly,3.3960822557346093e-06,0.0,0.0,0.0
gentility,3.3960822557346093e-06,0.0,0.0,0.0
gentle,-8.746354325355349e-06,-1.2546868748268729e-05,-9.138935131311627e-06,-1.2746447075203814e-05
gentlefolk,3.3960822557346093e-06,0.0,0.0,0.0
gentleman,-4.591836020811558e-05,-5.018747499307492e-06,-5.848918484039441e-05,-8.71007216805594e-05
gentlemanlike,0.0,0.0,4.542100065921466e-05,0.0
gentlemanly,4.2285044602960405e-06,0.0,0.0,2.7388380629084794e-06
gentlemans,0.0,0.0,0.0,0.0
gentlemen,-1.5306120069371863e-05,-5.018747499307492e-06,-6.397254591918138e-05,-1.2746447075203814e-05
gentlemens,0.0,0.0,1.7032875247205498e-05,0.0
gentleness,2.819002973530694e-06,0.0,9.425709264171582e-06,0.0
gentler,0.0,1.5589653649407254e-05,0.0,0.0
gentlest,0.0,0.0,5.677625082401832e-06,0.0
gentlewoman,1.409501486765347e-06,0.0,2.3564273160428954e-06,0.0
gently,0.0,0.0,0.0,0.0
genuine,1.5504516354418816e-05,0.0,4.712854632085791e-06,0.0
genuinely,1.3584329022938437e-05,0.0,0.0,0.0
geography,3.3960822557346093e-06,0.0,0.0,0.0
geology,0.0,0.0,0.0,6.599013505207118e-06
george,0.0,0.0,0.0,0.0
georges,0.0,0.0,0.0,2.6396054020828473e-05
georgetti,0.0,7.794826824703627e-06,0.0,0.0
georgia,0.0,3.235145432636643e-06,0.0,5.477676125816959e-06
georgiana,0.0,0.0,6.813150098882199e-05,0.0
georgianas,0.0,0.0,1.7032875247205498e-05,0.0
geraniums,6.792164511469219e-06,0.0,0.0,0.0
german,0.0,0.0,0.0,0.0
germans,0.0,0.0,0.0,0.0
germany,0.0,1.5589653649407254e-05,0.0,0.0
gesellschaft,0.0,0.0,0.0,6.599013505207118e-06
gesticulating,1.409501486765347e-06,0.0,0.0,2.7388380629084794e-06
gesticulations,3.3960822557346093e-06,0.0,0.0,0.0
gesture,0.0,0.0,0.0,0.0
gestures,1.0188246767203828e-05,0.0,0.0,0.0
get,-0.0002263119181685697,-0.0006700027911575502,-9.50449253656409e-05,-0.00013171328644377274
gets,-1.4212825778702444e-05,-7.528121248961238e-06,-1.8277870262623253e-06,-6.373223537601907e-06
getting,-7.106412889351222e-05,-5.5206222492382414e-05,-1.2794509183836277e-05,-1.699526276693842e-05
ghastly,0.0,3.235145432636643e-06,0.0,5.477676125816959e-06
ghost,0.0,3.235145432636643e-06,0.0,2.7388380629084794e-06
ghostly,3.3960822557346093e-06,0.0,0.0,0.0
ghosts,2.377257579014227e-05,0.0,0.0,0.0
giant,0.0,0.0,0.0,0.0
giants,0.0,7.794826824703627e-06,0.0,0.0
gibe,0.0,0.0,0.0,6.599013505207118e-06
gibing,3.3960822557346093e-06,0.0,0.0,0.0
giddiness,7.047507433826735e-06,0.0,2.3564273160428954e-06,0.0
giddy,1.0188246767203828e-05,0.0,0.0,0.0
gift,0.0,0.0,0.0,0.0
gifts,3.3960822557346093e-06,0.0,0.0,0.0
gig,0.0,0.0,5.677625082401832e-06,0.0
gigantic,0.0,0.0,0.0,0.0
giggle,6.792164511469219e-06,0.0,0.0,0.0
giggled,0.0,7.794826824703627e-06,0.0,0.0
giggles,3.3960822557346093e-06,0.0,0.0,0.0
giggling,0.0,7.794826824703627e-06,0.0,0.0
gilt,0.0,0.0,0.0,6.599013505207118e-06
gin,0.0,0.0,0.0,6.599013505207118e-06
gingerbread,3.3960822557346093e-06,0.0,0.0,0.0
gingerly,0.0,7.794826824703627e-06,0.0,0.0
gino,0.0,9.353792189644353e-05,0.0,0.0
giovanni,0.0,1.5589653649407254e-05,0.0,0.0
gipsies,0.0,0.0,0.0,4.6193094536449825e-05
gipsy,0.0,0.0,0.0,6.599013505207118e-06
girl,-0.00010714284048560304,-0.00016059991997783974,-6.945590699796835e-05,-4.8861380454947953e-05
girls,-1.639941436004128e-05,-0.0001405249299806098,-8.225041618180463e-05,-1.0622039229336513e-05
girt,0.0,0.0,0.0,6.599013505207118e-06
give,-0.00014322155207769385,-0.00013801555623095603,-0.000224817804230266,-0.00012746447075203814
given,-6.0131185986818026e-05,-1.2546868748268729e-05,-0.0001005282864444279,-6.798105106775368e-05
gives,0.0,0.0,0.0,0.0
giving,-2.0772591522718957e-05,-5.018747499307492e-06,-4.569467565655813e-05,-1.0622039229336513e-05
glad,-5.794459740547919e-05,-8.531870748822736e-05,-6.58003329454437e-05,-3.8239341225611444e-05
glade,0.0,0.0,0.0,6.599013505207118e-06
gladly,0.0,0.0,5.677625082401832e-06,0.0
gladstone,0.0,0.0,0.0,1.3198027010414236e-05
glamour,0.0,0.0,0.0,6.599013505207118e-06
glance,0.0,0.0,0.0,0.0
glanced,1.973302081471486e-05,0.0,0.0,6.025443738398654e-05
glances,5.638005947061388e-06,0.0,0.0,1.0955352251633918e-05
glancing,0.0,0.0,0.0,0.0
glands,0.0,0.0,0.0,6.599013505207118e-06
glare,0.0,0.0,0.0,1.9797040515621355e-05
glared,0.0,3.235145432636643e-06,0.0,5.477676125816959e-06
glaring,1.409501486765347e-06,0.0,0.0,2.7388380629084794e-06
glass,-4.045188875476849e-05,-0.00014805305122957103,-3.6555740525246506e-06,-2.974170984214223e-05
glasses,0.0,0.0,0.0,0.0
glassful,6.792164511469219e-06,0.0,0.0,0.0
glazed,0.0,1.5589653649407254e-05,0.0,0.0
glazing,0.0,0.0,5.677625082401832e-06,0.0
gleam,8.457008920592081e-06,0.0,0.0,5.477676125816959e-06
gleamed,1.6980411278673048e-05,0.0,0.0,0.0
gleaming,0.0,0.0,0.0,6.599013505207118e-06
glee,3.3960822557346093e-06,0.0,0.0,0.0
gleefully,1.0188246767203828e-05,0.0,0.0,0.0
glen,0.0,0.0,5.677625082401832e-06,0.0
gli,0.0,7.794826824703627e-06,0.0,0.0
glided,0.0,0.0,0.0,1.3198027010414236e-05
glimmer,0.0,0.0,0.0,1.3198027010414236e-05
glimmered,0.0,0.0,0.0,1.9797040515621355e-05
glimpse,0.0,0.0,0.0,0.0
glimpses,0.0,0.0,0.0,6.599013505207118e-06
glint,0.0,0.0,0.0,6.599013505207118e-06
glints,0.0,0.0,0.0,6.599013505207118e-06
glissez,6.792164511469219e-06,0.0,0.0,0.0
glisten,0.0,0.0,0.0,6.599013505207118e-06
glistened,3.3960822557346093e-06,0.0,0.0,0.0
glitter,0.0,0.0,0.0,1.3198027010414236e-05
glittered,1.3584329022938437e-05,0.0,0.0,0.0
glittering,1.3584329022938437e-05,0.0,0.0,0.0
gloated,3.3960822557346093e-06,0.0,0.0,0.0
gloating,1.0188246767203828e-05,0.0,0.0,0.0
globe,1.409501486765347e-06,0.0,0.0,2.7388380629084794e-06
gloom,0.0,0.0,7.069281948128687e-06,2.1910704503267835e-05
gloomily,1.5504516354418816e-05,0.0,0.0,2.7388380629084794e-06
gloomy,0.0,0.0,0.0,0.0
gloried,0.0,0.0,5.677625082401832e-06,0.0
glories,0.0,0.0,5.677625082401832e-06,0.0
glorious,0.0,1.5589653649407254e-05,0.0,0.0
glory,0.0,0.0,0.0,0.0
gloss,0.0,0.0,0.0,6.599013505207118e-06
glossy,0.0,0.0,0.0,1.3198027010414236e-05
glove,0.0,0.0,0.0,0.0
gloves,0.0,0.0,0.0,0.0
glow,0.0,0.0,0.0,0.0
glowed,1.3584329022938437e-05,0.0,0.0,0.0
glowing,0.0,0.0,0.0,0.0
glutton,3.3960822557346093e-06,0.0,0.0,0.0
glühwein,0.0,7.794826824703627e-06,0.0,0.0
gnawing,3.3960822557346093e-06,0.0,0.0,0.0
go,-0.00040233229896634613,-0.0010037494998614983,-0.0001900898507312818,-0.00021031637674086292
goading,0.0,0.0,0.0,6.599013505207118e-06
goal,1.3584329022938437e-05,0.0,0.0,0.0
goat,0.0,1.5589653649407254e-05,0.0,0.0
goats,0.0,7.794826824703627e-06,0.0,0.0
goatskin,1.0188246767203828e-05,0.0,0.0,0.0
god,-0.00011588919481095838,-8.782808123788111e-05,-5.483361078786976e-06,-5.523460399254986e-05
goddam,0.0,2.338448047411088e-05,0.0,0.0
goddess,0.0,1.5589653649407254e-05,0.0,0.0
goddesses,0.0,7.794826824703627e-06,0.0,0.0
godfather,0.0,0.0,5.677625082401832e-06,0.0
godfrey,0.0,0.0,0.0,3.299506752603559e-05
godless,1.0188246767203828e-05,0.0,0.0,0.0
gods,0.0,0.0,0.0,0.0
godson,0.0,0.0,1.1355250164803664e-05,0.0
goes,-9.83964861602477e-06,-2.0074989997229968e-05,-3.6555740525246506e-06,-1.9119670612805722e-05
gogol,1.0188246767203828e-05,0.0,0.0,0.0
going,-0.00020225944377384248,-0.0003989904261949456,-0.00010418386049695253,-6.798105106775368e-05
gold,0.0,0.0,0.0,0.0
golden,0.0,0.0,0.0,0.0
golgotha,3.3960822557346093e-06,0.0,0.0,0.0
gondola,0.0,7.794826824703627e-06,0.0,0.0
gondolas,0.0,7.794826824703627e-06,0.0,0.0
gone,-8.855683754422292e-05,-0.00016059991997783974,-0.00011332279562826417,-9.559835306402862e-05
gong,0.0,0.0,0.0,6.599013505207118e-06
gonorrhea,0.0,2.338448047411088e-05,0.0,0.0
good,-0.0003050291070967678,-0.0006649840436582427,-0.00037104076633125203,-0.00029104387488382044
goodge,0.0,0.0,0.0,1.3198027010414236e-05
goodness,0.0,0.0,0.0,0.0
goods,4.2285044602960405e-06,6.470290865273286e-06,0.0,0.0
goodwill,1.409501486765347e-06,0.0,0.0,2.7388380629084794e-06
goodwins,0.0,0.0,0.0,6.599013505207118e-06
goose,1.409501486765347e-06,0.0,0.0,7.394862769852894e-05
gordini,0.0,0.00010912757554585078,0.0,0.0
gordinis,0.0,7.794826824703627e-06,0.0,0.0
gordon,0.0,0.0,0.0,1.3198027010414236e-05
gorge,0.0,7.794826824703627e-06,0.0,0.0
gorgeous,6.792164511469219e-06,0.0,0.0,0.0
gorizia,0.0,7.794826824703626e-05,0.0,0.0
gospel,4.2285044602960405e-06,0.0,0.0,2.7388380629084794e-06
gossip,1.2685513380888124e-05,0.0,0.0,5.477676125816959e-06
gossiping,0.0,0.0,0.0,0.0
gossips,0.0,0.0,0.0,6.599013505207118e-06
got,-0.00016508743789108224,-0.0002810498599612196,-4.569467565655813e-05,-0.00011259361583096703
gott,3.3960822557346093e-06,0.0,0.0,0.0
gotten,0.0,0.00010133274872114715,0.0,0.0
gottsreich,0.0,0.0,0.0,6.599013505207118e-06
goulding,0.0,0.0,5.677625082401832e-06,0.0
gouldings,0.0,0.0,1.1355250164803664e-05,0.0
gourmand,3.3960822557346093e-06,0.0,0.0,0.0
gout,0.0,1.5589653649407254e-05,0.0,0.0
governed,0.0,0.0,1.1355250164803664e-05,0.0
governess,0.0,0.0,0.0,0.0
governesses,0.0,0.0,0.0,1.3198027010414236e-05
government,0.0,0.0,0.0,0.0
governor,3.056474030161149e-05,0.0,0.0,0.0
governorship,3.3960822557346093e-06,0.0,0.0,0.0
gown,-3.2798828720082563e-06,-1.2546868748268729e-05,-1.2794509183836277e-05,-1.2746447075203814e-05
gowns,1.409501486765347e-06,0.0,4.712854632085791e-06,0.0
grab,0.0,2.338448047411088e-05,0.0,0.0
grabbed,0.0,1.5589653649407254e-05,0.0,0.0
grabs,0.0,0.0,0.0,6.599013505207118e-06
grace,0.0,0.0,0.0,0.0
gracechurch,0.0,0.0,5.1098625741616486e-05,0.0
graceful,0.0,0.0,0.0,0.0
gracefully,0.0,0.0,5.677625082401832e-06,0.0
graces,0.0,0.0,5.677625082401832e-06,0.0
gracious,0.0,0.0,0.0,0.0
graciously,1.409501486765347e-06,0.0,2.3564273160428954e-06,0.0
graciousness,0.0,0.0,5.677625082401832e-06,0.0
gradations,0.0,7.794826824703627e-06,0.0,0.0
grade,0.0,1.5589653649407254e-05,0.0,0.0
grades,6.792164511469219e-06,0.0,0.0,0.0
gradual,2.819002973530694e-06,0.0,2.3564273160428954e-06,0.0
gradually,0.0,0.0,0.0,0.0
graduate,0.0,7.794826824703627e-06,0.0,0.0
grain,0.0,0.0,0.0,0.0
grammar,1.409501486765347e-06,3.235145432636643e-06,0.0,0.0
gran,0.0,3.897413412351813e-05,0.0,0.0
granatieri,0.0,2.338448047411088e-05,0.0,0.0
grand,-1.0932942906694186e-06,-6.52437174909974e-05,-3.6555740525246506e-06,-4.248815691734605e-06
grandeur,0.0,0.0,2.271050032960733e-05,0.0
grandfather,0.0,9.70543629790993e-06,0.0,5.477676125816959e-06
grandfathers,0.0,0.0,5.677625082401832e-06,0.0
grandiloquent,3.3960822557346093e-06,0.0,0.0,0.0
grandmother,1.409501486765347e-06,3.235145432636643e-06,0.0,0.0
grandmothers,6.792164511469219e-06,0.0,0.0,0.0
grandson,0.0,7.794826824703627e-06,0.0,0.0
granite,3.3960822557346093e-06,0.0,0.0,0.0
grant,1.6980411278673048e-05,0.0,0.0,0.0
granted,9.86651040735743e-06,0.0,0.0,2.7388380629084794e-06
granting,0.0,0.0,0.0,6.599013505207118e-06
grantleys,0.0,0.0,5.677625082401832e-06,0.0
grape,0.0,7.794826824703627e-06,0.0,0.0
grapes,0.0,3.235145432636643e-06,2.3564273160428954e-06,0.0
grappa,0.0,7.015344142233264e-05,0.0,0.0
gras,0.0,0.0,0.0,6.599013505207118e-06
grasp,0.0,0.0,0.0,0.0
grasped,4.2285044602960405e-06,0.0,0.0,1.3694190314542398e-05
grasping,1.409501486765347e-06,0.0,0.0,2.7388380629084794e-06
grass,0.0,0.0,0.0,0.0
grate,0.0,0.0,0.0,1.3198027010414236e-05
grateful,0.0,0.0,0.0,0.0
gratefully,0.0,0.0,1.7032875247205498e-05,0.0
gratification,0.0,0.0,5.677625082401832e-06,0.0
gratified,2.819002973530694e-06,0.0,3.298998242460054e-05,0.0
gratify,1.409501486765347e-06,0.0,4.712854632085791e-06,0.0
gratifying,0.0,0.0,3.4065750494410995e-05,0.0
grating,1.409501486765347e-06,0.0,0.0,5.477676125816959e-06
gratitude,0.0,0.0,0.0,0.0
gratuitously,0.0,7.794826824703627e-06,0.0,0.0
gratulation,0.0,0.0,1.1355250164803664e-05,0.0
grave,0.0,0.0,0.0,0.0
graveclothes,3.3960822557346093e-06,0.0,0.0,0.0
gravel,0.0,0.0,0.0,0.0
gravely,-3.2798828720082563e-06,-2.509373749653746e-06,-7.311148105049301e-06,-1.2746447075203814e-05
graver,1.409501486765347e-06,0.0,0.0,2.7388380629084794e-06
graves,0.0,7.794826824703627e-06,0.0,0.0
gravesend,0.0,0.0,0.0,2.6396054020828473e-05
gravest,3.3960822557346093e-06,0.0,0.0,0.0
graveyard,1.6980411278673048e-05,0.0,0.0,0.0
gravity,0.0,0.0,0.0,0.0
gravy,0.0,7.794826824703627e-06,0.0,0.0
gray,0.0,0.0002104603242669979,0.0,0.0
grazed,6.792164511469219e-06,0.0,0.0,0.0
grease,1.409501486765347e-06,6.470290865273286e-06,0.0,0.0
greasy,7.047507433826735e-06,0.0,0.0,5.477676125816959e-06
great,-0.0001760203807977764,-0.00011543119248407233,-0.0002595457577292502,-0.00012746447075203814
greatcoat,4.2285044602960405e-06,0.0,0.0,2.7388380629084794e-06
greater,-8.746354325355349e-06,-2.509373749653746e-06,-4.569467565655813e-05,-1.2746447075203814e-05
greatest,0.0,0.0,0.0,0.0
greatly,0.0,0.0,0.0,0.0
greatness,0.0,0.0,1.1355250164803664e-05,0.0
greats,3.3960822557346093e-06,0.0,0.0,0.0
grebes,0.0,7.794826824703627e-06,0.0,0.0
greedily,1.3584329022938437e-05,0.0,0.0,0.0
greediness,3.3960822557346093e-06,0.0,0.0,0.0
greek,3.3960822557346093e-06,0.0,0.0,0.0
green,-1.7492708650710698e-05,-2.7603111246191207e-05,-5.483361078786976e-06,-1.0622039229336513e-05
greengrocer,0.0,0.0,0.0,6.599013505207118e-06
greenish,3.3960822557346093e-06,0.0,0.0,0.0
greenness,3.3960822557346093e-06,0.0,0.0,0.0
greenwich,0.0,0.0,0.0,6.599013505207118e-06
greet,2.819002973530694e-06,0.0,0.0,2.7388380629084794e-06
greeted,3.3960822557346093e-06,0.0,0.0,0.0
greeting,4.2285044602960405e-06,0.0,0.0,1.0955352251633918e-05
greetings,4.2285044602960405e-06,3.235145432636643e-06,0.0,0.0
greffi,0.0,9.353792189644353e-05,0.0,0.0
grenade,0.0,7.794826824703627e-06,0.0,0.0
grenadiers,0.0,7.794826824703627e-06,0.0,0.0
gretna,0.0,0.0,1.1355250164803664e-05,0.0
grew,-1.967929723204954e-05,-1.0037494998614984e-05,-1.0966722157573952e-05,-2.549289415040763e-05
grey,2.39615252750109e-05,0.0,0.0,6.57321135098035e-05
greyish,1.409501486765347e-06,0.0,0.0,5.477676125816959e-06
grice,0.0,0.0,0.0,6.599013505207118e-06
grief,0.0,0.0,0.0,0.0
griefs,0.0,0.0,5.677625082401832e-06,0.0
grievance,0.0,0.0,0.0,6.599013505207118e-06
grievances,0.0,0.0,1.1355250164803664e-05,0.0
grieve,1.409501486765347e-06,0.0,7.069281948128687e-06,0.0
grieved,0.0,0.0,0.0,0.0
grieving,1.409501486765347e-06,0.0,2.3564273160428954e-06,0.0
grievous,0.0,0.0,7.069281948128687e-06,2.7388380629084794e-06
grievously,0.0,0.0,5.677625082401832e-06,0.0
grigorievitch,6.792164511469219e-06,0.0,0.0,0.0
grill,0.0,7.794826824703627e-06,0.0,0.0
grim,0.0,3.235145432636643e-06,0.0,5.477676125816959e-06
grime,1.409501486765347e-06,0.0,0.0,2.7388380629084794e-06
grimesby,0.0,0.0,0.0,5.2792108041656946e-05
grimly,5.638005947061388e-06,0.0,0.0,2.7388380629084794e-06
grimy,6.792164511469219e-06,0.0,0.0,0.0
grin,5.638005947061388e-06,0.0,0.0,5.477676125816959e-06
grind,0.0,0.0,0.0,6.599013505207118e-06
grinder,4.2285044602960405e-06,0.0,0.0,5.477676125816959e-06
grinders,6.792164511469219e-06,0.0,0.0,0.0
grinding,8.457008920592081e-06,3.235145432636643e-06,0.0,0.0
grinned,0.0,0.0,0.0,0.0
grinning,0.0,0.0,0.0,1.3198027010414236e-05
grip,0.0,0.0,0.0,0.0
gripped,1.0188246767203828e-05,0.0,0.0,0.0
gripping,1.409501486765347e-06,0.0,0.0,2.7388380629084794e-06
grit,0.0,0.0,0.0,6.599013505207118e-06
gritting,3.3960822557346093e-06,0.0,0.0,0.0
gritty,0.0,0.0,0.0,6.599013505207118e-06
grizzled,2.819002973530694e-06,0.0,0.0,1.6433028377450875e-05
groan,1.409501486765347e-06,0.0,0.0,5.477676125816959e-06
groaned,2.819002973530694e-06,0.0,0.0,8.216514188725437e-06
groaning,1.0188246767203828e-05,0.0,0.0,0.0
groggy,0.0,2.338448047411088e-05,0.0,0.0
groin,0.0,7.794826824703627e-06,0.0,0.0
groom,0.0,0.0,0.0,3.299506752603559e-05
groomed,0.0,0.0,0.0,6.599013505207118e-06
grooms,0.0,1.5589653649407254e-05,0.0,0.0
groping,0.0,0.0,0.0,1.3198027010414236e-05
gross,0.0,0.0,0.0,0.0
grossest,0.0,0.0,5.677625082401832e-06,0.0
grossly,3.3960822557346093e-06,0.0,0.0,0.0
grosvenor,0.0,0.0,4.712854632085791e-06,5.477676125816959e-06
grotesque,7.047507433826735e-06,0.0,0.0,2.7388380629084794e-06
ground,-2.842565155740489e-05,-2.7603111246191207e-05,-2.1933444315147905e-05,-4.8861380454947953e-05
groundlessness,3.3960822557346093e-06,0.0,0.0,0.0
grounds,-6.559765744016513e-06,-5.018747499307492e-06,-9.138935131311627e-06,-2.1244078458673025e-05
groundwork,0.0,0.0,5.677625082401832e-06,0.0
group,-2.1865885813388372e-06,-1.2546868748268729e-05,-3.6555740525246506e-06,-6.373223537601907e-06
grouped,0.0,0.0,5.677625082401832e-06,0.0
groups,1.0188246767203828e-05,0.0,0.0,0.0
grouse,3.3960822557346093e-06,0.0,0.0,0.0
grove,0.0,0.0,7.069281948128687e-06,2.7388380629084794e-06
grovelling,3.3960822557346093e-06,0.0,0.0,0.0
grow,-4.3731771626776745e-06,-2.5093737496537457e-05,-7.311148105049301e-06,-4.248815691734605e-06
growing,-1.639941436004128e-05,-2.509373749653746e-06,-5.483361078786976e-06,-4.248815691734605e-06
grown,0.0,0.0,0.0,0.0
grows,3.3960822557346093e-06,0.0,0.0,0.0
growth,0.0,0.0,5.677625082401832e-06,0.0
grudged,3.3960822557346093e-06,0.0,0.0,0.0
grudgingly,0.0,7.794826824703627e-06,0.0,0.0
gruff,0.0,0.0,0.0,6.599013505207118e-06
gruffly,3.3960822557346093e-06,0.0,0.0,0.0
grumbled,3.3960822557346093e-06,0.0,0.0,0.0
grummets,0.0,7.794826824703627e-06,0.0,0.0
grunted,0.0,7.794826824703627e-06,0.0,0.0
guard,-1.4212825778702444e-05,-2.5093737496537457e-05,-1.2794509183836277e-05,-1.2746447075203814e-05
guarded,0.0,3.235145432636643e-06,2.1207845844386058e-05,0.0
guardia,0.0,2.338448047411088e-05,0.0,0.0
guardian,1.409501486765347e-06,0.0,4.712854632085791e-06,0.0
guardianship,0.0,0.0,7.069281948128687e-06,2.7388380629084794e-06
guards,0.0,4.676896094822176e-05,0.0,0.0
guardsmen,0.0,0.0,0.0,1.9797040515621355e-05
guerra,0.0,7.794826824703627e-06,0.0,0.0
guerre,1.3584329022938437e-05,0.0,0.0,0.0
guess,-1.4212825778702444e-05,-1.7565616247576225e-05,-9.138935131311627e-06,-1.0622039229336513e-05
guessed,0.0,0.0,0.0,0.0
guessing,6.792164511469219e-06,0.0,0.0,0.0
guest,4.2285044602960405e-06,0.0,1.1782136580214478e-05,0.0
guests,7.047507433826735e-06,0.0,2.3564273160428954e-06,0.0
guffaw,1.6980411278673048e-05,0.0,0.0,0.0
guffawed,3.3960822557346093e-06,0.0,0.0,0.0
guffawing,3.3960822557346093e-06,0.0,0.0,0.0
guidance,0.0,0.0,0.0,0.0
guide,0.0,0.0,4.712854632085791e-06,1.0955352251633918e-05
guided,0.0,0.0,1.1355250164803664e-05,0.0
guiding,1.409501486765347e-06,0.0,2.3564273160428954e-06,0.0
guilt,0.0,0.0,0.0,0.0
guilty,0.0,0.0,0.0,0.0
guinea,0.0,0.0,2.3564273160428954e-06,1.0955352251633918e-05
guineas,0.0,0.0,0.0,1.9797040515621355e-05
guitar,6.792164511469219e-06,0.0,0.0,0.0
gulf,1.409501486765347e-06,0.0,2.3564273160428954e-06,0.0
gullet,0.0,0.0,0.0,6.599013505207118e-06
gulls,0.0,7.794826824703627e-06,0.0,0.0
gulp,0.0,0.0,0.0,6.599013505207118e-06
gulped,3.3960822557346093e-06,0.0,0.0,0.0
gulping,3.3960822557346093e-06,0.0,0.0,0.0
gulps,3.3960822557346093e-06,0.0,0.0,0.0
gum,0.0,0.0,0.0,6.599013505207118e-06
gummed,0.0,0.0,0.0,6.599013505207118e-06
gun,0.0,2.911630889372979e-05,0.0,1.6433028377450875e-05
gunman,0.0,7.794826824703627e-06,0.0,0.0
gunner,0.0,6.235861459762902e-05,0.0,0.0
gunners,0.0,7.794826824703627e-06,0.0,0.0
guns,0.0,0.0002104603242669979,0.0,0.0
gunwale,0.0,7.794826824703627e-06,0.0,0.0
gunwales,0.0,1.5589653649407254e-05,0.0,0.0
gurgling,3.3960822557346093e-06,0.0,0.0,0.0
gush,0.0,0.0,0.0,6.599013505207118e-06
gushed,3.3960822557346093e-06,0.0,0.0,0.0
gushes,0.0,0.0,0.0,6.599013505207118e-06
gustave,0.0,0.0,0.0,6.599013505207118e-06
gusts,0.0,1.5589653649407254e-05,0.0,0.0
gutter,7.047507433826735e-06,3.235145432636643e-06,0.0,0.0
guttering,0.0,0.0,0.0,6.599013505207118e-06
guttingen,0.0,5.456378777292539e-05,0.0,0.0
guttingens,0.0,1.5589653649407254e-05,0.0,0.0
guttural,3.3960822557346093e-06,0.0,0.0,0.0
guys,0.0,7.794826824703627e-06,0.0,0.0
guzzling,3.3960822557346093e-06,0.0,0.0,0.0
gym,0.0,7.794826824703627e-06,0.0,0.0
gymnasium,4.2285044602960405e-06,6.470290865273286e-06,0.0,0.0
gyps,0.0,7.794826824703627e-06,0.0,0.0
h,1.409501486765347e-06,0.0,0.0,1.3694190314542398e-05
ha,0.0,0.0,0.0,0.0
habit,0.0,0.0,0.0,0.0
habits,0.0,0.0,0.0,0.0
habitual,4.2285044602960405e-06,0.0,2.3564273160428954e-06,0.0
hack,1.409501486765347e-06,0.0,2.3564273160428954e-06,0.0
hacked,0.0,0.0,0.0,6.599013505207118e-06
hackney,0.0,0.0,1.7032875247205498e-05,0.0
hackneyed,0.0,0.0,5.677625082401832e-06,0.0
had,-0.0017252183906763428,-0.0013801555623095603,-0.0021421663947794453,-0.001763258512069861
hadnt,0.0,0.0,0.0,0.0
hadst,6.792164511469219e-06,0.0,0.0,0.0
hafiz,0.0,0.0,0.0,6.599013505207118e-06
hag,1.0188246767203828e-05,0.0,0.0,0.0
haggard,0.0,0.0,0.0,1.3198027010414236e-05
haggerston,0.0,0.0,1.1355250164803664e-05,0.0
hags,3.3960822557346093e-06,0.0,0.0,0.0
hague,0.0,0.0,0.0,6.599013505207118e-06
hail,0.0,0.0,0.0,0.0
hailed,0.0,3.235145432636643e-06,0.0,2.7388380629084794e-06
hair,-5.0291537370793266e-05,-7.528121248961239e-05,-5.483361078786976e-06,-9.559835306402862e-05
hairdresser,0.0,7.794826824703627e-06,0.0,0.0
hairdressers,3.3960822557346093e-06,0.0,0.0,0.0
haired,0.0,0.0,0.0,0.0
hairs,0.0,7.794826824703627e-06,0.0,0.0
half,-0.00010932942906694188,-4.767810124342117e-05,-0.00012794509183836276,-0.00012958887859790545
halfpenny,1.0188246767203828e-05,0.0,0.0,0.0
halfway,1.409501486765347e-06,0.0,0.0,5.477676125816959e-06
halifax,0.0,0.0,0.0,6.599013505207118e-06
hall,-1.0932942906694186e-06,-0.00013801555623095603,-2.1933444315147905e-05,-4.036374907147875e-05
hallow,0.0,7.794826824703627e-06,0.0,0.0
halls,0.0,7.794826824703627e-06,0.0,0.0
hallucination,6.792164511469219e-06,0.0,0.0,0.0
hallway,0.0,4.676896094822176e-05,0.0,0.0
halt,1.409501486765347e-06,6.470290865273286e-06,0.0,0.0
halted,3.3960822557346093e-06,0.0,0.0,0.0
ham,0.0,2.5881163461093143e-05,2.3564273160428954e-06,0.0
hamburger,0.0,7.794826824703627e-06,0.0,0.0
hamlet,3.3960822557346093e-06,0.0,0.0,0.0
hammered,0.0,0.0,0.0,6.599013505207118e-06
hammering,1.0188246767203828e-05,0.0,0.0,0.0
hampshire,0.0,0.0,0.0,2.6396054020828473e-05
hand,-0.00018258014654179295,-0.00018318428372472346,-4.752246268282045e-05,-0.0002549289415040763
handbag,0.0,7.794826824703627e-06,0.0,0.0
handcuffs,0.0,0.0,0.0,6.599013505207118e-06
handed,-7.653060034685932e-06,-4.767810124342117e-05,-5.483361078786976e-06,-2.3368486304540325e-05
handedness,0.0,0.0,0.0,6.599013505207118e-06
handful,1.409501486765347e-06,3.235145432636643e-06,0.0,0.0
handicap,0.0,2.338448047411088e-05,0.0,0.0
handing,2.819002973530694e-06,0.0,0.0,2.7388380629084794e-06
handkerchief,-9.83964861602477e-06,-2.509373749653746e-06,-1.8277870262623253e-06,-1.9119670612805722e-05
handkerchiefs,1.409501486765347e-06,0.0,0.0,2.7388380629084794e-06
handle,0.0,0.0,0.0,0.0
handled,0.0,0.0,0.0,6.599013505207118e-06
handling,0.0,0.0,0.0,1.3198027010414236e-05
hands,-0.0001639941436004128,-8.280933373857361e-05,-1.2794509183836277e-05,-0.00015508177274831307
handsome,-9.83964861602477e-06,-2.509373749653746e-06,-6.762811997170603e-05,-8.49763138346921e-06
handsomely,0.0,3.235145432636643e-06,4.712854632085791e-06,0.0
handsomer,0.0,0.0,1.7032875247205498e-05,0.0
handsomest,0.0,0.0,2.271050032960733e-05,0.0
handwriting,5.638005947061388e-06,0.0,0.0,5.477676125816959e-06
handy,0.0,0.0,0.0,1.3198027010414236e-05
hang,-2.623906297606605e-05,-1.0037494998614984e-05,-1.8277870262623253e-06,-4.248815691734605e-06
hanged,4.2285044602960405e-06,0.0,0.0,8.216514188725437e-06
hanging,-1.639941436004128e-05,-7.528121248961238e-06,-1.8277870262623253e-06,-1.4870854921071116e-05
hangings,3.3960822557346093e-06,0.0,0.0,0.0
hangs,0.0,0.0,0.0,1.3198027010414236e-05
hankeys,0.0,0.0,0.0,6.599013505207118e-06
hanover,0.0,0.0,0.0,1.3198027010414236e-05
hansom,0.0,0.0,0.0,3.959408103124271e-05
hansoms,0.0,0.0,0.0,6.599013505207118e-06
hapless,3.3960822557346093e-06,0.0,0.0,0.0
happen,-3.0612240138743727e-05,-2.5093737496537457e-05,-2.1933444315147905e-05,-6.373223537601907e-06
happened,-7.215742318418163e-05,-4.265935374411368e-05,-4.386688863029581e-05,-4.8861380454947953e-05
happening,-8.746354325355349e-06,-1.2546868748268729e-05,-3.6555740525246506e-06,-2.1244078458673024e-06
happens,-5.4664714533470935e-06,-1.2546868748268729e-05,-7.311148105049301e-06,-4.248815691734605e-06
happier,0.0,0.0,0.0,0.0
happiest,1.409501486765347e-06,0.0,2.3564273160428955e-05,0.0
happily,-2.1865885813388372e-06,-1.5056242497922477e-05,-9.138935131311627e-06,-4.248815691734605e-06
happiness,-2.0772591522718957e-05,-2.509373749653746e-06,-0.0001316006658908874,-6.373223537601907e-06
happy,-3.389212301075198e-05,-9.535620248684234e-05,-0.000151706323179773,-3.8239341225611444e-05
harangue,3.3960822557346093e-06,0.0,0.0,0.0
harassed,3.3960822557346093e-06,0.0,0.0,0.0
harassing,3.3960822557346093e-06,0.0,0.0,0.0
harbour,3.3960822557346093e-06,0.0,0.0,0.0
harboured,0.0,0.0,5.677625082401832e-06,0.0
hard,-2.4052474394727216e-05,-0.00011794056623372607,-2.1933444315147905e-05,-6.160782753015178e-05
harden,1.409501486765347e-06,3.235145432636643e-06,0.0,0.0
hardened,-1.0932942906694186e-06,-2.509373749653746e-06,-1.8277870262623253e-06,-8.49763138346921e-06
harder,1.409501486765347e-06,3.235145432636643e-06,0.0,0.0
hardest,0.0,0.0,0.0,0.0
hardihood,0.0,0.0,0.0,6.599013505207118e-06
hardly,-5.24781259521321e-05,-1.7565616247576225e-05,-8.407820320806695e-05,-0.00010622039229336512
hardness,0.0,7.794826824703627e-06,0.0,0.0
hardship,1.409501486765347e-06,0.0,2.3564273160428954e-06,0.0
hardships,2.819002973530694e-06,0.0,2.3564273160428954e-06,0.0
hardworking,3.3960822557346093e-06,0.0,0.0,0.0
hardy,0.0,0.0,0.0,1.3198027010414236e-05
hare,0.0,0.0,0.0,0.0
hares,3.3960822557346093e-06,0.0,0.0,0.0
hareskin,3.3960822557346093e-06,0.0,0.0,0.0
harkov,3.3960822557346093e-06,0.0,0.0,0.0
harlamovs,1.0188246767203828e-05,0.0,0.0,0.0
harley,0.0,0.0,0.0,6.599013505207118e-06
harlot,1.0188246767203828e-05,0.0,0.0,0.0
harlotry,0.0,7.794826824703627e-06,0.0,0.0
harlots,0.0,7.794826824703627e-06,0.0,0.0
harm,0.0,0.0,0.0,0.0
harmful,3.3960822557346093e-06,0.0,0.0,0.0
harmless,3.3960822557346093e-06,0.0,0.0,0.0
harmoniously,3.3960822557346093e-06,0.0,0.0,0.0
harmonium,0.0,0.0,0.0,6.599013505207118e-06
harmony,0.0,0.0,0.0,0.0
harness,0.0,0.0,0.0,1.3198027010414236e-05
harnessed,3.3960822557346093e-06,0.0,0.0,0.0
harp,0.0,0.0,5.677625082401832e-06,0.0
harping,3.3960822557346093e-06,0.0,0.0,0.0
harpy,3.3960822557346093e-06,0.0,0.0,0.0
harriet,0.0,0.0,1.1355250164803664e-05,0.0
harringtons,0.0,0.0,5.677625082401832e-06,0.0
harris,0.0,0.0,0.0,6.599013505207118e-06
harrow,0.0,0.0,0.0,1.9797040515621355e-05
harsh,5.638005947061388e-06,0.0,0.0,2.7388380629084794e-06
harshly,0.0,0.0,0.0,0.0
hartz,0.0,1.5589653649407254e-05,0.0,0.0
harvest,0.0,0.0,0.0,6.599013505207118e-06
has,-0.00041873171332638736,-0.00010539369748545733,-0.0004130798679352855,-0.000603331828226314
hash,3.3960822557346093e-06,0.0,0.0,0.0
hasnt,1.409501486765347e-05,9.70543629790993e-06,0.0,0.0
hasp,0.0,0.0,0.0,6.599013505207118e-06
hast,1.6980411278673048e-05,0.0,0.0,0.0
haste,0.0,0.0,0.0,0.0
hasten,2.819002973530694e-06,0.0,2.3564273160428954e-06,0.0
hastened,0.0,0.0,0.0,0.0
hastening,0.0,0.0,0.0,0.0
hastily,0.0,0.0,0.0,0.0
hasty,4.2285044602960405e-06,0.0,1.1782136580214478e-05,0.0
hat,-4.045188875476849e-05,-3.764060624480619e-05,-3.6555740525246506e-06,-0.00010622039229336512
hatched,3.3960822557346093e-06,0.0,0.0,0.0
hatching,3.3960822557346093e-06,0.0,0.0,0.0
hate,-1.3119531488033025e-05,-1.5056242497922477e-05,-1.6450083236360926e-05,-2.1244078458673024e-06
hated,-5.4664714533470935e-06,-1.0037494998614984e-05,-7.311148105049301e-06,-2.1244078458673024e-06
hateful,2.0376493534407657e-05,0.0,0.0,0.0
hatefully,0.0,0.0,5.677625082401832e-06,0.0
hates,0.0,3.235145432636643e-06,4.712854632085791e-06,0.0
hatfield,0.0,0.0,5.677625082401832e-06,0.0
hath,3.3960822557346093e-06,0.0,0.0,0.0
hatherley,0.0,0.0,0.0,0.000112183229588521
hatherleys,0.0,0.0,0.0,6.599013505207118e-06
hating,0.0,0.0,5.677625082401832e-06,0.0
hatred,2.1142522301480205e-05,0.0,2.3564273160428954e-06,0.0
hats,0.0,0.0,0.0,0.0
hatted,0.0,7.794826824703627e-06,0.0,0.0
hatter,3.3960822557346093e-06,0.0,0.0,0.0
hatty,0.0,0.0,0.0,1.9797040515621355e-05
haughtily,1.0188246767203828e-05,0.0,0.0,0.0
haughtiness,1.0188246767203828e-05,0.0,0.0,0.0
haughty,0.0,0.0,0.0,0.0
hauled,1.409501486765347e-06,1.2940581730546572e-05,0.0,0.0
hauling,0.0,1.2940581730546572e-05,0.0,2.7388380629084794e-06
haunch,0.0,0.0,5.677625082401832e-06,0.0
haunches,1.409501486765347e-06,3.235145432636643e-06,0.0,0.0
haunt,1.409501486765347e-06,0.0,2.3564273160428954e-06,0.0
haunted,2.377257579014227e-05,0.0,0.0,0.0
haunts,3.3960822557346093e-06,0.0,0.0,0.0
hauteur,0.0,0.0,1.1355250164803664e-05,0.0
have,-0.001252915257107154,-0.0012220650160813743,-0.0015463078242179272,-0.0019629528495813875
haven,3.3960822557346093e-06,0.0,0.0,0.0
havent,5.356105649708319e-05,0.00012617067187282907,0.0,0.0
haversack,0.0,7.794826824703627e-06,0.0,0.0
having,-6.559765744016512e-05,-4.516872749376743e-05,-0.00017181198046865859,-0.00014445973351897656
hawaii,0.0,1.5589653649407254e-05,0.0,0.0
hawk,0.0,0.0,0.0,6.599013505207118e-06
hawks,0.0,7.794826824703627e-06,0.0,0.0
hay,0.0,0.0,0.0,0.0
haye,0.0,0.0,5.677625082401832e-06,0.0
hayfever,0.0,7.794826824703627e-06,0.0,0.0
hayling,0.0,0.0,0.0,6.599013505207118e-06
hazarded,0.0,0.0,2.3564273160428954e-06,2.7388380629084794e-06
haze,0.0,0.0,0.0,6.599013505207118e-06
he,-0.005224853415109152,-0.002145514555953953,-0.002440095680060204,-0.0031165063098873326
head,-0.000208819209517859,-0.00018820303122403094,-6.0316971866656735e-05,-0.00014445973351897656
headache,0.0,0.0,4.712854632085791e-06,2.7388380629084794e-06
headdress,3.3960822557346093e-06,0.0,0.0,0.0
headed,0.0,0.0,0.0,0.0
headgear,1.409501486765347e-06,0.0,0.0,2.7388380629084794e-06
heading,0.0,0.0,0.0,1.9797040515621355e-05
headings,0.0,0.0,0.0,6.599013505207118e-06
headland,0.0,7.794826824703627e-06,0.0,0.0
headlights,0.0,7.794826824703627e-06,0.0,0.0
headlines,0.0,7.794826824703627e-06,0.0,0.0
headlong,3.3960822557346093e-06,0.0,0.0,0.0
heads,-6.559765744016513e-06,-1.2546868748268729e-05,-1.8277870262623253e-06,-1.9119670612805722e-05
headstrong,0.0,0.0,0.0,0.0
headwaiter,0.0,1.5589653649407254e-05,0.0,0.0
heal,0.0,0.0,5.677625082401832e-06,0.0
healed,0.0,7.794826824703627e-06,0.0,0.0
health,-7.653060034685932e-06,-5.018747499307492e-06,-3.290016647272185e-05,-1.0622039229336513e-05
healthful,0.0,0.0,5.677625082401832e-06,0.0
healthfulness,0.0,0.0,5.677625082401832e-06,0.0
healthy,-2.1865885813388372e-06,-1.7565616247576225e-05,-1.8277870262623253e-06,-2.1244078458673024e-06
heap,7.047507433826735e-06,0.0,0.0,2.7388380629084794e-06
heaped,1.409501486765347e-06,0.0,0.0,2.7388380629084794e-06
hear,-9.074342612556177e-05,-7.277183873995864e-05,-0.00012794509183836276,-6.798105106775368e-05
heard,-0.00017274049792576817,-0.000158090546228186,-0.00015718968425855996,-0.00024005808658300514
hearers,0.0,0.0,5.677625082401832e-06,0.0
hearest,3.3960822557346093e-06,0.0,0.0,0.0
hearing,-1.639941436004128e-05,-5.018747499307492e-06,-4.386688863029581e-05,-6.373223537601907e-06
hears,0.0,0.0,0.0,0.0
heart,-0.00014431484636836327,-7.528121248961238e-06,-8.225041618180463e-05,-5.311019614668256e-05
hearted,-1.3119531488033025e-05,-2.509373749653746e-06,-1.8277870262623253e-06,-6.373223537601907e-06
heartedness,0.0,0.0,5.677625082401832e-06,0.0
heartening,0.0,0.0,5.677625082401832e-06,0.0
heartfelt,1.409501486765347e-06,0.0,2.3564273160428954e-06,0.0
hearth,0.0,3.235145432636643e-06,2.3564273160428954e-06,0.0
heartily,-4.3731771626776745e-06,-2.509373749653746e-06,-1.8277870262623254e-05,-1.4870854921071116e-05
heartless,4.2285044602960405e-06,0.0,0.0,2.7388380629084794e-06
heartrending,3.3960822557346093e-06,0.0,0.0,0.0
hearts,0.0,0.0,0.0,0.0
hearty,0.0,0.0,4.712854632085791e-06,1.3694190314542398e-05
heat,2.5371026761776248e-05,1.2940581730546572e-05,0.0,0.0
heated,0.0,3.235145432636643e-06,0.0,2.7388380629084794e-06
heather,0.0,0.0,0.0,6.599013505207118e-06
heaved,3.3960822557346093e-06,0.0,0.0,0.0
heaven,0.0,0.0,0.0,0.0
heavenly,3.3960822557346093e-06,0.0,0.0,0.0
heavens,0.0,0.0,0.0,0.0
heavier,0.0,0.0,2.3564273160428954e-06,5.477676125816959e-06
heavily,0.0,0.0,0.0,0.0
heaving,2.819002973530694e-06,0.0,0.0,2.7388380629084794e-06
heavy,-2.0772591522718957e-05,-2.7603111246191207e-05,-7.311148105049301e-06,-6.373223537601907e-05
hebrew,0.0,0.0,0.0,6.599013505207118e-06
hectic,1.0188246767203828e-05,0.0,0.0,0.0
hed,1.6914017841184162e-05,0.0,0.0,2.7388380629084794e-06
hedge,0.0,0.0,0.0,0.0
hedges,0.0,6.470290865273286e-06,0.0,5.477676125816959e-06
heed,0.0,0.0,0.0,6.599013505207118e-06
heeding,3.3960822557346093e-06,0.0,0.0,0.0
heedless,2.819002973530694e-06,0.0,2.3564273160428954e-06,0.0
heedlessly,3.3960822557346093e-06,0.0,0.0,0.0
heedlessness,3.3960822557346093e-06,0.0,0.0,0.0
heel,0.0,3.235145432636643e-06,0.0,5.477676125816959e-06
heelless,0.0,0.0,0.0,6.599013505207118e-06
heels,0.0,0.0,0.0,0.0
heh,0.0,0.0,0.0,1.3198027010414236e-05
height,0.0,0.0,0.0,0.0
heighten,0.0,0.0,5.677625082401832e-06,0.0
heightened,0.0,0.0,4.542100065921466e-05,0.0
heinous,0.0,0.0,2.3564273160428954e-06,2.7388380629084794e-06
heiress,0.0,0.0,2.3564273160428954e-06,5.477676125816959e-06
heirs,0.0,0.0,2.3564273160428954e-06,2.7388380629084794e-06
held,-4.810494878945443e-05,-0.00016059991997783974,-9.138935131311627e-06,-5.523460399254986e-05
helen,0.0,9.70543629790993e-06,0.0,1.0955352251633918e-05
hell,0.0,0.0,0.0,0.0
hellish,0.0,0.0,0.0,1.3198027010414236e-05
hello,0.0,7.794826824703626e-05,0.0,0.0
helmet,1.409501486765347e-06,1.2940581730546572e-05,0.0,0.0
helmets,0.0,8.57430950717399e-05,0.0,0.0
help,-8.855683754422292e-05,-3.764060624480619e-05,-7.493926807675534e-05,-9.984716875576321e-05
helped,0.0,0.0,0.0,0.0
helper,0.0,0.0,0.0,1.3198027010414236e-05
helping,0.0,0.0,0.0,0.0
helpless,9.86651040735743e-06,0.0,0.0,8.216514188725437e-06
helplessly,1.3584329022938437e-05,0.0,0.0,0.0
helplessness,1.6980411278673048e-05,0.0,0.0,0.0
helps,0.0,0.0,0.0,0.0
helvetia,0.0,7.794826824703627e-06,0.0,0.0
hem,3.3960822557346093e-06,0.0,0.0,0.0
hemlock,0.0,7.794826824703627e-06,0.0,0.0
hemmed,3.3960822557346093e-06,0.0,0.0,0.0
hemorrhage,0.0,3.117930729881451e-05,0.0,0.0
hempen,3.3960822557346093e-06,0.0,0.0,0.0
hen,3.3960822557346093e-06,0.0,0.0,0.0
hence,0.0,0.0,0.0,0.0
henceforth,0.0,0.0,5.677625082401832e-06,0.0
henriette,3.3960822557346093e-06,0.0,0.0,0.0
henry,0.0,5.499747235482293e-05,0.0,2.7388380629084796e-05
hens,6.792164511469219e-06,0.0,0.0,0.0
her,-0.0019996352576343666,-0.0007678683673940463,-0.00407230949451246,-0.0009134953737229401
herald,0.0,0.0,0.0,6.599013505207118e-06
hercules,0.0,0.0,0.0,6.599013505207118e-06
herd,0.0,0.0,0.0,6.599013505207118e-06
here,-0.00038593288460630484,-0.00038644355744667686,-0.00012611730481210045,-0.0002846706513462185
hereabouts,0.0,0.0,1.1355250164803664e-05,0.0
hereafter,0.0,0.0,1.7032875247205498e-05,0.0
hereditary,0.0,0.0,0.0,2.6396054020828473e-05
hereford,0.0,0.0,0.0,1.3198027010414236e-05
herefordshire,0.0,0.0,0.0,1.3198027010414236e-05
heres,-1.4212825778702444e-05,-7.528121248961238e-06,-1.8277870262623253e-06,-1.0622039229336513e-05
heretofore,0.0,0.0,5.677625082401832e-06,0.0
hereupon,3.3960822557346093e-06,0.0,0.0,0.0
herewith,6.792164511469219e-06,0.0,0.0,0.0
hermit,3.3960822557346093e-06,0.0,0.0,0.0
hermitage,0.0,0.0,5.677625082401832e-06,0.0
hernia,0.0,1.5589653649407254e-05,0.0,0.0
hero,0.0,1.5589653649407254e-05,0.0,0.0
heroes,0.0,1.5589653649407254e-05,0.0,0.0
heroic,0.0,0.0,0.0,0.0
heroism,3.3960822557346093e-06,0.0,0.0,0.0
herrings,3.3960822557346093e-06,0.0,0.0,0.0
hers,-6.559765744016513e-06,-5.018747499307492e-06,-1.4622296210098602e-05,-4.248815691734605e-06
herself,-0.00013556849204300793,-7.528121248961238e-06,-0.00041490765496154784,-2.1244078458673025e-05
hertfordshire,0.0,0.0,0.00023278262837847513,0.0
heruvimov,1.0188246767203828e-05,0.0,0.0,0.0
hes,0.0,0.0,0.0,0.0
hesitate,0.0,0.0,0.0,0.0
hesitated,0.0,0.0,0.0,0.0
hesitating,0.0,0.0,0.0,0.0
hesitatingly,6.792164511469219e-06,0.0,0.0,0.0
hesitation,0.0,0.0,0.0,0.0
hey,2.1142522301480205e-05,9.70543629790993e-06,0.0,0.0
hi,1.409501486765347e-06,3.235145432636643e-06,0.0,0.0
hid,1.5504516354418816e-05,0.0,0.0,2.7388380629084794e-06
hidden,2.9599531222072284e-05,0.0,0.0,2.7388380629084794e-06
hide,-1.4212825778702444e-05,-2.509373749653746e-06,-3.6555740525246506e-06,-4.248815691734605e-06
hideous,2.1142522301480205e-05,0.0,0.0,1.0955352251633918e-05
hideously,6.792164511469219e-06,0.0,0.0,0.0
hideousness,6.792164511469219e-06,0.0,0.0,0.0
hiders,0.0,7.794826824703627e-06,0.0,0.0
hides,1.409501486765347e-06,3.235145432636643e-06,0.0,0.0
hiding,5.0941233836019144e-05,0.0,0.0,0.0
high,-3.279882872008256e-05,-8.029995998891987e-05,-3.290016647272185e-05,-5.523460399254986e-05
higher,-7.653060034685932e-06,-2.509373749653746e-06,-7.311148105049301e-06,-6.373223537601907e-06
highest,-3.2798828720082563e-06,-5.018747499307492e-06,-1.6450083236360926e-05,-1.4870854921071116e-05
highly,0.0,0.0,0.0,0.0
highness,0.0,0.0,0.0,6.599013505207118e-06
highroad,0.0,7.794826824703627e-06,0.0,0.0
highway,0.0,6.470290865273286e-06,0.0,5.477676125816959e-06
hill,-1.0932942906694186e-06,-3.0112484995844953e-05,-1.8277870262623254e-05,-4.248815691734605e-06
hills,0.0,0.0,0.0,0.0
hillside,0.0,2.338448047411088e-05,0.0,0.0
hilt,0.0,7.794826824703627e-06,0.0,0.0
him,-0.0017350580392923676,-0.0006373809324120515,-0.0013964292880644165,-0.0009219930051064093
himself,-0.00036953347024626355,-2.2584363746883714e-05,-0.0002321289523353153,-0.00015508177274831307
hinder,1.0188246767203828e-05,0.0,0.0,0.0
hindered,6.792164511469219e-06,0.0,0.0,0.0
hindering,3.3960822557346093e-06,0.0,0.0,0.0
hinders,0.0,0.0,0.0,6.599013505207118e-06
hindrance,1.409501486765347e-06,0.0,0.0,2.7388380629084794e-06
hinges,0.0,0.0,0.0,1.3198027010414236e-05
hint,0.0,0.0,0.0,0.0
hinted,0.0,0.0,0.0,0.0
hinting,1.409501486765347e-06,0.0,0.0,2.7388380629084794e-06
hints,1.409501486765347e-06,0.0,9.425709264171582e-06,0.0
hips,2.819002973530694e-06,6.470290865273286e-06,0.0,0.0
hire,0.0,0.0,5.677625082401832e-06,0.0
hired,0.0,0.0,0.0,0.0
his,-0.0022882649503710934,-0.0007201902661506251,-0.0023231173103794153,-0.0024600642855143362
hiss,0.0,0.0,0.0,6.599013505207118e-06
historical,3.3960822557346093e-06,0.0,0.0,0.0
histories,1.409501486765347e-06,0.0,2.3564273160428954e-06,0.0
history,0.0,0.0,0.0,0.0
hit,0.0,0.0,0.0,0.0
hitch,3.3960822557346093e-06,0.0,0.0,0.0
hither,0.0,0.0,1.7032875247205498e-05,0.0
hitherto,0.0,0.0,0.0,0.0
hitter,0.0,1.5589653649407254e-05,0.0,0.0
hitting,4.2285044602960405e-06,3.235145432636643e-06,0.0,0.0
hm,0.00012565504346218057,0.0,0.0,0.0
ho,1.409501486765347e-06,6.793805408536951e-05,0.0,0.0
hoard,0.0,0.0,0.0,6.599013505207118e-06
hoarding,1.0188246767203828e-05,0.0,0.0,0.0
hoarse,7.047507433826735e-06,0.0,0.0,5.477676125816959e-06
hoarsely,0.0,0.0,0.0,6.599013505207118e-06
hoax,0.0,0.0,0.0,6.599013505207118e-06
hobbies,0.0,0.0,0.0,6.599013505207118e-06
hobby,0.0,0.0,0.0,6.599013505207118e-06
hobnailed,0.0,7.794826824703627e-06,0.0,0.0
hof,3.3960822557346093e-06,0.0,0.0,0.0
hog,0.0,1.5589653649407254e-05,0.0,0.0
holborn,0.0,0.0,0.0,1.3198027010414236e-05
hold,-4.1545183045437914e-05,-7.779058623926613e-05,-1.2794509183836277e-05,-1.699526276693842e-05
holder,0.0,0.0,0.0,0.00015177731061976374
holding,-2.4052474394727216e-05,-7.02624649903049e-05,-3.6555740525246506e-06,-1.2746447075203814e-05
holds,3.3960822557346093e-06,0.0,0.0,0.0
hole,0.0,0.0,0.0,0.0
holes,0.0,0.0,0.0,0.0
holiday,2.819002973530694e-06,0.0,0.0,5.477676125816959e-06
holidays,6.792164511469219e-06,0.0,0.0,0.0
holland,0.0,0.0,0.0,1.3198027010414236e-05
hollow,0.0,0.0,0.0,0.0
hollowed,0.0,0.0,0.0,6.599013505207118e-06
holmes,0.0,0.0,0.0,0.0030421452259004815
holstein,3.3960822557346093e-06,0.0,0.0,0.0
holster,0.0,6.235861459762902e-05,0.0,0.0
holy,8.457008920592081e-06,9.70543629790993e-06,0.0,0.0
homage,1.0188246767203828e-05,0.0,0.0,0.0
home,-0.00011588919481095838,-8.280933373857361e-05,-0.0001224617307595758,-0.00010197157660163051
homecoming,0.0,7.794826824703627e-06,0.0,0.0
homely,0.0,0.0,0.0,2.6396054020828473e-05
homesteads,0.0,0.0,0.0,6.599013505207118e-06
homeward,0.0,0.0,0.0,1.9797040515621355e-05
homewards,6.792164511469219e-06,0.0,0.0,0.0
homicidal,6.792164511469219e-06,0.0,0.0,0.0
honest,-1.639941436004128e-05,-5.018747499307492e-06,-1.8277870262623253e-06,-2.1244078458673024e-06
honestly,1.409501486765347e-06,0.0,9.425709264171582e-06,0.0
honesty,1.0188246767203828e-05,0.0,0.0,0.0
honey,3.3960822557346093e-06,0.0,0.0,0.0
honeymoon,0.0,0.0,0.0,1.3198027010414236e-05
honked,0.0,7.794826824703627e-06,0.0,0.0
honor,0.0,2.338448047411088e-05,0.0,0.0
honored,0.0,2.338448047411088e-05,0.0,0.0
honoria,0.0,0.0,0.0,6.599013505207118e-06
honour,0.0,0.0,0.0,0.0
honourable,0.0,0.0,0.0,0.0
honoured,2.9599531222072284e-05,0.0,2.1207845844386058e-05,0.0
honours,1.409501486765347e-06,0.0,4.712854632085791e-06,0.0
hood,0.0,0.0,0.0,0.0
hoof,3.3960822557346093e-06,0.0,0.0,0.0
hoofs,0.0,0.0,0.0,0.0
hook,0.0,0.0,0.0,0.0
hooked,1.409501486765347e-06,3.235145432636643e-06,0.0,0.0
hooking,0.0,7.794826824703627e-06,0.0,0.0
hooks,3.3960822557346093e-06,0.0,0.0,0.0
hop,0.0,7.794826824703627e-06,0.0,0.0
hope,-3.607871159209082e-05,-5.7715596242036164e-05,-0.00022116223017774135,-6.585664322188637e-05
hoped,-6.559765744016513e-06,-2.7603111246191207e-05,-3.472795349898418e-05,-8.49763138346921e-06
hopeful,0.0,0.0,0.0,6.599013505207118e-06
hopefully,2.819002973530694e-06,3.235145432636643e-06,0.0,0.0
hopeless,-8.746354325355349e-06,-5.018747499307492e-06,-1.2794509183836277e-05,-4.248815691734605e-06
hopelessly,3.3960822557346096e-05,0.0,0.0,0.0
hopelessness,3.3960822557346093e-06,0.0,0.0,0.0
hopes,-1.7492708650710698e-05,-2.509373749653746e-06,-4.203910160403348e-05,-1.4870854921071116e-05
hoping,-7.653060034685932e-06,-2.509373749653746e-06,-7.311148105049301e-06,-2.1244078458673024e-06
hopkins,0.0,0.0,0.0,1.3198027010414236e-05
horace,0.0,0.0,0.0,6.599013505207118e-06
horizon,3.3960822557346093e-06,0.0,0.0,0.0
horizontally,3.3960822557346093e-06,0.0,0.0,0.0
horn,3.3960822557346093e-06,0.0,0.0,0.0
horner,0.0,0.0,0.0,8.578717556769254e-05
horrible,0.0,0.0,0.0,0.0
horribly,5.638005947061388e-06,0.0,0.0,2.7388380629084794e-06
horrid,0.0,0.0,0.0,0.0
horrified,6.792164511469219e-06,0.0,0.0,0.0
horrify,0.0,0.0,0.0,1.3198027010414236e-05
horror,0.0,0.0,0.0,0.0
horrors,1.409501486765347e-06,0.0,0.0,2.7388380629084794e-06
horse,-8.746354325355349e-06,-4.265935374411368e-05,-5.483361078786976e-06,-1.699526276693842e-05
horseback,1.409501486765347e-06,0.0,4.712854632085791e-06,0.0
horses,-1.2026237197363608e-05,-5.0187474993074915e-05,-1.4622296210098602e-05,-1.4870854921071116e-05
horsewoman,0.0,0.0,5.677625082401832e-06,0.0
horsey,0.0,0.0,0.0,1.3198027010414236e-05
horsham,0.0,0.0,0.0,6.599013505207118e-05
hosmer,0.0,0.0,0.0,0.00015177731061976374
hospital,0.0,0.0,0.0,0.0
hospitality,0.0,0.0,0.0,0.0
hospitals,1.409501486765347e-06,3.235145432636643e-05,0.0,0.0
host,1.409501486765347e-06,0.0,0.0,2.7388380629084794e-06
hostile,4.2285044602960405e-06,3.235145432636643e-06,0.0,0.0
hostility,6.792164511469219e-06,0.0,0.0,0.0
hot,-1.5306120069371863e-05,-7.277183873995864e-05,-5.483361078786976e-06,-2.3368486304540325e-05
hotel,-5.4664714533470935e-06,-0.00011543119248407233,-1.8277870262623253e-06,-2.974170984214223e-05
hotels,0.0,0.0,0.0,0.0
hotly,3.056474030161149e-05,0.0,0.0,0.0
hotter,0.0,7.794826824703627e-06,0.0,0.0
hound,0.0,0.0,0.0,1.3198027010414236e-05
hour,-7.653060034685932e-05,-2.5093737496537457e-05,-6.214475889291907e-05,-6.798105106775368e-05
hours,-2.0772591522718957e-05,-2.5093737496537457e-05,-5.6661397814132085e-05,-4.8861380454947953e-05
house,-0.00013228860917099966,-0.00010539369748545733,-0.00019374542478380646,-0.0002549289415040763
household,-2.1865885813388372e-06,-2.509373749653746e-06,-1.8277870262623253e-06,-1.699526276693842e-05
housekeeper,0.0,0.0,3.534640974064343e-05,5.477676125816959e-06
housekeepers,0.0,0.0,2.3564273160428954e-06,2.7388380629084794e-06
housekeeping,0.0,0.0,1.7032875247205498e-05,0.0
housemaid,0.0,0.0,4.712854632085791e-06,2.7388380629084794e-06
housemaids,0.0,0.0,5.677625082401832e-06,0.0
houses,-1.7492708650710698e-05,-5.5206222492382414e-05,-7.311148105049301e-06,-2.761730199627493e-05
hover,0.0,0.0,0.0,6.599013505207118e-06
hovering,3.3960822557346093e-06,0.0,0.0,0.0
how,-0.000579445974054792,-0.00044917790118802057,-0.0004203910160403348,-0.00029954150626728966
however,-4.9198243080123845e-05,-7.528121248961238e-06,-0.0002449234615191516,-0.00022731163950780135
howl,0.0,0.0,0.0,6.599013505207118e-06
howled,6.792164511469219e-06,0.0,0.0,0.0
howling,4.2285044602960405e-06,0.0,0.0,2.7388380629084794e-06
hows,1.409501486765347e-06,1.2940581730546572e-05,0.0,0.0
howsoever,0.0,0.0,5.677625082401832e-06,0.0
hoyle,0.0,7.794826824703627e-06,0.0,0.0
hubbub,0.0,0.0,0.0,1.3198027010414236e-05
hubs,0.0,7.794826824703627e-06,0.0,0.0
huckster,1.6980411278673048e-05,0.0,0.0,0.0
hucksters,3.3960822557346093e-06,0.0,0.0,0.0
huddled,0.0,0.0,0.0,0.0
hudson,0.0,0.0,0.0,2.6396054020828473e-05
huffed,0.0,0.0,0.0,6.599013505207118e-06
huffily,6.792164511469219e-06,0.0,0.0,0.0
hug,4.2285044602960405e-06,0.0,2.3564273160428954e-06,0.0
huge,1.973302081471486e-05,0.0,0.0,3.012721869199327e-05
hugged,2.819002973530694e-06,0.0,0.0,2.7388380629084794e-06
hugging,3.3960822557346093e-06,0.0,0.0,0.0
hugh,0.0,0.0,0.0,2.6396054020828473e-05
hugos,0.0,7.794826824703627e-06,0.0,0.0
hugs,3.3960822557346093e-06,0.0,0.0,0.0
hullo,1.409501486765347e-06,0.0,0.0,1.0955352251633918e-05
hulloa,3.3960822557346093e-06,0.0,0.0,0.0
hum,0.0,0.0,0.0,5.9391121546864066e-05
human,-1.639941436004128e-05,-2.509373749653746e-06,-1.0966722157573952e-05,-2.549289415040763e-05
humane,1.3584329022938437e-05,0.0,0.0,0.0
humanity,0.0,0.0,0.0,0.0
humanum,3.3960822557346093e-06,0.0,0.0,0.0
humble,0.0,0.0,0.0,0.0
humbled,4.2285044602960405e-06,0.0,9.425709264171582e-06,0.0
humbler,0.0,0.0,0.0,6.599013505207118e-06
humbling,0.0,0.0,5.677625082401832e-06,0.0
humbly,1.0188246767203828e-05,0.0,0.0,0.0
humbugging,3.3960822557346093e-06,0.0,0.0,0.0
humdrum,0.0,0.0,0.0,6.599013505207118e-06
humiliate,3.3960822557346093e-06,0.0,0.0,0.0
humiliated,1.6980411278673048e-05,0.0,0.0,0.0
humiliating,8.457008920592081e-06,0.0,4.712854632085791e-06,0.0
humiliation,0.0,0.0,0.0,0.0
humility,1.409501486765347e-06,0.0,1.1782136580214478e-05,0.0
humming,1.409501486765347e-06,0.0,0.0,5.477676125816959e-06
humour,0.0,0.0,0.0,0.0
humoured,0.0,0.0,0.0,0.0
humouredly,6.792164511469219e-06,0.0,0.0,0.0
humours,0.0,0.0,0.0,6.599013505207118e-06
hun,0.0,2.338448047411088e-05,0.0,0.0
hunchback,3.3960822557346093e-06,0.0,0.0,0.0
hundred,-5.685130311480978e-05,-6.52437174909974e-05,-1.0966722157573952e-05,-4.036374907147875e-05
hundreds,8.457008920592081e-06,0.0,0.0,5.477676125816959e-06
hundredth,4.2285044602960405e-06,3.235145432636643e-06,0.0,0.0
hundredweight,3.3960822557346093e-06,0.0,0.0,0.0
hung,0.0,0.0,0.0,0.0
hungarian,0.0,7.794826824703627e-06,0.0,0.0
hunger,1.0188246767203828e-05,0.0,0.0,0.0
hungering,3.3960822557346093e-06,0.0,0.0,0.0
hungrily,0.0,0.0,0.0,6.599013505207118e-06
hungry,0.0,0.0,0.0,0.0
hunsford,0.0,0.0,0.0001419406270600458,0.0
hunt,0.0,3.235145432636643e-06,0.0,5.477676125816959e-06
hunted,0.0,0.0,0.0,0.0
hunter,0.0,6.470290865273286e-06,0.0,5.751559932107806e-05
hunters,0.0,0.0,0.0,0.0
hunting,-2.1865885813388372e-06,-1.0037494998614984e-05,-1.8277870262623253e-06,-1.0622039229336513e-05
hurled,0.0,0.0,0.0,1.9797040515621355e-05
hurling,0.0,0.0,0.0,1.3198027010414236e-05
hurrah,6.792164511469219e-06,0.0,0.0,0.0
hurricane,6.792164511469219e-06,0.0,0.0,0.0
hurried,-1.639941436004128e-05,-1.0037494998614984e-05,-1.8277870262623254e-05,-4.673697260908065e-05
hurriedly,4.369454608972575e-05,0.0,0.0,1.3694190314542398e-05
hurry,-3.4985417301421396e-05,-2.2584363746883714e-05,-2.0105657288885576e-05,-1.9119670612805722e-05
hurrying,-7.653060034685932e-06,-1.2546868748268729e-05,-5.483361078786976e-06,-8.49763138346921e-06
hurst,0.0,0.0,0.00018168400263685863,0.0
hursts,0.0,0.0,1.1355250164803664e-05,0.0
hurt,-5.4664714533470935e-06,-6.022496999168991e-05,-1.0966722157573952e-05,-1.0622039229336513e-05
hurting,6.792164511469219e-06,0.0,0.0,0.0
hurts,-3.2798828720082563e-06,-5.018747499307492e-06,-1.8277870262623253e-06,-4.248815691734605e-06
husband,-4.045188875476849e-05,-1.0037494998614984e-05,-7.676705510301765e-05,-4.673697260908065e-05
husbands,-7.653060034685932e-06,-2.509373749653746e-06,-2.1933444315147905e-05,-1.2746447075203814e-05
hush,0.0,0.0,0.0,0.0
hushed,1.409501486765347e-06,0.0,2.3564273160428954e-06,0.0
hushing,1.409501486765347e-06,0.0,0.0,2.7388380629084794e-06
huskily,3.3960822557346093e-06,0.0,0.0,0.0
husky,6.792164511469219e-06,0.0,0.0,0.0
hussar,3.3960822557346093e-06,0.0,0.0,0.0
hussy,6.792164511469219e-06,0.0,0.0,0.0
hyde,0.0,0.0,0.0,6.599013505207118e-06
hydraulic,0.0,0.0,0.0,6.599013505207118e-05
hydraulics,0.0,0.0,0.0,6.599013505207118e-06
hydrochloric,0.0,0.0,0.0,6.599013505207118e-06
hypochondria,1.0188246767203828e-05,0.0,0.0,0.0
hypochondriac,6.792164511469219e-06,0.0,0.0,0.0
hypochondriacal,3.3960822557346093e-06,0.0,0.0,0.0
hypocrisy,1.409501486765347e-06,0.0,2.3564273160428954e-06,0.0
hypocritical,0.0,0.0,1.1355250164803664e-05,0.0
hypothesis,1.409501486765347e-06,0.0,0.0,1.0955352251633918e-05
hysterical,9.86651040735743e-06,0.0,0.0,5.477676125816959e-06
hysterically,3.3960822557346093e-06,0.0,0.0,0.0
hysterics,2.819002973530694e-06,0.0,2.3564273160428954e-06,0.0
hôtel,0.0,7.794826824703627e-06,0.0,0.0
i,-0.00432616550817889,-0.008456589536333122,-0.0037798635703104886,-0.006368974721910173
ice,0.0,0.0,0.0,0.0
iced,0.0,7.794826824703627e-06,0.0,0.0
ich,3.3960822557346093e-06,0.0,0.0,0.0
icicle,0.0,7.794826824703627e-06,0.0,0.0
icing,0.0,7.794826824703627e-06,0.0,0.0
icy,1.409501486765347e-06,9.70543629790993e-06,0.0,0.0
id,0.0,0.0,0.0,0.0
idea,-0.00010932942906694188,-1.5056242497922477e-05,-8.956156428685394e-05,-4.8861380454947953e-05
ideal,0.0,3.235145432636643e-06,0.0,5.477676125816959e-06
idealism,3.3960822557346093e-06,0.0,0.0,0.0
idealist,3.3960822557346093e-06,0.0,0.0,0.0
ideals,6.792164511469219e-06,0.0,0.0,0.0
ideas,0.0,0.0,0.0,0.0
identical,0.0,0.0,0.0,6.599013505207118e-06
identified,0.0,3.235145432636643e-06,0.0,5.477676125816959e-06
identify,0.0,0.0,0.0,6.599013505207118e-06
identity,0.0,0.0,0.0,1.3198027010414236e-05
idiocy,1.3584329022938437e-05,0.0,0.0,0.0
idiot,8.457008920592081e-06,0.0,0.0,2.7388380629084794e-06
idiotic,1.0188246767203828e-05,0.0,0.0,0.0
idiotically,3.3960822557346093e-06,0.0,0.0,0.0
idiots,3.3960822557346093e-06,0.0,0.0,0.0
idle,0.0,0.0,0.0,0.0
idleness,1.409501486765347e-06,0.0,4.712854632085791e-06,0.0
idler,0.0,0.0,0.0,6.599013505207118e-06
idly,3.3960822557346093e-06,0.0,0.0,0.0
if,-0.0006384838657509406,-0.0006649840436582427,-0.0006360698851392892,-0.0005523460399254986
ignominy,3.3960822557346093e-06,0.0,0.0,0.0
ignorance,0.0,0.0,0.0,0.0
ignorant,-2.1865885813388372e-06,-7.528121248961238e-06,-2.9244592420197205e-05,-6.373223537601907e-06
ignore,0.0,7.794826824703627e-06,0.0,0.0
ignored,0.0,1.5589653649407254e-05,0.0,0.0
ignotum,0.0,0.0,0.0,6.599013505207118e-06
ikon,1.3584329022938437e-05,0.0,0.0,0.0
ikons,6.792164511469219e-06,0.0,0.0,0.0
il,0.0,7.794826824703627e-06,0.0,0.0
ill,-0.00026567051263266876,-0.000454196648687328,-0.0001389118139959367,-6.585664322188637e-05
illegal,0.0,0.0,0.0,6.599013505207118e-06
illegally,0.0,0.0,0.0,6.599013505207118e-06
illiberal,0.0,0.0,5.677625082401832e-06,0.0
illiterate,0.0,0.0,5.677625082401832e-06,0.0
illness,0.0,0.0,0.0,0.0
illnesses,3.3960822557346093e-06,0.0,0.0,0.0
illuminated,0.0,0.0,0.0,6.599013505207118e-06
illustrate,0.0,0.0,0.0,6.599013505207118e-06
illustrated,0.0,7.794826824703627e-06,0.0,0.0
illustration,0.0,0.0,5.677625082401832e-06,0.0
illustrious,0.0,0.0,2.3564273160428954e-06,2.7388380629084794e-06
ilya,0.0001120707144392421,0.0,0.0,0.0
im,-6.450436314949571e-05,-0.0005746465886707078,-1.8277870262623253e-06,-8.49763138346921e-06
image,3.735690481308071e-05,0.0,0.0,0.0
images,1.6980411278673048e-05,0.0,0.0,0.0
imaginable,0.0,0.0,1.1355250164803664e-05,0.0
imaginary,1.409501486765347e-06,0.0,1.1782136580214478e-05,0.0
imagination,0.0,0.0,0.0,0.0
imaginations,0.0,0.0,5.677625082401832e-06,0.0
imagine,-3.389212301075198e-05,-7.528121248961238e-06,-4.9350249709082784e-05,-6.160782753015178e-05
imagined,0.0,0.0,0.0,0.0
imagines,6.792164511469219e-06,0.0,0.0,0.0
imagining,6.792164511469219e-06,0.0,0.0,0.0
imbecile,1.409501486765347e-06,0.0,0.0,8.216514188725437e-06
imbecility,1.409501486765347e-06,0.0,0.0,2.7388380629084794e-06
imbedded,0.0,0.0,0.0,6.599013505207118e-06
imbibed,3.3960822557346093e-06,0.0,0.0,0.0
imitate,0.0,0.0,2.3564273160428954e-06,2.7388380629084794e-06
imitated,0.0,0.0,2.3564273160428954e-06,2.7388380629084794e-06
imitation,0.0,0.0,5.677625082401832e-06,0.0
imitations,0.0,0.0,5.677625082401832e-06,0.0
immeasurable,6.792164511469219e-06,0.0,0.0,0.0
immeasurably,3.3960822557346093e-06,0.0,0.0,0.0
immediate,0.0,0.0,0.0,0.0
immediately,0.0,0.0,0.0,0.0
immemorial,3.3960822557346093e-06,0.0,0.0,0.0
immense,9.86651040735743e-06,0.0,0.0,2.7388380629084796e-05
immensely,0.0,0.0,0.0,1.9797040515621355e-05
imminent,4.2285044602960405e-06,0.0,0.0,2.7388380629084794e-06
immoderate,3.3960822557346093e-06,0.0,0.0,0.0
immoral,0.0,0.0,5.677625082401832e-06,0.0
immovable,7.047507433826735e-06,0.0,4.712854632085791e-06,0.0
immovably,3.3960822557346093e-06,0.0,0.0,0.0
imola,0.0,7.794826824703627e-06,0.0,0.0
imparted,0.0,0.0,5.677625082401832e-06,0.0
impartial,0.0,0.0,1.7032875247205498e-05,0.0
impartiality,0.0,0.0,5.677625082401832e-06,0.0
impartially,4.2285044602960405e-06,3.235145432636643e-06,0.0,0.0
impassable,0.0,0.0,2.3564273160428954e-06,2.7388380629084794e-06
impatience,0.0,0.0,0.0,0.0
impatient,0.0,0.0,0.0,0.0
impatiently,0.0,0.0,0.0,0.0
impelled,2.819002973530694e-06,0.0,2.3564273160428954e-06,0.0
impending,0.0,0.0,0.0,6.599013505207118e-06
impenetrably,0.0,0.0,1.1355250164803664e-05,0.0
imperative,3.3960822557346093e-06,0.0,0.0,0.0
imperfection,0.0,0.0,5.677625082401832e-06,0.0
imperfectly,0.0,0.0,5.677625082401832e-06,0.0
imperial,0.0,0.0,0.0,6.599013505207118e-06
imperilled,0.0,0.0,0.0,6.599013505207118e-06
imperious,3.3960822557346093e-06,0.0,0.0,0.0
imperiously,3.3960822557346093e-06,0.0,0.0,0.0
impersonal,0.0,0.0,0.0,6.599013505207118e-06
impertinence,2.819002973530694e-06,0.0,1.8851418528343163e-05,0.0
impertinent,0.0,0.0,0.0,0.0
imperturbably,0.0,0.0,0.0,6.599013505207118e-06
impetuous,0.0,0.0,2.3564273160428954e-06,2.7388380629084794e-06
impetuously,3.3960822557346093e-06,0.0,0.0,0.0
implacability,0.0,0.0,5.677625082401832e-06,0.0
implacable,0.0,0.0,2.3564273160428954e-06,2.7388380629084794e-06
implicate,0.0,0.0,0.0,1.3198027010414236e-05
implicated,0.0,0.0,0.0,6.599013505207118e-06
implicates,0.0,0.0,0.0,6.599013505207118e-06
implicating,0.0,0.0,0.0,6.599013505207118e-06
implicit,0.0,0.0,0.0,0.0
implicitness,0.0,0.0,5.677625082401832e-06,0.0
implied,1.409501486765347e-06,0.0,2.3564273160428954e-06,0.0
implies,0.0,0.0,2.3564273160428954e-06,2.7388380629084794e-06
implore,0.0,0.0,0.0,1.3198027010414236e-05
implored,4.2285044602960405e-06,0.0,0.0,5.477676125816959e-06
imploring,4.2285044602960405e-06,0.0,0.0,2.7388380629084794e-06
imploringly,3.3960822557346093e-06,0.0,0.0,0.0
imply,0.0,0.0,2.3564273160428954e-06,2.7388380629084794e-06
impolite,0.0,7.794826824703627e-06,0.0,0.0
impolitic,0.0,0.0,5.677625082401832e-06,0.0
import,0.0,7.794826824703627e-06,0.0,0.0
importance,0.0,0.0,0.0,0.0
important,-2.733235726673547e-05,-5.018747499307492e-06,-1.8277870262623254e-05,-4.4612564763213354e-05
importers,0.0,0.0,0.0,6.599013505207118e-06
importing,0.0,0.0,5.677625082401832e-06,0.0
importune,0.0,0.0,5.677625082401832e-06,0.0
importuned,0.0,0.0,5.677625082401832e-06,0.0
impose,2.819002973530694e-06,0.0,4.712854632085791e-06,0.0
imposed,1.409501486765347e-06,0.0,9.425709264171582e-06,0.0
imposing,0.0,0.0,0.0,0.0
impossibility,4.2285044602960405e-06,0.0,0.0,2.7388380629084794e-06
impossible,-2.1865885813388374e-05,-2.0074989997229968e-05,-8.04226291555423e-05,-2.974170984214223e-05
impotence,1.6980411278673048e-05,0.0,0.0,0.0
impractical,0.0,7.794826824703627e-06,0.0,0.0
impracticality,3.3960822557346093e-06,0.0,0.0,0.0
impress,3.3960822557346093e-06,0.0,0.0,0.0
impressed,-6.559765744016513e-06,-1.0037494998614984e-05,-1.8277870262623253e-06,-1.2746447075203814e-05
impresses,3.3960822557346093e-06,0.0,0.0,0.0
impressing,0.0,0.0,5.677625082401832e-06,0.0
impression,-2.295918010405779e-05,-1.0037494998614984e-05,-1.2794509183836277e-05,-3.399052553387684e-05
impressionable,3.3960822557346093e-06,0.0,0.0,0.0
impressions,2.819002973530694e-06,0.0,0.0,8.216514188725437e-06
impressive,-3.2798828720082563e-06,-5.018747499307492e-06,-1.8277870262623253e-06,-2.1244078458673024e-06
impressively,1.3584329022938437e-05,0.0,0.0,0.0
imprisoned,0.0,0.0,0.0,6.599013505207118e-06
imprisonment,1.409501486765347e-06,0.0,0.0,8.216514188725437e-06
improbabilities,0.0,0.0,0.0,6.599013505207118e-06
improbable,0.0,0.0,1.649499121230027e-05,5.477676125816959e-06
impromptu,3.3960822557346093e-06,0.0,0.0,0.0
improper,0.0,0.0,1.1355250164803664e-05,0.0
improprieties,0.0,0.0,5.677625082401832e-06,0.0
impropriety,0.0,0.0,2.8388125412009164e-05,0.0
improve,1.409501486765347e-06,0.0,7.069281948128687e-06,0.0
improved,-1.0932942906694186e-06,-2.509373749653746e-06,-1.0966722157573952e-05,-4.248815691734605e-06
improvement,2.819002973530694e-06,0.0,2.1207845844386058e-05,0.0
improvements,1.409501486765347e-06,0.0,2.3564273160428954e-06,0.0
improves,0.0,0.0,1.1355250164803664e-05,0.0
improving,0.0,0.0,0.0,6.599013505207118e-06
improvisations,0.0,0.0,0.0,6.599013505207118e-06
imprudence,0.0,0.0,2.3564273160428955e-05,5.477676125816959e-06
imprudent,0.0,0.0,6.245387590642016e-05,0.0
imprudently,1.409501486765347e-06,0.0,0.0,2.7388380629084794e-06
imps,3.3960822557346093e-06,0.0,0.0,0.0
impudence,1.409501486765347e-06,0.0,4.712854632085791e-06,0.0
impudent,7.047507433826735e-06,0.0,2.3564273160428954e-06,0.0
impudently,3.3960822557346093e-06,0.0,0.0,0.0
impulse,0.0,0.0,0.0,0.0
impulses,0.0,0.0,0.0,0.0
impulsive,0.0,0.0,0.0,6.599013505207118e-06
impulsively,0.0,0.0,0.0,6.599013505207118e-06
impulsiveness,3.3960822557346093e-06,0.0,0.0,0.0
impunity,0.0,0.0,0.0,0.0
impurities,0.0,0.0,5.677625082401832e-06,0.0
impute,0.0,0.0,5.677625082401832e-06,0.0
imputed,0.0,0.0,2.271050032960733e-05,0.0
imputing,0.0,0.0,5.677625082401832e-06,0.0
in,-0.003469022784294066,-0.0033826358145332496,-0.0034271006742418596,-0.003747455440109921
inaccurate,0.0,7.794826824703627e-06,0.0,0.0
inadequate,0.0,0.0,2.3564273160428954e-06,2.7388380629084794e-06
inappropriately,3.3960822557346093e-06,0.0,0.0,0.0
inarticulate,0.0,0.0,0.0,6.599013505207118e-06
inarticulately,3.3960822557346093e-06,0.0,0.0,0.0
inartistic,3.3960822557346093e-06,0.0,0.0,0.0
inattention,1.409501486765347e-06,0.0,4.712854632085791e-06,0.0
inattentive,2.819002973530694e-06,0.0,4.712854632085791e-06,0.0
inaudibly,3.3960822557346093e-06,0.0,0.0,0.0
incalculable,0.0,0.0,0.0,6.599013505207118e-06
incapable,0.0,0.0,0.0,0.0
incarnate,0.0,0.0,0.0,6.599013505207118e-06
incautious,3.3960822557346093e-06,0.0,0.0,0.0
incautiously,1.409501486765347e-06,0.0,2.3564273160428954e-06,0.0
incense,3.3960822557346093e-06,0.0,0.0,0.0
incensed,1.409501486765347e-06,0.0,4.712854632085791e-06,0.0
inception,0.0,0.0,0.0,6.599013505207118e-06
incessant,1.409501486765347e-06,0.0,2.3564273160428954e-06,0.0
incessantly,2.819002973530694e-06,0.0,4.712854632085791e-06,0.0
inch,6.792164511469219e-06,0.0,0.0,0.0
inches,-3.2798828720082563e-06,-2.509373749653746e-06,-1.8277870262623253e-06,-4.248815691734605e-06
incident,0.0,0.0,0.0,0.0
incidentally,3.3960822557346093e-06,0.0,0.0,0.0
incidents,1.409501486765347e-06,0.0,0.0,1.3694190314542398e-05
incision,0.0,7.794826824703627e-06,0.0,0.0
incisive,0.0,0.0,0.0,1.9797040515621355e-05
incitement,3.3960822557346093e-06,0.0,0.0,0.0
incites,0.0,0.0,0.0,6.599013505207118e-06
incivility,0.0,0.0,1.7032875247205498e-05,0.0
inclination,2.819002973530694e-06,0.0,4.94849736369008e-05,0.0
inclinations,0.0,0.0,1.1355250164803664e-05,0.0
inclined,0.0,0.0,0.0,0.0
include,0.0,0.0,5.677625082401832e-06,0.0
included,0.0,0.0,4.712854632085791e-06,2.7388380629084794e-06
including,4.2285044602960405e-06,0.0,4.712854632085791e-06,0.0
incognito,1.409501486765347e-06,0.0,0.0,2.7388380629084794e-06
incoherence,3.3960822557346093e-06,0.0,0.0,0.0
incoherent,5.638005947061388e-06,0.0,0.0,2.7388380629084794e-06
incoherently,1.3584329022938437e-05,0.0,0.0,0.0
income,0.0,0.0,2.592070047647185e-05,1.6433028377450875e-05
incomparably,6.792164511469219e-06,0.0,0.0,0.0
incompatible,6.792164511469219e-06,0.0,0.0,0.0
incomplete,1.409501486765347e-06,0.0,0.0,2.7388380629084794e-06
incomprehensible,0.0,0.0,1.1355250164803664e-05,0.0
inconceivable,1.409501486765347e-06,0.0,2.3564273160428954e-06,0.0
incongruity,3.3960822557346093e-06,0.0,0.0,0.0
incongruous,1.6980411278673048e-05,0.0,0.0,0.0
inconsequential,0.0,0.0,0.0,6.599013505207118e-06
inconsiderable,0.0,0.0,5.677625082401832e-06,0.0
inconsistencies,0.0,0.0,5.677625082401832e-06,0.0
inconsistency,0.0,0.0,1.1355250164803664e-05,0.0
inconstancies,0.0,0.0,5.677625082401832e-06,0.0
incontestably,3.3960822557346093e-06,0.0,0.0,0.0
inconvenience,0.0,0.0,0.0,0.0
inconveniences,0.0,0.0,1.1355250164803664e-05,0.0
inconvenient,1.409501486765347e-06,0.0,9.425709264171582e-06,0.0
incorrect,3.3960822557346093e-06,0.0,0.0,0.0
incorrigible,0.0,0.0,0.0,6.599013505207118e-06
incorruptible,3.3960822557346093e-06,0.0,0.0,0.0
increase,1.409501486765347e-06,0.0,1.4138563896257373e-05,0.0
increased,0.0,0.0,0.0,0.0
increases,0.0,0.0,5.677625082401832e-06,0.0
increasing,0.0,0.0,0.0,0.0
incredible,0.0,0.0,0.0,0.0
incredibly,1.0188246767203828e-05,0.0,0.0,0.0
incredulity,0.0,0.0,0.0,0.0
incredulous,2.819002973530694e-06,0.0,7.069281948128687e-06,0.0
incriminate,0.0,0.0,0.0,6.599013505207118e-06
incumbent,0.0,0.0,2.271050032960733e-05,0.0
incur,0.0,0.0,5.677625082401832e-06,0.0
incurred,0.0,3.235145432636643e-06,2.3564273160428954e-06,0.0
indebted,0.0,0.0,0.0,0.0
indecision,1.409501486765347e-06,0.0,2.3564273160428954e-06,0.0
indecorous,6.792164511469219e-06,0.0,0.0,0.0
indecorously,3.3960822557346093e-06,0.0,0.0,0.0
indecorum,0.0,0.0,5.677625082401832e-06,0.0
indeed,0.0,0.0,0.0,0.0
indefinite,0.0,0.0,5.677625082401832e-06,0.0
indefinitely,1.409501486765347e-06,3.235145432636643e-06,0.0,0.0
indelible,3.3960822557346093e-06,0.0,0.0,0.0
indelicacy,0.0,0.0,1.1355250164803664e-05,0.0
indelicate,1.409501486765347e-06,0.0,2.3564273160428954e-06,0.0
indentations,0.0,7.794826824703627e-06,0.0,0.0
independence,8.457008920592081e-06,0.0,1.4138563896257373e-05,0.0
independent,0.0,0.0,0.0,0.0
independently,3.3960822557346093e-06,0.0,0.0,0.0
indescribable,2.0376493534407657e-05,0.0,0.0,0.0
index,0.0,0.0,0.0,1.3198027010414236e-05
indexing,0.0,0.0,0.0,6.599013505207118e-06
india,2.819002973530694e-06,0.0,0.0,1.3694190314542398e-05
indian,0.0,0.0,0.0,3.299506752603559e-05
indians,0.0,0.0,0.0,6.599013505207118e-06
indicate,0.0,0.0,0.0,1.3198027010414236e-05
indicated,0.0,0.0,2.3564273160428954e-06,1.6433028377450875e-05
indicating,6.792164511469219e-06,0.0,0.0,0.0
indication,0.0,0.0,0.0,6.599013505207118e-06
indications,1.409501486765347e-06,0.0,0.0,5.477676125816959e-06
indifference,4.2285044602960405e-06,0.0,4.0059264372729224e-05,0.0
indifferent,0.0,0.0,0.0,0.0
indifferently,1.0188246767203828e-05,0.0,0.0,0.0
indignant,5.638005947061388e-06,0.0,4.712854632085791e-06,0.0
indignantly,1.0188246767203828e-05,0.0,0.0,0.0
indignation,0.0,0.0,0.0,0.0
indignity,0.0,0.0,1.1355250164803664e-05,0.0
indirect,0.0,0.0,4.712854632085791e-06,2.7388380629084794e-06
indirectly,1.409501486765347e-06,0.0,0.0,5.477676125816959e-06
indiscreet,0.0,0.0,5.677625082401832e-06,0.0
indiscreetly,0.0,0.0,0.0,6.599013505207118e-06
indiscretion,1.409501486765347e-06,0.0,0.0,2.7388380629084794e-06
indiscriminately,3.3960822557346093e-06,0.0,0.0,0.0
indispensable,1.0188246767203828e-05,0.0,0.0,0.0
indispensably,0.0,0.0,5.677625082401832e-06,0.0
indisposed,0.0,0.0,1.1355250164803664e-05,0.0
indisposition,0.0,0.0,0.0,6.599013505207118e-06
indistinct,3.3960822557346093e-06,0.0,0.0,0.0
indistinctly,2.819002973530694e-06,0.0,2.3564273160428954e-06,0.0
indistinguishable,1.409501486765347e-06,0.0,0.0,2.7388380629084794e-06
individual,0.0,0.0,0.0,0.0
individualism,3.3960822557346093e-06,0.0,0.0,0.0
individuality,0.0,0.0,0.0,1.3198027010414236e-05
individually,0.0,0.0,5.677625082401832e-06,0.0
indolence,0.0,0.0,1.1355250164803664e-05,0.0
indolent,0.0,0.0,5.677625082401832e-06,0.0
indoor,6.792164511469219e-06,0.0,0.0,0.0
indoors,0.0,0.0,0.0,1.9797040515621355e-05
induce,0.0,0.0,0.0,0.0
induced,4.2285044602960405e-06,0.0,4.712854632085791e-06,0.0
inducement,0.0,0.0,2.8388125412009164e-05,0.0
inducements,1.409501486765347e-06,0.0,2.3564273160428954e-06,0.0
indulge,0.0,0.0,1.1782136580214478e-05,5.477676125816959e-06
indulged,0.0,0.0,4.712854632085791e-06,2.7388380629084794e-06
indulgence,1.409501486765347e-06,0.0,1.4138563896257373e-05,0.0
indulgent,0.0,0.0,5.677625082401832e-06,0.0
indulgently,0.0,0.0,0.0,6.599013505207118e-06
indulging,0.0,0.0,5.677625082401832e-06,0.0
industrial,0.0,1.5589653649407254e-05,0.0,0.0
industrious,6.792164511469219e-06,0.0,0.0,0.0
industriously,0.0,0.0,5.677625082401832e-06,0.0
ineffectual,0.0,0.0,5.677625082401832e-06,0.0
ineptitude,3.3960822557346093e-06,0.0,0.0,0.0
inequality,3.3960822557346093e-06,0.0,0.0,0.0
ineradicable,3.3960822557346093e-06,0.0,0.0,0.0
inevitable,1.409501486765347e-05,0.0,7.069281948128687e-06,0.0
inevitably,1.409501486765347e-06,0.0,2.3564273160428954e-06,0.0
inexhaustible,0.0,0.0,5.677625082401832e-06,0.0
inexorable,0.0,0.0,0.0,1.3198027010414236e-05
inexperience,1.409501486765347e-06,3.235145432636643e-06,0.0,0.0
inexperienced,2.819002973530694e-06,3.235145432636643e-06,0.0,0.0
inexplicable,5.638005947061388e-06,0.0,0.0,5.477676125816959e-06
inexpressible,0.0,0.0,5.677625082401832e-06,0.0
inexpressibly,1.409501486765347e-06,0.0,2.3564273160428954e-06,0.0
inextricable,0.0,0.0,0.0,6.599013505207118e-06
infallible,3.3960822557346093e-06,0.0,0.0,0.0
infamies,3.3960822557346093e-06,0.0,0.0,0.0
infamous,4.2285044602960405e-06,0.0,9.425709264171582e-06,0.0
infamy,2.819002973530694e-06,0.0,9.425709264171582e-06,0.0
infancy,0.0,0.0,1.1355250164803664e-05,0.0
infantry,1.409501486765347e-06,1.2940581730546572e-05,0.0,0.0
infatuation,2.819002973530694e-06,0.0,2.3564273160428954e-06,0.0
infect,0.0,7.794826824703627e-06,0.0,0.0
infected,3.3960822557346093e-06,0.0,0.0,0.0
infection,1.409501486765347e-06,3.235145432636643e-06,0.0,0.0
infectious,6.792164511469219e-06,0.0,0.0,0.0
infer,0.0,0.0,0.0,1.3198027010414236e-05
inference,0.0,0.0,0.0,6.599013505207118e-06
inferences,0.0,0.0,2.3564273160428954e-06,1.0955352251633918e-05
inferior,4.2285044602960405e-06,0.0,1.1782136580214478e-05,0.0
inferiority,1.409501486765347e-06,0.0,7.069281948128687e-06,0.0
infernal,0.0,0.0,0.0,6.599013505207118e-06
inferred,0.0,0.0,0.0,6.599013505207118e-06
infidel,6.792164511469219e-06,0.0,0.0,0.0
infidelity,3.3960822557346093e-06,0.0,0.0,0.0
infidels,3.3960822557346093e-06,0.0,0.0,0.0
infield,0.0,1.5589653649407254e-05,0.0,0.0
infinite,0.0,0.0,0.0,0.0
infinitely,0.0,0.0,0.0,0.0
infinitesimal,3.3960822557346093e-06,0.0,0.0,0.0
infirmity,0.0,0.0,0.0,6.599013505207118e-06
inflamed,1.409501486765347e-06,0.0,0.0,2.7388380629084794e-06
inflammation,1.409501486765347e-06,6.470290865273286e-06,0.0,0.0
inflated,3.3960822557346093e-06,0.0,0.0,0.0
inflexibly,0.0,0.0,5.677625082401832e-06,0.0
inflict,0.0,0.0,1.1355250164803664e-05,0.0
inflicted,-1.0932942906694186e-06,-1.5056242497922477e-05,-1.8277870262623253e-06,-4.248815691734605e-06
infliction,0.0,0.0,5.677625082401832e-06,0.0
influence,0.0,0.0,0.0,0.0
influenced,1.409501486765347e-06,0.0,2.3564273160428954e-06,0.0
influences,2.7168658045876875e-05,0.0,0.0,0.0
influencing,1.409501486765347e-06,0.0,2.3564273160428954e-06,0.0
inform,0.0,0.0,0.0,0.0
informality,0.0,0.0,2.3564273160428954e-06,2.7388380629084794e-06
information,-8.746354325355349e-06,-5.018747499307492e-06,-4.9350249709082784e-05,-1.699526276693842e-05
informative,0.0,7.794826824703627e-06,0.0,0.0
informed,0.0,0.0,0.0,0.0
informing,0.0,0.0,4.712854632085791e-06,2.7388380629084794e-06
informs,0.0,0.0,5.677625082401832e-06,0.0
infrequent,3.3960822557346093e-06,0.0,0.0,0.0
infrequently,3.3960822557346093e-06,0.0,0.0,0.0
infuriated,3.3960822557346093e-06,0.0,0.0,0.0
ing,0.0,3.897413412351813e-05,0.0,0.0
ingenious,-1.0932942906694186e-06,-2.509373749653746e-06,-3.6555740525246506e-06,-4.248815691734605e-06
ingenuity,0.0,0.0,4.712854632085791e-06,2.7388380629084794e-06
ingenuously,3.3960822557346093e-06,0.0,0.0,0.0
ingratitude,2.819002973530694e-06,0.0,2.3564273160428954e-06,0.0
inhabitants,0.0,6.470290865273286e-06,7.069281948128687e-06,0.0
inhabited,1.409501486765347e-06,0.0,0.0,8.216514188725437e-06
inhaled,0.0,7.794826824703627e-06,0.0,0.0
inherit,0.0,0.0,2.3564273160428954e-06,2.7388380629084794e-06
inheritance,0.0,0.0,0.0,6.599013505207118e-06
inherited,0.0,0.0,5.677625082401832e-06,0.0
inheriting,1.409501486765347e-06,0.0,4.712854632085791e-06,0.0
inhumanity,0.0,0.0,5.677625082401832e-06,0.0
inhumanly,3.3960822557346093e-06,0.0,0.0,0.0
inimitably,0.0,0.0,0.0,6.599013505207118e-06
iniquitous,0.0,0.0,5.677625082401832e-06,0.0
iniquity,3.3960822557346093e-06,0.0,0.0,0.0
initial,1.409501486765347e-06,3.235145432636643e-06,0.0,0.0
initials,0.0,0.0,0.0,4.6193094536449825e-05
initiation,3.3960822557346093e-06,0.0,0.0,0.0
injections,0.0,0.0,0.0,6.599013505207118e-06
injunction,0.0,0.0,2.3564273160428954e-06,2.7388380629084794e-06
injunctions,0.0,0.0,5.677625082401832e-06,0.0
injure,1.409501486765347e-06,0.0,4.712854632085791e-06,0.0
injured,0.0,0.0,0.0,0.0
injuries,0.0,0.0,2.3564273160428954e-06,1.3694190314542398e-05
injuring,0.0,0.0,2.3564273160428954e-06,5.477676125816959e-06
injurious,1.409501486765347e-06,0.0,4.712854632085791e-06,0.0
injury,0.0,0.0,0.0,0.0
injustice,0.0,0.0,0.0,0.0
injustices,0.0,7.794826824703627e-06,0.0,0.0
ink,0.0,0.0,0.0,5.9391121546864066e-05
inkling,6.792164511469219e-06,0.0,0.0,0.0
inkpot,3.3960822557346093e-06,0.0,0.0,0.0
inmate,0.0,0.0,5.677625082401832e-06,0.0
inmates,3.3960822557346093e-06,0.0,0.0,0.0
inn,0.0,0.0,0.0,0.0
innate,3.3960822557346093e-06,0.0,0.0,0.0
inner,1.409501486765347e-05,0.0,0.0,1.3694190314542398e-05
innkeeper,1.3584329022938437e-05,0.0,0.0,0.0
innocence,5.638005947061388e-06,0.0,0.0,1.3694190314542398e-05
innocent,-1.4212825778702444e-05,-2.509373749653746e-06,-3.6555740525246506e-06,-3.611493337974414e-05
innocently,0.0,0.0,5.677625082401832e-06,0.0
inns,0.0,0.0,5.677625082401832e-06,0.0
innumerable,1.3584329022938437e-05,0.0,0.0,0.0
inoffensive,0.0,0.0,5.677625082401832e-06,0.0
inquest,1.409501486765347e-06,0.0,0.0,1.0955352251633918e-05
inquire,0.0,0.0,0.0,0.0
inquired,0.0,0.0,0.0,0.0
inquirer,0.0,0.0,0.0,6.599013505207118e-06
inquiries,0.0,0.0,0.0,0.0
inquiring,0.0,0.0,0.0,0.0
inquiringly,3.3960822557346096e-05,0.0,0.0,0.0
inquiry,0.0,0.0,0.0,0.0
inquisition,0.0,7.794826824703627e-06,0.0,0.0
inquisitive,6.792164511469219e-06,0.0,0.0,0.0
inquisitively,2.7168658045876875e-05,0.0,0.0,0.0
ins,6.792164511469219e-06,0.0,0.0,0.0
insane,9.86651040735743e-06,0.0,0.0,2.7388380629084794e-06
insanely,0.0,0.0,0.0,6.599013505207118e-06
insanity,1.6980411278673048e-05,0.0,0.0,0.0
insatiable,3.3960822557346093e-06,0.0,0.0,0.0
inscribed,3.3960822557346093e-06,0.0,0.0,0.0
inscrutable,0.0,0.0,0.0,6.599013505207118e-06
insect,3.3960822557346093e-06,0.0,0.0,0.0
insects,0.0,0.0,0.0,6.599013505207118e-06
insensibility,0.0,0.0,0.0,0.0
insensible,0.0,0.0,2.271050032960733e-05,0.0
insensibly,0.0,0.0,0.0,6.599013505207118e-06
inside,0.0,0.0,0.0,0.0
insight,0.0,0.0,0.0,1.9797040515621355e-05
insignificance,1.409501486765347e-06,0.0,7.069281948128687e-06,0.0
insignificant,2.819002973530694e-06,0.0,2.3564273160428954e-06,0.0
insincere,0.0,0.0,1.1355250164803664e-05,0.0
insinuating,0.0,0.0,0.0,0.0
insinuation,6.792164511469219e-06,0.0,0.0,0.0
insinuations,3.3960822557346093e-06,0.0,0.0,0.0
insipid,0.0,0.0,5.677625082401832e-06,0.0
insipidity,0.0,0.0,5.677625082401832e-06,0.0
insist,0.0,0.0,0.0,0.0
insisted,0.0,0.0,0.0,0.0
insistence,1.0188246767203828e-05,0.0,0.0,0.0
insistent,3.3960822557346093e-06,0.0,0.0,0.0
insistently,1.3584329022938437e-05,0.0,0.0,0.0
insists,0.0,0.0,2.3564273160428954e-06,2.7388380629084794e-06
insolence,0.0,0.0,0.0,0.0
insolent,7.047507433826735e-06,0.0,1.1782136580214478e-05,0.0
insolently,3.3960822557346093e-06,0.0,0.0,0.0
inspect,0.0,0.0,0.0,6.599013505207118e-06
inspection,0.0,0.0,4.712854632085791e-06,8.216514188725437e-06
inspector,0.0,0.0,0.0,0.00019137139165100643
inspire,0.0,0.0,5.677625082401832e-06,0.0
inspired,2.819002973530694e-06,0.0,4.712854632085791e-06,0.0
inspires,0.0,0.0,5.677625082401832e-06,0.0
inspiring,0.0,0.0,2.3564273160428954e-06,2.7388380629084794e-06
inst,0.0,0.0,0.0,1.3198027010414236e-05
instability,0.0,0.0,5.677625082401832e-06,0.0
installed,0.0,7.794826824703627e-06,0.0,0.0
instalment,6.792164511469219e-06,0.0,0.0,0.0
instance,0.0,0.0,0.0,0.0
instances,1.409501486765347e-06,0.0,9.425709264171582e-06,0.0
instant,0.0,0.0,0.0,0.0
instantaneous,0.0,0.0,5.677625082401832e-06,0.0
instantaneously,3.3960822557346093e-06,0.0,0.0,0.0
instantly,-1.7492708650710698e-05,-7.528121248961238e-06,-5.6661397814132085e-05,-3.611493337974414e-05
instead,-2.1865885813388374e-05,-2.0074989997229968e-05,-3.838352755150883e-05,-1.699526276693842e-05
instep,0.0,0.0,0.0,6.599013505207118e-06
instigation,6.792164511469219e-06,0.0,0.0,0.0
instigator,3.3960822557346093e-06,0.0,0.0,0.0
instinct,4.2285044602960405e-06,0.0,0.0,8.216514188725437e-06
instinctive,3.3960822557346093e-06,0.0,0.0,0.0
instinctively,2.819002973530694e-06,0.0,4.712854632085791e-06,0.0
instincts,0.0,0.0,0.0,1.9797040515621355e-05
instituted,0.0,0.0,2.3564273160428954e-06,5.477676125816959e-06
institution,1.0188246767203828e-05,0.0,0.0,0.0
institutions,3.3960822557346093e-06,0.0,0.0,0.0
instruct,1.409501486765347e-06,0.0,2.3564273160428954e-06,0.0
instructed,0.0,0.0,5.677625082401832e-06,0.0
instructing,0.0,0.0,5.677625082401832e-06,0.0
instruction,0.0,0.0,0.0,0.0
instructions,-6.559765744016513e-06,-5.018747499307492e-06,-5.483361078786976e-06,-4.248815691734605e-06
instructive,0.0,0.0,0.0,1.9797040515621355e-05
instrument,0.0,0.0,2.592070047647185e-05,5.477676125816959e-06
instruments,0.0,7.794826824703627e-06,0.0,0.0
insufferable,7.047507433826735e-06,0.0,2.3564273160428954e-06,0.0
insufferably,1.409501486765347e-06,0.0,2.3564273160428954e-06,0.0
insufficient,0.0,0.0,2.3564273160428955e-05,5.477676125816959e-06
insult,1.832351932794951e-05,0.0,0.0,5.477676125816959e-06
insulted,0.0,0.0,0.0,0.0
insulting,0.0,0.0,0.0,0.0
insults,6.792164511469219e-06,0.0,0.0,0.0
insupportable,0.0,0.0,1.7032875247205498e-05,0.0
insurance,0.0,7.794826824703627e-06,0.0,0.0
insure,0.0,0.0,1.1355250164803664e-05,0.0
insured,3.3960822557346093e-06,0.0,0.0,0.0
insurmountable,3.3960822557346093e-06,0.0,0.0,0.0
integral,3.3960822557346093e-06,0.0,0.0,0.0
integrity,0.0,0.0,1.7032875247205498e-05,0.0
intellect,1.3584329022938437e-05,0.0,0.0,0.0
intellectual,4.2285044602960405e-06,0.0,0.0,8.216514188725437e-06
intellectually,3.3960822557346093e-06,0.0,0.0,0.0
intelligence,0.0,0.0,0.0,0.0
intelligent,-1.2026237197363608e-05,-5.018747499307492e-06,-7.311148105049301e-06,-2.1244078458673024e-06
intelligible,2.819002973530694e-06,0.0,9.425709264171582e-06,0.0
intend,0.0,0.0,0.0,0.0
intended,0.0,0.0,0.0,0.0
intending,7.047507433826735e-06,0.0,1.649499121230027e-05,0.0
intense,2.6780528248541593e-05,0.0,0.0,5.477676125816959e-06
intensely,6.792164511469219e-06,0.0,0.0,0.0
intensified,0.0,0.0,0.0,6.599013505207118e-06
intensity,4.2285044602960405e-06,0.0,0.0,2.7388380629084794e-06
intent,5.638005947061388e-06,3.235145432636643e-06,0.0,0.0
intention,0.0,0.0,0.0,0.0
intentional,3.3960822557346093e-06,0.0,0.0,0.0
intentionally,5.638005947061388e-06,0.0,4.712854632085791e-06,0.0
intentioned,3.3960822557346093e-06,0.0,0.0,0.0
intentions,0.0,0.0,0.0,0.0
intently,0.0,0.0,0.0,0.0
inter,0.0,0.0,5.677625082401832e-06,0.0
intercourse,0.0,0.0,3.4065750494410995e-05,0.0
interest,-4.2638477336107334e-05,-1.0037494998614984e-05,-4.752246268282045e-05,-8.07274981429575e-05
interested,-2.1865885813388374e-05,-5.018747499307492e-06,-1.4622296210098602e-05,-2.549289415040763e-05
interestedly,0.0,7.794826824703627e-06,0.0,0.0
interesting,-2.733235726673547e-05,-2.509373749653746e-06,-2.5589018367672555e-05,-4.4612564763213354e-05
interests,1.1276011894122775e-05,0.0,0.0,1.0955352251633918e-05
interfere,0.0,0.0,0.0,0.0
interfered,6.792164511469219e-06,0.0,0.0,0.0
interference,0.0,0.0,7.380912607122381e-05,0.0
interfering,0.0,0.0,5.677625082401832e-06,0.0
interim,0.0,0.0,0.0,6.599013505207118e-06
interiors,0.0,7.794826824703627e-06,0.0,0.0
interjected,0.0,0.0,0.0,6.599013505207118e-06
intermediate,0.0,0.0,5.677625082401832e-06,0.0
intermission,0.0,0.0,1.7032875247205498e-05,0.0
intern,0.0,7.794826824703627e-06,0.0,0.0
interpose,1.409501486765347e-06,0.0,2.3564273160428954e-06,0.0
interposed,1.1276011894122775e-05,0.0,0.0,2.7388380629084794e-06
interpret,1.0188246767203828e-05,0.0,0.0,0.0
interpretation,2.819002973530694e-06,0.0,2.3564273160428954e-06,0.0
interpreted,3.3960822557346093e-06,0.0,0.0,0.0
interrogated,3.3960822557346093e-06,0.0,0.0,0.0
interrogations,3.3960822557346093e-06,0.0,0.0,0.0
interrogator,3.3960822557346093e-06,0.0,0.0,0.0
interrupt,0.0,0.0,0.0,0.0
interrupted,-3.607871159209082e-05,-2.509373749653746e-06,-1.6450083236360926e-05,-2.1244078458673024e-06
interrupting,5.638005947061388e-06,0.0,4.712854632085791e-06,0.0
interruption,0.0,0.0,2.3564273160428955e-05,2.7388380629084794e-06
interruptions,1.409501486765347e-06,0.0,2.3564273160428954e-06,0.0
interspersing,3.3960822557346093e-06,0.0,0.0,0.0
interval,0.0,0.0,0.0,0.0
intervals,0.0,0.0,0.0,0.0
intervene,0.0,0.0,5.677625082401832e-06,0.0
intervened,3.3960822557346093e-06,0.0,0.0,0.0
intervening,3.3960822557346093e-06,0.0,0.0,0.0
interview,0.0,0.0,0.0,0.0
interviews,1.3584329022938437e-05,0.0,0.0,0.0
intestine,0.0,7.794826824703627e-06,0.0,0.0
intimacy,0.0,0.0,0.0,0.0
intimate,0.0,0.0,0.0,0.0
intimately,0.0,0.0,1.1355250164803664e-05,0.0
intimates,0.0,0.0,5.677625082401832e-06,0.0
intimation,0.0,0.0,5.677625082401832e-06,0.0
intimidate,0.0,0.0,5.677625082401832e-06,0.0
intimidated,2.819002973530694e-06,0.0,2.3564273160428954e-06,0.0
into,-0.0004405975991397758,-0.0003488029512018707,-0.00025771797070298785,-0.0005842121576135082
intolerable,5.638005947061388e-06,0.0,7.069281948128687e-06,0.0
intonation,6.792164511469219e-06,0.0,0.0,0.0
intra,0.0,7.794826824703627e-06,0.0,0.0
intrepidity,0.0,0.0,5.677625082401832e-06,0.0
intricate,0.0,0.0,4.712854632085791e-06,2.7388380629084794e-06
intrigue,1.409501486765347e-06,0.0,0.0,2.7388380629084794e-06
intrigues,0.0,0.0,5.677625082401832e-06,0.0
intriguing,3.3960822557346093e-06,0.0,0.0,0.0
introduce,0.0,0.0,0.0,0.0
introduced,0.0,0.0,0.0,0.0
introduces,3.3960822557346093e-06,0.0,0.0,0.0
introducing,0.0,0.0,0.0,0.0
introduction,0.0,0.0,0.0,0.0
introspect,0.0,0.0,0.0,6.599013505207118e-06
introspective,0.0,0.0,0.0,1.9797040515621355e-05
intrude,1.409501486765347e-06,0.0,4.712854632085791e-06,0.0
intruder,0.0,0.0,2.3564273160428954e-06,2.7388380629084794e-06
intruding,0.0,0.0,4.712854632085791e-06,2.7388380629084794e-06
intrusion,0.0,0.0,7.069281948128687e-06,5.477676125816959e-06
intrusions,0.0,0.0,0.0,6.599013505207118e-06
intrusive,3.3960822557346093e-06,0.0,0.0,0.0
intrusted,0.0,0.0,0.0,1.3198027010414236e-05
intuition,0.0,0.0,0.0,1.3198027010414236e-05
intuitions,0.0,0.0,0.0,6.599013505207118e-06
inured,0.0,0.0,5.677625082401832e-06,0.0
invaders,0.0,0.0,0.0,6.599013505207118e-06
invalid,9.86651040735743e-06,0.0,2.3564273160428954e-06,0.0
invaluable,0.0,0.0,0.0,0.0
invariable,0.0,0.0,2.3564273160428954e-06,2.7388380629084794e-06
invariably,0.0,0.0,0.0,0.0
invectives,0.0,0.0,5.677625082401832e-06,0.0
invent,0.0,0.0,0.0,0.0
invented,1.6980411278673048e-05,0.0,0.0,0.0
inventing,0.0,0.0,5.677625082401832e-06,0.0
invention,0.0,0.0,0.0,0.0
invents,3.3960822557346093e-06,0.0,0.0,0.0
invested,0.0,0.0,0.0,6.599013505207118e-06
investigate,1.409501486765347e-06,0.0,0.0,2.7388380629084794e-06
investigated,1.409501486765347e-06,0.0,0.0,2.7388380629084794e-06
investigating,3.3960822557346093e-06,0.0,0.0,0.0
investigation,4.2285044602960405e-06,0.0,0.0,3.286605675490175e-05
investigations,0.0,0.0,0.0,0.0
investigators,3.3960822557346093e-06,0.0,0.0,0.0
investment,0.0,0.0,0.0,6.599013505207118e-06
investments,0.0,0.0,0.0,1.3198027010414236e-05
inveterate,6.792164511469219e-06,0.0,0.0,0.0
invigorating,0.0,7.794826824703627e-06,0.0,0.0
inviolate,0.0,0.0,0.0,6.599013505207118e-06
invisible,0.0,0.0,0.0,1.3198027010414236e-05
invitation,8.457008920592081e-06,0.0,8.011852874545845e-05,0.0
invitations,0.0,0.0,5.677625082401832e-06,0.0
invite,8.457008920592081e-06,0.0,1.4138563896257373e-05,0.0
invited,0.0,0.0,0.0,0.0
inviting,2.819002973530694e-06,0.0,7.069281948128687e-06,0.0
involuntarily,7.047507433826735e-06,0.0,4.712854632085791e-06,0.0
involuntary,1.409501486765347e-06,0.0,2.3564273160428954e-06,0.0
involve,0.0,0.0,1.1355250164803664e-05,0.0
involved,-1.0932942906694186e-06,-2.509373749653746e-06,-5.483361078786976e-06,-2.1244078458673024e-06
involves,0.0,0.0,5.677625082401832e-06,0.0
involving,1.409501486765347e-06,0.0,4.712854632085791e-06,0.0
inward,5.638005947061388e-06,0.0,0.0,5.477676125816959e-06
inwardly,1.3584329022938437e-05,0.0,0.0,0.0
iodoform,0.0,0.0,0.0,6.599013505207118e-06
iota,0.0,0.0,0.0,6.599013505207118e-06
iou,3.3960822557346093e-06,0.0,0.0,0.0
ireland,0.0,3.117930729881451e-05,0.0,0.0
irene,0.0,0.0,0.0,0.00010558421608331389
irenes,0.0,0.0,0.0,6.599013505207118e-06
irish,0.0,0.0,2.3564273160428954e-06,2.7388380629084794e-06
irksome,1.409501486765347e-06,0.0,4.712854632085791e-06,0.0
iron,0.0,0.0,0.0,0.0
ironical,2.7168658045876875e-05,0.0,0.0,0.0
ironically,6.792164511469219e-06,0.0,0.0,0.0
ironwork,0.0,7.794826824703627e-06,0.0,0.0
irony,1.0188246767203828e-05,0.0,0.0,0.0
irrational,3.3960822557346093e-06,0.0,0.0,0.0
irrefutable,6.792164511469219e-06,0.0,0.0,0.0
irregular,1.6980411278673048e-05,0.0,0.0,0.0
irregularity,1.409501486765347e-06,0.0,2.3564273160428954e-06,0.0
irregularly,0.0,7.794826824703627e-06,0.0,0.0
irrelevant,2.7168658045876875e-05,0.0,0.0,0.0
irreligious,0.0,0.0,5.677625082401832e-06,0.0
irremediable,0.0,0.0,5.677625082401832e-06,0.0
irreproachable,1.409501486765347e-06,0.0,2.3564273160428954e-06,0.0
irresistible,2.819002973530694e-06,0.0,0.0,2.7388380629084794e-06
irresistibly,6.792164511469219e-06,0.0,0.0,0.0
irresponsible,6.792164511469219e-06,0.0,0.0,0.0
irretrievable,0.0,0.0,5.677625082401832e-06,0.0
irrevocable,3.3960822557346093e-06,0.0,0.0,0.0
irrevocably,5.638005947061388e-06,0.0,2.3564273160428954e-06,0.0
irrigation,0.0,7.794826824703627e-06,0.0,0.0
irritability,2.0376493534407657e-05,0.0,0.0,0.0
irritable,2.1142522301480205e-05,0.0,4.712854632085791e-06,0.0
irritably,5.0941233836019144e-05,0.0,0.0,0.0
irritate,1.6980411278673048e-05,0.0,0.0,0.0
irritated,2.1142522301480205e-05,0.0,2.3564273160428954e-06,0.0
irritating,1.6980411278673048e-05,0.0,0.0,0.0
irritation,1.1276011894122775e-05,0.0,7.069281948128687e-06,0.0
irtish,3.3960822557346093e-06,0.0,0.0,0.0
is,-0.0015634108356572687,-0.001086558833600072,-0.0015664134815068127,-0.0023878344187548478
isa,0.0,0.0,0.0,2.6396054020828473e-05
island,0.0,0.0,0.0,0.0
islands,5.638005947061388e-06,3.235145432636643e-06,0.0,0.0
isle,0.0,0.0,0.0,6.599013505207118e-06
isles,0.0,1.5589653649407254e-05,0.0,0.0
isnt,0.0,0.0,0.0,0.0
isola,0.0,2.338448047411088e-05,0.0,0.0
isolated,1.409501486765347e-06,0.0,0.0,2.7388380629084794e-06
isolation,1.409501486765347e-06,0.0,0.0,2.7388380629084794e-06
isonzo,0.0,1.5589653649407254e-05,0.0,0.0
issue,0.0,0.0,0.0,1.3198027010414236e-05
issued,3.3960822557346093e-06,0.0,0.0,0.0
issues,0.0,0.0,0.0,1.3198027010414236e-05
issuing,3.3960822557346093e-06,0.0,0.0,0.0
it,-0.00327222981197357,-0.003641101310747585,-0.0028019975112601445,-0.0036136177458202814
italia,0.0,2.338448047411088e-05,0.0,0.0
italian,0.0,0.0,0.0,0.0
italiani,0.0,7.794826824703627e-06,0.0,0.0
italians,0.0,0.0002338448047411088,0.0,0.0
italy,0.0,0.0001169224023705544,0.0,0.0
itch,0.0,1.5589653649407254e-05,0.0,0.0
itched,0.0,7.794826824703627e-06,0.0,0.0
itching,0.0,7.794826824703627e-06,0.0,0.0
item,1.409501486765347e-06,0.0,0.0,5.477676125816959e-06
items,1.409501486765347e-06,0.0,0.0,2.7388380629084794e-06
itll,1.409501486765347e-06,0.0,0.0,2.7388380629084794e-06
its,-0.0005488337339160483,-0.0004893278811824804,-0.0001900898507312818,-0.0002506801258123417
itself,-1.639941436004128e-05,-1.0037494998614984e-05,-1.6450083236360926e-05,-3.8239341225611444e-05
ivan,1.6980411278673048e-05,0.0,0.0,0.0
ivanitch,3.3960822557346093e-06,0.0,0.0,0.0
ivanitchs,3.3960822557346093e-06,0.0,0.0,0.0
ivanovitch,5.773339834748837e-05,0.0,0.0,0.0
ivanovitchs,3.3960822557346093e-06,0.0,0.0,0.0
ivanovna,0.00091354612679261,0.0,0.0,0.0
ivanovnas,0.00011886287895071134,0.0,0.0,0.0
ive,0.0,0.0,0.0,0.0
ivory,1.409501486765347e-06,0.0,0.0,2.7388380629084794e-06
j,0.0,0.0,0.0,6.599013505207118e-06
jabez,0.0,0.0,0.0,5.9391121546864066e-05
jack,1.409501486765347e-06,0.0,0.0,1.0955352251633918e-05
jacket,0.0,0.0,0.0,0.0
jackets,0.0,1.5589653649407254e-05,0.0,0.0
jacksons,0.0,0.0,0.0,6.599013505207118e-06
jagged,0.0,3.235145432636643e-06,0.0,2.7388380629084794e-06
jai,3.3960822557346093e-06,0.0,0.0,0.0
jail,0.0,3.897413412351813e-05,0.0,0.0
jam,1.409501486765347e-06,1.941087259581986e-05,0.0,0.0
jamaica,3.3960822557346093e-06,0.0,0.0,0.0
jaman,0.0,7.794826824703627e-06,0.0,0.0
james,0.0,0.0,0.0,0.00011878224309372813
jamess,0.0,0.0,1.4138563896257373e-05,8.216514188725437e-06
jane,0.0,0.0,0.0006220968114353245,2.7388380629084794e-06
janes,0.0,0.0,0.00015897350230725132,0.0
january,-1.0932942906694186e-06,-5.018747499307492e-06,-3.6555740525246506e-06,-8.49763138346921e-06
japalac,0.0,3.117930729881451e-05,0.0,0.0
japan,0.0,1.5589653649407254e-05,0.0,0.0
japanese,0.0,2.338448047411088e-05,0.0,0.0
jar,1.409501486765347e-06,3.235145432636643e-06,0.0,0.0
jargon,6.792164511469219e-06,0.0,0.0,0.0
jaundice,1.409501486765347e-06,4.205689062427636e-05,0.0,0.0
jauntily,3.3960822557346093e-06,0.0,0.0,0.0
jaunty,1.3584329022938437e-05,0.0,0.0,0.0
jaw,0.0,3.235145432636643e-06,0.0,5.477676125816959e-06
jawed,0.0,7.794826824703627e-06,0.0,0.0
jealous,0.0,0.0,0.0,0.0
jealously,1.409501486765347e-06,0.0,0.0,2.7388380629084794e-06
jealousy,0.0,0.0,0.0,0.0
jeer,1.6980411278673048e-05,0.0,0.0,0.0
jeered,1.3584329022938437e-05,0.0,0.0,0.0
jeering,1.6980411278673048e-05,0.0,0.0,0.0
jeeringly,3.3960822557346093e-06,0.0,0.0,0.0
jelly,3.3960822557346093e-06,0.0,0.0,0.0
jem,0.0,0.0,0.0,1.9797040515621355e-05
jems,0.0,0.0,0.0,6.599013505207118e-06
jenkinson,0.0,0.0,4.542100065921466e-05,0.0
jenkinsons,0.0,0.0,5.677625082401832e-06,0.0
jephro,0.0,0.0,0.0,1.3198027010414236e-05
jeremiah,0.0,0.0,0.0,6.599013505207118e-06
jerk,0.0,1.5589653649407254e-05,0.0,0.0
jerked,0.0,0.0,0.0,0.0
jerkily,1.409501486765347e-06,0.0,0.0,2.7388380629084794e-06
jerking,0.0,3.235145432636643e-06,0.0,2.7388380629084794e-06
jerks,0.0,7.794826824703627e-06,0.0,0.0
jerky,1.409501486765347e-06,3.235145432636643e-06,0.0,0.0
jersey,0.0,0.0,0.0,6.599013505207118e-06
jerusalem,1.0188246767203828e-05,0.0,0.0,0.0
jest,1.409501486765347e-06,0.0,0.0,5.477676125816959e-06
jesting,0.0,0.0,0.0,6.599013505207118e-06
jestingly,0.0,0.0,5.677625082401832e-06,0.0
jesuitical,3.3960822557346093e-06,0.0,0.0,0.0
jesus,1.832351932794951e-05,1.6175727163183214e-05,0.0,0.0
jet,0.0,0.0,0.0,1.9797040515621355e-05
jew,1.0188246767203828e-05,0.0,0.0,0.0
jewel,0.0,0.0,0.0,0.0
jewelers,3.3960822557346093e-06,0.0,0.0,0.0
jewellers,1.409501486765347e-06,0.0,0.0,2.7388380629084794e-06
jewellery,1.409501486765347e-06,0.0,0.0,2.7388380629084794e-06
jewels,0.0,0.0,0.0,0.0
jewish,3.3960822557346093e-06,0.0,0.0,0.0
jews,2.0376493534407657e-05,0.0,0.0,0.0
jezail,0.0,0.0,0.0,6.599013505207118e-06
jilt,0.0,0.0,5.677625082401832e-06,0.0
jingling,6.792164511469219e-06,0.0,0.0,0.0
job,0.0,0.0,0.0,0.0
jobs,3.3960822557346093e-06,0.0,0.0,0.0
jockey,0.0,2.338448047411088e-05,0.0,0.0
jockeys,0.0,1.5589653649407254e-05,0.0,0.0
jog,3.3960822557346093e-06,0.0,0.0,0.0
johann,3.3960822557346093e-06,0.0,0.0,0.0
john,0.0,0.0,0.0,0.0
johns,0.0,0.0,0.0,6.599013505207118e-06
join,-2.1865885813388372e-06,-1.0037494998614984e-05,-3.472795349898418e-05,-6.373223537601907e-06
joined,-5.4664714533470935e-06,-5.018747499307492e-06,-5.117803673534511e-05,-6.373223537601907e-06
joining,0.0,0.0,2.8388125412009164e-05,0.0
joint,0.0,0.0,0.0,6.599013505207118e-06
joints,0.0,3.235145432636643e-06,2.3564273160428954e-06,0.0
joke,-5.4664714533470935e-06,-3.26218587454987e-05,-5.483361078786976e-06,-6.373223537601907e-06
joker,0.0,7.794826824703627e-06,0.0,0.0
jokes,0.0,0.0,0.0,0.0
joking,-4.3731771626776745e-06,-5.018747499307492e-06,-1.8277870262623253e-06,-8.49763138346921e-06
jollification,0.0,0.0,0.0,6.599013505207118e-06
jolly,6.792164511469219e-06,0.0,0.0,0.0
jolt,0.0,7.794826824703627e-06,0.0,0.0
jolted,0.0,0.0,0.0,6.599013505207118e-06
jones,0.0,0.0,7.069281948128687e-06,3.012721869199327e-05
joness,0.0,0.0,1.1355250164803664e-05,0.0
joseph,0.0,3.235145432636643e-06,0.0,2.7388380629084794e-06
jostled,3.3960822557346093e-06,0.0,0.0,0.0
jostling,1.409501486765347e-06,0.0,0.0,2.7388380629084794e-06
jot,0.0,0.0,2.3564273160428954e-06,2.7388380629084794e-06
jour,0.0,7.794826824703627e-06,0.0,0.0
journal,3.3960822557346093e-06,0.0,0.0,0.0
journalist,3.3960822557346093e-06,0.0,0.0,0.0
journey,-1.639941436004128e-05,-5.018747499307492e-06,-3.838352755150883e-05,-1.9119670612805722e-05
journeyed,0.0,0.0,0.0,6.599013505207118e-06
journeyman,3.3960822557346093e-06,0.0,0.0,0.0
journeys,0.0,0.0,2.3564273160428954e-06,2.7388380629084794e-06
jove,8.457008920592081e-06,0.0,0.0,5.477676125816959e-06
jovial,1.409501486765347e-06,0.0,0.0,5.477676125816959e-06
jowl,0.0,0.0,0.0,6.599013505207118e-06
joy,0.0,0.0,0.0,0.0
joyful,5.638005947061388e-06,0.0,4.712854632085791e-06,0.0
joyfully,0.0,0.0,5.677625082401832e-06,0.0
judge,0.0,0.0,0.0,0.0
judged,0.0,0.0,0.0,0.0
judges,6.792164511469219e-06,0.0,0.0,0.0
judging,9.86651040735743e-06,0.0,7.069281948128687e-06,0.0
judgment,-7.653060034685932e-06,-2.509373749653746e-06,-2.5589018367672555e-05,-6.373223537601907e-06
judicial,0.0,0.0,0.0,6.599013505207118e-06
judy,3.3960822557346093e-06,0.0,0.0,0.0
jug,0.0,0.0,0.0,0.0
julia,0.0,0.0,0.0,1.9797040515621355e-05
july,1.409501486765347e-06,0.0,2.3564273160428954e-06,0.0
jumbled,0.0,0.0,5.677625082401832e-06,0.0
jump,0.0,0.0,0.0,0.0
jumped,-2.4052474394727216e-05,-7.528121248961238e-06,-1.8277870262623253e-06,-6.373223537601907e-06
jumper,0.0,7.794826824703627e-06,0.0,0.0
jumping,0.0,0.0,0.0,0.0
jumps,0.0,0.0,5.677625082401832e-06,0.0
junction,0.0,7.794826824703627e-06,0.0,0.0
june,0.0,0.0,7.069281948128687e-06,8.216514188725437e-06
junior,0.0,0.0,2.3564273160428954e-06,2.7388380629084794e-06
junk,0.0,7.794826824703627e-06,0.0,0.0
juries,3.3960822557346093e-06,0.0,0.0,0.0
jury,0.0,0.0,0.0,4.6193094536449825e-05
juryman,0.0,0.0,0.0,6.599013505207118e-06
just,-0.0003083089899687761,-0.0002835592337108733,-0.0001316006658908874,-0.0002676753885792801
juster,6.792164511469219e-06,0.0,0.0,0.0
justice,-1.0932942906694187e-05,-2.509373749653746e-06,-2.7416805393934876e-05,-1.2746447075203814e-05
justifiable,6.792164511469219e-06,0.0,0.0,0.0
justification,2.819002973530694e-06,0.0,2.3564273160428954e-06,0.0
justified,0.0,0.0,0.0,0.0
justify,7.047507433826735e-06,0.0,1.4138563896257373e-05,0.0
justifying,0.0,0.0,5.677625082401832e-06,0.0
justly,2.819002973530694e-06,0.0,7.069281948128687e-06,0.0
jutted,0.0,0.0,0.0,6.599013505207118e-06
jutting,0.0,0.0,0.0,6.599013505207118e-06
juxtaposition,3.3960822557346093e-06,0.0,0.0,0.0
k,4.2285044602960405e-06,0.0,0.0,5.751559932107806e-05
kammerjunker,3.3960822557346093e-06,0.0,0.0,0.0
kapernaumov,2.7168658045876875e-05,0.0,0.0,0.0
kapernaumovs,2.377257579014227e-05,0.0,0.0,0.0
karl,2.0376493534407657e-05,0.0,0.0,0.0
kate,0.0,0.0,0.0,2.6396054020828473e-05
katerina,0.0007335537672386757,0.0,0.0,0.0
katia,2.0376493534407657e-05,0.0,0.0,0.0
kazan,3.3960822557346093e-06,0.0,0.0,0.0
keen,8.457008920592081e-06,0.0,0.0,3.286605675490175e-05
keener,0.0,0.0,2.3564273160428954e-06,2.7388380629084794e-06
keenest,0.0,0.0,7.069281948128687e-06,8.216514188725437e-06
keenly,1.409501486765347e-06,0.0,0.0,2.4649542566176314e-05
keep,-8.418366038154525e-05,-8.029995998891987e-05,-4.752246268282045e-05,-5.7359011838417166e-05
keeper,4.2285044602960405e-06,0.0,0.0,3.012721869199327e-05
keepers,3.3960822557346093e-06,0.0,0.0,0.0
keeping,-3.0612240138743727e-05,-1.7565616247576225e-05,-7.311148105049301e-06,-8.49763138346921e-06
keeps,-1.0932942906694187e-05,-7.528121248961238e-06,-5.483361078786976e-06,-6.373223537601907e-06
keepsake,3.3960822557346093e-06,0.0,0.0,0.0
kempt,0.0,0.0,0.0,6.599013505207118e-06
kempton,0.0,7.794826824703627e-06,0.0,0.0
kenilworth,0.0,0.0,5.677625082401832e-06,0.0
kensington,0.0,0.0,0.0,6.599013505207118e-06
kent,0.0,0.0,3.298998242460054e-05,8.216514188725437e-06
kepler,3.3960822557346093e-06,0.0,0.0,0.0
kept,-7.325071747485106e-05,-7.779058623926613e-05,-3.107237944645953e-05,-2.549289415040763e-05
kerchief,2.377257579014227e-05,0.0,0.0,0.0
kettle,0.0,3.235145432636643e-06,0.0,2.7388380629084794e-06
key,0.0,0.0,0.0,0.0
keyhole,1.409501486765347e-06,0.0,0.0,2.7388380629084794e-06
keys,0.0,0.0,0.0,0.0
kick,4.2285044602960405e-06,3.235145432636643e-06,0.0,0.0
kicked,0.0,3.235145432636643e-06,0.0,2.7388380629084794e-06
kicking,5.638005947061388e-06,9.70543629790993e-06,0.0,0.0
kicks,0.0,0.0,0.0,6.599013505207118e-06
kid,0.0,7.794826824703627e-06,0.0,0.0
kilburn,0.0,0.0,0.0,1.9797040515621355e-05
kill,-2.951894584807431e-05,-2.2584363746883714e-05,-1.8277870262623253e-06,-2.1244078458673024e-06
killed,-4.591836020811558e-05,-7.528121248961239e-05,-7.311148105049301e-06,-6.373223537601907e-06
killer,3.3960822557346093e-06,0.0,0.0,0.0
killing,0.0,0.0,0.0,0.0
kills,0.0,2.338448047411088e-05,0.0,0.0
kiln,6.792164511469219e-06,0.0,0.0,0.0
kilns,3.3960822557346093e-06,0.0,0.0,0.0
kilometres,0.0,2.338448047411088e-05,0.0,0.0
kilos,0.0,7.794826824703627e-06,0.0,0.0
kind,-4.373177162677675e-05,-2.5093737496537457e-05,-0.00011515058265452648,-4.4612564763213354e-05
kinder,1.409501486765347e-06,0.0,4.712854632085791e-06,0.0
kindest,0.0,0.0,5.677625082401832e-06,0.0
kindle,3.3960822557346093e-06,0.0,0.0,0.0
kindled,1.409501486765347e-06,0.0,0.0,2.7388380629084794e-06
kindliness,1.409501486765347e-06,0.0,0.0,2.7388380629084794e-06
kindly,0.0,0.0,0.0,0.0
kindness,0.0,0.0,0.0,0.0
kindred,0.0,0.0,5.677625082401832e-06,0.0
kinds,2.819002973530694e-06,3.235145432636643e-06,0.0,0.0
king,0.0,0.0,0.0,0.0
kingdom,0.0,0.0,0.0,0.0
kings,0.0,6.470290865273286e-06,0.0,5.477676125816959e-06
kirsch,0.0,7.794826824703627e-06,0.0,0.0
kiss,0.0,0.0,0.0,0.0
kissed,-2.0772591522718957e-05,-5.7715596242036164e-05,-3.6555740525246506e-06,-2.1244078458673024e-06
kisses,1.0188246767203828e-05,0.0,0.0,0.0
kissing,4.754515158028454e-05,0.0,0.0,0.0
kit,0.0,7.794826824703627e-06,0.0,0.0
kitchen,-2.5145768685396633e-05,-2.2584363746883714e-05,-1.8277870262623253e-06,-1.2746447075203814e-05
kitchens,6.792164511469219e-06,0.0,0.0,0.0
kitty,0.0,0.0,0.00039175613068572645,0.0
kittys,0.0,0.0,1.1355250164803664e-05,0.0
klan,0.0,0.0,0.0,1.3198027010414236e-05
klopstock,3.3960822557346093e-06,0.0,0.0,0.0
klux,0.0,0.0,0.0,1.3198027010414236e-05
knacks,3.3960822557346093e-06,0.0,0.0,0.0
knapsack,0.0,7.794826824703627e-06,0.0,0.0
knave,3.3960822557346093e-06,0.0,0.0,0.0
knaves,3.3960822557346093e-06,0.0,0.0,0.0
knee,0.0,0.0,0.0,0.0
kneecap,0.0,7.794826824703627e-06,0.0,0.0
kneel,1.0188246767203828e-05,0.0,0.0,0.0
kneeling,2.819002973530694e-06,0.0,0.0,2.7388380629084794e-06
knees,-2.4052474394727216e-05,-2.509373749653746e-06,-1.8277870262623253e-06,-2.1244078458673025e-05
knelt,0.0,0.0,0.0,0.0
knew,-0.00014212825778702444,-0.00017565616247576223,-0.00010418386049695253,-0.00012109124721443623
knick,3.3960822557346093e-06,0.0,0.0,0.0
knife,0.0,0.0,0.0,0.0
knighthood,0.0,0.0,1.1355250164803664e-05,0.0
knits,3.3960822557346093e-06,0.0,0.0,0.0
knitted,4.2285044602960405e-06,0.0,0.0,5.477676125816959e-06
knitting,6.792164511469219e-06,0.0,0.0,0.0
knives,3.3960822557346093e-06,0.0,0.0,0.0
knobs,0.0,7.794826824703627e-06,0.0,0.0
knock,0.0,0.0,0.0,0.0
knocked,0.0,0.0,0.0,0.0
knocking,3.056474030161149e-05,0.0,0.0,0.0
knocks,3.3960822557346093e-06,0.0,0.0,0.0
knopps,3.3960822557346093e-06,0.0,0.0,0.0
knot,1.409501486765347e-06,0.0,0.0,8.216514188725437e-06
knots,0.0,0.0,0.0,1.3198027010414236e-05
knotted,3.3960822557346093e-06,0.0,0.0,0.0
knotting,0.0,7.794826824703627e-06,0.0,0.0
know,-0.0005783526797641226,-0.0005570809724231317,-0.00043684109927669574,-0.0003611493337974414
knowing,-2.623906297606605e-05,-5.018747499307492e-06,-4.9350249709082784e-05,-1.4870854921071116e-05
knowledge,-4.3731771626776745e-06,-5.018747499307492e-06,-3.655574052524651e-05,-2.761730199627493e-05
known,-3.7172005882760244e-05,-1.5056242497922477e-05,-0.00010418386049695253,-6.160782753015178e-05
knows,-5.466471453347094e-05,-2.2584363746883714e-05,-1.6450083236360926e-05,-2.549289415040763e-05
kobelev,3.3960822557346093e-06,0.0,0.0,0.0
kobilatnikovs,3.3960822557346093e-06,0.0,0.0,0.0
koch,7.13177273704268e-05,0.0,0.0,0.0
kolomensky,6.792164511469219e-06,0.0,0.0,0.0
kolya,5.433731609175375e-05,0.0,0.0,0.0
kozel,6.792164511469219e-06,0.0,0.0,0.0
kozels,1.0188246767203828e-05,0.0,0.0,0.0
kramm,0.0,0.0,0.0,1.3198027010414236e-05
krestovsky,6.792164511469219e-06,0.0,0.0,0.0
kriegsrath,3.3960822557346093e-06,0.0,0.0,0.0
kryukov,3.3960822557346093e-06,0.0,0.0,0.0
ku,0.0,0.0,0.0,1.3198027010414236e-05
kuk,0.0,7.794826824703627e-06,0.0,0.0
kympton,0.0,0.0,5.677625082401832e-06,0.0
kümmel,0.0,3.117930729881451e-05,0.0,0.0
l,0.0,0.0,0.0,6.599013505207118e-06
la,-7.653060034685932e-06,-7.528121248961238e-06,-5.483361078786976e-06,-2.1244078458673024e-06
label,0.0,0.0,0.0,6.599013505207118e-06
labels,0.0,7.794826824703627e-06,0.0,0.0
labor,0.0,3.117930729881451e-05,0.0,0.0
labour,0.0,0.0,0.0,0.0
labyrinth,0.0,0.0,0.0,1.9797040515621355e-05
lace,0.0,0.0,0.0,0.0
laced,0.0,7.794826824703627e-06,0.0,0.0
lacerations,0.0,7.794826824703627e-06,0.0,0.0
lachrymose,3.3960822557346093e-06,0.0,0.0,0.0
lack,5.638005947061388e-06,0.0,0.0,2.7388380629084794e-06
laconic,0.0,0.0,5.677625082401832e-06,0.0
lad,0.0,0.0,2.3564273160428954e-06,3.012721869199327e-05
ladder,0.0,6.470290865273286e-06,0.0,8.216514188725437e-06
laden,1.409501486765347e-06,0.0,0.0,2.7388380629084794e-06
ladies,0.0,0.0,0.0,0.0
ladled,0.0,7.794826824703627e-06,0.0,0.0
lads,3.3960822557346093e-06,0.0,0.0,0.0
lady,-4.045188875476849e-05,-3.26218587454987e-05,-0.00033265723877974314,-0.00015295736490244578
ladys,0.0,0.0,0.0,0.0
ladyship,0.0,0.0,0.00017032875247205496,0.0
ladyships,0.0,0.0,2.8277127792514747e-05,2.7388380629084794e-06
lagged,0.0,0.0,1.1355250164803664e-05,0.0
lagging,3.3960822557346093e-06,0.0,0.0,0.0
lago,0.0,7.794826824703627e-06,0.0,0.0
laid,-3.389212301075198e-05,-1.7565616247576225e-05,-1.4622296210098602e-05,-6.798105106775368e-05
lain,0.0,3.235145432636643e-06,0.0,2.7388380629084794e-06
laity,0.0,0.0,5.677625082401832e-06,0.0
lajdak,3.3960822557346093e-06,0.0,0.0,0.0
lake,0.0,0.00020704930768874514,0.0,8.216514188725437e-06
lakes,0.0,3.235145432636643e-06,1.4138563896257373e-05,0.0
lalliaz,0.0,1.5589653649407254e-05,0.0,0.0
lambs,3.3960822557346093e-06,0.0,0.0,0.0
lambton,0.0,0.0,5.677625082401833e-05,0.0
lame,5.638005947061388e-06,0.0,0.0,2.7388380629084794e-06
lameness,0.0,0.0,0.0,6.599013505207118e-06
lament,0.0,0.0,1.7032875247205498e-05,0.0
lamentations,0.0,0.0,1.7032875247205498e-05,0.0
lamented,0.0,0.0,5.677625082401832e-06,0.0
lamenting,1.409501486765347e-06,0.0,2.3564273160428954e-06,0.0
lamp,0.0,0.0,0.0,0.0
lamplight,3.3960822557346093e-06,0.0,0.0,0.0
lamps,1.409501486765347e-06,0.0,0.0,5.477676125816959e-06
lancaster,0.0,0.0,0.0,1.3198027010414236e-05
lance,0.0,7.794826824703627e-06,0.0,0.0
lancet,0.0,1.5589653649407254e-05,0.0,0.0
land,-3.2798828720082563e-06,-2.509373749653746e-06,-1.8277870262623253e-06,-1.9119670612805722e-05
landau,0.0,0.0,0.0,2.6396054020828473e-05
landed,0.0,9.70543629790993e-06,0.0,2.7388380629084794e-06
landing,0.0,0.0,0.0,0.0
landlady,7.752258177209408e-05,0.0,0.0,8.216514188725437e-06
landladys,2.1142522301480205e-05,0.0,0.0,2.7388380629084794e-06
landlord,0.0,0.0,0.0,0.0
landowner,4.2285044602960405e-06,0.0,0.0,2.7388380629084794e-06
landowners,0.0,0.0,0.0,6.599013505207118e-06
landscape,2.819002973530694e-06,0.0,0.0,2.7388380629084794e-06
lane,0.0,0.0,2.3564273160428955e-05,6.299327544689503e-05
lanes,0.0,0.0,2.3564273160428954e-06,2.7388380629084794e-06
langham,0.0,0.0,0.0,6.599013505207118e-06
language,-5.4664714533470935e-06,-1.0037494998614984e-05,-9.138935131311627e-06,-2.1244078458673024e-06
languages,1.409501486765347e-06,0.0,2.3564273160428954e-06,0.0
languid,1.409501486765347e-06,0.0,0.0,5.477676125816959e-06
languidly,3.3960822557346093e-06,0.0,0.0,0.0
languor,0.0,0.0,2.3564273160428954e-06,5.477676125816959e-06
lank,0.0,0.0,0.0,6.599013505207118e-06
lanky,3.3960822557346093e-06,0.0,0.0,0.0
lantern,2.819002973530694e-06,0.0,0.0,2.7388380629084796e-05
lanterns,0.0,0.0,0.0,6.599013505207118e-06
lanyard,0.0,7.794826824703627e-06,0.0,0.0
lap,0.0,3.235145432636643e-06,0.0,1.3694190314542398e-05
lapels,0.0,7.794826824703627e-06,0.0,0.0
lapse,0.0,0.0,0.0,6.599013505207118e-06
larder,0.0,0.0,5.677625082401832e-06,0.0
large,-2.0772591522718957e-05,-1.2546868748268729e-05,-4.203910160403348e-05,-8.71007216805594e-05
larger,-2.1865885813388372e-06,-5.018747499307492e-06,-1.0966722157573952e-05,-1.4870854921071116e-05
largest,0.0,0.0,2.3564273160428954e-06,1.0955352251633918e-05
larks,0.0,1.5589653649407254e-05,0.0,0.0
lascar,0.0,0.0,0.0,7.918816206248542e-05
lash,4.2285044602960405e-06,0.0,0.0,1.0955352251633918e-05
lashed,2.819002973530694e-06,0.0,0.0,5.477676125816959e-06
lashing,0.0,7.794826824703627e-06,0.0,0.0
lassitude,0.0,0.0,0.0,6.599013505207118e-06
last,-0.0003050291070967678,-4.265935374411368e-05,-0.00021567886909895436,-0.00020181874535739374
lasted,0.0,0.0,0.0,0.0
lasting,0.0,0.0,4.712854632085791e-06,2.7388380629084794e-06
lastly,0.0,0.0,5.677625082401832e-06,0.0
lasts,3.3960822557346093e-06,0.0,0.0,0.0
latch,1.2685513380888124e-05,0.0,0.0,2.7388380629084794e-06
latched,6.792164511469219e-06,0.0,0.0,0.0
late,-6.450436314949571e-05,-4.516872749376743e-05,-3.472795349898418e-05,-5.948341968428446e-05
lately,0.0,0.0,0.0,0.0
lateness,0.0,0.0,0.0,6.599013505207118e-06
later,-7.543730605618989e-05,-5.7715596242036164e-05,-5.483361078786976e-06,-3.1866117688009535e-05
lateral,0.0,0.0,0.0,6.599013505207118e-06
latest,1.409501486765347e-06,0.0,2.3564273160428954e-06,0.0
lathered,0.0,7.794826824703627e-06,0.0,0.0
laths,0.0,7.794826824703627e-06,0.0,0.0
latin,0.0,2.338448047411088e-05,0.0,0.0
latisana,0.0,7.794826824703627e-06,0.0,0.0
latrine,0.0,7.794826824703627e-06,0.0,0.0
latrines,0.0,7.794826824703627e-06,0.0,0.0
latter,0.0,0.0,0.0,0.0
latterly,0.0,0.0,5.677625082401832e-06,0.0
latters,6.792164511469219e-06,0.0,0.0,0.0
laudable,0.0,0.0,5.677625082401832e-06,0.0
laudanum,0.0,0.0,0.0,6.599013505207118e-06
laugh,-4.045188875476849e-05,-7.528121248961238e-06,-3.290016647272185e-05,-1.4870854921071116e-05
laughed,-5.24781259521321e-05,-6.52437174909974e-05,-2.0105657288885576e-05,-4.248815691734605e-05
laughing,-6.887754031217339e-05,-2.0074989997229968e-05,-2.0105657288885576e-05,-3.8239341225611444e-05
laughingly,0.0,0.0,1.1355250164803664e-05,0.0
laughs,3.3960822557346093e-06,0.0,0.0,0.0
laughter,-4.045188875476849e-05,-2.509373749653746e-06,-3.6555740525246506e-06,-1.0622039229336513e-05
launched,3.3960822557346093e-06,0.0,0.0,0.0
laundry,3.3960822557346093e-06,0.0,0.0,0.0
laurel,0.0,0.0,2.3564273160428954e-06,5.477676125816959e-06
lausanne,0.0,3.117930729881451e-05,0.0,0.0
lavender,3.3960822557346093e-06,0.0,0.0,0.0
lavish,3.3960822557346093e-06,0.0,0.0,0.0
lavished,6.792164511469219e-06,0.0,0.0,0.0
law,-3.170553442941315e-05,-1.0037494998614984e-05,-2.9244592420197205e-05,-2.549289415040763e-05
lawful,3.3960822557346093e-06,0.0,0.0,0.0
lawfully,0.0,0.0,5.677625082401832e-06,0.0
lawgiver,3.3960822557346093e-06,0.0,0.0,0.0
lawn,0.0,0.0,1.4138563896257373e-05,3.286605675490175e-05
laws,1.409501486765347e-06,0.0,2.3564273160428954e-06,0.0
lawyer,1.409501486765347e-05,0.0,0.0,1.9171866440359353e-05
lawyers,1.6980411278673048e-05,0.0,0.0,0.0
lay,-7.215742318418163e-05,-0.00012295931373303354,-1.0966722157573952e-05,-8.922512952642671e-05
layers,0.0,0.0,0.0,6.599013505207118e-06
laying,0.0,0.0,0.0,0.0
lays,0.0,0.0,0.0,6.599013505207118e-06
lazarus,2.377257579014227e-05,0.0,0.0,0.0
lazily,5.638005947061388e-06,0.0,0.0,5.477676125816959e-06
laziness,3.3960822557346093e-06,0.0,0.0,0.0
lazy,1.0188246767203828e-05,0.0,0.0,0.0
le,1.409501486765347e-06,3.235145432636643e-06,0.0,0.0
lead,-1.0932942906694187e-05,-5.018747499307492e-06,-1.2794509183836277e-05,-2.1244078458673025e-05
leaden,6.792164511469219e-06,0.0,0.0,0.0
leadenhall,0.0,0.0,0.0,3.299506752603559e-05
leader,0.0,0.0,0.0,6.599013505207118e-06
leaders,2.819002973530694e-06,3.235145432636643e-06,0.0,0.0
leading,-1.967929723204954e-05,-1.2546868748268729e-05,-9.138935131311627e-06,-6.373223537601907e-06
leads,-6.559765744016513e-06,-2.509373749653746e-06,-3.6555740525246506e-06,-6.373223537601907e-06
leaf,5.638005947061388e-06,0.0,0.0,5.477676125816959e-06
leafy,0.0,7.794826824703627e-06,0.0,0.0
league,0.0,6.470290865273286e-06,0.0,4.108257094362719e-05
leagues,0.0,7.794826824703627e-06,0.0,0.0
leakage,0.0,0.0,0.0,6.599013505207118e-06
leaked,0.0,7.794826824703627e-06,0.0,0.0
leaking,0.0,0.0,0.0,6.599013505207118e-06
lean,0.0,0.0,0.0,1.3198027010414236e-05
leaned,0.0,0.0,0.0,0.0
leaning,-3.2798828720082563e-06,-5.018747499307492e-06,-1.8277870262623253e-06,-1.4870854921071116e-05
leap,6.792164511469219e-06,0.0,0.0,0.0
leaped,2.819002973530694e-06,0.0,0.0,2.7388380629084794e-06
leaping,3.3960822557346093e-06,0.0,0.0,0.0
leaps,0.0,0.0,0.0,6.599013505207118e-06
leapt,1.3584329022938437e-05,0.0,0.0,0.0
learn,-6.559765744016513e-06,-2.5093737496537457e-05,-1.8277870262623254e-05,-2.3368486304540325e-05
learned,-1.3119531488033025e-05,-1.2546868748268729e-05,-5.483361078786976e-06,-2.1244078458673025e-05
learning,-3.2798828720082563e-06,-2.509373749653746e-06,-1.8277870262623253e-06,-2.1244078458673024e-06
learns,3.3960822557346093e-06,0.0,0.0,0.0
learnt,2.819002973530694e-05,0.0,3.298998242460054e-05,0.0
lease,0.0,0.0,5.677625082401832e-06,0.0
least,-9.29300147069006e-05,-7.528121248961238e-06,-0.00011880615670705113,-7.647868245122289e-05
leather,0.0,0.0,0.0,0.0
leatherhead,0.0,0.0,0.0,2.6396054020828473e-05
leathers,0.0,7.794826824703627e-06,0.0,0.0
leave,-7.653060034685932e-05,-0.00013550618248130229,-0.00011332279562826417,-0.00010197157660163051
leaves,-3.2798828720082563e-06,-3.0112484995844953e-05,-3.6555740525246506e-06,-1.2746447075203814e-05
leaving,-2.623906297606605e-05,-1.2546868748268729e-05,-3.290016647272185e-05,-1.9119670612805722e-05
lebanon,0.0,0.0,0.0,6.599013505207118e-06
lebeziatnikov,0.0002445179224128919,0.0,0.0,0.0
lebeziatnikovs,1.3584329022938437e-05,0.0,0.0,0.0
lecture,0.0,0.0,0.0,6.599013505207118e-06
lecturer,2.819002973530694e-06,3.235145432636643e-06,0.0,0.0
lectures,1.409501486765347e-06,0.0,0.0,2.7388380629084794e-06
led,-1.5306120069371863e-05,-3.513123249515245e-05,-3.290016647272185e-05,-5.311019614668256e-05
ledge,1.409501486765347e-06,3.235145432636643e-06,0.0,0.0
ledger,0.0,0.0,0.0,1.9797040515621355e-05
ledgers,0.0,0.0,0.0,6.599013505207118e-06
lee,0.0,0.0,0.0,4.6193094536449825e-05
left,-0.00014978131782171036,-0.00015558117247853226,-0.00011880615670705113,-0.00019332111397392452
leg,0.0,0.0,0.0,0.0
legacy,1.409501486765347e-06,0.0,2.3564273160428954e-06,0.0
legal,0.0,0.0,0.0,0.0
legality,3.3960822557346093e-06,0.0,0.0,0.0
legally,5.638005947061388e-06,0.0,2.3564273160428954e-06,0.0
legend,3.3960822557346093e-06,0.0,0.0,0.0
legged,0.0,0.0,0.0,2.6396054020828473e-05
leggings,0.0,0.0,0.0,6.599013505207118e-06
legible,0.0,0.0,0.0,6.599013505207118e-06
legibly,3.3960822557346093e-06,0.0,0.0,0.0
legion,3.3960822557346093e-06,0.0,0.0,0.0
legislators,3.3960822557346093e-06,0.0,0.0,0.0
legitimate,1.409501486765347e-06,9.70543629790993e-06,0.0,0.0
legs,0.0,0.0,0.0,0.0
leisure,0.0,0.0,7.380912607122381e-05,0.0
leisurely,0.0,0.0,5.677625082401832e-06,0.0
lemon,0.0,0.0,0.0,0.0
lend,0.0,0.0,0.0,0.0
length,-4.3731771626776745e-06,-5.018747499307492e-06,-5.848918484039441e-05,-8.49763138346921e-06
lengthen,0.0,0.0,0.0,6.599013505207118e-06
lengthened,0.0,0.0,0.0,1.3198027010414236e-05
lengths,0.0,3.235145432636643e-06,0.0,2.7388380629084794e-06
lengthy,0.0,0.0,0.0,6.599013505207118e-06
lenient,0.0,0.0,0.0,6.599013505207118e-06
lens,0.0,0.0,0.0,7.918816206248542e-05
lenses,0.0,0.0,0.0,6.599013505207118e-06
lent,8.457008920592081e-06,0.0,0.0,2.7388380629084794e-06
les,1.409501486765347e-06,3.235145432636643e-06,0.0,0.0
lesercito,0.0,7.794826824703627e-06,0.0,0.0
less,-2.733235726673547e-05,-1.7565616247576225e-05,-0.00014256738804846136,-8.07274981429575e-05
lessen,0.0,0.0,0.0,0.0
lessened,0.0,3.235145432636643e-06,2.3564273160428954e-06,0.0
lessening,1.409501486765347e-06,0.0,2.3564273160428954e-06,0.0
lesser,3.3960822557346093e-06,0.0,0.0,0.0
lesson,1.5504516354418816e-05,0.0,4.712854632085791e-06,0.0
lessons,6.112948060322298e-05,0.0,0.0,0.0
lest,0.0,0.0,1.8851418528343163e-05,8.216514188725437e-06
lestrade,0.0,0.0,0.0,0.00024416349969266337
lestrades,0.0,0.0,0.0,6.599013505207118e-06
let,-0.0002153789752618755,-0.00019573115247299217,-0.0001370840269696744,-0.00014658414136484388
lethargy,1.409501486765347e-06,0.0,0.0,2.7388380629084794e-06
lets,0.0,0.0,0.0,0.0
lett,3.3960822557346093e-06,0.0,0.0,0.0
letter,-6.887754031217339e-05,-1.2546868748268729e-05,-0.0002120232950464297,-6.373223537601907e-05
letters,-1.4212825778702444e-05,-1.2546868748268729e-05,-2.7416805393934876e-05,-5.7359011838417166e-05
letting,0.0,0.0,0.0,0.0
letto,0.0,7.794826824703627e-06,0.0,0.0
lettres,3.3960822557346093e-06,0.0,0.0,0.0
lettuce,0.0,7.794826824703627e-06,0.0,0.0
level,0.0,0.0,0.0,0.0
levelled,0.0,0.0,5.677625082401832e-06,0.0
levers,0.0,0.0,0.0,1.9797040515621355e-05
levées,3.3960822557346093e-06,0.0,0.0,0.0
lewes,3.3960822557346093e-06,0.0,0.0,0.0
lewis,0.0,0.0,1.7032875247205498e-05,0.0
lheure,0.0,7.794826824703627e-06,0.0,0.0
lhomme,0.0,0.0,0.0,6.599013505207118e-06
liable,0.0,0.0,0.0,0.0
liaison,0.0,7.794826824703627e-06,0.0,0.0
liar,1.409501486765347e-06,0.0,0.0,2.7388380629084794e-06
libel,6.792164511469219e-06,0.0,0.0,0.0
liberal,2.819002973530694e-06,0.0,1.1782136580214478e-05,0.0
liberalism,3.3960822557346093e-06,0.0,0.0,0.0
liberality,1.409501486765347e-06,0.0,4.712854632085791e-06,0.0
liberally,0.0,0.0,1.1355250164803664e-05,0.0
liberated,0.0,0.0,0.0,6.599013505207118e-06
liberties,0.0,0.0,2.3564273160428954e-06,2.7388380629084794e-06
liberty,0.0,0.0,0.0,0.0
libraries,0.0,0.0,0.0,6.599013505207118e-06
library,0.0,0.0,0.0,0.0
libya,0.0,7.794826824703627e-06,0.0,0.0
lice,3.3960822557346093e-06,0.0,0.0,0.0
licence,1.409501486765347e-06,0.0,4.712854632085791e-06,0.0
license,2.819002973530694e-06,0.0,0.0,5.477676125816959e-06
licentiousness,0.0,0.0,5.677625082401832e-06,0.0
lichen,0.0,0.0,0.0,1.3198027010414236e-05
licking,3.3960822557346093e-06,0.0,0.0,0.0
lid,1.409501486765347e-06,0.0,0.0,8.216514188725437e-06
lida,7.471380962616142e-05,0.0,0.0,0.0
lidded,0.0,0.0,0.0,6.599013505207118e-06
lids,1.409501486765347e-06,0.0,0.0,1.0955352251633918e-05
lie,-3.7172005882760244e-05,-3.764060624480619e-05,-1.8277870262623253e-06,-1.9119670612805722e-05
lied,1.409501486765347e-06,9.70543629790993e-06,0.0,0.0
lies,0.0,0.0,0.0,0.0
lieu,0.0,0.0,1.1355250164803664e-05,0.0
lieutenant,1.2685513380888124e-05,8.734892668118936e-05,0.0,0.0
lieutenants,0.0,3.235145432636643e-06,2.3564273160428954e-06,0.0
life,-0.00014759472924037154,-5.2696848742728664e-05,-0.00010235607347069022,-0.00010197157660163051
lifeless,2.819002973530694e-06,0.0,0.0,2.7388380629084794e-06
lifetime,2.819002973530694e-06,0.0,2.3564273160428954e-06,0.0
lift,0.0,0.0,0.0,0.0
lifted,-1.8586002941380122e-05,-3.764060624480619e-05,-3.6555740525246506e-06,-4.248815691734605e-06
lifting,5.638005947061388e-06,9.70543629790993e-06,0.0,0.0
light,-6.559765744016512e-05,-0.00015307179872887851,-3.107237944645953e-05,-0.00015933058844004767
lighted,-1.639941436004128e-05,-1.5056242497922477e-05,-1.8277870262623253e-06,-2.1244078458673024e-06
lighten,0.0,0.0,0.0,6.599013505207118e-06
lightened,1.409501486765347e-06,0.0,0.0,2.7388380629084794e-06
lighter,0.0,0.0,0.0,0.0
lightest,3.3960822557346093e-06,0.0,0.0,0.0
lightheaded,3.3960822557346093e-06,0.0,0.0,0.0
lighthearted,3.3960822557346093e-06,0.0,0.0,0.0
lighthouse,0.0,0.0,0.0,6.599013505207118e-06
lighting,4.2285044602960405e-06,0.0,0.0,8.216514188725437e-06
lightly,1.409501486765347e-06,3.235145432636643e-06,0.0,0.0
lightness,0.0,3.235145432636643e-06,2.3564273160428954e-06,0.0
lightning,0.0,0.0,0.0,0.0
lights,0.0,0.0,0.0,0.0
like,-0.0004974489022545855,-0.0005595903461727854,-0.00014073960102219902,-0.00020606756104912832
liked,-2.4052474394727216e-05,-3.764060624480619e-05,-4.9350249709082784e-05,-4.248815691734605e-06
likelihood,0.0,0.0,2.8388125412009164e-05,0.0
likely,-2.951894584807431e-05,-5.018747499307492e-06,-6.945590699796835e-05,-5.098578830081526e-05
likeness,0.0,0.0,1.7032875247205498e-05,0.0
likes,0.0,0.0,0.0,0.0
likewise,1.409501486765347e-06,0.0,4.0059264372729224e-05,0.0
liking,0.0,0.0,0.0,0.0
lilac,3.3960822557346093e-06,0.0,0.0,0.0
limb,1.409501486765347e-06,0.0,0.0,5.477676125816959e-06
limbs,1.409501486765347e-06,0.0,0.0,1.9171866440359353e-05
lime,0.0,0.0,0.0,1.9797040515621355e-05
limit,4.2285044602960405e-06,0.0,0.0,2.7388380629084794e-06
limited,0.0,0.0,0.0,6.599013505207118e-06
limits,0.0,0.0,0.0,0.0
limp,0.0,3.235145432636643e-06,0.0,8.216514188725437e-06
limped,0.0,3.235145432636643e-06,0.0,2.7388380629084794e-06
limping,0.0,3.235145432636643e-06,0.0,2.7388380629084794e-06
limps,0.0,0.0,0.0,6.599013505207118e-06
line,-1.4212825778702444e-05,-0.00013299680873164854,-1.4622296210098602e-05,-4.036374907147875e-05
lined,0.0,0.0,0.0,0.0
linen,3.3828035682368324e-05,0.0,0.0,1.0955352251633918e-05
lines,-9.83964861602477e-06,-2.0074989997229968e-05,-1.6450083236360926e-05,-1.2746447075203814e-05
linger,3.3960822557346093e-06,0.0,0.0,0.0
lingered,1.0188246767203828e-05,0.0,0.0,0.0
lingering,0.0,0.0,0.0,0.0
lining,2.819002973530694e-06,0.0,0.0,1.0955352251633918e-05
link,0.0,0.0,0.0,2.6396054020828473e-05
linked,0.0,0.0,0.0,6.599013505207118e-06
links,0.0,0.0,0.0,6.599013505207118e-06
linoleum,0.0,0.0,0.0,6.599013505207118e-06
lip,1.1276011894122775e-05,0.0,0.0,2.7388380629084796e-05
lipped,0.0,0.0,0.0,6.599013505207118e-06
lippevechsel,1.3584329022938437e-05,0.0,0.0,0.0
lippevechsels,1.3584329022938437e-05,0.0,0.0,0.0
lips,-6.122448027748745e-05,-1.5056242497922477e-05,-1.6450083236360926e-05,-3.8239341225611444e-05
liqueur,0.0,7.794826824703627e-06,0.0,0.0
liquid,0.0,7.794826824703627e-06,0.0,0.0
liquor,3.3960822557346093e-06,0.0,0.0,0.0
lira,0.0,5.456378777292539e-05,0.0,0.0
lire,0.0,0.0001714861901434798,0.0,0.0
lisbon,3.3960822557346093e-06,0.0,0.0,0.0
lisp,3.3960822557346093e-06,0.0,0.0,0.0
list,0.0,0.0,0.0,0.0
listed,0.0,7.794826824703627e-06,0.0,0.0
listen,-6.34110688588263e-05,-2.2584363746883714e-05,-2.1933444315147905e-05,-1.4870854921071116e-05
listened,-3.7172005882760244e-05,-2.2584363746883714e-05,-3.838352755150883e-05,-3.8239341225611444e-05
listener,4.2285044602960405e-06,0.0,7.069281948128687e-06,0.0
listeners,1.0188246767203828e-05,0.0,0.0,0.0
listening,-3.7172005882760244e-05,-5.018747499307492e-06,-1.8277870262623254e-05,-6.373223537601907e-06
listens,6.792164511469219e-06,0.0,0.0,0.0
listless,2.819002973530694e-06,0.0,0.0,5.477676125816959e-06
listlessly,6.792164511469219e-06,0.0,0.0,0.0
listlessness,3.3960822557346093e-06,0.0,0.0,0.0
lit,0.0,6.470290865273286e-06,0.0,4.382140900653567e-05
literally,1.2685513380888124e-05,6.470290865273286e-06,0.0,0.0
literary,1.1276011894122775e-05,0.0,0.0,2.7388380629084794e-06
literature,4.2285044602960405e-06,0.0,0.0,5.477676125816959e-06
lithe,0.0,0.0,0.0,6.599013505207118e-06
litigation,3.3960822557346093e-06,0.0,0.0,0.0
litter,0.0,0.0,0.0,6.599013505207118e-06
littered,3.3960822557346093e-06,0.0,0.0,0.0
little,-0.000315962050003462,-0.0004040091736942531,-0.0003454517479635795,-0.0005714657105383044
live,-6.778424602150396e-05,-5.7715596242036164e-05,-3.838352755150883e-05,-3.1866117688009535e-05
lived,-2.1865885813388374e-05,-4.265935374411368e-05,-2.5589018367672555e-05,-2.549289415040763e-05
liveliest,0.0,0.0,1.7032875247205498e-05,0.0
livelihood,3.3960822557346093e-06,0.0,0.0,0.0
liveliness,1.409501486765347e-06,0.0,9.425709264171582e-06,0.0
lively,9.86651040735743e-06,0.0,3.534640974064343e-05,0.0
liver,0.0,9.70543629790993e-06,0.0,2.7388380629084794e-06
liverpool,0.0,0.0,5.677625082401832e-06,0.0
livers,0.0,7.794826824703627e-06,0.0,0.0
livery,0.0,0.0,1.1355250164803664e-05,0.0
lives,0.0,0.0,0.0,0.0
liveth,3.3960822557346093e-06,0.0,0.0,0.0
livid,0.0,0.0,0.0,6.599013505207118e-06
living,-4.9198243080123845e-05,-7.528121248961238e-06,-4.386688863029581e-05,-1.9119670612805722e-05
livings,0.0,0.0,5.677625082401832e-06,0.0
livingstones,3.3960822557346093e-06,0.0,0.0,0.0
lizaveta,0.0001799923595539343,0.0,0.0,0.0
lizavetas,2.377257579014227e-05,0.0,0.0,0.0
lizzie,0.0,0.0,1.1355250164803664e-05,0.0
lizzy,0.0,0.0,0.0005280191326633703,0.0
lizzys,0.0,0.0,1.1355250164803664e-05,0.0
lloyds,0.0,0.0,0.0,6.599013505207118e-06
load,5.638005947061388e-06,1.6175727163183214e-05,0.0,0.0
loaded,1.409501486765347e-06,2.5881163461093143e-05,0.0,0.0
loading,0.0,3.235145432636643e-06,0.0,2.7388380629084794e-06
loads,0.0,7.794826824703627e-06,0.0,0.0
loaf,4.2285044602960405e-06,0.0,0.0,2.7388380629084794e-06
loafer,0.0,3.235145432636643e-06,0.0,8.216514188725437e-06
loafing,0.0,0.0,0.0,6.599013505207118e-06
loan,1.409501486765347e-06,6.470290865273286e-06,0.0,0.0
loaned,0.0,7.794826824703627e-06,0.0,0.0
loans,0.0,0.0,0.0,6.599013505207118e-06
loathe,3.3960822557346093e-06,0.0,0.0,0.0
loathed,1.409501486765347e-06,0.0,0.0,2.7388380629084794e-06
loathing,8.457008920592081e-06,0.0,0.0,2.7388380629084794e-06
loathsome,1.832351932794951e-05,0.0,0.0,2.7388380629084794e-06
loathsomeness,3.3960822557346093e-06,0.0,0.0,0.0
lobby,0.0,0.0,5.677625082401832e-06,0.0
lobe,0.0,7.794826824703627e-06,0.0,0.0
lobster,1.409501486765347e-06,0.0,0.0,2.7388380629084794e-06
local,0.0,0.0,0.0,0.0
locality,1.409501486765347e-06,0.0,0.0,2.7388380629084794e-06
locarno,0.0,8.57430950717399e-05,0.0,0.0
locate,0.0,7.794826824703627e-06,0.0,0.0
lock,0.0,0.0,0.0,0.0
locked,0.0,0.0,0.0,0.0
locker,0.0,7.794826824703627e-06,0.0,0.0
locket,0.0,0.0,0.0,1.3198027010414236e-05
locking,3.3960822557346093e-06,0.0,0.0,0.0
locks,6.792164511469219e-06,0.0,0.0,0.0
locksmiths,3.3960822557346093e-06,0.0,0.0,0.0
locus,0.0,0.0,0.0,6.599013505207118e-06
lodge,-5.4664714533470935e-06,-5.018747499307492e-06,-1.4622296210098602e-05,-4.036374907147875e-05
lodged,1.6980411278673048e-05,0.0,0.0,0.0
lodger,1.409501486765347e-06,0.0,0.0,5.477676125816959e-06
lodgers,6.792164511469219e-05,0.0,0.0,0.0
lodges,2.819002973530694e-06,0.0,4.712854632085791e-06,0.0
lodging,5.497055798384853e-05,0.0,0.0,2.7388380629084794e-06
lodgings,0.0,0.0,0.0,0.0
loftily,2.819002973530694e-06,0.0,0.0,2.7388380629084794e-06
lofty,2.819002973530694e-06,0.0,2.3564273160428954e-06,0.0
log,4.2285044602960405e-06,1.2940581730546572e-05,0.0,0.0
logic,4.2285044602960405e-06,0.0,0.0,5.477676125816959e-06
logical,0.0,0.0,0.0,0.0
logically,6.792164511469219e-06,0.0,0.0,0.0
logician,0.0,0.0,0.0,6.599013505207118e-06
logs,1.409501486765347e-06,9.70543629790993e-06,0.0,0.0
loitering,0.0,0.0,0.0,6.599013505207118e-06
lom,0.0,7.794826824703627e-06,0.0,0.0
lombard,0.0,7.794826824703627e-06,0.0,0.0
london,0.0,0.0,0.00012489064775027345,0.00011229236057924765
londoners,0.0,0.0,0.0,6.599013505207118e-06
lone,0.0,0.0,0.0,3.959408103124271e-05
lonelier,1.409501486765347e-06,0.0,0.0,2.7388380629084794e-06
loneliness,0.0,7.794826824703627e-06,0.0,0.0
lonely,0.0,2.2646018028456504e-05,0.0,1.6433028377450875e-05
lonesome,0.0,7.794826824703627e-06,0.0,0.0
long,-0.0001978862666111648,-0.00032370921370533326,-0.0002101955080201674,-0.0001848234825904553
longbourn,0.0,0.0,0.0004996310072513612,0.0
longed,0.0,0.0,0.0,0.0
longer,-1.4212825778702444e-05,-1.5056242497922477e-05,-8.04226291555423e-05,-2.1244078458673025e-05
longing,5.638005947061388e-06,0.0,4.712854632085791e-06,0.0
loo,0.0,0.0,1.1355250164803664e-05,0.0
look,-0.000208819209517859,-0.00014554367747991728,-0.00010235607347069022,-0.00015508177274831307
looked,-0.00032033522716613973,-0.0005821747099196691,-0.0001370840269696744,-0.00010834480013923242
looking,-0.00023505827249392503,-0.0001856936574743772,-6.0316971866656735e-05,-0.00011471802367683433
lookout,0.0,0.0,0.0,6.599013505207118e-06
looks,-1.5306120069371863e-05,-1.0037494998614984e-05,-2.3761231341410226e-05,-2.549289415040763e-05
loomed,0.0,0.0,0.0,1.3198027010414236e-05
looming,0.0,0.0,0.0,6.599013505207118e-06
loop,1.409501486765347e-06,0.0,0.0,8.216514188725437e-06
loophole,0.0,0.0,0.0,6.599013505207118e-06
loose,-8.746354325355349e-06,-1.2546868748268729e-05,-1.8277870262623253e-06,-1.2746447075203814e-05
loosed,0.0,0.0,0.0,6.599013505207118e-06
loosely,0.0,7.794826824703627e-06,0.0,0.0
loosen,0.0,7.794826824703627e-06,0.0,0.0
loosened,0.0,3.235145432636643e-06,0.0,2.7388380629084794e-06
lootenant,0.0,7.794826824703627e-06,0.0,0.0
lord,-1.7492708650710698e-05,-1.0037494998614984e-05,-2.1933444315147905e-05,-8.71007216805594e-05
lords,1.409501486765347e-06,0.0,0.0,2.7388380629084794e-06
lordship,0.0,0.0,0.0,6.599013505207118e-06
lose,-2.4052474394727216e-05,-1.2546868748268729e-05,-2.0105657288885576e-05,-2.1244078458673025e-05
loser,0.0,0.0,5.677625082401832e-06,0.0
loses,0.0,1.5589653649407254e-05,0.0,0.0
losing,-9.83964861602477e-06,-1.5056242497922477e-05,-1.8277870262623253e-06,-6.373223537601907e-06
loss,0.0,0.0,0.0,0.0
losses,0.0,0.0,5.677625082401832e-06,0.0
lost,-7.106412889351222e-05,-4.516872749376743e-05,-5.300582376160743e-05,-5.948341968428446e-05
lot,-2.0772591522718957e-05,-3.0112484995844953e-05,-3.6555740525246506e-06,-1.0622039229336513e-05
lothman,0.0,0.0,0.0,6.599013505207118e-06
lots,7.047507433826735e-06,1.2940581730546572e-05,0.0,0.0
lottery,4.2285044602960405e-06,0.0,7.069281948128687e-06,0.0
loud,-1.8586002941380122e-05,-1.2546868748268729e-05,-3.6555740525246506e-06,-6.373223537601907e-06
louder,0.0,0.0,0.0,0.0
loudly,-1.4212825778702444e-05,-2.509373749653746e-06,-3.6555740525246506e-06,-1.2746447075203814e-05
loudness,3.3960822557346093e-06,0.0,0.0,0.0
louisa,0.0,0.0,3.4065750494410995e-05,0.0
louisiana,0.0,0.0,0.0,6.599013505207118e-06
lounged,0.0,0.0,0.0,1.9797040515621355e-05
loungers,0.0,0.0,0.0,1.3198027010414236e-05
lounging,1.409501486765347e-06,0.0,0.0,1.3694190314542398e-05
louse,4.754515158028454e-05,0.0,0.0,0.0
louvain,3.3960822557346093e-06,0.0,0.0,0.0
love,-8.090377750953699e-05,-0.00018820303122403094,-0.0001681564064161339,-3.8239341225611444e-05
loved,-2.4052474394727216e-05,-3.513123249515245e-05,-1.8277870262623254e-05,-1.0622039229336513e-05
loveliest,0.0,0.0,5.677625082401832e-06,0.0
loveliness,0.0,0.0,1.1355250164803664e-05,0.0
lovely,0.0,0.0,0.0,0.0
lover,0.0,0.0,0.0,0.0
lovers,0.0,0.0,9.425709264171582e-06,2.7388380629084794e-06
loves,-1.3119531488033025e-05,-1.0037494998614984e-05,-3.6555740525246506e-06,-8.49763138346921e-06
loving,-2.1865885813388372e-06,-1.2546868748268729e-05,-3.6555740525246506e-06,-6.373223537601907e-06
low,-1.7492708650710698e-05,-4.0149979994459936e-05,-1.4622296210098602e-05,-3.8239341225611444e-05
lower,-1.0932942906694187e-05,-5.018747499307492e-06,-7.311148105049301e-06,-1.4870854921071116e-05
lowered,0.0,0.0,0.0,0.0
lowering,0.0,7.794826824703627e-06,0.0,0.0
lowest,0.0,0.0,2.3564273160428954e-06,5.477676125816959e-06
lowliest,0.0,0.0,0.0,6.599013505207118e-06
lowness,0.0,0.0,5.677625082401832e-06,0.0
lucas,0.0,0.0,0.00036904563035611906,0.0
lucases,0.0,0.0,7.948675115362566e-05,0.0
lucass,0.0,0.0,2.8388125412009164e-05,0.0
lucid,0.0,0.0,0.0,6.599013505207118e-06
luck,-6.559765744016513e-06,-3.764060624480619e-05,-7.311148105049301e-06,-4.248815691734605e-06
luckiest,0.0,0.0,5.677625082401832e-06,0.0
luckily,1.409501486765347e-06,0.0,9.425709264171582e-06,0.0
luckless,4.2285044602960405e-06,0.0,2.3564273160428954e-06,0.0
lucky,-2.1865885813388372e-06,-1.2546868748268729e-05,-1.0966722157573952e-05,-6.373223537601907e-06
lucrative,0.0,0.0,0.0,6.599013505207118e-06
lucy,0.0,0.0,0.0,1.9797040515621355e-05
ludwigovna,3.3960822557346096e-05,0.0,0.0,0.0
luge,0.0,6.235861459762902e-05,0.0,0.0
luggage,0.0,0.0,0.0,0.0
luigi,0.0,1.5589653649407254e-05,0.0,0.0
luino,0.0,3.117930729881451e-05,0.0,0.0
luise,3.056474030161149e-05,0.0,0.0,0.0
lullaby,3.3960822557346093e-06,0.0,0.0,0.0
lumber,0.0,0.0,0.0,1.9797040515621355e-05
lump,3.3960822557346093e-06,0.0,0.0,0.0
lumps,3.3960822557346093e-06,0.0,0.0,0.0
lunatic,1.409501486765347e-06,0.0,0.0,2.7388380629084794e-06
lunch,0.0,0.0,0.0,0.0
luncheon,0.0,0.0,2.3564273160428954e-06,2.7388380629084794e-06
lungs,1.409501486765347e-06,3.235145432636643e-06,0.0,0.0
lurched,0.0,0.0,0.0,0.0
lure,0.0,0.0,0.0,6.599013505207118e-06
lured,0.0,0.0,0.0,6.599013505207118e-06
lurid,0.0,0.0,0.0,1.3198027010414236e-05
lurking,0.0,0.0,2.3564273160428954e-06,2.7388380629084794e-06
lust,0.0,3.235145432636643e-06,0.0,8.216514188725437e-06
lustre,0.0,0.0,2.3564273160428954e-06,2.7388380629084794e-06
lustreless,3.3960822557346093e-06,0.0,0.0,0.0
lustrous,0.0,0.0,0.0,6.599013505207118e-06
lusts,3.3960822557346093e-06,0.0,0.0,0.0
luxuriant,0.0,0.0,0.0,6.599013505207118e-06
luxuries,1.409501486765347e-06,0.0,0.0,2.7388380629084794e-06
luxurious,0.0,0.0,0.0,0.0
luxury,2.819002973530694e-06,3.235145432636643e-06,0.0,0.0
luzhin,0.0003497964723406648,0.0,0.0,0.0
luzhins,3.3960822557346096e-05,0.0,0.0,0.0
lycurgus,6.792164511469219e-06,0.0,0.0,0.0
lydia,0.0,0.0,0.0007551241359594436,0.0
lydias,0.0,0.0,0.0002157497531312696,0.0
lying,-7.434401176552049e-05,-5.7715596242036164e-05,-1.8277870262623253e-06,-2.974170984214223e-05
lymph,3.3960822557346093e-06,0.0,0.0,0.0
lyon,0.0,0.0,0.0,6.599013505207118e-06
lyrico,0.0,7.794826824703627e-06,0.0,0.0
lysander,0.0,0.0,0.0,4.6193094536449825e-05
lysol,0.0,7.794826824703627e-06,0.0,0.0
lœuvre,0.0,0.0,0.0,6.599013505207118e-06
m,0.0,0.0,0.0,0.0
maam,0.0,3.235145432636643e-06,1.8851418528343163e-05,0.0
mac,0.0,3.897413412351813e-05,0.0,0.0
macaroni,0.0,3.117930729881451e-05,0.0,0.0
macedonias,0.0,7.794826824703627e-06,0.0,0.0
machine,0.0,6.146776322009621e-05,0.0,4.382140900653567e-05
machinery,0.0,0.0,0.0,1.3198027010414236e-05
machines,0.0,7.794826824703627e-06,0.0,0.0
mack,3.3960822557346093e-06,0.0,0.0,0.0
mad,0.0,0.0,0.0,0.0
madam,0.0,0.0,0.0,0.0
madame,0.0,0.0,0.0,0.0
maddened,3.3960822557346093e-06,0.0,0.0,0.0
maddening,0.0,0.0,0.0,1.3198027010414236e-05
madder,3.3960822557346093e-06,0.0,0.0,0.0
made,-0.00025145768685396635,-0.00015558117247853226,-0.0002321289523353153,-0.00023156045519953595
madeira,6.792164511469219e-06,0.0,0.0,0.0
mademoiselle,1.0188246767203828e-05,0.0,0.0,0.0
mademoiselles,0.0,0.0,0.0,6.599013505207118e-06
madhouse,6.792164511469219e-06,0.0,0.0,0.0
madly,0.0,0.0,0.0,6.599013505207118e-06
madman,1.973302081471486e-05,0.0,0.0,2.7388380629084794e-06
madmen,1.0188246767203828e-05,0.0,0.0,0.0
madness,0.0,0.0,0.0,0.0
madonna,6.792164511469219e-06,0.0,0.0,0.0
madonnas,6.792164511469219e-06,0.0,0.0,0.0
madre,0.0,7.794826824703627e-06,0.0,0.0
madwoman,6.792164511469219e-06,0.0,0.0,0.0
magazine,4.2285044602960405e-06,3.235145432636643e-06,0.0,0.0
magazines,1.409501486765347e-06,9.70543629790993e-06,0.0,0.0
magenta,0.0,7.794826824703627e-06,0.0,0.0
maggie,0.0,0.0,0.0,1.3198027010414236e-05
maggiore,0.0,9.353792189644353e-05,0.0,0.0
magician,0.0,0.0,0.0,6.599013505207118e-06
magistrate,0.0,0.0,2.3564273160428954e-06,5.477676125816959e-06
magistrates,0.0,0.0,0.0,6.599013505207118e-06
magnanimity,3.3960822557346093e-06,0.0,0.0,0.0
magnanimous,6.792164511469219e-06,0.0,0.0,0.0
magnificent,0.0,0.0,0.0,0.0
magnifico,0.0,0.0,0.0,6.599013505207118e-06
magnifying,0.0,0.0,0.0,1.9797040515621355e-05
magnitude,0.0,0.0,5.677625082401832e-06,0.0
magyars,0.0,7.794826824703627e-06,0.0,0.0
mahogany,0.0,3.235145432636643e-06,0.0,2.7388380629084794e-06
mahomet,1.0188246767203828e-05,0.0,0.0,0.0
maid,-1.0932942906694186e-06,-5.018747499307492e-06,-5.483361078786976e-06,-4.673697260908065e-05
maiden,0.0,0.0,0.0,0.0
maidish,3.3960822557346093e-06,0.0,0.0,0.0
maids,0.0,0.0,0.0,1.9797040515621355e-05
maidservants,3.3960822557346093e-06,0.0,0.0,0.0
mail,2.819002973530694e-06,0.0,0.0,5.477676125816959e-06
main,0.0,0.0,0.0,0.0
mainland,3.3960822557346093e-06,0.0,0.0,0.0
maintain,8.457008920592081e-06,0.0,2.3564273160428954e-06,0.0
maintained,1.5504516354418816e-05,0.0,4.712854632085791e-06,0.0
maintaining,0.0,0.0,5.677625082401832e-06,0.0
maintenance,0.0,0.0,0.0,6.599013505207118e-06
majestic,3.3960822557346093e-06,0.0,0.0,0.0
majesty,1.409501486765347e-06,0.0,0.0,4.382140900653567e-05
majestys,0.0,0.0,0.0,1.3198027010414236e-05
major,0.0,0.0,0.0,0.0
majority,3.3960822557346093e-06,0.0,0.0,0.0
majors,0.0,3.897413412351813e-05,0.0,0.0
make,-0.00021865885813388377,-0.00019071240497368469,-0.00030524043338580833,-0.00015508177274831307
maker,1.409501486765347e-06,0.0,0.0,2.7388380629084794e-06
makers,0.0,0.0,0.0,6.599013505207118e-06
makes,-2.623906297606605e-05,-4.265935374411368e-05,-1.2794509183836277e-05,-1.9119670612805722e-05
making,-5.903789169614862e-05,-3.26218587454987e-05,-6.58003329454437e-05,-3.611493337974414e-05
makings,0.0,0.0,0.0,6.599013505207118e-06
malaria,0.0,2.338448047411088e-05,0.0,0.0
malay,0.0,0.0,0.0,6.599013505207118e-06
malaya,3.3960822557346093e-06,0.0,0.0,0.0
male,0.0,0.0,0.0,0.0
malice,4.2285044602960405e-06,0.0,4.712854632085791e-06,0.0
malicious,7.047507433826735e-06,0.0,4.712854632085791e-06,0.0
maliciously,1.3584329022938437e-05,0.0,0.0,0.0
malignance,3.3960822557346093e-06,0.0,0.0,0.0
malignant,9.86651040735743e-06,0.0,0.0,2.7388380629084794e-06
malignantly,1.0188246767203828e-05,0.0,0.0,0.0
mall,0.0,0.0,0.0,6.599013505207118e-06
mama,0.0,6.235861459762902e-05,0.0,0.0
mamma,2.39615252750109e-05,0.0,2.592070047647185e-05,0.0
mammas,1.0188246767203828e-05,0.0,0.0,0.0
mammy,6.792164511469219e-06,0.0,0.0,0.0
man,-0.0005018220794172632,-0.00020074989997229966,-0.00026502911880803715,-0.0006139538674556504
manage,-7.653060034685932e-06,-5.018747499307492e-06,-5.483361078786976e-06,-6.373223537601907e-06
managed,0.0,0.0,0.0,0.0
management,0.0,0.0,9.425709264171582e-06,5.477676125816959e-06
manager,0.0,0.0,0.0,0.0
manageress,0.0,0.0,0.0,6.599013505207118e-06
managing,1.409501486765347e-06,0.0,0.0,2.7388380629084794e-06
manera,0.0,0.00013251205601996164,0.0,0.0
manes,3.3960822557346093e-06,0.0,0.0,0.0
mangled,0.0,0.0,0.0,6.599013505207118e-06
mangot,3.3960822557346093e-06,0.0,0.0,0.0
mangy,3.3960822557346093e-06,0.0,0.0,0.0
mania,1.409501486765347e-06,0.0,0.0,2.7388380629084794e-06
maniac,6.792164511469219e-06,0.0,0.0,0.0
maniacs,3.3960822557346093e-06,0.0,0.0,0.0
manifestations,1.409501486765347e-06,0.0,0.0,2.7388380629084794e-06
manifested,0.0,0.0,0.0,6.599013505207118e-06
manifold,0.0,0.0,2.3564273160428954e-06,2.7388380629084794e-06
mankind,0.0,0.0,0.0,0.0
manly,3.3960822557346093e-06,0.0,0.0,0.0
manner,-1.4212825778702444e-05,-5.018747499307492e-06,-0.00017546755452118324,-5.948341968428446e-05
mannered,1.409501486765347e-06,3.235145432636643e-06,0.0,0.0
manners,-9.83964861602477e-06,-7.528121248961238e-06,-8.407820320806695e-05,-4.248815691734605e-06
manoeuvre,3.3960822557346093e-06,0.0,0.0,0.0
manor,0.0,0.0,4.712854632085791e-06,8.216514188725437e-06
mans,-1.967929723204954e-05,-7.528121248961238e-06,-9.138935131311627e-06,-2.974170984214223e-05
mansion,0.0,0.0,4.712854632085791e-06,2.7388380629084794e-06
mansions,0.0,0.0,0.0,6.599013505207118e-06
mantegna,0.0,7.794826824703627e-06,0.0,0.0
mantel,0.0,0.0,1.7032875247205498e-05,0.0
mantelpiece,0.0,0.0,0.0,3.959408103124271e-05
mantle,6.792164511469219e-06,0.0,0.0,0.0
manual,0.0,0.0,0.0,1.3198027010414236e-05
manuals,6.792164511469219e-06,0.0,0.0,0.0
manufactory,0.0,0.0,0.0,6.599013505207118e-06
manuscript,3.3960822557346093e-06,0.0,0.0,0.0
manuscripts,3.3960822557346093e-06,0.0,0.0,0.0
many,-8.19970718002064e-05,-0.0002233342637191834,-0.0002175066561252167,-8.922512952642671e-05
manzoni,0.0,2.338448047411088e-05,0.0,0.0
manœuvre,0.0,0.0,5.677625082401832e-06,0.0
map,0.0,0.0,0.0,1.9797040515621355e-05
maps,0.0,7.794826824703627e-06,0.0,0.0
marbank,0.0,0.0,0.0,1.3198027010414236e-05
marble,0.0,0.0,0.0,0.0
marbles,0.0,7.794826824703627e-06,0.0,0.0
marc,0.0,7.794826824703627e-06,0.0,0.0
march,-2.1865885813388372e-06,-7.528121248961238e-06,-3.6555740525246506e-06,-1.2746447075203814e-05
marched,0.0,1.5589653649407254e-05,0.0,0.0
marching,0.0,3.897413412351813e-05,0.0,0.0
mare,5.0941233836019144e-05,0.0,0.0,0.0
marfa,0.00026489441594729955,0.0,0.0,0.0
margaux,0.0,7.794826824703627e-06,0.0,0.0
margin,0.0,0.0,0.0,6.599013505207118e-06
margins,0.0,0.0,0.0,6.599013505207118e-06
maria,0.0,0.0,0.0,0.0
marias,0.0,0.0,1.1355250164803664e-05,0.0
marines,0.0,0.0,0.0,6.599013505207118e-06
mark,-4.3731771626776745e-06,-5.018747499307492e-06,-7.311148105049301e-06,-2.1244078458673025e-05
marked,-1.5306120069371863e-05,-7.528121248961238e-06,-2.5589018367672555e-05,-2.1244078458673025e-05
marker,0.0,7.794826824703627e-06,0.0,0.0
market,-2.951894584807431e-05,-5.018747499307492e-06,-3.6555740525246506e-06,-1.9119670612805722e-05
marking,3.3960822557346093e-06,0.0,0.0,0.0
marks,-1.0932942906694186e-06,-2.509373749653746e-06,-3.6555740525246506e-06,-2.1244078458673025e-05
marlborough,6.792164511469219e-06,0.0,0.0,0.0
marm,0.0,0.0,0.0,6.599013505207118e-06
marmeladov,0.00012565504346218057,0.0,0.0,0.0
marmeladovs,1.6980411278673048e-05,0.0,0.0,0.0
marriage,0.0,0.0,0.0,0.0
marriages,3.3960822557346093e-06,0.0,0.0,0.0
married,-2.5145768685396633e-05,-0.00010288432373580359,-0.00010783943454947718,-5.311019614668256e-05
marries,0.0,0.0,5.677625082401832e-06,0.0
marron,0.0,7.794826824703627e-06,0.0,0.0
marry,-1.639941436004128e-05,-2.5093737496537457e-05,-7.859484212927998e-05,-1.4870854921071116e-05
marrying,0.0,0.0,0.0,0.0
mars,3.3960822557346093e-06,0.0,0.0,0.0
marsala,0.0,1.5589653649407254e-05,0.0,0.0
marseilles,0.0,3.235145432636643e-06,0.0,2.7388380629084794e-06
marsh,0.0,1.5589653649407254e-05,0.0,0.0
marshals,3.3960822557346093e-06,0.0,0.0,0.0
marshes,0.0,2.338448047411088e-05,0.0,0.0
marshy,0.0,0.0,0.0,6.599013505207118e-06
martha,1.6980411278673048e-05,0.0,0.0,0.0
martialled,0.0,1.5589653649407254e-05,0.0,0.0
martini,0.0,2.338448047411088e-05,0.0,0.0
martinis,0.0,7.794826824703627e-06,0.0,0.0
martyrdom,1.409501486765347e-06,0.0,0.0,2.7388380629084794e-06
marvell,0.0,7.794826824703627e-06,0.0,0.0
marvelled,1.0188246767203828e-05,0.0,0.0,0.0
mary,-4.3731771626776745e-06,-1.0037494998614984e-05,-6.945590699796835e-05,-4.673697260908065e-05
marys,0.0,0.0,5.677625082401832e-06,0.0
masculine,0.0,3.235145432636643e-06,0.0,2.7388380629084794e-06
mashers,0.0,2.338448047411088e-05,0.0,0.0
mask,0.0,0.0,0.0,0.0
masked,0.0,0.0,0.0,6.599013505207118e-06
masks,0.0,7.794826824703627e-06,0.0,0.0
masonry,0.0,0.0,0.0,6.599013505207118e-06
masons,0.0,1.5589653649407254e-05,0.0,0.0
masquerader,0.0,7.794826824703627e-06,0.0,0.0
mass,0.0,0.0,0.0,0.0
massacre,3.3960822557346093e-06,0.0,0.0,0.0
massage,0.0,7.794826824703627e-06,0.0,0.0
masses,2.819002973530694e-06,0.0,0.0,2.7388380629084794e-06
massive,2.819002973530694e-06,0.0,0.0,1.6433028377450875e-05
master,-3.2798828720082563e-06,-2.509373749653746e-06,-4.569467565655813e-05,-2.761730199627493e-05
mastered,1.0188246767203828e-05,0.0,0.0,0.0
masterful,3.3960822557346093e-06,0.0,0.0,0.0
masterly,0.0,0.0,0.0,0.0
masters,0.0,0.0,1.1782136580214478e-05,2.7388380629084794e-06
mastery,2.819002973530694e-06,0.0,0.0,2.7388380629084794e-06
mastiff,0.0,0.0,0.0,1.3198027010414236e-05
mat,0.0,0.0,0.0,1.3198027010414236e-05
match,0.0,0.0,0.0,0.0
matched,0.0,7.794826824703627e-06,0.0,0.0
matches,2.819002973530694e-06,0.0,0.0,1.0955352251633918e-05
material,-1.3119531488033025e-05,-2.509373749653746e-06,-1.6450083236360926e-05,-8.49763138346921e-06
materially,0.0,0.0,2.8388125412009164e-05,0.0
materials,6.792164511469219e-06,0.0,0.0,0.0
maternal,0.0,0.0,1.1355250164803664e-05,0.0
maternity,0.0,7.794826824703627e-06,0.0,0.0
mates,8.457008920592081e-06,0.0,0.0,2.7388380629084794e-06
mathematical,6.792164511469219e-06,0.0,0.0,0.0
mathematically,3.3960822557346093e-06,0.0,0.0,0.0
mathematics,6.792164511469219e-06,0.0,0.0,0.0
matheson,0.0,0.0,0.0,6.599013505207118e-06
matlock,0.0,0.0,1.1355250164803664e-05,0.0
matrimonial,0.0,0.0,5.677625082401832e-06,0.0
matrimoniale,0.0,7.794826824703627e-06,0.0,0.0
matrimony,0.0,0.0,3.4065750494410995e-05,0.0
matron,0.0,2.338448047411088e-05,0.0,0.0
matronly,0.0,2.338448047411088e-05,0.0,0.0
mats,0.0,7.794826824703627e-06,0.0,0.0
mattarone,0.0,7.794826824703627e-06,0.0,0.0
matter,-0.00010932942906694188,-8.782808123788111e-05,-5.300582376160743e-05,-0.0002655509807334128
matters,0.0,0.0,0.0,0.0
matting,0.0,3.897413412351813e-05,0.0,0.0
mattings,0.0,7.794826824703627e-06,0.0,0.0
mattress,0.0,7.794826824703627e-06,0.0,0.0
mattresses,0.0,7.794826824703627e-06,0.0,0.0
mature,0.0,0.0,2.3564273160428954e-06,2.7388380629084794e-06
matured,3.3960822557346093e-06,0.0,0.0,0.0
maturer,3.3960822557346093e-06,0.0,0.0,0.0
maturity,3.3960822557346093e-06,0.0,0.0,0.0
matvey,3.3960822557346093e-06,0.0,0.0,0.0
maudsley,0.0,0.0,0.0,6.599013505207118e-06
mauritius,0.0,0.0,0.0,6.599013505207118e-06
mauvais,3.3960822557346093e-06,0.0,0.0,0.0
mawkish,3.3960822557346093e-06,0.0,0.0,0.0
maxim,0.0,0.0,0.0,6.599013505207118e-06
may,-0.0002099125038085284,-4.767810124342117e-05,-0.00035276289606862876,-0.00041850834563585853
maybe,0.0,0.0,0.0,0.0
maynt,6.792164511469219e-06,0.0,0.0,0.0
mayoralty,0.0,0.0,5.677625082401832e-06,0.0
mazurka,3.3960822557346093e-06,0.0,0.0,0.0
maître,3.3960822557346093e-06,0.0,0.0,0.0
mcadams,0.0,1.5589653649407254e-05,0.0,0.0
mccarthy,0.0,0.0,0.0,0.0002177674456718349
mccarthys,0.0,0.0,0.0,4.6193094536449825e-05
mccauley,0.0,0.0,0.0,1.3198027010414236e-05
mcfarlanes,0.0,0.0,0.0,6.599013505207118e-06
mcquires,0.0,0.0,0.0,6.599013505207118e-06
me,-0.0011687315967256087,-0.0015332273610384388,-0.0008225041618180463,-0.001348998982125737
meadow,0.0,0.0,0.0,6.599013505207118e-06
meadows,-1.0932942906694186e-06,-7.528121248961238e-06,-1.8277870262623253e-06,-4.248815691734605e-06
meal,0.0,0.0,0.0,0.0
meals,1.409501486765347e-06,3.235145432636643e-06,0.0,0.0
mean,-9.839648616024769e-05,-5.7715596242036164e-05,-6.0316971866656735e-05,-4.248815691734605e-05
meanest,0.0,0.0,5.677625082401832e-06,0.0
meaning,-1.639941436004128e-05,-5.018747499307492e-06,-2.5589018367672555e-05,-1.0622039229336513e-05
meaningless,6.792164511469219e-06,0.0,0.0,0.0
meanly,0.0,0.0,7.069281948128687e-06,2.7388380629084794e-06
meanness,7.047507433826735e-06,0.0,2.3564273160428954e-06,0.0
means,-5.466471453347094e-05,-5.018747499307492e-06,-0.00010418386049695253,-4.036374907147875e-05
meant,-3.935859446409908e-05,-2.2584363746883714e-05,-5.117803673534511e-05,-1.2746447075203814e-05
meantime,-2.1865885813388372e-06,-2.509373749653746e-06,-3.6555740525246506e-06,-6.373223537601907e-06
meanwhile,0.0,0.0,0.0,0.0
measure,-3.2798828720082563e-06,-2.509373749653746e-06,-9.138935131311627e-06,-2.1244078458673024e-06
measured,2.819002973530694e-06,0.0,0.0,8.216514188725437e-06
measurement,0.0,7.794826824703627e-06,0.0,0.0
measures,0.0,0.0,0.0,0.0
measuring,1.0188246767203828e-05,0.0,0.0,0.0
meat,0.0,0.0,0.0,0.0
mechanic,0.0,7.794826824703627e-06,0.0,0.0
mechanical,0.0,7.794826824703627e-06,0.0,0.0
mechanically,1.973302081471486e-05,0.0,2.3564273160428954e-06,0.0
mechanics,1.409501486765347e-06,2.2646018028456504e-05,0.0,0.0
mechano,0.0,1.5589653649407254e-05,0.0,0.0
medaglia,0.0,7.794826824703627e-06,0.0,0.0
medal,4.2285044602960405e-06,1.941087259581986e-05,0.0,0.0
medals,0.0,3.117930729881451e-05,0.0,0.0
meddle,1.409501486765347e-06,0.0,0.0,2.7388380629084794e-06
meddler,0.0,0.0,0.0,6.599013505207118e-06
meddling,3.3960822557346093e-06,0.0,0.0,0.0
mediation,3.3960822557346093e-06,0.0,0.0,0.0
medical,0.0,0.0,0.0,0.0
medically,0.0,7.794826824703627e-06,0.0,0.0
medicine,5.638005947061388e-06,3.235145432636643e-06,0.0,0.0
mediocre,0.0,7.794826824703627e-06,0.0,0.0
mediocrity,0.0,0.0,5.677625082401832e-06,0.0
meditate,1.409501486765347e-06,0.0,4.712854632085791e-06,0.0
meditated,0.0,0.0,1.1355250164803664e-05,0.0
meditating,4.2285044602960405e-06,0.0,7.069281948128687e-06,0.0
meditation,0.0,0.0,0.0,0.0
meditations,0.0,0.0,5.677625082401832e-06,0.0
meditative,0.0,0.0,0.0,6.599013505207118e-06
meditatively,3.3960822557346093e-06,0.0,0.0,0.0
medium,2.819002973530694e-06,3.235145432636643e-06,0.0,0.0
meek,1.0188246767203828e-05,0.0,0.0,0.0
meekly,6.792164511469219e-06,0.0,0.0,0.0
meekness,3.3960822557346093e-06,0.0,0.0,0.0
meet,-3.279882872008256e-05,-1.7565616247576225e-05,-5.483361078786975e-05,-3.611493337974414e-05
meeting,-3.170553442941315e-05,-2.509373749653746e-06,-4.021131457777115e-05,-2.1244078458673024e-06
meetings,0.0,0.0,0.0,0.0
meets,0.0,0.0,0.0,0.0
mehr,6.792164511469219e-06,0.0,0.0,0.0
melancholy,1.1276011894122775e-05,0.0,1.1782136580214478e-05,0.0
melbourne,0.0,0.0,0.0,6.599013505207118e-06
mell,3.3960822557346093e-06,0.0,0.0,0.0
melodramatic,3.3960822557346093e-06,0.0,0.0,0.0
melon,0.0,0.0,0.0,6.599013505207118e-06
melted,0.0,7.794826824703627e-06,0.0,0.0
melteth,3.3960822557346093e-06,0.0,0.0,0.0
melting,6.792164511469219e-06,0.0,0.0,0.0
member,0.0,0.0,0.0,0.0
members,1.409501486765347e-06,3.235145432636643e-06,0.0,0.0
membra,0.0,0.0,0.0,6.599013505207118e-06
memoir,0.0,0.0,0.0,6.599013505207118e-06
memoranda,0.0,0.0,0.0,6.599013505207118e-06
memorial,1.3584329022938437e-05,0.0,0.0,0.0
memories,0.0,0.0,1.1355250164803664e-05,0.0
memory,0.0,0.0,0.0,0.0
memorys,3.3960822557346093e-06,0.0,0.0,0.0
men,-0.00010276966332292536,-0.00013801555623095603,-6.214475889291907e-05,-8.07274981429575e-05
menaced,0.0,0.0,0.0,6.599013505207118e-06
menacing,1.3584329022938437e-05,0.0,0.0,0.0
menage,3.3960822557346093e-06,0.0,0.0,0.0
mend,1.409501486765347e-06,0.0,1.1782136580214478e-05,0.0
mended,6.792164511469219e-06,0.0,0.0,0.0
mendicant,0.0,0.0,0.0,6.599013505207118e-06
mendicants,0.0,0.0,0.0,6.599013505207118e-06
mending,2.819002973530694e-06,6.470290865273286e-06,0.0,0.0
meningen,0.0,0.0,0.0,6.599013505207118e-06
mens,0.0,0.0,0.0,1.3198027010414236e-05
mental,5.638005947061388e-06,0.0,0.0,2.7388380629084794e-06
mentally,3.3960822557346093e-06,0.0,0.0,0.0
mention,-8.746354325355349e-06,-7.528121248961238e-06,-5.483361078786975e-05,-4.248815691734605e-06
mentioned,-9.83964861602477e-06,-2.509373749653746e-06,-5.117803673534511e-05,-8.49763138346921e-06
mentioning,7.047507433826735e-06,0.0,1.649499121230027e-05,0.0
mentions,0.0,7.794826824703627e-06,0.0,0.0
menu,0.0,1.5589653649407254e-05,0.0,0.0
mercenary,0.0,0.0,2.8388125412009164e-05,0.0
merchant,4.2285044602960405e-06,0.0,0.0,2.7388380629084794e-06
merchants,6.792164511469219e-06,0.0,0.0,0.0
merciful,2.7168658045876875e-05,0.0,0.0,0.0
mercifully,0.0,0.0,0.0,6.599013505207118e-06
merciless,3.3960822557346093e-06,0.0,0.0,0.0
mercilessly,6.792164511469219e-06,0.0,0.0,0.0
mercurial,0.0,7.794826824703627e-06,0.0,0.0
mercury,0.0,7.794826824703627e-06,0.0,0.0
mercy,2.1142522301480205e-05,0.0,0.0,5.477676125816959e-06
mercys,3.3960822557346093e-06,0.0,0.0,0.0
mere,0.0,0.0,0.0,0.0
meredith,0.0,0.0,0.0,6.599013505207118e-06
merely,-1.2026237197363608e-05,-2.509373749653746e-06,-6.0316971866656735e-05,-2.1244078458673025e-05
merest,2.819002973530694e-06,0.0,0.0,8.216514188725437e-06
merged,0.0,7.794826824703627e-06,0.0,0.0
merit,-4.3731771626776745e-06,-2.509373749653746e-06,-1.0966722157573952e-05,-4.248815691734605e-06
merited,0.0,0.0,1.1355250164803664e-05,0.0
merits,0.0,0.0,1.1355250164803664e-05,0.0
merriment,6.792164511469219e-06,0.0,0.0,0.0
merry,0.0,0.0,0.0,0.0
merryweather,0.0,0.0,0.0,7.918816206248542e-05
meryton,0.0,0.0,0.00032362462969690443,0.0
meshes,0.0,0.0,0.0,6.599013505207118e-06
mesopotamia,0.0,7.794826824703627e-06,0.0,0.0
mess,-2.1865885813388372e-06,-6.022496999168991e-05,-1.8277870262623253e-06,-2.1244078458673024e-06
message,0.0,0.0,0.0,0.0
messages,0.0,0.0,5.677625082401832e-06,0.0
messenger,7.047507433826735e-06,0.0,0.0,2.7388380629084794e-06
messes,0.0,7.794826824703627e-06,0.0,0.0
messiah,0.0,7.794826824703627e-06,0.0,0.0
messina,0.0,7.794826824703627e-06,0.0,0.0
mestre,0.0,5.456378777292539e-05,0.0,0.0
met,-5.0291537370793266e-05,-4.0149979994459936e-05,-7.128369402423068e-05,-8.49763138346921e-05
metal,0.0,0.0,0.0,0.0
metallic,0.0,3.235145432636643e-06,0.0,1.3694190314542398e-05
metaphysical,3.3960822557346093e-06,0.0,0.0,0.0
metcalfes,0.0,0.0,5.677625082401832e-06,0.0
meter,0.0,7.794826824703627e-06,0.0,0.0
method,0.0,0.0,0.0,0.0
methods,1.409501486765347e-06,0.0,0.0,2.4649542566176314e-05
metres,0.0,7.794826824703627e-06,0.0,0.0
metropole,0.0,7.794826824703627e-06,0.0,0.0
metropolis,0.0,0.0,0.0,1.9797040515621355e-05
metropolitan,0.0,0.0,0.0,6.599013505207118e-06
metternich,0.0,7.794826824703627e-06,0.0,0.0
mews,0.0,0.0,0.0,1.9797040515621355e-05
mexico,0.0,0.0,0.0,6.599013505207118e-06
meyers,0.0,0.0002026654974422943,0.0,0.0
mia,0.0,5.456378777292539e-05,0.0,0.0
mice,1.409501486765347e-06,0.0,0.0,2.7388380629084794e-06
michaelmas,0.0,0.0,1.1355250164803664e-05,0.0
michigan,0.0,7.794826824703627e-06,0.0,0.0
microbes,6.792164511469219e-06,0.0,0.0,0.0
midday,2.819002973530694e-06,0.0,0.0,2.7388380629084794e-06
middle,-3.4985417301421396e-05,-1.5056242497922477e-05,-5.483361078786976e-06,-2.761730199627493e-05
middlesex,0.0,0.0,0.0,6.599013505207118e-06
midi,0.0,7.794826824703627e-06,0.0,0.0
midnight,0.0,0.0,0.0,0.0
midst,5.638005947061388e-06,0.0,0.0,8.216514188725437e-06
midway,0.0,0.0,0.0,6.599013505207118e-06
midwives,6.792164511469219e-06,0.0,0.0,0.0
mien,0.0,0.0,5.677625082401832e-06,0.0
might,-0.00017930026366978468,-0.00010539369748545733,-0.00036372961822620273,-0.0002676753885792801
mightnt,0.0,7.794826824703627e-06,0.0,0.0
mighty,3.3960822557346093e-06,0.0,0.0,0.0
mihailovitch,3.3960822557346093e-06,0.0,0.0,0.0
mihailovsky,3.3960822557346093e-06,0.0,0.0,0.0
mikolka,5.433731609175375e-05,0.0,0.0,0.0
mikolkas,3.3960822557346093e-06,0.0,0.0,0.0
milan,0.0,0.0002338448047411088,0.0,0.0
milano,0.0,2.338448047411088e-05,0.0,0.0
mild,1.409501486765347e-06,0.0,2.3564273160428954e-06,0.0
mildly,0.0,0.0,5.677625082401832e-06,0.0
mildness,0.0,0.0,1.1355250164803664e-05,0.0
mile,-2.1865885813388372e-06,-1.7565616247576225e-05,-1.0966722157573952e-05,-8.49763138346921e-06
miles,-2.1865885813388372e-06,-5.018747499307492e-06,-2.9244592420197205e-05,-3.611493337974414e-05
militarist,0.0,7.794826824703627e-06,0.0,0.0
military,-5.4664714533470935e-06,-1.7565616247576225e-05,-1.8277870262623253e-06,-2.1244078458673024e-06
militia,0.0,0.0,3.4065750494410995e-05,0.0
milk,0.0,9.70543629790993e-06,0.0,1.3694190314542398e-05
milkman,3.3960822557346093e-06,0.0,0.0,0.0
milksop,6.792164511469219e-06,0.0,0.0,0.0
milky,3.3960822557346093e-06,0.0,0.0,0.0
mill,0.0,7.794826824703627e-06,0.0,0.0
millar,0.0,0.0,0.0,3.299506752603559e-05
millers,0.0,0.0,5.677625082401832e-06,0.0
milliner,0.0,0.0,5.677625082401832e-06,0.0
milliners,0.0,0.0,5.677625082401832e-06,0.0
million,0.0,0.0,0.0,0.0
millionaire,1.409501486765347e-06,0.0,0.0,5.477676125816959e-06
millions,0.0,0.0,0.0,0.0
millionth,3.3960822557346093e-06,0.0,0.0,0.0
mills,0.0,0.0,0.0,6.599013505207118e-06
mince,0.0,0.0,5.677625082401832e-06,0.0
mincing,3.3960822557346093e-06,0.0,0.0,0.0
mind,-0.00016508743789108224,-7.528121248961239e-05,-0.00010418386049695253,-0.00012321565506030356
minded,0.0,0.0,0.0,0.0
mindedly,3.3960822557346093e-06,0.0,0.0,0.0
mindful,0.0,0.0,5.677625082401832e-06,0.0
minds,-1.0932942906694186e-06,-5.018747499307492e-06,-7.311148105049301e-06,-6.373223537601907e-06
mine,-2.623906297606605e-05,-2.5093737496537457e-05,-2.7416805393934876e-05,-5.523460399254986e-05
mined,0.0,1.5589653649407254e-05,0.0,0.0
mineral,0.0,1.5589653649407254e-05,0.0,0.0
miners,0.0,0.0,0.0,1.3198027010414236e-05
mines,0.0,0.0,0.0,1.3198027010414236e-05
mingle,3.3960822557346093e-06,0.0,0.0,0.0
mingled,0.0,0.0,2.3564273160428954e-06,5.477676125816959e-06
mingling,0.0,0.0,5.677625082401832e-06,0.0
miniature,0.0,0.0,0.0,6.599013505207118e-06
miniatures,0.0,0.0,1.7032875247205498e-05,0.0
mining,0.0,0.0,0.0,1.3198027010414236e-05
minister,0.0,0.0,0.0,6.599013505207118e-06
ministry,3.3960822557346093e-06,0.0,0.0,0.0
minnenwerfer,0.0,7.794826824703627e-06,0.0,0.0
minnesota,0.0,1.5589653649407254e-05,0.0,0.0
minor,1.409501486765347e-06,0.0,0.0,8.216514188725437e-06
minute,-0.00012463554913631373,-4.0149979994459936e-05,-1.6450083236360926e-05,-1.2746447075203814e-05
minutely,0.0,0.0,0.0,0.0
minuteness,1.409501486765347e-06,0.0,2.3564273160428954e-06,0.0
minutes,-6.122448027748745e-05,-1.2546868748268729e-05,-6.762811997170603e-05,-9.772276090989591e-05
minutest,1.409501486765347e-06,0.0,2.3564273160428954e-06,0.0
miracle,2.377257579014227e-05,0.0,0.0,0.0
miraculous,0.0,0.0,1.1355250164803664e-05,0.0
mirage,3.3960822557346093e-06,0.0,0.0,0.0
mire,3.3960822557346093e-06,0.0,0.0,0.0
mirror,0.0,0.0,0.0,0.0
mirrors,0.0,7.015344142233264e-05,0.0,0.0
mirth,7.047507433826735e-06,0.0,4.712854632085791e-06,0.0
mirthful,3.3960822557346093e-06,0.0,0.0,0.0
mis,0.0,0.0,1.1355250164803664e-05,0.0
mischance,0.0,0.0,0.0,0.0
mischief,0.0,0.0,0.0,0.0
mischievously,0.0,0.0,5.677625082401832e-06,0.0
misconduct,0.0,0.0,1.1355250164803664e-05,0.0
misdeed,3.3960822557346093e-06,0.0,0.0,0.0
miserable,0.0,0.0,0.0,0.0
miserably,2.819002973530694e-06,0.0,2.3564273160428954e-06,0.0
miseries,0.0,0.0,5.677625082401832e-06,0.0
miserly,0.0,0.0,5.677625082401832e-06,0.0
misery,2.255202378824555e-05,0.0,3.534640974064343e-05,0.0
misfortune,0.0,0.0,0.0,0.0
misfortunes,2.819002973530694e-06,0.0,1.1782136580214478e-05,0.0
misgivings,1.409501486765347e-06,0.0,0.0,5.477676125816959e-06
misjudged,0.0,0.0,0.0,6.599013505207118e-06
mislead,2.819002973530694e-06,0.0,2.3564273160428954e-06,0.0
misleading,0.0,0.0,5.677625082401832e-06,0.0
misleads,0.0,0.0,5.677625082401832e-06,0.0
misled,0.0,0.0,5.677625082401832e-06,0.0
mismanagement,0.0,0.0,5.677625082401832e-06,0.0
misrepresent,6.792164511469219e-06,0.0,0.0,0.0
misrepresentation,0.0,0.0,5.677625082401832e-06,0.0
misrepresented,0.0,0.0,1.1355250164803664e-05,0.0
misrepresenting,3.3960822557346093e-06,0.0,0.0,0.0
miss,-4.3731771626776745e-06,-0.00020576864747160717,-0.0005172637284322379,-0.0001869478904363226
missed,-5.4664714533470935e-06,-1.2546868748268729e-05,-5.483361078786976e-06,-1.4870854921071116e-05
misses,0.0,3.235145432636643e-06,0.0,2.7388380629084794e-06
missing,0.0,0.0,0.0,0.0
mission,0.0,0.0,0.0,1.9797040515621355e-05
missish,0.0,0.0,5.677625082401832e-06,0.0
missy,1.6980411278673048e-05,0.0,0.0,0.0
mist,4.2285044602960405e-06,2.5881163461093143e-05,0.0,0.0
mistake,-2.623906297606605e-05,-1.0037494998614984e-05,-1.4622296210098602e-05,-1.0622039229336513e-05
mistaken,0.0,0.0,0.0,0.0
mistakenly,3.3960822557346093e-06,0.0,0.0,0.0
mistakes,7.047507433826735e-06,0.0,4.712854632085791e-06,0.0
mister,0.0,0.0,0.0,1.3198027010414236e-05
mistiness,3.3960822557346093e-06,0.0,0.0,0.0
mistook,0.0,3.235145432636643e-06,2.3564273160428954e-06,0.0
mistral,0.0,7.794826824703627e-06,0.0,0.0
mistress,0.0,0.0,0.0,0.0
mistrust,1.0188246767203828e-05,0.0,0.0,0.0
mistrustful,3.3960822557346093e-06,0.0,0.0,0.0
mistrustfully,2.0376493534407657e-05,0.0,0.0,0.0
mistrusting,1.0188246767203828e-05,0.0,0.0,0.0
mists,0.0,7.794826824703627e-06,0.0,0.0
misty,0.0,7.794826824703627e-06,0.0,0.0
misunderstand,0.0,0.0,0.0,0.0
misunderstanding,1.0188246767203828e-05,0.0,0.0,0.0
misunderstandings,0.0,7.794826824703627e-06,0.0,0.0
misunderstood,0.0,0.0,1.7032875247205498e-05,0.0
mitigation,6.792164511469219e-06,0.0,0.0,0.0
mitka,2.7168658045876875e-05,0.0,0.0,0.0
mitrofanievsky,3.3960822557346093e-06,0.0,0.0,0.0
mix,0.0,0.0,5.677625082401832e-06,0.0
mixed,-5.4664714533470935e-06,-7.528121248961238e-06,-3.6555740525246506e-06,-6.373223537601907e-06
mixing,0.0,0.0,0.0,0.0
mixture,0.0,0.0,1.1782136580214478e-05,5.477676125816959e-06
mm,0.0,7.794826824703627e-06,0.0,0.0
moan,1.0188246767203828e-05,0.0,0.0,0.0
moaned,1.409501486765347e-06,3.235145432636643e-06,0.0,0.0
moaning,2.819002973530694e-06,6.470290865273286e-06,0.0,0.0
moans,3.3960822557346093e-06,0.0,0.0,0.0
mobile,1.409501486765347e-06,3.235145432636643e-06,0.0,0.0
mobility,0.0,7.794826824703627e-06,0.0,0.0
mock,3.3960822557346093e-06,0.0,0.0,0.0
mocked,3.3960822557346093e-06,0.0,0.0,0.0
mockery,1.0188246767203828e-05,0.0,0.0,0.0
mocking,2.377257579014227e-05,0.0,0.0,0.0
mockingly,3.3960822557346093e-06,0.0,0.0,0.0
mode,0.0,0.0,2.8388125412009164e-05,0.0
model,0.0,0.0,1.1355250164803664e-05,0.0
modena,0.0,7.794826824703627e-06,0.0,0.0
moderate,4.2285044602960405e-06,0.0,4.712854632085791e-06,0.0
moderately,0.0,2.338448047411088e-05,0.0,0.0
moderation,0.0,0.0,0.0,0.0
modern,0.0,0.0,0.0,0.0
modest,-1.0932942906694186e-06,-2.509373749653746e-06,-3.6555740525246506e-06,-2.1244078458673024e-06
modestly,6.792164511469219e-06,0.0,0.0,0.0
modesty,4.2285044602960405e-06,0.0,1.4138563896257373e-05,0.0
mohair,3.3960822557346093e-06,0.0,0.0,0.0
moi,3.3960822557346093e-06,0.0,0.0,0.0
moist,0.0,3.235145432636643e-06,0.0,8.216514188725437e-06
moistened,0.0,0.0,0.0,6.599013505207118e-06
moisture,0.0,0.0,0.0,1.9797040515621355e-05
mole,1.409501486765347e-06,0.0,0.0,5.477676125816959e-06
moment,-0.00021319238668053667,-1.7565616247576225e-05,-0.00011697836968078882,-7.222986675948828e-05
momentary,0.0,0.0,0.0,0.0
moments,-2.295918010405779e-05,-2.509373749653746e-06,-3.107237944645953e-05,-1.2746447075203814e-05
momentum,0.0,7.794826824703627e-06,0.0,0.0
mon,3.3960822557346093e-06,0.0,0.0,0.0
monarch,0.0,0.0,0.0,6.599013505207118e-06
monastery,1.3584329022938437e-05,0.0,0.0,0.0
monday,0.0,0.0,2.1207845844386058e-05,3.834373288071871e-05
money,-0.00018148685225112353,-8.029995998891987e-05,-4.9350249709082784e-05,-9.34739452181613e-05
monfalcone,0.0,7.794826824703627e-06,0.0,0.0
monger,0.0,0.0,0.0,6.599013505207118e-06
monica,0.0,0.0,0.0,1.9797040515621355e-05
monk,3.3960822557346093e-06,0.0,0.0,0.0
monkey,0.0,1.5589653649407254e-05,0.0,0.0
monogram,0.0,0.0,0.0,1.3198027010414236e-05
monograph,0.0,0.0,0.0,1.9797040515621355e-05
monologues,6.792164511469219e-06,0.0,0.0,0.0
monomania,6.792164511469219e-06,0.0,0.0,0.0
monomaniac,2.819002973530694e-06,0.0,0.0,2.7388380629084794e-06
monomaniacs,6.792164511469219e-06,0.0,0.0,0.0
monosyllable,0.0,0.0,2.3564273160428954e-06,2.7388380629084794e-06
monosyllables,0.0,0.0,0.0,6.599013505207118e-06
monotonous,0.0,0.0,2.3564273160428954e-06,8.216514188725437e-06
monotony,0.0,0.0,0.0,6.599013505207118e-06
monsieur,0.0,2.338448047411088e-05,0.0,0.0
monster,2.7168658045876875e-05,0.0,0.0,0.0
monstrous,2.0376493534407657e-05,0.0,0.0,0.0
monstrously,3.3960822557346093e-06,0.0,0.0,0.0
mont,3.3960822557346093e-06,0.0,0.0,0.0
montague,0.0,0.0,0.0,6.599013505207118e-06
montana,0.0,0.0,0.0,6.599013505207118e-06
monte,0.0,2.338448047411088e-05,0.0,0.0
monter,3.3960822557346093e-06,0.0,0.0,0.0
month,-3.607871159209082e-05,-5.018747499307492e-06,-1.4622296210098602e-05,-1.4870854921071116e-05
monthly,0.0,0.0,5.677625082401832e-06,0.0
months,-3.279882872008256e-05,-4.516872749376743e-05,-4.203910160403348e-05,-2.761730199627493e-05
montreux,0.0,0.00017928101696818342,0.0,0.0
monumental,1.0188246767203828e-05,0.0,0.0,0.0
monuments,3.3960822557346093e-06,0.0,0.0,0.0
mood,1.2685513380888124e-05,0.0,0.0,8.216514188725437e-06
moodily,0.0,0.0,0.0,6.599013505207118e-06
moods,0.0,0.0,0.0,6.599013505207118e-06
moody,1.409501486765347e-06,0.0,0.0,2.7388380629084794e-06
moon,0.0,0.0,0.0,0.0
moonless,0.0,0.0,0.0,6.599013505207118e-06
moonlight,0.0,0.0,0.0,0.0
moonshine,0.0,0.0,0.0,1.9797040515621355e-05
moored,3.3960822557346093e-06,0.0,0.0,0.0
mopping,0.0,0.0,0.0,6.599013505207118e-06
moral,-1.5306120069371863e-05,-2.509373749653746e-06,-5.483361078786976e-06,-4.248815691734605e-06
morality,2.819002973530694e-06,0.0,2.3564273160428954e-06,0.0
moralize,0.0,0.0,5.677625082401832e-06,0.0
morally,3.3960822557346093e-06,0.0,0.0,0.0
morals,3.3960822557346093e-06,0.0,0.0,0.0
moran,0.0,0.0,0.0,8.578717556769254e-05
morbid,4.0752987068815313e-05,0.0,0.0,0.0
morbidly,6.792164511469219e-06,0.0,0.0,0.0
morcar,0.0,0.0,0.0,1.3198027010414236e-05
morcars,0.0,0.0,0.0,1.3198027010414236e-05
more,-0.00045153054204647,-0.00024340925371641334,-0.0005867196354302064,-0.0003696469651809106
moreover,2.9599531222072284e-05,0.0,2.592070047647185e-05,0.0
moretti,0.0,7.794826824703627e-06,0.0,0.0
morgenfrüh,3.3960822557346093e-06,0.0,0.0,0.0
morning,-6.669095173083455e-05,-0.00012546868748268729,-0.0001389118139959367,-0.00021668960027846485
mornings,0.0,0.0,0.0,0.0
morocco,0.0,0.0,0.0,1.3198027010414236e-05
morose,5.638005947061388e-06,0.0,0.0,8.216514188725437e-06
morosely,3.3960822557346093e-06,0.0,0.0,0.0
morris,0.0,0.0,2.3564273160428954e-06,5.477676125816959e-06
morrow,-5.466471453347094e-05,-4.767810124342117e-05,-3.655574052524651e-05,-3.8239341225611444e-05
morsel,3.3960822557346093e-06,0.0,0.0,0.0
mortal,0.0,0.0,0.0,0.0
mortals,0.0,0.0,0.0,6.599013505207118e-06
mortar,0.0,0.0,0.0,0.0
mortgage,0.0,0.0,0.0,6.599013505207118e-06
mortification,0.0,0.0,3.4065750494410995e-05,0.0
mortifications,0.0,0.0,5.677625082401832e-06,0.0
mortified,1.409501486765347e-06,0.0,1.1782136580214478e-05,0.0
mortifies,0.0,0.0,5.677625082401832e-06,0.0
mortifying,0.0,0.0,3.4065750494410995e-05,0.0
mortimers,0.0,0.0,0.0,6.599013505207118e-06
moscow,2.377257579014227e-05,0.0,0.0,0.0
mosquito,0.0,2.338448047411088e-05,0.0,0.0
moss,0.0,0.0,0.0,1.3198027010414236e-05
most,-0.00014212825778702444,-4.0149979994459936e-05,-0.00033814059985853016,-0.0001890722982821899
mostly,-1.0932942906694186e-06,-1.0037494998614984e-05,-1.8277870262623253e-06,-6.373223537601907e-06
mother,-0.00021209909238986726,-2.5093737496537457e-05,-0.00020471214694138044,-4.248815691734605e-05
mothers,-3.279882872008256e-05,-2.509373749653746e-06,-4.569467565655813e-05,-6.373223537601907e-06
motion,0.0,0.0,2.3564273160428954e-06,1.0955352251633918e-05
motioned,0.0,0.0,0.0,0.0
motioning,3.3960822557346093e-06,0.0,0.0,0.0
motionless,5.638005947061388e-06,0.0,0.0,2.7388380629084794e-06
motive,0.0,0.0,0.0,0.0
motives,0.0,0.0,0.0,0.0
motor,0.0,0.00012471722919525803,0.0,0.0
motorman,0.0,7.794826824703627e-06,0.0,0.0
mottled,0.0,0.0,0.0,6.599013505207118e-06
mould,0.0,0.0,0.0,1.3198027010414236e-05
moulton,0.0,0.0,0.0,1.9797040515621355e-05
mount,1.409501486765347e-06,0.0,4.712854632085791e-06,0.0
mountain,2.819002973530694e-06,0.00012617067187282907,0.0,0.0
mountains,0.0,0.0,0.0,0.0
mounted,8.457008920592081e-06,9.70543629790993e-06,0.0,0.0
mounting,9.86651040735743e-06,0.0,2.3564273160428954e-06,0.0
mournful,2.377257579014227e-05,0.0,0.0,0.0
mournfully,1.0188246767203828e-05,0.0,0.0,0.0
mourning,2.377257579014227e-05,0.0,0.0,0.0
mouse,2.0376493534407657e-05,0.0,0.0,0.0
mousseline,0.0,0.0,0.0,6.599013505207118e-06
moustache,2.819002973530694e-06,0.0,0.0,5.477676125816959e-06
moustached,0.0,0.0,0.0,6.599013505207118e-06
moustaches,6.792164511469219e-06,0.0,0.0,0.0
mouth,-2.1865885813388374e-05,-2.5093737496537457e-05,-1.8277870262623253e-06,-2.1244078458673025e-05
mouthed,0.0,0.0,0.0,0.0
mouthful,0.0,1.5589653649407254e-05,0.0,0.0
mouths,-2.1865885813388372e-06,-2.509373749653746e-06,-3.6555740525246506e-06,-2.1244078458673024e-06
movables,3.3960822557346093e-06,0.0,0.0,0.0
move,-1.3119531488033025e-05,-5.2696848742728664e-05,-5.483361078786976e-06,-8.49763138346921e-06
moved,-4.045188875476849e-05,-4.767810124342117e-05,-1.6450083236360926e-05,-8.49763138346921e-06
movement,0.0,0.0,0.0,0.0
movements,1.6980411278673048e-05,0.0,0.0,0.0
moves,0.0,6.470290865273286e-06,0.0,2.7388380629084794e-06
movies,0.0,7.794826824703627e-06,0.0,0.0
moving,-2.951894584807431e-05,-4.767810124342117e-05,-1.0966722157573952e-05,-8.49763138346921e-06
mr,-9.402330899757001e-05,-5.2696848742728664e-05,-0.0014256738804846137,-0.0005842121576135082
mrs,0.0,0.0,0.0,0.0
much,-0.00019679297232049538,-0.00032370921370533326,-0.0005995141446140427,-0.0002549289415040763
mud,-3.2798828720082563e-06,-3.0112484995844953e-05,-1.8277870262623253e-06,-1.0622039229336513e-05
muddle,1.3584329022938437e-05,0.0,0.0,0.0
muddled,2.7168658045876875e-05,0.0,0.0,0.0
muddles,3.3960822557346093e-06,0.0,0.0,0.0
muddy,1.409501486765347e-06,4.205689062427636e-05,0.0,0.0
muff,0.0,0.0,0.0,6.599013505207118e-06
muffin,0.0,0.0,5.677625082401832e-06,0.0
mufti,0.0,7.794826824703627e-06,0.0,0.0
mug,1.409501486765347e-06,3.235145432636643e-06,0.0,0.0
mugs,0.0,7.794826824703627e-06,0.0,0.0
mulberry,0.0,3.117930729881451e-05,0.0,0.0
mule,0.0,7.794826824703627e-06,0.0,0.0
mules,0.0,3.897413412351813e-05,0.0,0.0
multiple,0.0,7.794826824703627e-06,0.0,0.0
multiply,0.0,0.0,0.0,6.599013505207118e-06
multitude,0.0,0.0,5.677625082401832e-06,0.0
mumbled,5.638005947061388e-06,0.0,0.0,5.477676125816959e-06
mumbling,0.0,0.0,0.0,1.3198027010414236e-05
munich,0.0,0.0,0.0,0.0
munificent,0.0,0.0,0.0,6.599013505207118e-06
munro,0.0,0.0,0.0,1.3198027010414236e-05
murder,7.047507433826736e-05,0.0,0.0,2.1910704503267835e-05
murdered,3.3828035682368324e-05,0.0,0.0,1.0955352251633918e-05
murderer,4.651354906325645e-05,0.0,0.0,1.3694190314542398e-05
murderers,2.819002973530694e-06,0.0,0.0,2.7388380629084794e-06
murdering,2.819002973530694e-06,0.0,0.0,2.7388380629084794e-06
murderous,0.0,0.0,0.0,1.9797040515621355e-05
murders,2.819002973530694e-06,0.0,0.0,2.7388380629084794e-06
murky,0.0,0.0,0.0,6.599013505207118e-06
murmur,1.0188246767203828e-05,0.0,0.0,0.0
murmured,4.2285044602960405e-06,0.0,0.0,1.6433028377450875e-05
murmurs,1.409501486765347e-06,0.0,2.3564273160428954e-06,0.0
muscles,0.0,0.0,0.0,6.599013505207118e-06
mused,3.3960822557346093e-06,0.0,0.0,0.0
musette,0.0,7.794826824703627e-06,0.0,0.0
musettes,0.0,3.897413412351813e-05,0.0,0.0
museum,0.0,0.0,0.0,1.9797040515621355e-05
mushrooms,3.3960822557346093e-06,0.0,0.0,0.0
music,0.0,0.0,0.0,0.0
musical,1.409501486765347e-06,0.0,2.3564273160428954e-06,0.0
musician,1.409501486765347e-06,0.0,0.0,2.7388380629084794e-06
musing,1.3584329022938437e-05,0.0,0.0,0.0
muslin,4.2285044602960405e-06,0.0,7.069281948128687e-06,0.0
muslins,0.0,0.0,5.677625082401832e-06,0.0
musnt,3.3960822557346093e-06,0.0,0.0,0.0
muss,3.3960822557346093e-06,0.0,0.0,0.0
must,-0.00032033522716613973,-0.000158090546228186,-0.0005629584040887961,-0.0003420296631846357
mustache,0.0,5.456378777292539e-05,0.0,0.0
mustaches,0.0,4.676896094822176e-05,0.0,0.0
mustard,1.409501486765347e-06,0.0,0.0,2.7388380629084794e-06
muster,0.0,0.0,0.0,6.599013505207118e-06
mustnt,1.832351932794951e-05,4.205689062427636e-05,0.0,0.0
mute,3.3960822557346093e-06,0.0,0.0,0.0
mutilated,3.3960822557346093e-06,0.0,0.0,0.0
mutinied,0.0,7.794826824703627e-06,0.0,0.0
mutter,6.792164511469219e-06,0.0,0.0,0.0
muttered,9.58461011000436e-05,0.0,0.0,1.0955352251633918e-05
muttering,5.638005947061388e-06,0.0,0.0,5.477676125816959e-06
mutton,6.792164511469219e-06,0.0,0.0,0.0
mutual,0.0,0.0,0.0,0.0
mutually,0.0,0.0,5.677625082401832e-06,0.0
muzzle,0.0,0.0,0.0,1.3198027010414236e-05
muzzles,0.0,7.794826824703627e-06,0.0,0.0
my,-0.0008647957839195102,-0.0009635995198670385,-0.0013196622329613987,-0.002135029885096639
myself,-0.000174927086507107,-8.029995998891987e-05,-0.0001736397674949209,-0.00016357940413178228
mysteries,0.0,0.0,0.0,1.9797040515621355e-05
mysterious,0.0,0.0,0.0,0.0
mysteriously,6.792164511469219e-06,0.0,0.0,0.0
mystery,0.0,0.0,0.0,0.0
mystic,3.3960822557346093e-06,0.0,0.0,0.0
mystification,3.3960822557346093e-06,0.0,0.0,0.0
mystified,3.3960822557346093e-06,0.0,0.0,0.0
mystify,3.3960822557346093e-06,0.0,0.0,0.0
myth,0.0,0.0,0.0,6.599013505207118e-06
mädchen,3.3960822557346093e-06,0.0,0.0,0.0
métier,0.0,0.0,0.0,6.599013505207118e-06
mürren,0.0,1.5589653649407254e-05,0.0,0.0
n,2.7168658045876875e-05,0.0,0.0,0.0
nag,1.3584329022938437e-05,0.0,0.0,0.0
nags,3.3960822557346093e-06,0.0,0.0,0.0
nail,0.0,0.0,0.0,0.0
nailed,1.409501486765347e-06,3.235145432636643e-06,0.0,0.0
nails,0.0,0.0,0.0,0.0
naked,1.409501486765347e-06,0.0,0.0,2.7388380629084794e-06
name,-5.357142024280152e-05,-5.7715596242036164e-05,-6.0316971866656735e-05,-0.00013171328644377274
named,-2.1865885813388372e-06,-1.2546868748268729e-05,-1.8277870262623253e-06,-1.0622039229336513e-05
names,-3.2798828720082563e-06,-1.2546868748268729e-05,-1.0966722157573952e-05,-1.0622039229336513e-05
naming,0.0,0.0,5.677625082401832e-06,0.0
nap,3.3960822557346093e-06,0.0,0.0,0.0
nape,3.3960822557346093e-06,0.0,0.0,0.0
napkin,1.0188246767203828e-05,0.0,0.0,0.0
naples,1.409501486765347e-06,9.70543629790993e-06,0.0,0.0
napoleon,1.5504516354418816e-05,1.941087259581986e-05,0.0,0.0
napoleons,2.819002973530694e-06,0.0,0.0,5.477676125816959e-06
napoli,0.0,7.794826824703627e-06,0.0,0.0
narcissus,3.3960822557346093e-06,0.0,0.0,0.0
narrated,0.0,0.0,0.0,6.599013505207118e-06
narrative,0.0,0.0,2.3564273160428954e-06,3.286605675490175e-05
narratives,0.0,0.0,0.0,1.3198027010414236e-05
narrow,-7.653060034685932e-06,-5.2696848742728664e-05,-3.6555740525246506e-06,-2.3368486304540325e-05
narrowed,0.0,0.0,0.0,6.599013505207118e-06
narrower,0.0,7.794826824703627e-06,0.0,0.0
narrowest,0.0,0.0,5.677625082401832e-06,0.0
narrowly,0.0,0.0,4.712854632085791e-06,5.477676125816959e-06
nastasya,0.0002852709094817072,0.0,0.0,0.0
nastasyas,1.6980411278673048e-05,0.0,0.0,0.0
nastiness,6.792164511469219e-06,0.0,0.0,0.0
nasty,0.0,0.0,0.0,0.0
natalya,3.3960822557346093e-06,0.0,0.0,0.0
nation,0.0,6.470290865273286e-06,0.0,2.7388380629084794e-06
national,0.0,0.0,0.0,0.0
nationality,0.0,7.794826824703627e-06,0.0,0.0
nations,0.0,3.117930729881451e-05,0.0,0.0
native,0.0,0.0,0.0,0.0
natural,-2.5145768685396633e-05,-2.509373749653746e-06,-4.021131457777115e-05,-1.9119670612805722e-05
naturally,-3.2798828720082563e-06,-2.509373749653746e-06,-2.1933444315147905e-05,-1.9119670612805722e-05
naturalness,3.3960822557346093e-06,0.0,0.0,0.0
nature,-3.279882872008256e-05,-2.509373749653746e-06,-4.386688863029581e-05,-5.098578830081526e-05
natured,0.0,0.0,0.0,0.0
naturedly,0.0,0.0,5.677625082401832e-06,0.0
naughty,3.3960822557346093e-06,0.0,0.0,0.0
nauseated,0.0,7.794826824703627e-06,0.0,0.0
nautical,0.0,0.0,0.0,6.599013505207118e-06
naval,0.0,7.794826824703627e-06,0.0,0.0
navel,3.3960822557346093e-06,0.0,0.0,0.0
navy,0.0,1.5589653649407254e-05,0.0,0.0
navys,0.0,7.794826824703627e-06,0.0,0.0
nay,0.0,0.0,2.3564273160428955e-05,2.7388380629084794e-06
naïve,1.3584329022938437e-05,0.0,0.0,0.0
naïvely,1.0188246767203828e-05,0.0,0.0,0.0
ne,3.3960822557346093e-06,0.0,0.0,0.0
near,-3.826530017342966e-05,-5.0187474993074915e-05,-6.945590699796835e-05,-6.585664322188637e-05
nearer,-6.559765744016513e-06,-5.018747499307492e-06,-9.138935131311627e-06,-6.373223537601907e-06
nearest,-3.2798828720082563e-06,-2.509373749653746e-06,-9.138935131311627e-06,-4.248815691734605e-06
nearing,0.0,0.0,0.0,1.3198027010414236e-05
nearly,-2.951894584807431e-05,-5.2696848742728664e-05,-1.4622296210098602e-05,-2.761730199627493e-05
nearness,0.0,0.0,5.677625082401832e-06,0.0
neat,0.0,0.0,2.3564273160428954e-06,1.3694190314542398e-05
neatly,0.0,0.0,0.0,0.0
neatness,0.0,0.0,4.712854632085791e-06,2.7388380629084794e-06
necessarily,0.0,0.0,2.271050032960733e-05,0.0
necessary,-2.0772591522718957e-05,-1.5056242497922477e-05,-5.6661397814132085e-05,-1.0622039229336513e-05
necessitate,0.0,0.0,0.0,6.599013505207118e-06
necessity,0.0,0.0,0.0,0.0
neck,0.0,0.0,0.0,0.0
necked,1.409501486765347e-06,3.235145432636643e-06,0.0,0.0
necks,0.0,1.5589653649407254e-05,0.0,0.0
necktie,0.0,0.0,0.0,6.599013505207118e-06
nectarines,0.0,0.0,5.677625082401832e-06,0.0
ned,0.0,0.0,0.0,6.599013505207118e-06
need,-7.106412889351222e-05,-5.7715596242036164e-05,-3.472795349898418e-05,-4.4612564763213354e-05
needed,-1.3119531488033025e-05,-1.7565616247576225e-05,-5.483361078786976e-06,-1.0622039229336513e-05
needful,3.3960822557346093e-06,0.0,0.0,0.0
needle,2.819002973530694e-06,0.0,0.0,2.7388380629084794e-06
needless,0.0,0.0,1.7032875247205498e-05,0.0
needlessly,0.0,0.0,5.677625082401832e-06,0.0
needlework,0.0,0.0,5.677625082401832e-06,0.0
neednt,1.0188246767203828e-05,0.0,0.0,0.0
needs,7.047507433826735e-06,0.0,0.0,5.477676125816959e-06
negative,2.819002973530694e-06,0.0,7.069281948128687e-06,0.0
negatived,0.0,0.0,5.677625082401832e-06,0.0
neglect,2.819002973530694e-06,0.0,2.592070047647185e-05,0.0
neglected,1.409501486765347e-06,0.0,4.712854632085791e-06,0.0
neglecting,0.0,0.0,1.1355250164803664e-05,0.0
negligence,0.0,0.0,5.677625082401832e-06,0.0
negligent,0.0,0.0,5.677625082401832e-06,0.0
negro,0.0,0.0,0.0,6.599013505207118e-06
negroes,0.0,0.0,0.0,6.599013505207118e-06
neighbour,0.0,0.0,0.0,0.0
neighbourhood,0.0,0.0,0.0,0.0
neighbourhoods,0.0,0.0,5.677625082401832e-06,0.0
neighbouring,0.0,0.0,0.0,0.0
neighbours,0.0,0.0,0.0,0.0
neither,-6.559765744016513e-06,-5.018747499307492e-06,-6.945590699796835e-05,-3.399052553387684e-05
nephew,0.0,0.0,0.00011355250164803665,0.0
nephews,1.409501486765347e-06,0.0,9.425709264171582e-06,0.0
nerve,2.819002973530694e-06,0.0,0.0,8.216514188725437e-06
nerves,-1.4212825778702444e-05,-2.509373749653746e-06,-7.311148105049301e-06,-1.2746447075203814e-05
nervous,0.0,0.0,0.0,0.0
nervously,5.638005947061388e-06,0.0,0.0,2.7388380629084794e-06
nest,1.409501486765347e-06,0.0,0.0,2.7388380629084794e-06
nestled,3.3960822557346093e-06,0.0,0.0,0.0
net,0.0,0.0,2.3564273160428954e-06,2.7388380629084794e-06
netherfield,0.0,0.0,0.0004144666310153338,0.0
nets,0.0,1.5589653649407254e-05,0.0,0.0
netting,0.0,6.470290865273286e-06,2.3564273160428954e-06,0.0
nettled,0.0,0.0,5.677625082401832e-06,0.0
network,0.0,7.794826824703627e-06,0.0,0.0
neutral,0.0,0.0,0.0,1.9797040515621355e-05
neva,5.0941233836019144e-05,0.0,0.0,0.0
never,-0.00018039355796045412,-0.00027854048621156583,-0.00040394093280397386,-0.00022943604735366867
nevertheless,6.792164511469219e-06,0.0,0.0,0.0
neville,0.0,0.0,0.0,0.00012538125659893525
nevsky,6.792164511469219e-06,0.0,0.0,0.0
new,-0.00011807578339229724,-8.029995998891987e-05,-4.569467565655813e-05,-6.373223537601907e-05
newcastle,0.0,0.0,2.271050032960733e-05,0.0
newcomer,0.0,0.0,0.0,1.3198027010414236e-05
newcomers,0.0,3.235145432636643e-06,0.0,5.477676125816959e-06
newer,0.0,0.0,0.0,6.599013505207118e-06
newest,0.0,0.0,5.677625082401832e-06,0.0
newly,0.0,0.0,0.0,0.0
news,-1.4212825778702444e-05,-3.0112484995844953e-05,-5.848918484039441e-05,-3.8239341225611444e-05
newspaper,-3.2798828720082563e-06,-5.018747499307492e-06,-1.8277870262623253e-06,-1.0622039229336513e-05
newspapers,2.819002973530694e-06,0.0,0.0,1.0955352251633918e-05
newton,1.0188246767203828e-05,0.0,0.0,0.0
next,-6.997083460284279e-05,-7.528121248961239e-05,-0.0001316006658908874,-5.098578830081526e-05
nez,0.0,0.0,0.0,1.3198027010414236e-05
nezhin,3.3960822557346093e-06,0.0,0.0,0.0
niagara,0.0,7.794826824703627e-06,0.0,0.0
nice,-1.3119531488033025e-05,-0.00012044993998337981,-9.138935131311627e-06,-1.4870854921071116e-05
nicely,0.0,0.0,0.0,0.0
niceness,0.0,7.794826824703627e-06,0.0,0.0
nicest,0.0,0.0,5.677625082401832e-06,0.0
nicety,3.3960822557346093e-06,0.0,0.0,0.0
nicher,3.3960822557346093e-06,0.0,0.0,0.0
nicholls,0.0,0.0,5.677625082401832e-06,0.0
nichols,0.0,0.0,5.677625082401832e-06,0.0
nick,6.792164511469219e-06,0.0,0.0,0.0
nickel,0.0,0.0,0.0,6.599013505207118e-06
nickels,0.0,7.794826824703627e-06,0.0,0.0
nickname,3.3960822557346093e-06,0.0,0.0,0.0
niece,-1.0932942906694186e-06,-5.018747499307492e-06,-3.655574052524651e-05,-1.2746447075203814e-05
nieces,0.0,0.0,6.813150098882199e-05,0.0
nigger,1.409501486765347e-06,3.235145432636643e-06,0.0,0.0
nigh,0.0,0.0,0.0,6.599013505207118e-06
night,-0.00010276966332292536,-0.00038644355744667686,-6.397254591918138e-05,-0.00024218249442887246
nightcap,0.0,0.0,5.677625082401832e-06,0.0
nightgown,0.0,5.456378777292539e-05,0.0,0.0
nightingale,3.3960822557346093e-06,0.0,0.0,0.0
nightmare,3.3960822557346093e-06,0.0,0.0,0.0
nights,0.0,0.0,0.0,0.0
nihil,6.792164511469219e-06,0.0,0.0,0.0
nihilist,3.3960822557346093e-06,0.0,0.0,0.0
nihilists,6.792164511469219e-06,0.0,0.0,0.0
nikiforovna,6.792164511469219e-06,0.0,0.0,0.0
nikodim,8.150597413763063e-05,0.0,0.0,0.0
nikolaevsky,3.3960822557346093e-06,0.0,0.0,0.0
nikolay,0.00020036885308834197,0.0,0.0,0.0
nikolayd,3.3960822557346093e-06,0.0,0.0,0.0
nikolays,1.6980411278673048e-05,0.0,0.0,0.0
nil,3.3960822557346093e-06,0.0,0.0,0.0
nind,0.0,0.0,1.7032875247205498e-05,0.0
nine,-1.3119531488033025e-05,-5.018747499307492e-06,-3.6555740525246506e-06,-2.974170984214223e-05
nines,3.3960822557346093e-06,0.0,0.0,0.0
nineteen,3.3960822557346093e-06,0.0,0.0,0.0
nineteenth,3.3960822557346093e-06,0.0,0.0,0.0
ninety,2.819002973530694e-06,9.70543629790993e-06,0.0,0.0
nip,0.0,0.0,0.0,6.599013505207118e-06
nipper,0.0,0.0,0.0,6.599013505207118e-06
nitrate,0.0,0.0,0.0,6.599013505207118e-06
nix,0.0,7.794826824703627e-06,0.0,0.0
no,-0.0007576529434339072,-0.0009535620248684234,-0.0008974434298948018,-0.0008285190598882479
noahs,3.3960822557346093e-06,0.0,0.0,0.0
nobility,6.792164511469219e-06,0.0,0.0,0.0
noble,-1.0932942906694187e-05,-7.528121248961238e-06,-2.0105657288885576e-05,-2.549289415040763e-05
nobleman,1.409501486765347e-06,0.0,0.0,5.477676125816959e-06
noblemen,3.3960822557346093e-06,0.0,0.0,0.0
nobler,2.819002973530694e-06,0.0,2.3564273160428954e-06,0.0
noblest,0.0,0.0,2.3564273160428954e-06,5.477676125816959e-06
nobly,3.3960822557346093e-06,0.0,0.0,0.0
nobody,-8.746354325355349e-06,-3.26218587454987e-05,-3.107237944645953e-05,-2.1244078458673024e-06
nobodys,0.0,0.0,5.677625082401832e-06,0.0
nocturnal,0.0,0.0,0.0,1.3198027010414236e-05
nod,0.0,0.0,0.0,6.599013505207118e-06
nodded,0.0,0.0,0.0,0.0
nodding,5.638005947061388e-06,0.0,0.0,5.477676125816959e-06
nods,0.0,0.0,5.677625082401832e-06,0.0
nog,0.0,7.794826824703627e-06,0.0,0.0
noise,-1.2026237197363608e-05,-2.0074989997229968e-05,-5.483361078786976e-06,-8.49763138346921e-06
noised,0.0,0.0,0.0,6.599013505207118e-06
noiseless,2.819002973530694e-06,0.0,0.0,5.477676125816959e-06
noiselessly,9.86651040735743e-06,0.0,0.0,5.477676125816959e-06
noisily,6.792164511469219e-06,0.0,0.0,0.0
noisy,0.0,0.0,0.0,0.0
nomads,3.3960822557346093e-06,0.0,0.0,0.0
nominal,0.0,0.0,0.0,1.9797040515621355e-05
nominally,0.0,0.0,5.677625082401832e-06,0.0
nonchalance,6.792164511469219e-06,0.0,0.0,0.0
nonchalant,3.3960822557346093e-06,0.0,0.0,0.0
nonconformist,0.0,0.0,0.0,6.599013505207118e-06
none,-6.559765744016513e-06,-2.5093737496537457e-05,-3.472795349898418e-05,-7.222986675948828e-05
nonentity,1.409501486765347e-06,0.0,0.0,2.7388380629084794e-06
nonsense,-7.871718892819816e-05,-2.2584363746883714e-05,-1.4622296210098602e-05,-4.248815691734605e-06
nonsensical,1.409501486765347e-06,0.0,7.069281948128687e-06,0.0
noon,0.0,1.6175727163183214e-05,4.712854632085791e-06,0.0
noose,1.832351932794951e-05,0.0,0.0,2.7388380629084794e-06
nor,-3.0612240138743727e-05,-1.2546868748268729e-05,-0.00013342845291714975,-3.8239341225611444e-05
normal,0.0,0.0,0.0,0.0
normally,6.792164511469219e-06,0.0,0.0,0.0
north,-1.0932942906694186e-06,-6.52437174909974e-05,-1.0966722157573952e-05,-1.4870854921071116e-05
northern,0.0,0.0,1.7032875247205498e-05,0.0
northumberland,0.0,0.0,0.0,6.599013505207118e-06
northward,0.0,0.0,1.1355250164803664e-05,0.0
norton,0.0,0.0,0.0,4.6193094536449825e-05
nose,-9.83964861602477e-06,-2.5093737496537457e-05,-1.8277870262623253e-06,-1.699526276693842e-05
nosed,0.0,0.0,0.0,0.0
nosegays,3.3960822557346093e-06,0.0,0.0,0.0
noses,1.0188246767203828e-05,0.0,0.0,0.0
nosing,0.0,7.794826824703627e-06,0.0,0.0
nostrils,0.0,0.0,0.0,1.3198027010414236e-05
not,-0.0019176381858341605,-0.0016260741897756274,-0.002608252086476338,-0.0013511233899716044
notable,0.0,0.0,0.0,6.599013505207118e-06
notably,0.0,0.0,0.0,6.599013505207118e-06
notched,1.409501486765347e-06,3.235145432636643e-06,0.0,0.0
notches,6.792164511469219e-06,0.0,0.0,0.0
note,-5.5758008824140356e-05,-2.7603111246191207e-05,-1.4622296210098602e-05,-7.647868245122289e-05
notebook,4.2285044602960405e-06,3.235145432636643e-06,0.0,0.0
notebooks,3.3960822557346093e-06,0.0,0.0,0.0
noted,7.047507433826735e-06,0.0,0.0,5.477676125816959e-06
notepaper,0.0,0.0,0.0,6.599013505207118e-06
notes,-1.8586002941380122e-05,-2.509373749653746e-06,-1.8277870262623253e-06,-1.9119670612805722e-05
noteworthy,6.792164511469219e-06,0.0,0.0,0.0
nothing,-0.00031158887284078436,-0.00021580614247022217,-0.00032351830364843156,-0.00022943604735366867
nothingness,0.0,0.0,5.677625082401832e-06,0.0
nothings,0.0,3.235145432636643e-06,2.3564273160428954e-06,0.0
notice,-5.0291537370793266e-05,-1.2546868748268729e-05,-3.838352755150883e-05,-1.699526276693842e-05
noticeable,2.7168658045876875e-05,0.0,0.0,0.0
noticeably,3.3960822557346093e-06,0.0,0.0,0.0
noticed,-7.434401176552049e-05,-1.5056242497922477e-05,-1.4622296210098602e-05,-1.4870854921071116e-05
notices,0.0,0.0,0.0,1.3198027010414236e-05
noticing,2.819002973530694e-05,0.0,2.3564273160428954e-06,0.0
noting,0.0,0.0,0.0,1.3198027010414236e-05
notion,0.0,0.0,0.0,0.0
notions,1.409501486765347e-06,0.0,7.069281948128687e-06,0.0
notorious,7.047507433826735e-06,0.0,0.0,2.7388380629084794e-06
notoriously,3.3960822557346093e-06,0.0,0.0,0.0
notre,3.3960822557346093e-06,0.0,0.0,0.0
nou,3.3960822557346093e-06,0.0,0.0,0.0
nourishes,0.0,0.0,5.677625082401832e-06,0.0
nous,0.0,0.0,0.0,6.599013505207118e-06
nova,0.0,0.0,0.0,6.599013505207118e-06
novel,4.2285044602960405e-06,0.0,0.0,1.0955352251633918e-05
novels,1.409501486765347e-06,0.0,2.3564273160428954e-06,0.0
novelties,3.3960822557346093e-06,0.0,0.0,0.0
novelty,0.0,0.0,2.8388125412009164e-05,0.0
november,0.0,1.2940581730546572e-05,1.1782136580214478e-05,0.0
novice,6.792164511469219e-06,0.0,0.0,0.0
novices,3.3960822557346093e-06,0.0,0.0,0.0
now,-0.0006177112742282216,-0.0005344966086762479,-0.0003856630625413506,-0.0004971114359329488
nowadays,1.409501486765347e-05,3.235145432636643e-06,0.0,0.0
nowhere,0.0,0.0,0.0,0.0
noxious,3.3960822557346093e-06,0.0,0.0,0.0
nucleus,0.0,0.0,0.0,6.599013505207118e-06
nudging,3.3960822557346093e-06,0.0,0.0,0.0
nuisance,1.409501486765347e-06,6.470290865273286e-06,0.0,0.0
numb,1.3584329022938437e-05,0.0,0.0,0.0
numbed,1.409501486765347e-06,3.235145432636643e-06,0.0,0.0
number,-1.3119531488033025e-05,-2.5093737496537457e-05,-9.138935131311627e-06,-2.549289415040763e-05
numbers,0.0,0.0,0.0,0.0
numeral,0.0,7.794826824703627e-06,0.0,0.0
numerous,0.0,0.0,0.0,0.0
nun,3.3960822557346093e-06,0.0,0.0,0.0
nunnery,3.3960822557346093e-06,0.0,0.0,0.0
nuptials,0.0,0.0,1.7032875247205498e-05,0.0
nurse,0.0,0.0,0.0,0.0
nursery,0.0,0.0,0.0,1.3198027010414236e-05
nurses,0.0,0.00019487067061759066,0.0,0.0
nursing,0.0,0.0,0.0,0.0
nurtured,0.0,0.0,0.0,6.599013505207118e-06
nut,0.0,3.235145432636643e-06,0.0,2.7388380629084794e-06
nuts,6.792164511469219e-06,0.0,0.0,0.0
nutshell,0.0,0.0,0.0,6.599013505207118e-06
née,0.0,0.0,0.0,6.599013505207118e-06
nêtes,3.3960822557346093e-06,0.0,0.0,0.0
o,-1.967929723204954e-05,-2.509373749653746e-06,-3.6555740525246506e-06,-4.248815691734605e-06
oak,0.0,6.470290865273286e-06,0.0,8.216514188725437e-06
oakham,0.0,0.0,5.677625082401832e-06,0.0
oaks,0.0,0.0,5.677625082401832e-06,0.0
oakshott,0.0,0.0,0.0,4.6193094536449825e-05
oar,0.0,5.456378777292539e-05,0.0,0.0
oarlocks,0.0,7.794826824703627e-06,0.0,0.0
oars,0.0,0.00010133274872114715,0.0,0.0
oasis,3.3960822557346093e-06,0.0,0.0,0.0
oath,5.638005947061388e-06,0.0,0.0,2.7388380629084794e-06
oaths,4.2285044602960405e-06,0.0,0.0,2.7388380629084794e-06
obedience,1.409501486765347e-06,0.0,0.0,2.7388380629084794e-06
obedient,3.3960822557346093e-06,0.0,0.0,0.0
obediently,3.3960822557346093e-06,0.0,0.0,0.0
obeisance,0.0,0.0,5.677625082401832e-06,0.0
oberland,0.0,7.794826824703627e-06,0.0,0.0
obese,0.0,0.0,0.0,6.599013505207118e-06
obey,0.0,0.0,0.0,0.0
obeyed,0.0,0.0,0.0,0.0
obeying,3.3960822557346093e-06,0.0,0.0,0.0
object,-5.138483166146268e-05,-2.509373749653746e-06,-8.773377726059162e-05,-3.1866117688009535e-05
objected,0.0,0.0,5.677625082401832e-06,0.0
objecting,0.0,0.0,1.7032875247205498e-05,0.0
objection,0.0,0.0,3.534640974064343e-05,8.216514188725437e-06
objectionable,0.0,0.0,1.7032875247205498e-05,0.0
objections,0.0,0.0,0.0,0.0
objectless,3.3960822557346093e-06,0.0,0.0,0.0
objects,5.638005947061388e-06,0.0,1.649499121230027e-05,0.0
obligated,0.0,7.794826824703627e-06,0.0,0.0
obligation,0.0,6.470290865273286e-06,1.4138563896257373e-05,0.0
obligations,-4.3731771626776745e-06,-2.509373749653746e-06,-5.483361078786976e-06,-4.248815691734605e-06
oblige,0.0,0.0,3.4065750494410995e-05,0.0
obliged,0.0,0.0,0.0,0.0
obliging,0.0,0.0,1.1782136580214478e-05,2.7388380629084794e-06
obligingly,0.0,0.0,5.677625082401832e-06,0.0
oblivion,6.792164511469219e-06,0.0,0.0,0.0
oblivious,6.792164511469219e-06,0.0,0.0,0.0
oblong,0.0,7.794826824703627e-06,0.0,0.0
obscene,0.0,7.794826824703627e-06,0.0,0.0
obscure,3.3960822557346093e-06,0.0,0.0,0.0
obscures,3.3960822557346093e-06,0.0,0.0,0.0
obsequious,1.409501486765347e-06,0.0,2.3564273160428954e-06,0.0
obsequiousness,0.0,0.0,5.677625082401832e-06,0.0
observances,0.0,0.0,5.677625082401832e-06,0.0
observant,1.409501486765347e-06,0.0,0.0,5.477676125816959e-06
observation,-8.746354325355349e-06,-2.509373749653746e-06,-2.5589018367672555e-05,-1.2746447075203814e-05
observations,2.819002973530694e-06,0.0,7.069281948128687e-06,0.0
observe,0.0,0.0,0.0,0.0
observed,0.0,0.0,0.0,0.0
observer,0.0,0.0,4.712854632085791e-06,1.0955352251633918e-05
observes,3.3960822557346093e-06,0.0,0.0,0.0
observing,0.0,0.0,0.0,0.0
obsession,3.3960822557346093e-06,0.0,0.0,0.0
obstacle,0.0,0.0,0.0,1.3198027010414236e-05
obstacles,0.0,0.0,0.0,0.0
obstinacy,0.0,0.0,0.0,0.0
obstinate,0.0,0.0,0.0,0.0
obstinately,1.6980411278673048e-05,0.0,0.0,0.0
obstructing,3.3960822557346093e-06,0.0,0.0,0.0
obtain,5.638005947061388e-06,0.0,7.069281948128687e-06,0.0
obtainable,0.0,7.794826824703627e-06,0.0,0.0
obtained,0.0,0.0,0.0,0.0
obtaining,2.819002973530694e-06,0.0,0.0,2.7388380629084794e-06
obtruded,0.0,0.0,4.712854632085791e-06,2.7388380629084794e-06
obtuse,3.3960822557346093e-06,0.0,0.0,0.0
obvious,0.0,0.0,0.0,0.0
obviously,0.0,0.0,0.0,0.0
occasion,0.0,0.0,0.0,0.0
occasional,-1.0932942906694186e-06,-2.509373749653746e-06,-1.0966722157573952e-05,-8.49763138346921e-06
occasionally,-2.1865885813388372e-06,-5.018747499307492e-06,-2.1933444315147905e-05,-2.1244078458673025e-05
occasioned,0.0,0.0,2.271050032960733e-05,0.0
occasions,4.2285044602960405e-06,0.0,2.1207845844386058e-05,0.0
occipital,0.0,0.0,0.0,6.599013505207118e-06
occupant,0.0,0.0,0.0,2.6396054020828473e-05
occupants,3.3960822557346093e-06,0.0,0.0,0.0
occupation,-3.2798828720082563e-06,-2.509373749653746e-06,-1.8277870262623253e-06,-8.49763138346921e-06
occupations,0.0,0.0,0.0,6.599013505207118e-06
occupied,-1.2026237197363608e-05,-2.509373749653746e-06,-1.0966722157573952e-05,-2.1244078458673024e-06
occupies,0.0,0.0,5.677625082401832e-06,0.0
occupy,0.0,0.0,0.0,0.0
occur,0.0,0.0,0.0,0.0
occurred,-1.2026237197363608e-05,-2.509373749653746e-06,-2.5589018367672555e-05,-4.673697260908065e-05
occurrence,1.409501486765347e-06,0.0,0.0,2.7388380629084794e-06
occurrences,0.0,0.0,9.425709264171582e-06,2.7388380629084794e-06
occurring,0.0,0.0,5.677625082401832e-06,0.0
occurs,1.409501486765347e-06,0.0,2.3564273160428954e-06,0.0
ocean,2.819002973530694e-06,3.235145432636643e-06,0.0,0.0
och,3.3960822557346093e-06,0.0,0.0,0.0
ochs,0.0,7.794826824703627e-06,0.0,0.0
oclock,-4.591836020811558e-05,-3.764060624480619e-05,-9.138935131311627e-06,-7.010545891362098e-05
oct,0.0,0.0,0.0,6.599013505207118e-06
octagon,0.0,7.794826824703627e-06,0.0,0.0
octavo,0.0,0.0,0.0,6.599013505207118e-06
october,0.0,0.0,0.0,0.0
odd,-4.3731771626776745e-06,-5.018747499307492e-06,-9.138935131311627e-06,-6.373223537601907e-06
oddities,1.409501486765347e-06,0.0,2.3564273160428954e-06,0.0
oddity,0.0,0.0,5.677625082401832e-06,0.0
oddly,4.2285044602960405e-06,0.0,2.3564273160428954e-06,0.0
odds,0.0,7.794826824703627e-06,0.0,0.0
odessa,0.0,0.0,0.0,6.599013505207118e-06
odious,0.0,0.0,1.7032875247205498e-05,0.0
odour,0.0,0.0,0.0,6.599013505207118e-06
odours,3.3960822557346093e-06,0.0,0.0,0.0
of,-0.004126092652986387,-0.0028330829633590794,-0.00661110567399083,-0.005602063489552076
off,-0.0002263119181685697,-0.00036134981995013943,-0.0001096672215757395,-0.00015933058844004767
offence,0.0,0.0,0.0,0.0
offences,0.0,0.0,1.7032875247205498e-05,0.0
offend,0.0,0.0,0.0,0.0
offended,0.0,0.0,0.0,0.0
offending,1.409501486765347e-06,0.0,7.069281948128687e-06,0.0
offensive,-5.4664714533470935e-06,-3.0112484995844953e-05,-3.6555740525246506e-06,-2.1244078458673024e-06
offer,-1.5306120069371863e-05,-2.509373749653746e-06,-4.9350249709082784e-05,-6.373223537601907e-06
offered,-1.3119531488033025e-05,-1.0037494998614984e-05,-1.8277870262623254e-05,-1.9119670612805722e-05
offering,0.0,0.0,0.0,0.0
offers,0.0,0.0,0.0,0.0
offhand,0.0,0.0,0.0,6.599013505207118e-06
office,-5.357142024280152e-05,-1.0037494998614984e-05,-1.0966722157573952e-05,-5.523460399254986e-05
officer,0.0,0.0,0.0,0.0
officers,-7.653060034685932e-06,-0.00010288432373580359,-5.6661397814132085e-05,-2.1244078458673024e-06
offices,4.2285044602960405e-06,0.0,0.0,1.6433028377450875e-05
official,0.0,0.0,0.0,0.0
officially,1.0188246767203828e-05,0.0,0.0,0.0
officials,0.0,0.0,0.0,0.0
officious,0.0,0.0,1.7032875247205498e-05,0.0
officiousness,0.0,0.0,5.677625082401832e-06,0.0
offshore,0.0,7.794826824703627e-06,0.0,0.0
often,-4.482506591744617e-05,-2.5093737496537457e-05,-0.00016450083236360926,-2.549289415040763e-05
oftener,1.409501486765347e-06,0.0,7.069281948128687e-06,0.0
oh,-0.00017274049792576817,-0.00020576864747160717,-0.00016998419344239625,-0.00019119670612805723
oho,3.3960822557346093e-06,0.0,0.0,0.0
oil,0.0,0.0,0.0,0.0
oiled,0.0,1.5589653649407254e-05,0.0,0.0
oily,0.0,0.0,0.0,6.599013505207118e-06
ointment,3.3960822557346093e-06,0.0,0.0,0.0
old,-0.0002274052124592391,-0.000158090546228186,-2.3761231341410226e-05,-0.00015295736490244578
older,-6.559765744016513e-06,-2.2584363746883714e-05,-3.6555740525246506e-06,-1.2746447075203814e-05
oldest,0.0,0.0,0.0,6.599013505207118e-06
olive,0.0,0.0,1.7032875247205498e-05,0.0
olives,0.0,7.794826824703627e-06,0.0,0.0
omen,2.819002973530694e-06,0.0,2.3564273160428954e-06,0.0
ominous,0.0,0.0,0.0,1.9797040515621355e-05
omit,2.819002973530694e-06,0.0,2.3564273160428954e-06,0.0
omitted,2.819002973530694e-06,0.0,2.3564273160428954e-06,0.0
omitting,3.3960822557346093e-06,0.0,0.0,0.0
omne,0.0,0.0,0.0,6.599013505207118e-06
omniscient,3.3960822557346093e-06,0.0,0.0,0.0
on,-0.0016104224901560538,-0.0019849146359761133,-0.0013178344459351366,-0.000807274981429575
once,-0.00038046641315295774,-9.28468287371886e-05,-0.00010601164752321486,-0.000182699074744588
one,-0.0006690961058896843,-0.0008080183473885062,-0.00048801913601204084,-0.0007945285343543712
ones,-5.5758008824140356e-05,-3.513123249515245e-05,-1.6450083236360926e-05,-2.3368486304540325e-05
oneself,3.056474030161149e-05,0.0,0.0,0.0
onion,3.3960822557346093e-06,0.0,0.0,0.0
onions,0.0,7.794826824703627e-06,0.0,0.0
only,-0.0004974489022545855,-0.00025344674871502834,-0.0003966297846989246,-0.0003399052553387684
onto,0.0,7.44083449506428e-05,0.0,1.6433028377450875e-05
oozed,3.3960822557346093e-06,0.0,0.0,0.0
opal,0.0,0.0,0.0,6.599013505207118e-06
open,-0.00010276966332292536,-0.00012044993998337981,-3.107237944645953e-05,-0.00013596210213550735
opened,-7.653060034685932e-05,-0.00010539369748545733,-3.290016647272185e-05,-7.647868245122289e-05
opening,-8.746354325355349e-06,-1.0037494998614984e-05,-2.3761231341410226e-05,-2.3368486304540325e-05
openings,0.0,3.235145432636643e-06,0.0,2.7388380629084794e-06
openly,0.0,0.0,0.0,0.0
openness,0.0,0.0,0.0,0.0
openshaw,0.0,0.0,0.0,9.898520257810678e-05
openshaws,0.0,0.0,0.0,6.599013505207118e-06
opera,0.0,6.470290865273286e-06,0.0,2.7388380629084794e-06
operate,0.0,3.897413412351813e-05,0.0,0.0
operated,0.0,1.6175727163183214e-05,2.3564273160428954e-06,0.0
operatic,0.0,0.0,0.0,6.599013505207118e-06
operating,0.0,3.897413412351813e-05,0.0,0.0
operation,0.0,0.0,0.0,0.0
operations,0.0,0.0,0.0,6.599013505207118e-06
opinion,-3.0612240138743727e-05,-7.528121248961238e-06,-0.0001224617307595758,-4.248815691734605e-05
opinions,4.2285044602960405e-06,0.0,1.8851418528343163e-05,0.0
opium,0.0,0.0,0.0,7.918816206248542e-05
opponent,2.819002973530694e-06,0.0,0.0,5.477676125816959e-06
opportunities,0.0,0.0,5.677625082401832e-06,0.0
opportunity,0.0,0.0,0.0,0.0
oppose,2.819002973530694e-06,0.0,7.069281948128687e-06,0.0
opposed,0.0,0.0,0.0,0.0
opposing,1.409501486765347e-06,0.0,0.0,5.477676125816959e-06
opposite,-2.0772591522718957e-05,-3.513123249515245e-05,-2.0105657288885576e-05,-6.373223537601907e-06
opposition,0.0,0.0,7.069281948128687e-06,2.7388380629084794e-06
oppress,6.792164511469219e-06,0.0,0.0,0.0
oppressed,0.0,0.0,0.0,0.0
oppression,3.3960822557346093e-06,0.0,0.0,0.0
oppressive,1.6980411278673048e-05,0.0,0.0,0.0
oppressively,0.0,0.0,2.3564273160428954e-06,2.7388380629084794e-06
opulence,0.0,0.0,0.0,6.599013505207118e-06
or,-0.0004679299564065113,-0.00024842800121572086,-0.0005446805338261729,-0.00042063275348172585
oracle,3.3960822557346093e-06,0.0,0.0,0.0
oraison,3.3960822557346093e-06,0.0,0.0,0.0
orange,0.0,6.470290865273286e-06,0.0,2.4649542566176314e-05
orator,2.819002973530694e-06,3.235145432636643e-06,0.0,0.0
orchard,0.0,7.794826824703627e-06,0.0,0.0
orchards,0.0,7.794826824703627e-06,0.0,0.0
ordained,0.0,0.0,5.677625082401832e-06,0.0
ordeal,3.3960822557346093e-06,0.0,0.0,0.0
order,-3.170553442941315e-05,-3.0112484995844953e-05,-1.2794509183836277e-05,-4.4612564763213354e-05
ordered,-8.746354325355349e-06,-1.0037494998614984e-05,-1.4622296210098602e-05,-2.1244078458673025e-05
ordering,1.409501486765347e-06,0.0,0.0,2.7388380629084794e-06
orderly,0.0,8.087863581591608e-05,2.3564273160428954e-06,0.0
orders,-6.559765744016513e-06,-1.2546868748268729e-05,-1.2794509183836277e-05,-6.373223537601907e-06
ordinary,-2.0772591522718957e-05,-2.509373749653746e-06,-5.483361078786976e-06,-1.2746447075203814e-05
ordination,0.0,0.0,5.677625082401832e-06,0.0
ordnance,0.0,0.0,0.0,6.599013505207118e-06
organ,4.4149069324549926e-05,0.0,0.0,0.0
organisation,4.2285044602960405e-06,0.0,0.0,5.477676125816959e-06
organise,3.3960822557346093e-06,0.0,0.0,0.0
organised,1.0188246767203828e-05,0.0,0.0,0.0
organism,6.792164511469219e-06,0.0,0.0,0.0
organization,0.0,7.794826824703627e-06,0.0,0.0
organized,0.0,2.338448047411088e-05,0.0,0.0
organizing,0.0,7.794826824703627e-06,0.0,0.0
orgies,0.0,0.0,0.0,6.599013505207118e-06
origin,1.409501486765347e-06,0.0,0.0,2.7388380629084794e-06
original,0.0,0.0,0.0,0.0
originality,1.409501486765347e-06,0.0,0.0,2.7388380629084794e-06
originally,0.0,0.0,1.1355250164803664e-05,0.0
originate,0.0,0.0,5.677625082401832e-06,0.0
originated,1.409501486765347e-06,0.0,4.712854632085791e-06,0.0
ormstein,0.0,0.0,0.0,1.3198027010414236e-05
ornament,0.0,0.0,0.0,0.0
ornaments,0.0,0.0,4.712854632085791e-06,2.7388380629084794e-06
orphan,5.638005947061388e-06,0.0,0.0,5.477676125816959e-06
orphanage,0.0,0.0,0.0,6.599013505207118e-06
orphans,3.3960822557346096e-05,0.0,0.0,0.0
oscillated,0.0,0.0,0.0,6.599013505207118e-06
oscillates,0.0,0.0,0.0,6.599013505207118e-06
oscillation,0.0,0.0,0.0,6.599013505207118e-06
ospedale,0.0,3.897413412351813e-05,0.0,0.0
ostentation,0.0,0.0,5.677625082401832e-06,0.0
ostentatious,0.0,0.0,5.677625082401832e-06,0.0
ostlers,0.0,0.0,0.0,1.3198027010414236e-05
ostrich,2.819002973530694e-06,0.0,0.0,2.7388380629084794e-06
ostrov,1.6980411278673048e-05,0.0,0.0,0.0
othello,0.0,1.5589653649407254e-05,0.0,0.0
other,-0.0002044460323551813,-0.00036134981995013943,-0.0003838352755150883,-0.00031228795334249345
others,-4.810494878945443e-05,-8.029995998891987e-05,-0.0001005282864444279,-4.036374907147875e-05
otherwise,-5.4664714533470935e-06,-2.509373749653746e-06,-2.9244592420197205e-05,-1.0622039229336513e-05
ouch,0.0,7.794826824703627e-06,0.0,0.0
ouchy,0.0,7.794826824703627e-06,0.0,0.0
oughf,0.0,7.794826824703627e-06,0.0,0.0
ought,-6.34110688588263e-05,-8.782808123788111e-05,-8.225041618180463e-05,-1.2746447075203814e-05
oughtnt,6.792164511469219e-06,0.0,0.0,0.0
ounce,0.0,0.0,0.0,1.3198027010414236e-05
ounces,3.3960822557346093e-06,0.0,0.0,0.0
our,-0.0001519679064030492,-0.00018820303122403094,-0.00013342845291714975,-0.0004418768319403989
ours,-1.0932942906694186e-06,-5.018747499307492e-06,-3.6555740525246506e-06,-2.1244078458673024e-06
ourselves,-1.4212825778702444e-05,-5.018747499307492e-06,-1.4622296210098602e-05,-4.248815691734605e-05
out,-0.0007456267062365436,-0.0011417650560924543,-0.0002449234615191516,-0.0006840593263692714
outbreak,1.409501486765347e-06,0.0,0.0,2.7388380629084794e-06
outbreaks,0.0,0.0,0.0,6.599013505207118e-06
outburst,3.3960822557346093e-06,0.0,0.0,0.0
outbursts,0.0,0.0,0.0,6.599013505207118e-06
outcries,3.3960822557346093e-06,0.0,0.0,0.0
outcry,4.2285044602960405e-06,0.0,0.0,2.7388380629084794e-06
outdone,0.0,0.0,5.677625082401832e-06,0.0
outdoor,0.0,0.0,0.0,6.599013505207118e-06
outdoors,0.0,7.794826824703627e-06,0.0,0.0
outer,7.047507433826735e-06,0.0,0.0,5.477676125816959e-06
outfit,1.409501486765347e-06,3.235145432636643e-06,0.0,0.0
outgrown,3.3960822557346093e-06,0.0,0.0,0.0
outhouse,0.0,0.0,0.0,6.599013505207118e-06
outlet,3.3960822557346093e-06,0.0,0.0,0.0
outline,0.0,0.0,0.0,6.599013505207118e-06
outlined,0.0,0.0,0.0,1.3198027010414236e-05
outlines,1.409501486765347e-06,3.235145432636643e-06,0.0,0.0
outlived,0.0,3.235145432636643e-06,2.3564273160428954e-06,0.0
outrage,1.0188246767203828e-05,0.0,0.0,0.0
outraged,3.3960822557346093e-06,0.0,0.0,0.0
outrages,0.0,0.0,0.0,1.3198027010414236e-05
outrun,0.0,0.0,5.677625082401832e-06,0.0
outré,0.0,0.0,0.0,1.3198027010414236e-05
outs,6.792164511469219e-06,0.0,0.0,0.0
outset,0.0,0.0,0.0,6.599013505207118e-06
outside,0.0,0.0,0.0,0.0
outsider,3.3960822557346093e-06,0.0,0.0,0.0
outsiders,3.3960822557346093e-06,0.0,0.0,0.0
outsides,0.0,0.0,0.0,6.599013505207118e-06
outskirts,0.0,0.0,0.0,1.3198027010414236e-05
outspoken,3.3960822557346093e-06,0.0,0.0,0.0
outspread,1.409501486765347e-06,3.235145432636643e-06,0.0,0.0
outstanding,0.0,0.0,0.0,1.3198027010414236e-05
outstretched,1.409501486765347e-06,0.0,0.0,5.477676125816959e-06
outstrip,0.0,0.0,5.677625082401832e-06,0.0
outstripped,0.0,0.0,5.677625082401832e-06,0.0
outward,0.0,3.235145432636643e-06,0.0,2.7388380629084794e-06
outwards,3.3960822557346093e-06,0.0,0.0,0.0
outweigh,1.409501486765347e-06,0.0,0.0,2.7388380629084794e-06
oval,3.3960822557346093e-06,0.0,0.0,0.0
ovens,0.0,7.794826824703627e-06,0.0,0.0
over,-0.00027113698408601586,-0.0005119122449293642,-0.00016632861938987157,-0.00038876663579371636
overawe,3.3960822557346093e-06,0.0,0.0,0.0
overbalancing,3.3960822557346093e-06,0.0,0.0,0.0
overbearing,1.409501486765347e-06,0.0,2.3564273160428954e-06,0.0
overburdened,3.3960822557346093e-06,0.0,0.0,0.0
overcame,2.819002973530694e-06,0.0,7.069281948128687e-06,0.0
overcoat,0.0,0.0,0.0,0.0
overcome,0.0,0.0,0.0,0.0
overcoming,0.0,0.0,5.677625082401832e-06,0.0
overdid,0.0,0.0,0.0,6.599013505207118e-06
overdo,6.792164511469219e-06,0.0,0.0,0.0
overdriven,3.3960822557346093e-06,0.0,0.0,0.0
overflowed,3.3960822557346093e-06,0.0,0.0,0.0
overflowing,2.819002973530694e-06,0.0,2.3564273160428954e-06,0.0
overflows,0.0,0.0,5.677625082401832e-06,0.0
overgrown,1.409501486765347e-06,3.235145432636643e-06,0.0,0.0
overhauled,0.0,0.0,0.0,6.599013505207118e-06
overhead,0.0,6.470290865273286e-06,0.0,2.7388380629084794e-06
overhear,0.0,0.0,0.0,0.0
overheard,2.819002973530694e-06,0.0,7.069281948128687e-06,0.0
overhearing,0.0,0.0,0.0,6.599013505207118e-06
overhearings,0.0,0.0,5.677625082401832e-06,0.0
overjoyed,0.0,0.0,0.0,0.0
overlook,0.0,0.0,0.0,0.0
overlooked,1.409501486765347e-06,0.0,7.069281948128687e-06,0.0
overlooking,3.3960822557346093e-06,0.0,0.0,0.0
overpower,0.0,0.0,5.677625082401832e-06,0.0
overpowered,0.0,0.0,1.7032875247205498e-05,0.0
overpowering,0.0,0.0,2.3564273160428954e-06,8.216514188725437e-06
overrated,0.0,0.0,5.677625082401832e-06,0.0
overseen,0.0,0.0,0.0,6.599013505207118e-06
overset,0.0,0.0,5.677625082401832e-06,0.0
overshoes,0.0,7.794826824703627e-06,0.0,0.0
oversight,0.0,0.0,0.0,6.599013505207118e-06
oversleep,0.0,7.794826824703627e-06,0.0,0.0
overslept,3.3960822557346093e-06,0.0,0.0,0.0
overspread,0.0,0.0,1.7032875247205498e-05,0.0
overspreading,0.0,0.0,5.677625082401832e-06,0.0
overstep,2.7168658045876875e-05,0.0,0.0,0.0
overstepped,6.792164511469219e-06,0.0,0.0,0.0
overstepping,3.3960822557346093e-06,0.0,0.0,0.0
overstrained,2.0376493534407657e-05,0.0,0.0,0.0
overstrung,0.0,0.0,0.0,6.599013505207118e-06
overtake,1.0188246767203828e-05,0.0,0.0,0.0
overtaken,0.0,0.0,0.0,0.0
overtakes,3.3960822557346093e-06,0.0,0.0,0.0
overthrow,0.0,0.0,5.677625082401832e-06,0.0
overthrowing,0.0,0.0,5.677625082401832e-06,0.0
overthrown,0.0,0.0,1.7032875247205498e-05,0.0
overtook,0.0,0.0,0.0,0.0
overtopped,0.0,0.0,0.0,6.599013505207118e-06
overtures,0.0,0.0,5.677625082401832e-06,0.0
overturned,3.3960822557346093e-06,0.0,0.0,0.0
overweening,3.3960822557346093e-06,0.0,0.0,0.0
overwhelmed,1.5504516354418816e-05,0.0,0.0,2.7388380629084794e-06
overwhelming,2.377257579014227e-05,0.0,0.0,0.0
overworked,0.0,7.794826824703627e-06,0.0,0.0
overwrought,6.792164511469219e-06,0.0,0.0,0.0
owe,0.0,0.0,0.0,0.0
owed,4.2285044602960405e-06,0.0,1.4138563896257373e-05,0.0
owes,0.0,0.0,1.1355250164803664e-05,0.0
owing,1.5504516354418816e-05,0.0,9.425709264171582e-06,0.0
owl,1.6980411278673048e-05,0.0,0.0,0.0
own,-0.0001935130894484871,-3.0112484995844953e-05,-0.00034362396093731717,-0.00021456519243259756
owned,0.0,0.0,1.7032875247205498e-05,0.0
owner,0.0,0.0,0.0,0.0
owning,3.3960822557346093e-06,0.0,0.0,0.0
owns,0.0,0.0,5.677625082401832e-06,0.0
oxford,0.0,0.0,2.3564273160428954e-06,8.216514188725437e-06
oxfordshire,0.0,0.0,0.0,6.599013505207118e-06
p,0.0,0.0,0.0,0.0
pa,0.0,0.0,0.0,5.9391121546864066e-05
pace,0.0,0.0,0.0,0.0
paced,5.638005947061388e-06,0.0,0.0,1.9171866440359353e-05
paces,0.0,0.0,0.0,0.0
pacific,0.0,3.235145432636643e-06,0.0,2.7388380629084794e-06
pacing,2.819002973530694e-06,0.0,0.0,8.216514188725437e-06
pack,-3.2798828720082563e-06,-1.2546868748268729e-05,-3.6555740525246506e-06,-6.373223537601907e-06
package,0.0,6.235861459762902e-05,0.0,0.0
packages,0.0,1.5589653649407254e-05,0.0,0.0
packed,-2.1865885813388372e-06,-2.2584363746883714e-05,-1.8277870262623253e-06,-4.248815691734605e-06
packet,0.0,0.0,0.0,1.3198027010414236e-05
packing,2.819002973530694e-06,0.0,2.3564273160428954e-06,0.0
packs,0.0,1.5589653649407254e-05,0.0,0.0
pad,0.0,1.5589653649407254e-05,0.0,0.0
paddington,0.0,0.0,0.0,4.6193094536449825e-05
paddock,0.0,9.70543629790993e-06,7.069281948128687e-06,0.0
padlock,0.0,7.794826824703627e-06,0.0,0.0
padlocked,0.0,0.0,0.0,6.599013505207118e-06
page,0.0,0.0,0.0,0.0
pages,4.2285044602960405e-06,0.0,2.3564273160428954e-06,0.0
pagoda,0.0,7.794826824703627e-06,0.0,0.0
paid,-1.967929723204954e-05,-3.764060624480619e-05,-3.472795349898418e-05,-1.9119670612805722e-05
pail,1.409501486765347e-06,6.470290865273286e-06,0.0,0.0
pailfuls,3.3960822557346093e-06,0.0,0.0,0.0
pain,-6.559765744016513e-06,-2.5093737496537457e-05,-5.300582376160743e-05,-1.699526276693842e-05
pained,0.0,0.0,0.0,6.599013505207118e-06
painful,-1.5306120069371863e-05,-7.528121248961238e-06,-2.5589018367672555e-05,-1.4870854921071116e-05
painfully,0.0,0.0,0.0,0.0
paining,0.0,0.0,5.677625082401832e-06,0.0
pains,-1.0932942906694186e-06,-2.0074989997229968e-05,-7.311148105049301e-06,-6.373223537601907e-06
paint,-6.559765744016513e-06,-2.509373749653746e-06,-1.8277870262623253e-06,-6.373223537601907e-06
painted,0.0,0.0,0.0,0.0
painter,1.409501486765347e-05,0.0,2.3564273160428954e-06,0.0
painters,2.377257579014227e-05,0.0,0.0,0.0
painting,7.047507433826735e-06,3.235145432636643e-06,0.0,0.0
paintings,0.0,0.0,5.677625082401832e-06,0.0
paints,3.3960822557346093e-06,0.0,0.0,0.0
pair,-3.2798828720082563e-06,-2.509373749653746e-06,-3.6555740525246506e-06,-2.549289415040763e-05
pajama,0.0,7.794826824703627e-06,0.0,0.0
pajamas,0.0,1.5589653649407254e-05,0.0,0.0
pal,0.0,0.0,0.0,1.9797040515621355e-05
palace,2.819002973530694e-06,3.235145432636643e-06,0.0,0.0
palais,2.0376493534407657e-05,0.0,0.0,0.0
palatable,0.0,0.0,5.677625082401832e-06,0.0
palate,6.792164511469219e-06,0.0,0.0,0.0
palates,6.792164511469219e-06,0.0,0.0,0.0
pale,-7.762389463752873e-05,-7.528121248961238e-06,-7.311148105049301e-06,-3.399052553387684e-05
paleness,1.409501486765347e-06,0.0,0.0,2.7388380629084794e-06
paler,4.2285044602960405e-06,0.0,2.3564273160428954e-06,0.0
palermo,0.0,7.794826824703627e-06,0.0,0.0
pales,0.0,0.0,1.1355250164803664e-05,0.0
paling,0.0,0.0,1.1355250164803664e-05,0.0
pall,0.0,0.0,0.0,6.599013505207118e-06
pallanza,0.0,7.015344142233264e-05,0.0,0.0
pallet,0.0,0.0,0.0,6.599013505207118e-06
palliation,0.0,0.0,5.677625082401832e-06,0.0
pallor,2.819002973530694e-06,0.0,0.0,2.7388380629084794e-06
palm,0.0,0.0,0.0,3.299506752603559e-05
palmer,0.0,0.0,0.0,6.599013505207118e-06
palmerston,6.792164511469219e-06,0.0,0.0,0.0
palms,3.3960822557346093e-06,0.0,0.0,0.0
palpitating,0.0,0.0,0.0,1.3198027010414236e-05
pals,0.0,0.0,0.0,6.599013505207118e-06
paltry,1.409501486765347e-06,0.0,4.712854632085791e-06,0.0
pamphlets,3.3960822557346093e-06,0.0,0.0,0.0
pan,7.047507433826735e-06,3.235145432636643e-06,0.0,0.0
pancake,3.3960822557346093e-06,0.0,0.0,0.0
pancakes,1.3584329022938437e-05,0.0,0.0,0.0
pancras,0.0,0.0,0.0,6.599013505207118e-06
pane,6.792164511469219e-06,0.0,0.0,0.0
panegyric,0.0,0.0,1.1355250164803664e-05,0.0
panel,0.0,0.0,0.0,3.299506752603559e-05
panelled,0.0,0.0,0.0,6.599013505207118e-06
panelling,0.0,0.0,0.0,6.599013505207118e-06
panes,1.409501486765347e-06,6.470290865273286e-06,0.0,0.0
pang,9.86651040735743e-06,0.0,2.3564273160428954e-06,0.0
pani,3.3960822557346093e-06,0.0,0.0,0.0
panic,7.047507433826735e-06,3.235145432636643e-06,0.0,0.0
panoply,0.0,0.0,0.0,6.599013505207118e-06
panted,1.409501486765347e-06,0.0,0.0,2.7388380629084794e-06
panting,9.86651040735743e-06,0.0,2.3564273160428954e-06,0.0
pantingly,0.0,7.794826824703627e-06,0.0,0.0
pants,0.0,1.5589653649407254e-05,0.0,0.0
papa,7.047507433826735e-06,0.0,1.1782136580214478e-05,0.0
papas,3.3960822557346093e-06,0.0,0.0,0.0
paper,-4.810494878945443e-05,-7.02624649903049e-05,-1.0966722157573952e-05,-9.34739452181613e-05
papering,3.3960822557346093e-06,0.0,0.0,0.0
papers,-1.7492708650710698e-05,-0.00013550618248130229,-1.8277870262623253e-06,-9.559835306402862e-05
papier,0.0,0.0,0.0,6.599013505207118e-06
parabola,3.3960822557346093e-06,0.0,0.0,0.0
parade,0.0,0.0,1.1355250164803664e-05,0.0
parades,3.3960822557346093e-06,0.0,0.0,0.0
parading,0.0,0.0,5.677625082401832e-06,0.0
paradol,0.0,0.0,0.0,6.599013505207118e-06
paradoxical,0.0,0.0,0.0,6.599013505207118e-06
paragraph,0.0,0.0,0.0,1.9797040515621355e-05
paragraphs,0.0,0.0,0.0,6.599013505207118e-06
parallel,0.0,0.0,0.0,0.0
paralysed,3.3960822557346093e-06,0.0,0.0,0.0
paralysis,3.3960822557346093e-06,0.0,0.0,0.0
paramore,0.0,0.0,0.0,1.3198027010414236e-05
paramount,0.0,0.0,0.0,6.599013505207118e-06
parapet,1.409501486765347e-06,0.0,0.0,2.7388380629084794e-06
parasha,1.0188246767203828e-05,0.0,0.0,0.0
parasol,5.638005947061388e-06,0.0,4.712854632085791e-06,0.0
parcel,5.638005947061388e-06,0.0,0.0,2.7388380629084794e-06
parcels,1.409501486765347e-06,0.0,4.712854632085791e-06,0.0
parched,7.047507433826735e-06,0.0,0.0,2.7388380629084794e-06
pardon,-3.2798828720082563e-06,-7.528121248961238e-06,-2.9244592420197205e-05,-4.248815691734605e-06
pardonable,3.3960822557346093e-06,0.0,0.0,0.0
pardoned,3.3960822557346093e-06,0.0,0.0,0.0
pared,0.0,7.794826824703627e-06,0.0,0.0
parent,3.3960822557346093e-06,0.0,0.0,0.0
parental,0.0,0.0,5.677625082401832e-06,0.0
parenthesis,6.792164511469219e-06,0.0,0.0,0.0
parents,0.0,0.0,0.0,0.0
pari,0.0,7.794826824703627e-06,0.0,0.0
parietal,0.0,0.0,0.0,6.599013505207118e-06
paris,0.0,0.0,0.0,0.0
parish,0.0,0.0,2.1207845844386058e-05,5.477676125816959e-06
parishioners,0.0,0.0,5.677625082401832e-06,0.0
park,-3.2798828720082563e-06,-1.7565616247576225e-05,-4.021131457777115e-05,-1.9119670612805722e-05
parked,0.0,7.794826824703627e-06,0.0,0.0
parlance,0.0,0.0,0.0,6.599013505207118e-06
parley,0.0,0.0,0.0,6.599013505207118e-06
parlez,3.3960822557346093e-06,0.0,0.0,0.0
parlor,0.0,1.5589653649407254e-05,0.0,0.0
parlour,2.819002973530694e-06,0.0,2.592070047647185e-05,0.0
paroxysm,3.3960822557346093e-06,0.0,0.0,0.0
paroxysms,3.3960822557346093e-06,0.0,0.0,0.0
parr,0.0,0.0,0.0,1.3198027010414236e-05
parried,3.3960822557346093e-06,0.0,0.0,0.0
parsimony,3.3960822557346093e-06,0.0,0.0,0.0
parsonage,0.0,0.0,4.2415691688772115e-05,2.7388380629084794e-06
part,-5.794459740547919e-05,-1.5056242497922477e-05,-9.687271239190323e-05,-6.160782753015178e-05
partake,0.0,0.0,1.1355250164803664e-05,0.0
parted,-1.2026237197363608e-05,-2.509373749653746e-06,-2.5589018367672555e-05,-1.2746447075203814e-05
parti,6.792164511469219e-06,0.0,0.0,0.0
partial,0.0,0.0,0.0,0.0
partiality,0.0,0.0,7.380912607122381e-05,0.0
partially,0.0,0.0,0.0,6.599013505207118e-06
participated,0.0,7.794826824703627e-06,0.0,0.0
participation,0.0,0.0,5.677625082401832e-06,0.0
particular,0.0,0.0,0.0,0.0
particularly,-4.1545183045437914e-05,-5.018747499307492e-06,-6.0316971866656735e-05,-1.2746447075203814e-05
particulars,0.0,0.0,0.0,0.0
partie,0.0,0.0,0.0,6.599013505207118e-06
parties,0.0,0.0,0.0,0.0
parting,1.2685513380888124e-05,0.0,1.649499121230027e-05,0.0
partitioned,6.792164511469219e-06,0.0,0.0,0.0
partly,-1.8586002941380122e-05,-2.509373749653746e-06,-3.6555740525246506e-06,-2.1244078458673024e-06
partner,-5.4664714533470935e-06,-2.509373749653746e-06,-3.107237944645953e-05,-8.49763138346921e-06
partners,0.0,0.0,1.7032875247205498e-05,0.0
partnership,1.0188246767203828e-05,0.0,0.0,0.0
partridges,0.0,0.0,5.677625082401832e-06,0.0
parts,-4.3731771626776745e-06,-7.528121248961238e-06,-1.0966722157573952e-05,-8.49763138346921e-06
party,0.0,0.0,0.0,0.0
pas,2.819002973530694e-06,3.235145432636643e-06,0.0,0.0
pashenka,4.0752987068815313e-05,0.0,0.0,0.0
pass,-4.591836020811558e-05,-2.7603111246191207e-05,-2.7416805393934876e-05,-2.974170984214223e-05
passage,0.0,0.0,0.0,0.0
passages,0.0,0.0,0.0,0.0
passed,-8.309036609087583e-05,-8.029995998891987e-05,-0.0001096672215757395,-8.71007216805594e-05
passenger,0.0,0.0,0.0,6.599013505207118e-06
passengers,1.409501486765347e-06,0.0,0.0,2.7388380629084794e-06
passer,3.3960822557346093e-06,0.0,0.0,0.0
passers,9.86651040735743e-06,0.0,0.0,8.216514188725437e-06
passing,-1.639941436004128e-05,-3.0112484995844953e-05,-2.0105657288885576e-05,-2.549289415040763e-05
passini,0.0,0.0001714861901434798,0.0,0.0
passinis,0.0,7.794826824703627e-06,0.0,0.0
passion,-9.83964861602477e-06,-2.509373749653746e-06,-3.6555740525246506e-06,-1.699526276693842e-05
passionate,5.638005947061388e-06,0.0,0.0,2.7388380629084794e-06
passionately,1.409501486765347e-06,0.0,0.0,5.477676125816959e-06
passions,0.0,0.0,2.3564273160428954e-06,2.7388380629084794e-06
passively,3.3960822557346093e-06,0.0,0.0,0.0
passport,5.638005947061388e-06,1.2940581730546572e-05,0.0,0.0
passports,1.409501486765347e-06,2.2646018028456504e-05,0.0,0.0
past,-4.045188875476849e-05,-6.273434374134364e-05,-1.8277870262623254e-05,-5.948341968428446e-05
pasta,0.0,1.5589653649407254e-05,0.0,0.0
pasted,0.0,1.5589653649407254e-05,0.0,0.0
pasty,0.0,0.0,0.0,6.599013505207118e-06
patch,0.0,9.70543629790993e-06,0.0,2.7388380629084794e-06
patched,1.409501486765347e-06,0.0,2.3564273160428954e-06,0.0
patches,0.0,3.235145432636643e-06,0.0,2.7388380629084794e-06
patchwork,3.3960822557346093e-06,0.0,0.0,0.0
patent,0.0,0.0,0.0,1.3198027010414236e-05
patentee,0.0,0.0,0.0,6.599013505207118e-06
paternal,0.0,0.0,0.0,6.599013505207118e-06
patersons,0.0,0.0,0.0,6.599013505207118e-06
path,-8.746354325355349e-06,-1.5056242497922477e-05,-7.311148105049301e-06,-1.9119670612805722e-05
pathetic,0.0,0.0,5.677625082401832e-06,0.0
paths,1.409501486765347e-06,1.2940581730546572e-05,0.0,0.0
pathway,0.0,3.235145432636643e-06,0.0,2.7388380629084794e-06
patience,0.0,0.0,0.0,0.0
patient,-1.639941436004128e-05,-2.2584363746883714e-05,-1.8277870262623253e-06,-1.699526276693842e-05
patiently,3.3960822557346093e-06,0.0,0.0,0.0
patients,0.0,0.0,0.0,0.0
patriarchal,3.3960822557346093e-06,0.0,0.0,0.0
patriot,0.0,3.117930729881451e-05,0.0,0.0
patriotic,0.0,1.5589653649407254e-05,0.0,0.0
patriots,0.0,7.794826824703627e-06,0.0,0.0
patron,0.0,0.0,7.069281948128687e-06,2.7388380629084794e-06
patronage,1.409501486765347e-06,0.0,9.425709264171582e-06,0.0
patroness,1.409501486765347e-06,0.0,1.649499121230027e-05,0.0
patronising,3.3960822557346093e-06,0.0,0.0,0.0
patrons,3.3960822557346093e-06,0.0,0.0,0.0
patted,0.0,0.0,0.0,0.0
pattered,0.0,0.0,0.0,0.0
pattern,6.792164511469219e-06,0.0,0.0,0.0
patterns,3.3960822557346093e-06,0.0,0.0,0.0
patting,1.409501486765347e-06,0.0,0.0,2.7388380629084794e-06
paul,0.0,3.117930729881451e-05,0.0,0.0
pauls,0.0,0.0,0.0,1.3198027010414236e-05
pauper,0.0,0.0,0.0,6.599013505207118e-06
pause,0.0,0.0,0.0,0.0
paused,-1.4212825778702444e-05,-2.509373749653746e-06,-5.483361078786976e-06,-6.373223537601907e-06
pauses,0.0,0.0,1.1355250164803664e-05,0.0
pausing,0.0,0.0,4.712854632085791e-06,2.7388380629084794e-06
paved,0.0,7.794826824703627e-06,0.0,0.0
pavement,-2.5145768685396633e-05,-5.018747499307492e-06,-1.8277870262623253e-06,-2.1244078458673025e-05
paving,0.0,7.794826824703627e-06,0.0,0.0
pavlitch,3.3960822557346093e-06,0.0,0.0,0.0
pavlovitch,3.3960822557346093e-06,0.0,0.0,0.0
pavlovna,2.377257579014227e-05,0.0,0.0,0.0
pavlovnas,6.792164511469219e-06,0.0,0.0,0.0
pawn,2.377257579014227e-05,0.0,0.0,0.0
pawnbroker,1.973302081471486e-05,0.0,0.0,5.477676125816959e-06
pawnbrokers,0.0,0.0,0.0,2.6396054020828473e-05
pawned,1.0188246767203828e-05,0.0,0.0,0.0
paws,1.409501486765347e-06,3.235145432636643e-06,0.0,0.0
pay,-4.1545183045437914e-05,-3.513123249515245e-05,-2.0105657288885576e-05,-3.611493337974414e-05
paying,-7.653060034685932e-06,-2.509373749653746e-06,-7.311148105049301e-06,-8.49763138346921e-06
payment,-7.653060034685932e-06,-2.509373749653746e-06,-1.8277870262623253e-06,-2.1244078458673024e-06
pays,1.409501486765347e-06,0.0,0.0,2.7388380629084794e-06
pea,0.0,0.0,0.0,1.9797040515621355e-05
peace,-1.639941436004128e-05,-5.018747499307492e-06,-1.2794509183836277e-05,-1.0622039229336513e-05
peaceably,3.3960822557346093e-06,0.0,0.0,0.0
peaceful,1.409501486765347e-06,0.0,0.0,2.7388380629084794e-06
peacefully,3.3960822557346093e-06,0.0,0.0,0.0
peaches,0.0,0.0,5.677625082401832e-06,0.0
peak,0.0,0.0,5.677625082401832e-06,0.0
peaked,0.0,0.0,0.0,6.599013505207118e-06
pear,0.0,7.794826824703627e-06,0.0,0.0
pearl,0.0,0.0,0.0,6.599013505207118e-06
pearls,3.3960822557346093e-06,0.0,0.0,0.0
peas,3.3960822557346093e-06,0.0,0.0,0.0
peasant,0.0,0.0,0.0,0.0
peasants,2.1142522301480205e-05,2.911630889372979e-05,0.0,0.0
pebbles,0.0,1.5589653649407254e-05,0.0,0.0
pebbly,0.0,7.794826824703627e-06,0.0,0.0
pecking,3.3960822557346093e-06,0.0,0.0,0.0
peculiar,0.0,0.0,0.0,0.0
peculiarities,0.0,0.0,0.0,0.0
peculiarity,1.409501486765347e-06,0.0,2.3564273160428954e-06,0.0
peculiarly,0.0,0.0,0.0,0.0
pecuniary,2.819002973530694e-06,0.0,4.712854632085791e-06,0.0
pedantic,0.0,0.0,5.677625082401832e-06,0.0
pedestal,3.3960822557346093e-06,0.0,0.0,0.0
pedestrians,0.0,0.0,0.0,6.599013505207118e-06
pedlar,1.0188246767203828e-05,0.0,0.0,0.0
pedlars,3.3960822557346093e-06,0.0,0.0,0.0
peduzzi,0.0,1.5589653649407254e-05,0.0,0.0
peeked,0.0,7.794826824703627e-06,0.0,0.0
peel,0.0,7.794826824703627e-06,0.0,0.0
peeled,0.0,0.0,0.0,6.599013505207118e-06
peeling,1.409501486765347e-06,0.0,0.0,2.7388380629084794e-06
peep,0.0,0.0,0.0,0.0
peeped,1.1276011894122775e-05,0.0,0.0,1.3694190314542398e-05
peeping,2.819002973530694e-06,0.0,0.0,2.7388380629084794e-06
peeress,0.0,0.0,0.0,6.599013505207118e-06
peering,1.409501486765347e-06,0.0,0.0,1.0955352251633918e-05
peevish,1.409501486765347e-06,0.0,4.712854632085791e-06,0.0
peevishly,3.3960822557346093e-06,0.0,0.0,0.0
peg,0.0,7.794826824703627e-06,0.0,0.0
pelisse,3.3960822557346093e-06,0.0,0.0,0.0
pell,3.3960822557346093e-06,0.0,0.0,0.0
pemberley,0.0,0.0,0.0003009141293672971,0.0
pen,0.0,0.0,0.0,0.0
penal,4.2285044602960405e-06,0.0,0.0,2.7388380629084794e-06
penance,0.0,0.0,5.677625082401832e-06,0.0
pence,0.0,0.0,0.0,1.3198027010414236e-05
pencil,0.0,0.0,0.0,0.0
pencilled,3.3960822557346093e-06,0.0,0.0,0.0
pencils,0.0,0.0,0.0,6.599013505207118e-06
pending,0.0,0.0,0.0,6.599013505207118e-06
penetrate,3.3960822557346093e-06,0.0,0.0,0.0
penetrated,6.792164511469219e-06,0.0,0.0,0.0
penetrating,2.819002973530694e-06,0.0,0.0,8.216514188725437e-06
penetration,1.409501486765347e-06,0.0,4.712854632085791e-06,0.0
penitence,3.3960822557346093e-06,0.0,0.0,0.0
penitent,1.409501486765347e-06,0.0,2.3564273160428954e-06,0.0
penitentiary,0.0,7.794826824703627e-06,0.0,0.0
pennant,0.0,7.794826824703627e-06,0.0,0.0
penned,3.3960822557346093e-06,0.0,0.0,0.0
pennies,0.0,0.0,0.0,3.299506752603559e-05
pennsylvania,0.0,0.0,0.0,6.599013505207118e-06
penny,0.0,0.0,0.0,0.0
pens,0.0,0.0,0.0,0.0
pension,5.0941233836019144e-05,0.0,0.0,0.0
pensioners,0.0,0.0,0.0,6.599013505207118e-06
pensive,3.3960822557346093e-06,0.0,0.0,0.0
pentonville,0.0,0.0,0.0,6.599013505207118e-06
peony,3.3960822557346093e-06,0.0,0.0,0.0
people,-0.00017930026366978468,-0.00018067490997506971,-8.407820320806695e-05,-5.311019614668256e-05
peoples,0.0,0.0,0.0,0.0
pepper,3.3960822557346093e-06,0.0,0.0,0.0
per,-5.4664714533470935e-06,-7.528121248961238e-06,-5.483361078786976e-06,-2.1244078458673024e-06
perceive,0.0,0.0,0.0,0.0
perceived,0.0,0.0,0.0,0.0
perceiving,0.0,0.0,2.271050032960733e-05,0.0
percent,3.3960822557346093e-06,0.0,0.0,0.0
percentage,1.3584329022938437e-05,0.0,0.0,0.0
perceptible,2.819002973530694e-06,0.0,2.3564273160428954e-06,0.0
perceptibly,6.792164511469219e-06,0.0,0.0,0.0
perceptions,3.3960822557346093e-06,0.0,0.0,0.0
perch,0.0,0.0,0.0,1.3198027010414236e-05
perched,0.0,3.235145432636643e-06,0.0,5.477676125816959e-06
percy,0.0,0.0,0.0,6.599013505207118e-06
peremptorily,3.3960822557346093e-06,0.0,0.0,0.0
peremptory,3.3960822557346093e-06,0.0,0.0,0.0
perfect,-1.8586002941380122e-05,-2.509373749653746e-06,-3.107237944645953e-05,-1.4870854921071116e-05
perfection,1.409501486765347e-06,0.0,0.0,2.7388380629084794e-06
perfections,0.0,0.0,1.1355250164803664e-05,0.0
perfectly,-3.170553442941315e-05,-7.528121248961238e-06,-8.773377726059162e-05,-2.549289415040763e-05
perforce,0.0,0.0,5.677625082401832e-06,0.0
perform,0.0,0.0,0.0,0.0
performance,0.0,0.0,0.0,0.0
performances,0.0,7.794826824703627e-06,0.0,0.0
performed,0.0,0.0,0.0,0.0
performer,0.0,0.0,0.0,0.0
performers,0.0,0.0,1.1355250164803664e-05,0.0
performing,1.0188246767203828e-05,0.0,0.0,0.0
performs,0.0,0.0,5.677625082401832e-06,0.0
perhaps,-0.0002284985067499085,-5.5206222492382414e-05,-0.00014073960102219902,-0.00013383769428964006
perils,0.0,0.0,0.0,1.3198027010414236e-05
period,7.047507433826735e-06,0.0,3.534640974064343e-05,0.0
periodical,1.3584329022938437e-05,0.0,0.0,0.0
periods,0.0,0.0,5.677625082401832e-06,0.0
perlen,3.3960822557346093e-06,0.0,0.0,0.0
permanence,3.3960822557346093e-06,0.0,0.0,0.0
permanent,-4.3731771626776745e-06,-5.018747499307492e-06,-1.8277870262623253e-06,-2.1244078458673024e-06
permanently,3.3960822557346093e-06,0.0,0.0,0.0
permissable,3.3960822557346093e-06,0.0,0.0,0.0
permissible,1.3584329022938437e-05,0.0,0.0,0.0
permission,-5.4664714533470935e-06,-1.0037494998614984e-05,-1.0966722157573952e-05,-1.0622039229336513e-05
permit,0.0,0.0,0.0,0.0
permitted,4.2285044602960405e-06,0.0,2.3564273160428954e-06,0.0
pernicious,6.792164511469219e-06,0.0,0.0,0.0
perpetrated,0.0,0.0,0.0,6.599013505207118e-06
perpetration,6.792164511469219e-06,0.0,0.0,0.0
perpetrators,0.0,0.0,0.0,6.599013505207118e-06
perpetual,0.0,0.0,0.0,0.0
perpetually,0.0,0.0,1.7032875247205498e-05,0.0
perpetuity,3.3960822557346093e-06,0.0,0.0,0.0
perplexed,7.047507433826735e-06,0.0,0.0,2.7388380629084794e-06
perplexing,0.0,0.0,0.0,6.599013505207118e-06
perplexities,6.792164511469219e-06,0.0,0.0,0.0
perplexity,0.0,0.0,0.0,0.0
persecute,3.3960822557346093e-06,0.0,0.0,0.0
persecuted,3.3960822557346093e-06,0.0,0.0,0.0
persecuting,6.792164511469219e-06,0.0,0.0,0.0
persecution,1.409501486765347e-06,0.0,0.0,2.7388380629084794e-06
perseverance,0.0,0.0,1.7032875247205498e-05,0.0
persevere,3.3960822557346093e-06,0.0,0.0,0.0
persevered,0.0,0.0,5.677625082401832e-06,0.0
persevering,0.0,0.0,2.3564273160428954e-06,2.7388380629084794e-06
perseveringly,0.0,0.0,5.677625082401832e-06,0.0
persia,3.3960822557346093e-06,0.0,0.0,0.0
persian,0.0,0.0,0.0,6.599013505207118e-06
persist,1.409501486765347e-06,0.0,4.712854632085791e-06,0.0
persisted,1.1276011894122775e-05,0.0,4.712854632085791e-06,0.0
persistence,0.0,0.0,0.0,1.3198027010414236e-05
persistent,2.0376493534407657e-05,0.0,0.0,0.0
persistently,8.457008920592081e-06,0.0,0.0,2.7388380629084794e-06
persisting,0.0,0.0,5.677625082401832e-06,0.0
persists,0.0,0.0,5.677625082401832e-06,0.0
person,-5.24781259521321e-05,-5.018747499307492e-06,-8.956156428685394e-05,-4.673697260908065e-05
personage,5.638005947061388e-06,0.0,2.3564273160428954e-06,0.0
personages,5.638005947061388e-06,0.0,2.3564273160428954e-06,0.0
personal,-1.5306120069371863e-05,-2.509373749653746e-06,-3.6555740525246506e-06,-1.0622039229336513e-05
personality,0.0,0.0,0.0,6.599013505207118e-06
personally,0.0,0.0,0.0,0.0
personate,0.0,0.0,0.0,6.599013505207118e-06
personnel,0.0,7.794826824703627e-06,0.0,0.0
persons,0.0,0.0,0.0,0.0
perspiration,1.6980411278673048e-05,0.0,0.0,0.0
perspired,1.409501486765347e-06,0.0,0.0,2.7388380629084794e-06
persuade,0.0,0.0,0.0,0.0
persuaded,0.0,0.0,0.0,0.0
persuading,6.792164511469219e-06,0.0,0.0,0.0
persuasion,0.0,0.0,4.542100065921466e-05,0.0
persuasions,0.0,0.0,2.3564273160428954e-06,2.7388380629084794e-06
perturbation,1.409501486765347e-06,0.0,4.712854632085791e-06,0.0
perturbed,0.0,0.0,0.0,0.0
perusal,0.0,0.0,2.271050032960733e-05,0.0
perusing,0.0,0.0,5.677625082401832e-06,0.0
perverse,0.0,0.0,5.677625082401832e-06,0.0
perverseness,0.0,0.0,3.4065750494410995e-05,0.0
peski,6.792164511469219e-06,0.0,0.0,0.0
pessimism,0.0,7.794826824703627e-06,0.0,0.0
pester,3.3960822557346093e-06,0.0,0.0,0.0
pestered,1.409501486765347e-06,0.0,0.0,2.7388380629084794e-06
pestering,2.819002973530694e-06,0.0,0.0,2.7388380629084794e-06
pestryakov,3.3960822557346096e-05,0.0,0.0,0.0
pet,0.0,0.0,0.0,1.3198027010414236e-05
petals,6.792164511469219e-06,0.0,0.0,0.0
petcock,0.0,7.794826824703627e-06,0.0,0.0
peter,0.0,3.235145432636643e-06,0.0,2.7388380629084794e-06
petered,0.0,0.0,0.0,6.599013505207118e-06
petersburg,0.0001765962772981997,0.0,0.0,0.0
petersfield,0.0,0.0,0.0,6.599013505207118e-06
peterson,0.0,0.0,0.0,6.599013505207118e-05
petersons,0.0,0.0,0.0,6.599013505207118e-06
petition,1.409501486765347e-06,0.0,2.3564273160428954e-06,0.0
petitioned,0.0,0.0,5.677625082401832e-06,0.0
petrarch,0.0,0.0,0.0,6.599013505207118e-06
petrified,0.0,0.0,0.0,0.0
petrovitch,0.0009237343735598139,0.0,0.0,0.0
petrovitchs,5.0941233836019144e-05,0.0,0.0,0.0
petrovna,0.0002479140046686265,0.0,0.0,0.0
petrovnas,2.0376493534407657e-05,0.0,0.0,0.0
petrovsky,1.6980411278673048e-05,0.0,0.0,0.0
pets,0.0,0.0,0.0,6.599013505207118e-06
petticoat,0.0,0.0,1.7032875247205498e-05,0.0
petticoats,3.3960822557346093e-06,0.0,0.0,0.0
pettifogging,3.3960822557346093e-06,0.0,0.0,0.0
pettishly,3.3960822557346093e-06,0.0,0.0,0.0
petty,5.638005947061388e-06,0.0,0.0,5.477676125816959e-06
petulance,0.0,0.0,2.3564273160428954e-06,2.7388380629084794e-06
pew,0.0,0.0,0.0,4.6193094536449825e-05
pfoo,1.3584329022938437e-05,0.0,0.0,0.0
phaeton,0.0,0.0,2.271050032960733e-05,0.0
phalanstery,1.0188246767203828e-05,0.0,0.0,0.0
phantom,1.6980411278673048e-05,0.0,0.0,0.0
phantoms,3.3960822557346093e-06,0.0,0.0,0.0
pheasant,0.0,3.235145432636643e-06,0.0,2.7388380629084794e-06
phenomenal,3.3960822557346093e-06,0.0,0.0,0.0
phenomenally,3.3960822557346093e-06,0.0,0.0,0.0
phenomenon,6.792164511469219e-06,0.0,0.0,0.0
phew,3.3960822557346093e-06,0.0,0.0,0.0
philadelphia,0.0,0.0,0.0,1.3198027010414236e-05
philanthropist,0.0,0.0,0.0,6.599013505207118e-06
philip,2.377257579014227e-05,0.0,0.0,0.0
philips,1.409501486765347e-06,0.0,6.362353753315817e-05,0.0
philipses,0.0,0.0,1.1355250164803664e-05,0.0
philipss,0.0,0.0,3.4065750494410995e-05,0.0
philosopher,1.409501486765347e-06,0.0,2.3564273160428954e-06,0.0
philosophers,6.792164511469219e-06,0.0,0.0,0.0
philosophic,0.0,0.0,5.677625082401832e-06,0.0
philosophy,0.0,0.0,0.0,0.0
phone,0.0,1.5589653649407254e-05,0.0,0.0
phonograph,0.0,2.338448047411088e-05,0.0,0.0
photograph,0.0,0.0,0.0,0.00016497533763017798
photographer,3.3960822557346093e-06,0.0,0.0,0.0
photography,0.0,0.0,0.0,1.9797040515621355e-05
phrase,1.6980411278673048e-05,0.0,0.0,0.0
phrases,3.3960822557346096e-05,0.0,0.0,0.0
physical,3.056474030161149e-05,0.0,0.0,0.0
physically,6.792164511469219e-06,0.0,0.0,0.0
physicians,0.0,0.0,5.677625082401832e-06,0.0
physiology,3.3960822557346093e-06,0.0,0.0,0.0
piacenza,0.0,1.5589653649407254e-05,0.0,0.0
piacenzas,0.0,7.794826824703627e-06,0.0,0.0
piani,0.0,0.0005924068386774756,0.0,0.0
pianis,0.0,3.117930729881451e-05,0.0,0.0
piano,4.2285044602960405e-06,1.6175727163183214e-05,0.0,0.0
pianoforte,1.409501486765347e-06,0.0,1.1782136580214478e-05,0.0
piave,0.0,1.5589653649407254e-05,0.0,0.0
pick,0.0,0.0,0.0,0.0
picked,0.0,0.0,0.0,0.0
pickers,3.3960822557346093e-06,0.0,0.0,0.0
picking,0.0,0.0,0.0,0.0
pickpocket,3.3960822557346093e-06,0.0,0.0,0.0
picks,6.792164511469219e-06,0.0,0.0,0.0
picture,-8.746354325355349e-06,-7.528121248961238e-06,-2.5589018367672555e-05,-6.373223537601907e-06
pictured,0.0,0.0,2.3564273160428954e-06,2.7388380629084794e-06
pictures,-4.3731771626776745e-06,-2.509373749653746e-06,-1.8277870262623253e-06,-6.373223537601907e-06
picturesque,0.0,0.0,0.0,0.0
picturing,3.3960822557346093e-06,0.0,0.0,0.0
piderits,3.3960822557346093e-06,0.0,0.0,0.0
pidgin,0.0,1.5589653649407254e-05,0.0,0.0
pie,4.2285044602960405e-06,0.0,0.0,2.7388380629084794e-06
piece,-2.5145768685396633e-05,-2.2584363746883714e-05,-1.6450083236360926e-05,-2.549289415040763e-05
pieces,-7.653060034685932e-06,-3.0112484995844953e-05,-3.6555740525246506e-06,-2.1244078458673024e-06
pier,0.0,7.794826824703627e-06,0.0,0.0
pierce,0.0,0.0,0.0,6.599013505207118e-06
pierced,4.2285044602960405e-06,0.0,0.0,1.0955352251633918e-05
piercing,1.0188246767203828e-05,0.0,0.0,0.0
pies,2.819002973530694e-06,0.0,2.3564273160428954e-06,0.0
pig,1.2685513380888124e-05,3.235145432636643e-06,0.0,0.0
pigments,0.0,0.0,0.0,6.599013505207118e-06
pigs,0.0,0.0,5.677625082401832e-06,0.0
pikestaff,1.409501486765347e-06,0.0,0.0,2.7388380629084794e-06
pile,0.0,9.70543629790993e-06,0.0,1.0955352251633918e-05
piled,0.0,9.70543629790993e-06,0.0,2.7388380629084794e-06
piles,0.0,7.794826824703627e-06,0.0,0.0
piling,0.0,0.0,2.3564273160428954e-06,2.7388380629084794e-06
pill,3.3960822557346093e-06,0.0,0.0,0.0
pillars,0.0,1.5589653649407254e-05,0.0,0.0
pillow,0.0,0.0,0.0,0.0
pillows,0.0,0.0,0.0,0.0
pilot,0.0,0.0,0.0,6.599013505207118e-06
pimple,0.0,7.794826824703627e-06,0.0,0.0
pin,-2.1865885813388372e-06,-2.509373749653746e-06,-1.8277870262623253e-06,-2.1244078458673024e-06
pince,0.0,0.0,0.0,1.3198027010414236e-05
pincers,3.3960822557346093e-06,0.0,0.0,0.0
pinch,0.0,0.0,0.0,1.3198027010414236e-05
pinched,0.0,0.0,0.0,0.0
pine,1.409501486765347e-06,1.2940581730546572e-05,0.0,0.0
pink,2.819002973530694e-06,0.0,0.0,1.3694190314542398e-05
pinnacles,0.0,0.0,0.0,6.599013505207118e-06
pinned,0.0,1.5589653649407254e-05,0.0,0.0
pins,1.409501486765347e-06,9.70543629790993e-06,0.0,0.0
pint,6.792164511469219e-06,0.0,0.0,0.0
pipe,0.0,0.0,0.0,0.0
pipes,0.0,0.0,0.0,0.0
piping,1.409501486765347e-06,0.0,0.0,2.7388380629084794e-06
pips,0.0,0.0,0.0,6.599013505207118e-05
piquant,0.0,0.0,0.0,6.599013505207118e-06
pique,6.792164511469219e-06,0.0,0.0,0.0
piqued,1.409501486765347e-06,0.0,2.3564273160428954e-06,0.0
piquet,0.0,0.0,5.677625082401832e-06,0.0
pirates,0.0,0.0,0.0,6.599013505207118e-06
pisa,0.0,7.794826824703627e-06,0.0,0.0
piste,0.0,7.794826824703627e-06,0.0,0.0
pistol,0.0,0.0,0.0,0.0
pistols,0.0,1.5589653649407254e-05,0.0,0.0
piston,0.0,0.0,0.0,6.599013505207118e-06
pit,0.0,0.0,0.0,1.9797040515621355e-05
pitch,5.638005947061388e-06,0.0,0.0,1.3694190314542398e-05
pitched,0.0,0.0,0.0,0.0
pitcher,0.0,2.338448047411088e-05,0.0,0.0
pitchers,0.0,7.794826824703627e-06,0.0,0.0
piteous,2.819002973530694e-06,0.0,0.0,5.477676125816959e-06
piteously,6.792164511469219e-06,0.0,0.0,0.0
pith,0.0,7.794826824703627e-06,0.0,0.0
pitiable,0.0,0.0,7.069281948128687e-06,1.0955352251633918e-05
pitied,7.047507433826735e-06,0.0,7.069281948128687e-06,0.0
pitiful,0.0,0.0,0.0,0.0
pitilessly,3.3960822557346093e-06,0.0,0.0,0.0
pits,0.0,0.0,0.0,6.599013505207118e-06
pittance,0.0,0.0,0.0,6.599013505207118e-06
pittsburg,0.0,1.5589653649407254e-05,0.0,0.0
pity,-2.0772591522718957e-05,-5.018747499307492e-06,-1.6450083236360926e-05,-1.699526276693842e-05
pitying,0.0,7.794826824703627e-06,0.0,0.0
pitys,0.0,0.0,0.0,6.599013505207118e-06
place,-0.00012791543200832198,-0.00019071240497368469,-0.00013525623994341206,-0.00011471802367683433
placed,-2.1865885813388372e-06,-5.018747499307492e-06,-1.6450083236360926e-05,-4.036374907147875e-05
places,-5.4664714533470935e-06,-2.5093737496537457e-05,-9.138935131311627e-06,-1.4870854921071116e-05
placing,0.0,0.0,7.069281948128687e-06,2.7388380629084794e-06
plagiarists,3.3960822557346093e-06,0.0,0.0,0.0
plague,2.819002973530694e-06,0.0,7.069281948128687e-06,0.0
plaid,0.0,0.0,0.0,6.599013505207118e-06
plain,-1.4212825778702444e-05,-6.022496999168991e-05,-2.0105657288885576e-05,-2.3368486304540325e-05
plainer,0.0,0.0,2.3564273160428954e-06,2.7388380629084794e-06
plainly,-6.559765744016513e-06,-5.018747499307492e-06,-1.0966722157573952e-05,-1.699526276693842e-05
plainness,3.3960822557346093e-06,0.0,0.0,0.0
plains,0.0,7.794826824703627e-06,0.0,0.0
plaintive,6.792164511469219e-06,0.0,0.0,0.0
plaintively,3.3960822557346093e-06,0.0,0.0,0.0
plaire,3.3960822557346093e-06,0.0,0.0,0.0
plaisir,3.3960822557346093e-06,0.0,0.0,0.0
plaited,3.3960822557346093e-06,0.0,0.0,0.0
plan,-1.5306120069371863e-05,-2.509373749653746e-06,-2.5589018367672555e-05,-6.373223537601907e-06
plane,0.0,7.794826824703627e-06,0.0,0.0
planed,3.3960822557346093e-06,0.0,0.0,0.0
planes,0.0,2.338448047411088e-05,0.0,0.0
planet,0.0,0.0,0.0,6.599013505207118e-06
plank,6.792164511469219e-06,0.0,0.0,0.0
planked,0.0,0.0,0.0,6.599013505207118e-06
planking,0.0,3.235145432636643e-06,0.0,2.7388380629084794e-06
planks,1.409501486765347e-06,0.0,0.0,2.7388380629084794e-06
planned,-2.1865885813388372e-06,-2.509373749653746e-06,-5.483361078786976e-06,-2.1244078458673024e-06
planning,0.0,0.0,0.0,0.0
plannings,0.0,0.0,0.0,6.599013505207118e-06
plans,0.0,0.0,0.0,0.0
plant,0.0,0.0,5.677625082401832e-06,0.0
plantagenet,0.0,0.0,0.0,6.599013505207118e-06
plantation,0.0,0.0,0.0,0.0
planted,0.0,3.235145432636643e-06,0.0,2.7388380629084794e-06
planter,0.0,0.0,0.0,6.599013505207118e-06
plants,3.3960822557346093e-06,0.0,0.0,0.0
plaster,0.0,0.0,0.0,0.0
plat,0.0,7.794826824703627e-06,0.0,0.0
plate,-4.3731771626776745e-06,-1.7565616247576225e-05,-1.8277870262623253e-06,-6.373223537601907e-06
plateau,0.0,6.235861459762902e-05,0.0,0.0
plates,2.819002973530694e-06,1.941087259581986e-05,0.0,0.0
platform,0.0,9.70543629790993e-06,0.0,1.0955352251633918e-05
platitudes,0.0,0.0,0.0,6.599013505207118e-06
platoon,0.0,7.794826824703627e-06,0.0,0.0
platoons,0.0,7.794826824703627e-06,0.0,0.0
plausible,1.409501486765347e-06,0.0,0.0,2.7388380629084794e-06
plausibly,3.3960822557346093e-06,0.0,0.0,0.0
plava,0.0,6.235861459762902e-05,0.0,0.0
play,-4.3731771626776745e-06,-5.0187474993074915e-05,-3.290016647272185e-05,-2.1244078458673025e-05
played,-3.2798828720082563e-06,-1.5056242497922477e-05,-1.8277870262623253e-06,-2.1244078458673024e-06
player,0.0,6.470290865273286e-06,0.0,2.7388380629084794e-06
players,0.0,0.0,1.1355250164803664e-05,0.0
playful,9.86651040735743e-06,0.0,4.712854632085791e-06,0.0
playfulness,1.409501486765347e-06,0.0,4.712854632085791e-06,0.0
playing,-1.0932942906694187e-05,-2.0074989997229968e-05,-1.0966722157573952e-05,-1.0622039229336513e-05
plays,0.0,0.0,2.3564273160428954e-06,5.477676125816959e-06
plaything,6.792164511469219e-06,0.0,0.0,0.0
plead,0.0,0.0,1.1355250164803664e-05,0.0
pleaded,0.0,0.0,5.677625082401832e-06,0.0
pleading,0.0,0.0,0.0,6.599013505207118e-06
pleasant,-1.0932942906694187e-05,-4.516872749376743e-05,-3.290016647272185e-05,-1.4870854921071116e-05
pleasanter,0.0,0.0,2.271050032960733e-05,0.0
pleasantest,0.0,0.0,1.1355250164803664e-05,0.0
pleasantly,1.409501486765347e-06,0.0,9.425709264171582e-06,0.0
pleasantness,0.0,0.0,1.7032875247205498e-05,0.0
pleasantry,0.0,0.0,1.1355250164803664e-05,0.0
please,-6.122448027748745e-05,-0.00018318428372472346,-2.5589018367672555e-05,-1.699526276693842e-05
pleased,-1.8586002941380122e-05,-1.2546868748268729e-05,-7.128369402423068e-05,-6.373223537601907e-06
pleases,0.0,0.0,1.1355250164803664e-05,0.0
pleasing,0.0,0.0,0.0001249077518128403,0.0
pleasure,-2.295918010405779e-05,-1.5056242497922477e-05,-0.00016998419344239625,-1.9119670612805722e-05
pleasures,0.0,0.0,0.0,0.0
pledge,2.1142522301480205e-05,0.0,0.0,8.216514188725437e-06
pledged,0.0,0.0,0.0,0.0
pledges,4.0752987068815313e-05,0.0,0.0,0.0
plentiful,0.0,0.0,2.3564273160428954e-06,2.7388380629084794e-06
plenty,-7.653060034685932e-06,-3.764060624480619e-05,-1.8277870262623253e-06,-8.49763138346921e-06
pliancy,0.0,0.0,5.677625082401832e-06,0.0
plied,0.0,0.0,0.0,6.599013505207118e-06
plot,0.0,0.0,0.0,1.9797040515621355e-05
plotted,3.3960822557346093e-06,0.0,0.0,0.0
ploughed,0.0,0.0,0.0,6.599013505207118e-06
plovers,0.0,0.0,0.0,6.599013505207118e-06
pluck,0.0,0.0,0.0,1.3198027010414236e-05
plucked,0.0,0.0,0.0,1.3198027010414236e-05
plucking,0.0,0.0,0.0,6.599013505207118e-06
plugs,0.0,0.0,0.0,6.599013505207118e-06
plumber,0.0,0.0,0.0,2.6396054020828473e-05
plumbers,0.0,0.0,0.0,6.599013505207118e-06
plume,0.0,7.794826824703627e-06,0.0,0.0
plumes,0.0,7.794826824703627e-06,0.0,0.0
plump,1.409501486765347e-06,9.70543629790993e-06,0.0,0.0
plumped,0.0,0.0,0.0,6.599013505207118e-06
plunder,3.3960822557346093e-06,0.0,0.0,0.0
plunge,0.0,0.0,0.0,6.599013505207118e-06
plunged,5.638005947061388e-06,0.0,0.0,5.477676125816959e-06
plunging,0.0,0.0,0.0,6.599013505207118e-06
plush,0.0,1.2940581730546572e-05,0.0,8.216514188725437e-06
plying,3.3960822557346093e-06,0.0,0.0,0.0
pneumonia,0.0,7.794826824703627e-06,0.0,0.0
pock,3.3960822557346093e-06,0.0,0.0,0.0
pocket,-6.34110688588263e-05,-4.265935374411368e-05,-5.483361078786976e-06,-4.8861380454947953e-05
pockets,0.0,0.0,0.0,0.0
poem,0.0,7.794826824703627e-06,0.0,0.0
poems,3.3960822557346093e-06,0.0,0.0,0.0
poetic,0.0,0.0,0.0,6.599013505207118e-06
poetry,0.0,0.0,0.0,0.0
poets,3.3960822557346093e-06,0.0,0.0,0.0
poignant,2.0376493534407657e-05,0.0,0.0,0.0
point,-8.855683754422292e-05,-4.265935374411368e-05,-8.407820320806695e-05,-9.559835306402862e-05
pointed,-1.8586002941380122e-05,-3.0112484995844953e-05,-9.138935131311627e-06,-2.3368486304540325e-05
pointedly,0.0,0.0,5.677625082401832e-06,0.0
pointing,-9.83964861602477e-06,-5.018747499307492e-06,-9.138935131311627e-06,-1.4870854921071116e-05
points,-9.83964861602477e-06,-1.2546868748268729e-05,-7.311148105049301e-06,-4.4612564763213354e-05
poison,4.2285044602960405e-06,0.0,0.0,1.6433028377450875e-05
poisoned,6.792164511469219e-06,0.0,0.0,0.0
poisoner,0.0,0.0,0.0,6.599013505207118e-06
poisoning,0.0,0.0,0.0,6.599013505207118e-06
poked,6.792164511469219e-06,0.0,0.0,0.0
poker,0.0,0.0,0.0,1.9797040515621355e-05
pokers,0.0,0.0,0.0,6.599013505207118e-06
poking,6.792164511469219e-06,0.0,0.0,0.0
pokorev,3.3960822557346093e-06,0.0,0.0,0.0
poky,0.0,0.0,0.0,6.599013505207118e-06
pole,3.056474030161149e-05,0.0,0.0,0.0
polenka,0.00015282370150805744,0.0,0.0,0.0
poles,1.6980411278673048e-05,0.0,0.0,0.0
police,0.0,0.0,0.0,0.0
policeman,3.805654014266437e-05,0.0,0.0,1.0955352251633918e-05
policemans,3.3960822557346093e-06,0.0,0.0,0.0
policemen,1.3584329022938437e-05,0.0,0.0,0.0
policy,0.0,0.0,0.0,0.0
polish,6.792164511469219e-06,0.0,0.0,0.0
polished,0.0,0.0,0.0,0.0
polite,0.0,0.0,0.0,0.0
politely,0.0,0.0,0.0,0.0
politeness,0.0,0.0,0.0,0.0
political,7.047507433826735e-06,0.0,0.0,5.477676125816959e-06
politicians,0.0,0.0,0.0,6.599013505207118e-06
politics,0.0,0.0,0.0,1.3198027010414236e-05
polluted,0.0,0.0,5.677625082401832e-06,0.0
pollution,0.0,0.0,5.677625082401832e-06,0.0
polya,3.3960822557346093e-06,0.0,0.0,0.0
pomaded,6.792164511469219e-06,0.0,0.0,0.0
pomatum,1.0188246767203828e-05,0.0,0.0,0.0
pomposity,0.0,0.0,0.0,6.599013505207118e-06
pompous,0.0,0.0,0.0,0.0
pon,0.0,0.0,0.0,1.3198027010414236e-05
pondered,9.86651040735743e-06,0.0,0.0,2.7388380629084794e-06
pondering,1.0188246767203828e-05,0.0,0.0,0.0
ponderous,0.0,0.0,0.0,6.599013505207118e-06
pondicherry,0.0,0.0,0.0,3.299506752603559e-05
ponies,0.0,0.0,1.7032875247205498e-05,0.0
pontoon,0.0,3.117930729881451e-05,0.0,0.0
poof,2.377257579014227e-05,0.0,0.0,0.0
pooh,0.0,0.0,0.0,0.0
pool,0.0,0.0,0.0,0.0
pooled,0.0,7.794826824703627e-06,0.0,0.0
pools,0.0,6.470290865273286e-06,2.3564273160428954e-06,0.0
poor,-6.559765744016512e-05,-4.265935374411368e-05,-6.945590699796835e-05,-4.8861380454947953e-05
poorer,0.0,0.0,0.0,6.599013505207118e-06
poorest,1.0188246767203828e-05,0.0,0.0,0.0
poorly,5.638005947061388e-06,0.0,7.069281948128687e-06,0.0
pop,0.0,7.794826824703627e-06,0.0,0.0
pope,0.0,3.235145432636643e-06,2.3564273160428954e-06,0.0
popes,0.0,0.0,0.0,1.9797040515621355e-05
popped,3.3960822557346093e-06,0.0,0.0,0.0
poppet,1.3584329022938437e-05,0.0,0.0,0.0
popular,0.0,0.0,2.3564273160428954e-06,5.477676125816959e-06
popularity,0.0,0.0,5.677625082401832e-06,0.0
population,3.3960822557346093e-06,0.0,0.0,0.0
populous,0.0,0.0,0.0,6.599013505207118e-06
porcelain,0.0,7.794826824703627e-06,0.0,0.0
porch,0.0,0.0,0.0,0.0
pordenone,0.0,5.456378777292539e-05,0.0,0.0
porfiry,0.0006554438753567796,0.0,0.0,0.0
porfirys,4.4149069324549926e-05,0.0,0.0,0.0
pork,3.3960822557346093e-06,0.0,0.0,0.0
porridge,0.0,0.0,5.677625082401832e-06,0.0
port,0.0,0.0,2.3564273160428954e-06,5.477676125816959e-06
porta,0.0,2.338448047411088e-05,0.0,0.0
porter,0.0,0.0,0.0,0.0
porters,2.9599531222072284e-05,6.470290865273286e-06,0.0,0.0
portion,0.0,0.0,0.0,0.0
portly,1.409501486765347e-06,0.0,0.0,5.477676125816959e-06
portogruaro,0.0,7.794826824703627e-06,0.0,0.0
portrait,5.638005947061388e-06,0.0,2.3564273160428954e-06,0.0
portraits,0.0,0.0,1.1355250164803664e-05,0.0
portsdown,0.0,0.0,0.0,6.599013505207118e-06
pose,3.3960822557346093e-06,0.0,0.0,0.0
posed,3.3960822557346093e-06,0.0,0.0,0.0
poses,1.409501486765347e-06,0.0,0.0,2.7388380629084794e-06
posing,1.409501486765347e-06,3.235145432636643e-06,0.0,0.0
position,-6.231777456815687e-05,-5.018747499307492e-06,-1.8277870262623253e-06,-4.673697260908065e-05
positions,0.0,0.0,0.0,0.0
positive,-1.639941436004128e-05,-2.509373749653746e-06,-5.483361078786976e-06,-1.0622039229336513e-05
positively,0.0,0.0,0.0,0.0
positiveness,0.0,7.794826824703627e-06,0.0,0.0
possess,0.0,0.0,1.1782136580214478e-05,8.216514188725437e-06
possessed,0.0,0.0,0.0,0.0
possesses,0.0,0.0,5.677625082401832e-06,0.0
possessing,0.0,0.0,5.677625082401832e-06,0.0
possession,0.0,0.0,0.0,0.0
possessions,0.0,0.0,0.0,6.599013505207118e-06
possessor,0.0,0.0,1.1355250164803664e-05,0.0
possibilities,7.047507433826735e-06,0.0,2.3564273160428954e-06,0.0
possibility,0.0,0.0,0.0,0.0
possible,-6.122448027748745e-05,-1.5056242497922477e-05,-0.00010418386049695253,-0.00010622039229336512
possibly,-1.967929723204954e-05,-5.018747499307492e-06,-1.4622296210098602e-05,-2.549289415040763e-05
post,-9.83964861602477e-06,-5.0187474993074915e-05,-7.311148105049301e-06,-2.3368486304540325e-05
posted,0.0,0.0,0.0,0.0
posterior,0.0,0.0,0.0,6.599013505207118e-06
posterity,0.0,0.0,5.677625082401832e-06,0.0
postilions,0.0,0.0,5.677625082401832e-06,0.0
postman,3.3960822557346093e-06,0.0,0.0,0.0
postmark,0.0,0.0,0.0,2.6396054020828473e-05
postmarks,0.0,0.0,0.0,6.599013505207118e-06
postmaster,3.3960822557346093e-06,0.0,0.0,0.0
postpone,0.0,0.0,0.0,1.3198027010414236e-05
postponed,0.0,0.0,5.677625082401832e-06,0.0
posts,2.819002973530694e-06,1.941087259581986e-05,0.0,0.0
postscript,0.0,0.0,1.7032875247205498e-05,0.0
pot,3.056474030161149e-05,0.0,0.0,0.0
potanchikov,3.3960822557346093e-06,0.0,0.0,0.0
potato,0.0,3.897413412351813e-05,0.0,0.0
potatoes,2.819002973530694e-06,1.2940581730546572e-05,0.0,0.0
potchinkovs,1.6980411278673048e-05,0.0,0.0,0.0
pothouse,6.792164511469219e-06,0.0,0.0,0.0
pots,4.2285044602960405e-06,3.235145432636643e-06,0.0,0.0
poultry,0.0,0.0,7.069281948128687e-06,2.7388380629084794e-06
pounce,3.3960822557346093e-06,0.0,0.0,0.0
pounced,2.0376493534407657e-05,0.0,0.0,0.0
pound,1.409501486765347e-06,0.0,0.0,5.477676125816959e-06
pounded,0.0,7.794826824703627e-06,0.0,0.0
pounds,0.0,0.0,0.0,0.0
pour,0.0,0.0,0.0,0.0
poured,-2.1865885813388372e-06,-4.265935374411368e-05,-1.8277870262623253e-06,-6.373223537601907e-06
pouring,-3.2798828720082563e-06,-2.509373749653746e-06,-1.8277870262623253e-06,-4.248815691734605e-06
pouting,3.3960822557346093e-06,0.0,0.0,0.0
poverty,2.819002973530694e-05,0.0,4.712854632085791e-06,0.0
powder,1.3584329022938437e-05,0.0,0.0,0.0
powdered,0.0,7.794826824703627e-06,0.0,0.0
powdering,0.0,0.0,5.677625082401832e-06,0.0
powdery,0.0,7.794826824703627e-06,0.0,0.0
power,-2.733235726673547e-05,-5.018747499307492e-06,-7.676705510301765e-05,-2.761730199627493e-05
powerful,0.0,0.0,0.0,0.0
powers,0.0,0.0,0.0,0.0
practical,0.0,0.0,0.0,0.0
practicality,1.6980411278673048e-05,0.0,0.0,0.0
practically,0.0,0.0,0.0,0.0
practice,-2.1865885813388372e-06,-2.509373749653746e-06,-7.311148105049301e-06,-2.549289415040763e-05
practise,2.819002973530694e-06,0.0,2.3564273160428954e-06,0.0
practised,0.0,0.0,0.0,0.0
practises,0.0,0.0,1.1355250164803664e-05,0.0
practising,0.0,6.470290865273286e-06,2.3564273160428954e-06,0.0
prague,0.0,0.0,0.0,6.599013505207118e-06
praise,2.819002973530694e-06,0.0,5.18414009529437e-05,0.0
praised,1.409501486765347e-06,0.0,4.712854632085791e-06,0.0
praises,4.2285044602960405e-06,0.0,4.712854632085791e-06,0.0
praiseworthy,3.3960822557346093e-06,0.0,0.0,0.0
prank,0.0,0.0,0.0,1.3198027010414236e-05
pranks,1.6980411278673048e-05,0.0,0.0,0.0
praskovya,3.056474030161149e-05,0.0,0.0,0.0
pratt,0.0,0.0,1.1355250164803664e-05,0.0
pray,-1.8586002941380122e-05,-7.528121248961238e-06,-4.752246268282045e-05,-8.922512952642671e-05
prayed,1.1276011894122775e-05,6.470290865273286e-06,0.0,0.0
prayer,1.6980411278673048e-05,0.0,0.0,0.0
prayers,1.1276011894122775e-05,6.470290865273286e-06,0.0,0.0
pre,0.0,0.0,2.3564273160428954e-06,2.7388380629084794e-06
preach,1.409501486765347e-06,0.0,0.0,2.7388380629084794e-06
preached,3.3960822557346093e-06,0.0,0.0,0.0
preaching,0.0,0.0,1.7032875247205498e-05,0.0
precaution,4.2285044602960405e-06,0.0,0.0,1.3694190314542398e-05
precautions,0.0,0.0,0.0,6.599013505207118e-06
preceded,0.0,0.0,2.3564273160428954e-06,2.7388380629084794e-06
precedence,3.3960822557346093e-06,0.0,0.0,0.0
precedent,3.3960822557346093e-06,0.0,0.0,0.0
preceding,0.0,0.0,0.0,0.0
precious,-1.2026237197363608e-05,-2.509373749653746e-06,-3.6555740525246506e-06,-2.549289415040763e-05
precipice,3.3960822557346093e-06,0.0,0.0,0.0
precipitance,0.0,0.0,4.712854632085791e-06,2.7388380629084794e-06
precipitate,0.0,0.0,1.1355250164803664e-05,0.0
precise,0.0,0.0,0.0,0.0
precisely,0.0,0.0,0.0,0.0
precision,2.819002973530694e-06,0.0,2.3564273160428954e-06,0.0
precluding,0.0,0.0,5.677625082401832e-06,0.0
preconceived,3.3960822557346093e-06,0.0,0.0,0.0
precursor,0.0,0.0,0.0,6.599013505207118e-06
predestined,3.3960822557346093e-06,0.0,0.0,0.0
predict,0.0,0.0,5.677625082401832e-06,0.0
predicted,3.3960822557346093e-06,0.0,0.0,0.0
prediction,0.0,0.0,0.0,6.599013505207118e-06
predictions,0.0,7.794826824703627e-06,0.0,0.0
predisposition,3.3960822557346093e-06,0.0,0.0,0.0
predominance,0.0,0.0,5.677625082401832e-06,0.0
predominate,0.0,0.0,5.677625082401832e-06,0.0
predominated,1.409501486765347e-06,0.0,0.0,2.7388380629084794e-06
predominates,0.0,0.0,0.0,6.599013505207118e-06
preening,3.3960822557346093e-06,0.0,0.0,0.0
prefaced,0.0,0.0,5.677625082401832e-06,0.0
prefer,0.0,0.0,0.0,0.0
preference,0.0,0.0,2.3564273160428955e-05,2.7388380629084794e-06
preferment,0.0,0.0,1.7032875247205498e-05,0.0
preferred,7.047507433826735e-06,0.0,7.069281948128687e-06,0.0
prefers,0.0,6.470290865273286e-06,0.0,2.7388380629084794e-06
pregnancy,0.0,7.794826824703627e-06,0.0,0.0
pregnant,0.0,7.794826824703627e-06,0.0,0.0
prejudice,0.0,0.0,0.0,0.0
prejudiced,0.0,0.0,0.0,0.0
prejudices,9.86651040735743e-06,0.0,4.712854632085791e-06,0.0
preliminary,4.2285044602960405e-06,0.0,0.0,5.477676125816959e-06
premature,0.0,0.0,0.0,6.599013505207118e-06
prematurely,6.792164511469219e-06,0.0,0.0,0.0
premeditated,0.0,0.0,5.677625082401832e-06,0.0
premeditation,0.0,0.0,5.677625082401832e-06,0.0
premises,0.0,0.0,2.3564273160428954e-06,1.6433028377450875e-05
prendergast,0.0,0.0,0.0,1.3198027010414236e-05
preoccupation,3.3960822557346093e-06,0.0,0.0,0.0
preoccupations,3.3960822557346093e-06,0.0,0.0,0.0
preoccupied,7.047507433826735e-06,0.0,0.0,2.7388380629084794e-06
preordained,3.3960822557346093e-06,0.0,0.0,0.0
preparation,1.409501486765347e-06,0.0,2.3564273160428954e-06,0.0
preparations,-7.653060034685932e-06,-5.018747499307492e-06,-3.6555740525246506e-06,-4.248815691734605e-06
preparatory,3.3960822557346093e-06,0.0,0.0,0.0
prepare,-2.1865885813388372e-06,-2.509373749653746e-06,-1.0966722157573952e-05,-2.1244078458673024e-06
prepared,0.0,0.0,0.0,0.0
preparing,0.0,0.0,0.0,0.0
preponderance,3.3960822557346093e-06,0.0,0.0,0.0
prepossessing,1.3584329022938437e-05,0.0,0.0,0.0
prepossession,0.0,0.0,1.1355250164803664e-05,0.0
preposterous,0.0,0.0,0.0,2.6396054020828473e-05
prescribes,0.0,7.794826824703627e-06,0.0,0.0
presence,0.0,0.0,0.0,0.0
present,-6.450436314949571e-05,-5.018747499307492e-06,-0.00012428951778583813,-5.7359011838417166e-05
presentable,3.3960822557346093e-06,0.0,0.0,0.0
presentation,0.0,0.0,2.8388125412009164e-05,0.0
presented,0.0,0.0,0.0,0.0
presentiment,1.6980411278673048e-05,0.0,0.0,0.0
presentiments,3.3960822557346093e-06,0.0,0.0,0.0
presenting,3.3960822557346093e-06,0.0,0.0,0.0
presently,0.0,0.0,0.0,0.0
presents,-8.746354325355349e-06,-2.509373749653746e-06,-5.483361078786976e-06,-4.248815691734605e-06
preservation,0.0,0.0,1.1355250164803664e-05,0.0
preservative,0.0,0.0,1.1355250164803664e-05,0.0
preserve,0.0,0.0,0.0,0.0
preserved,0.0,0.0,0.0,0.0
preserver,0.0,0.0,0.0,6.599013505207118e-06
preserves,0.0,0.0,0.0,6.599013505207118e-06
preserving,2.819002973530694e-06,0.0,0.0,2.7388380629084794e-06
preside,1.409501486765347e-06,0.0,2.3564273160428954e-06,0.0
presided,0.0,0.0,5.677625082401832e-06,0.0
president,0.0,1.5589653649407254e-05,0.0,0.0
presiding,3.3960822557346093e-06,0.0,0.0,0.0
press,0.0,0.0,0.0,0.0
pressed,-8.746354325355349e-06,-5.018747499307492e-06,-5.483361078786976e-06,-6.373223537601907e-06
presses,0.0,0.0,0.0,6.599013505207118e-06
pressing,0.0,0.0,0.0,0.0
pressingly,0.0,0.0,5.677625082401832e-06,0.0
pressure,0.0,0.0,0.0,0.0
presumably,0.0,0.0,0.0,1.9797040515621355e-05
presume,0.0,0.0,0.0,0.0
presumed,1.409501486765347e-06,0.0,2.3564273160428954e-06,0.0
presuming,0.0,0.0,4.712854632085791e-06,2.7388380629084794e-06
presumption,0.0,0.0,0.0,0.0
presupposes,3.3960822557346093e-06,0.0,0.0,0.0
pretence,0.0,0.0,4.712854632085791e-06,2.7388380629084794e-06
pretend,0.0,0.0,0.0,0.0
pretended,-4.3731771626776745e-06,-5.018747499307492e-06,-3.6555740525246506e-06,-2.1244078458673024e-06
pretending,1.5504516354418816e-05,0.0,7.069281948128687e-06,0.0
pretends,0.0,0.0,0.0,6.599013505207118e-06
pretension,0.0,0.0,5.677625082401832e-06,0.0
pretensions,1.409501486765347e-06,0.0,1.1782136580214478e-05,0.0
pretentious,3.3960822557346093e-06,0.0,0.0,0.0
preternatural,6.792164511469219e-06,0.0,0.0,0.0
pretext,5.638005947061388e-06,0.0,0.0,2.7388380629084794e-06
prettier,0.0,0.0,1.1355250164803664e-05,0.0
prettiest,0.0,0.0,5.677625082401832e-06,0.0
pretty,-2.1865885813388374e-05,-6.273434374134364e-05,-4.386688863029581e-05,-2.549289415040763e-05
prettyish,0.0,0.0,5.677625082401832e-06,0.0
pretzels,0.0,1.5589653649407254e-05,0.0,0.0
prevail,0.0,0.0,1.1355250164803664e-05,0.0
prevailed,0.0,0.0,8.516437623602748e-05,0.0
prevailing,0.0,0.0,1.1355250164803664e-05,0.0
prevaricate,3.3960822557346093e-06,0.0,0.0,0.0
prevent,-7.653060034685932e-06,-2.509373749653746e-06,-2.9244592420197205e-05,-1.9119670612805722e-05
prevented,7.047507433826735e-06,0.0,5.4197828268986596e-05,0.0
preventing,0.0,0.0,0.0,1.3198027010414236e-05
prevents,0.0,0.0,5.677625082401832e-06,0.0
previous,0.0,0.0,0.0,0.0
previously,0.0,0.0,1.1355250164803664e-05,0.0
prey,0.0,0.0,0.0,0.0
price,-4.3731771626776745e-06,-5.018747499307492e-06,-3.6555740525246506e-06,-1.0622039229336513e-05
prices,0.0,3.235145432636643e-06,0.0,8.216514188725437e-06
prick,8.457008920592081e-06,0.0,0.0,2.7388380629084794e-06
pricked,0.0,7.794826824703627e-06,0.0,0.0
pride,0.0,0.0,0.0,0.0
prided,0.0,0.0,5.677625082401832e-06,0.0
priest,2.6780528248541593e-05,0.0002911630889372979,0.0,0.0
priests,2.819002973530694e-06,3.235145432636643e-06,0.0,0.0
prilukovs,3.3960822557346093e-06,0.0,0.0,0.0
prima,0.0,0.0,0.0,6.599013505207118e-06
primarily,3.3960822557346093e-06,0.0,0.0,0.0
prime,0.0,0.0,0.0,6.599013505207118e-06
primeval,3.3960822557346093e-06,0.0,0.0,0.0
prince,5.638005947061388e-06,0.0,0.0,2.7388380629084794e-06
princess,1.409501486765347e-06,0.0,0.0,2.7388380629084794e-06
princesses,3.3960822557346093e-06,0.0,0.0,0.0
principal,0.0,0.0,0.0,0.0
principally,0.0,0.0,0.0,0.0
principle,0.0,0.0,0.0,0.0
principles,0.0,0.0,0.0,0.0
prinking,3.3960822557346093e-06,0.0,0.0,0.0
print,4.2285044602960405e-06,0.0,0.0,5.477676125816959e-06
printed,4.2285044602960405e-06,0.0,0.0,1.3694190314542398e-05
printing,3.3960822557346093e-06,0.0,0.0,0.0
prints,1.409501486765347e-06,0.0,0.0,2.7388380629084794e-06
prior,0.0,0.0,4.712854632085791e-06,2.7388380629084794e-06
prison,4.79230505500218e-05,0.0,0.0,1.3694190314542398e-05
prisoner,0.0,0.0,0.0,0.0
prisoners,0.0,0.0,0.0,0.0
prisons,3.3960822557346093e-06,0.0,0.0,0.0
pritchard,0.0,0.0,0.0,6.599013505207118e-06
privacy,1.409501486765347e-06,0.0,0.0,2.7388380629084794e-06
private,-6.559765744016513e-06,-2.509373749653746e-06,-2.0105657288885576e-05,-2.974170984214223e-05
privately,0.0,0.0,0.0,0.0
privation,3.3960822557346093e-06,0.0,0.0,0.0
privations,3.3960822557346093e-06,0.0,0.0,0.0
privilege,1.409501486765347e-06,0.0,7.069281948128687e-06,0.0
privileged,0.0,0.0,0.0,0.0
privy,3.3960822557346093e-06,0.0,0.0,0.0
prize,2.819002973530694e-06,0.0,0.0,2.7388380629084794e-06
prized,1.409501486765347e-06,0.0,2.3564273160428954e-06,0.0
prizes,0.0,0.0,2.3564273160428954e-06,2.7388380629084794e-06
pro,1.409501486765347e-06,0.0,0.0,2.7388380629084794e-06
probabilities,0.0,0.0,5.677625082401832e-06,0.0
probability,0.0,0.0,0.0,0.0
probable,0.0,0.0,0.0,0.0
probably,-3.4985417301421396e-05,-8.280933373857361e-05,-4.386688863029581e-05,-3.1866117688009535e-05
probe,0.0,1.5589653649407254e-05,0.0,0.0
probed,0.0,3.235145432636643e-06,0.0,5.477676125816959e-06
probing,0.0,0.0,0.0,0.0
probity,0.0,0.0,5.677625082401832e-06,0.0
problem,4.2285044602960405e-06,0.0,0.0,5.477676125816959e-05
problems,0.0,0.0,0.0,0.0
procedure,0.0,7.794826824703627e-06,0.0,0.0
proceed,-2.1865885813388372e-06,-2.509373749653746e-06,-9.138935131311627e-06,-1.0622039229336513e-05
proceeded,0.0,0.0,0.0,0.0
proceeding,0.0,0.0,0.0,0.0
proceedings,0.0,0.0,0.0,0.0
process,0.0,0.0,0.0,0.0
processes,0.0,0.0,0.0,6.599013505207118e-06
procession,3.3960822557346093e-06,0.0,0.0,0.0
proclaim,1.409501486765347e-06,0.0,2.3564273160428954e-06,0.0
proclaimed,0.0,0.0,0.0,6.599013505207118e-06
proclamations,0.0,1.5589653649407254e-05,0.0,0.0
procure,0.0,0.0,5.677625082401832e-06,0.0
procured,0.0,0.0,2.271050032960733e-05,0.0
procuring,0.0,0.0,1.7032875247205498e-05,0.0
prodded,0.0,7.794826824703627e-06,0.0,0.0
prodigious,0.0,0.0,5.677625082401832e-06,0.0
prodigiously,0.0,0.0,7.069281948128687e-06,2.7388380629084794e-06
produce,0.0,0.0,0.0,0.0
produced,0.0,0.0,0.0,0.0
producing,0.0,3.235145432636643e-06,0.0,2.7388380629084794e-06
product,0.0,0.0,0.0,0.0
productive,0.0,0.0,5.677625082401832e-06,0.0
profess,0.0,0.0,5.677625082401832e-06,0.0
professed,0.0,0.0,2.271050032960733e-05,0.0
professing,0.0,0.0,5.677625082401832e-06,0.0
profession,0.0,0.0,0.0,0.0
professional,2.819002973530694e-06,0.0,0.0,3.834373288071871e-05
professionally,0.0,0.0,0.0,6.599013505207118e-06
professions,0.0,0.0,3.4065750494410995e-05,0.0
professor,1.409501486765347e-06,6.470290865273286e-06,0.0,0.0
professorship,3.3960822557346093e-06,0.0,0.0,0.0
proffered,3.3960822557346093e-06,0.0,0.0,0.0
proficiency,0.0,0.0,5.677625082401832e-06,0.0
proficient,0.0,0.0,2.3564273160428954e-06,2.7388380629084794e-06
profile,3.3960822557346093e-06,0.0,0.0,0.0
profiles,0.0,7.794826824703627e-06,0.0,0.0
profit,8.457008920592081e-06,0.0,2.3564273160428954e-06,0.0
profitable,3.3960822557346093e-06,0.0,0.0,0.0
profited,0.0,0.0,0.0,6.599013505207118e-06
profligacy,0.0,0.0,5.677625082401832e-06,0.0
profligate,2.819002973530694e-06,0.0,2.3564273160428954e-06,0.0
profound,0.0,0.0,0.0,0.0
profoundest,3.3960822557346093e-06,0.0,0.0,0.0
profoundly,0.0,0.0,0.0,6.599013505207118e-06
profuse,0.0,0.0,5.677625082401832e-06,0.0
profusion,0.0,0.0,5.677625082401832e-06,0.0
prognostics,0.0,0.0,5.677625082401832e-06,0.0
programme,0.0,9.70543629790993e-06,0.0,2.7388380629084794e-06
programmes,0.0,7.794826824703627e-06,0.0,0.0
progress,-6.559765744016513e-06,-5.018747499307492e-06,-9.138935131311627e-06,-2.1244078458673024e-06
progressive,1.6980411278673048e-05,0.0,0.0,0.0
progressively,3.3960822557346093e-06,0.0,0.0,0.0
progressives,6.792164511469219e-06,0.0,0.0,0.0
prohibited,0.0,0.0,5.677625082401832e-06,0.0
prohibition,3.3960822557346093e-06,0.0,0.0,0.0
project,8.457008920592081e-06,0.0,2.3564273160428954e-06,0.0
projected,0.0,0.0,0.0,0.0
projectile,0.0,1.5589653649407254e-05,0.0,0.0
projecting,0.0,0.0,0.0,0.0
prokofitch,8.150597413763063e-05,0.0,0.0,0.0
prolong,0.0,0.0,0.0,6.599013505207118e-06
prolonged,4.2285044602960405e-06,0.0,0.0,5.477676125816959e-06
prominence,0.0,0.0,0.0,6.599013505207118e-06
prominent,3.3960822557346093e-06,0.0,0.0,0.0
promise,-1.4212825778702444e-05,-5.018747499307492e-06,-3.107237944645953e-05,-2.974170984214223e-05
promised,-1.3119531488033025e-05,-2.509373749653746e-06,-3.838352755150883e-05,-1.0622039229336513e-05
promises,0.0,0.0,0.0,0.0
promising,0.0,0.0,0.0,0.0
promote,1.409501486765347e-06,0.0,9.425709264171582e-06,0.0
promoted,0.0,6.470290865273286e-06,2.3564273160428954e-06,0.0
promotes,3.3960822557346093e-06,0.0,0.0,0.0
promoting,3.3960822557346093e-06,0.0,0.0,0.0
prompt,0.0,0.0,2.3564273160428954e-06,1.6433028377450875e-05
prompted,0.0,0.0,2.3564273160428954e-06,2.7388380629084794e-06
prompting,1.0188246767203828e-05,0.0,0.0,0.0
promptly,5.638005947061388e-06,0.0,0.0,2.7388380629084794e-06
prone,0.0,0.0,1.1355250164803664e-05,0.0
pronounce,0.0,0.0,0.0,0.0
pronounced,1.409501486765347e-05,0.0,2.3564273160428955e-05,0.0
pronouncing,0.0,0.0,5.677625082401832e-06,0.0
proof,0.0,0.0,0.0,0.0
proofs,5.638005947061388e-06,0.0,0.0,5.477676125816959e-06
proosia,0.0,0.0,0.0,6.599013505207118e-06
propaganda,2.0376493534407657e-05,0.0,0.0,0.0
propagation,0.0,0.0,0.0,6.599013505207118e-06
propensities,0.0,0.0,5.677625082401832e-06,0.0
propensity,2.819002973530694e-06,0.0,2.3564273160428954e-06,0.0
proper,0.0,0.0,0.0,0.0
properly,0.0,0.0,0.0,0.0
property,-1.4212825778702444e-05,-2.509373749653746e-06,-1.4622296210098602e-05,-1.2746447075203814e-05
prophet,1.3584329022938437e-05,0.0,0.0,0.0
propitious,0.0,0.0,5.677625082401832e-06,0.0
proportion,0.0,0.0,0.0,0.0
proportionate,0.0,0.0,5.677625082401832e-06,0.0
proportionately,3.3960822557346093e-06,0.0,0.0,0.0
proportioned,1.409501486765347e-06,0.0,2.3564273160428954e-06,0.0
proportions,1.409501486765347e-06,0.0,2.3564273160428954e-06,0.0
proposal,0.0,0.0,0.0,0.0
proposals,4.2285044602960405e-06,0.0,2.1207845844386058e-05,0.0
propose,0.0,0.0,0.0,0.0
proposed,-5.4664714533470935e-06,-2.509373749653746e-06,-9.138935131311627e-06,-2.1244078458673024e-06
proposing,6.792164511469219e-06,0.0,0.0,0.0
proposition,0.0,0.0,0.0,0.0
propositions,3.3960822557346093e-06,0.0,0.0,0.0
propound,0.0,0.0,0.0,6.599013505207118e-06
propounds,6.792164511469219e-06,0.0,0.0,0.0
propped,0.0,7.794826824703627e-06,0.0,0.0
propping,3.3960822557346093e-06,0.0,0.0,0.0
proprietor,0.0,0.0,0.0,0.0
propriety,0.0,0.0,1.8851418528343163e-05,5.477676125816959e-06
prosecute,1.3584329022938437e-05,0.0,0.0,0.0
prosecuted,0.0,0.0,0.0,6.599013505207118e-06
prosecution,1.409501486765347e-06,0.0,0.0,5.477676125816959e-06
prosecutor,3.3960822557346093e-06,0.0,0.0,0.0
prospect,0.0,0.0,0.0,0.0
prospecting,0.0,0.0,0.0,6.599013505207118e-06
prospective,3.3960822557346093e-06,0.0,0.0,0.0
prospects,0.0,0.0,2.271050032960733e-05,0.0
prosper,0.0,0.0,0.0,6.599013505207118e-06
prosperity,0.0,0.0,7.069281948128687e-06,2.7388380629084794e-06
prosperous,-1.0932942906694186e-06,-2.509373749653746e-06,-3.6555740525246506e-06,-2.1244078458673024e-06
prostrate,3.3960822557346093e-06,0.0,0.0,0.0
protect,0.0,0.0,0.0,0.0
protected,1.409501486765347e-06,1.2940581730546572e-05,0.0,0.0
protecting,6.792164511469219e-06,0.0,0.0,0.0
protection,0.0,0.0,4.712854632085791e-06,2.7388380629084794e-06
protector,0.0,7.794826824703627e-06,0.0,0.0
protectors,3.3960822557346093e-06,0.0,0.0,0.0
protest,0.0,0.0,0.0,0.0
protestation,0.0,0.0,0.0,6.599013505207118e-06
protested,0.0,0.0,0.0,0.0
protesting,0.0,0.0,0.0,0.0
protests,3.3960822557346093e-06,0.0,0.0,0.0
protracted,0.0,2.338448047411088e-05,0.0,0.0
protruded,1.409501486765347e-06,0.0,0.0,8.216514188725437e-06
protruding,0.0,0.0,0.0,3.299506752603559e-05
proud,-2.4052474394727216e-05,-1.7565616247576225e-05,-4.021131457777115e-05,-2.1244078458673024e-06
proudest,0.0,0.0,5.677625082401832e-06,0.0
proudly,1.409501486765347e-06,0.0,2.3564273160428954e-06,0.0
prove,-1.4212825778702444e-05,-5.018747499307492e-06,-1.4622296210098602e-05,-1.9119670612805722e-05
proved,-9.83964861602477e-06,-2.509373749653746e-06,-3.107237944645953e-05,-8.49763138346921e-06
proverb,2.819002973530694e-06,0.0,2.3564273160428954e-06,0.0
proves,5.638005947061388e-06,0.0,0.0,5.477676125816959e-06
provide,0.0,0.0,0.0,0.0
provided,0.0,0.0,0.0,0.0
providence,3.056474030161149e-05,0.0,0.0,0.0
providential,6.792164511469219e-06,0.0,0.0,0.0
providing,0.0,0.0,2.3564273160428954e-06,2.7388380629084794e-06
province,9.86651040735743e-06,0.0,0.0,5.477676125816959e-06
provinces,5.638005947061388e-06,0.0,0.0,2.7388380629084794e-06
provincial,1.409501486765347e-06,0.0,0.0,2.7388380629084794e-06
proving,0.0,0.0,0.0,0.0
provision,0.0,0.0,4.712854632085791e-06,2.7388380629084794e-06
provisional,0.0,7.794826824703627e-06,0.0,0.0
provisions,3.3960822557346093e-06,0.0,0.0,0.0
provocations,0.0,0.0,5.677625082401832e-06,0.0
provocative,3.3960822557346093e-06,0.0,0.0,0.0
provoke,0.0,0.0,2.8388125412009164e-05,0.0
provoked,0.0,0.0,7.069281948128687e-06,5.477676125816959e-06
provoking,2.819002973530694e-06,0.0,7.069281948128687e-06,0.0
proximity,3.3960822557346093e-06,0.0,0.0,0.0
proxy,0.0,0.0,5.677625082401832e-06,0.0
prudence,5.638005947061388e-06,0.0,9.425709264171582e-06,0.0
prudent,1.409501486765347e-06,0.0,9.425709264171582e-06,0.0
prudential,0.0,0.0,5.677625082401832e-06,0.0
prudently,0.0,0.0,5.677625082401832e-06,0.0
pruning,3.3960822557346093e-06,0.0,0.0,0.0
prussian,2.819002973530694e-06,0.0,0.0,2.7388380629084794e-06
pry,0.0,7.794826824703627e-06,0.0,0.0
prying,0.0,0.0,0.0,6.599013505207118e-06
pshaw,0.0,0.0,0.0,1.3198027010414236e-05
psychological,2.377257579014227e-05,0.0,0.0,0.0
psychologically,1.6980411278673048e-05,0.0,0.0,0.0
psychologist,3.3960822557346093e-06,0.0,0.0,0.0
psychology,4.0752987068815313e-05,0.0,0.0,0.0
pub,0.0,7.794826824703627e-06,0.0,0.0
public,0.0,0.0,0.0,0.0
publications,3.3960822557346093e-06,0.0,0.0,0.0
publicity,1.409501486765347e-06,0.0,0.0,5.477676125816959e-06
publicly,0.0,0.0,7.069281948128687e-06,2.7388380629084794e-06
publish,1.409501486765347e-06,0.0,2.3564273160428954e-06,0.0
published,3.3960822557346093e-06,0.0,0.0,0.0
publisher,6.792164511469219e-06,0.0,0.0,0.0
publishers,1.3584329022938437e-05,0.0,0.0,0.0
publishing,1.3584329022938437e-05,0.0,0.0,0.0
puckered,0.0,3.235145432636643e-06,0.0,2.7388380629084794e-06
pudding,2.819002973530694e-06,6.470290865273286e-06,0.0,0.0
puddle,6.792164511469219e-06,0.0,0.0,0.0
puddles,0.0,0.0,5.677625082401832e-06,0.0
puffed,0.0,0.0,2.3564273160428954e-06,5.477676125816959e-06
puffing,0.0,0.0,0.0,0.0
puffs,0.0,1.5589653649407254e-05,0.0,0.0
puffy,3.3960822557346093e-06,0.0,0.0,0.0
pulcheria,0.00042111419971109157,0.0,0.0,0.0
pull,-1.2026237197363608e-05,-1.0037494998614984e-05,-1.8277870262623253e-06,-1.4870854921071116e-05
pulled,0.0,0.0,0.0,0.0
pulling,0.0,0.0,0.0,0.0
pulls,6.792164511469219e-06,0.0,0.0,0.0
pulp,0.0,0.0,0.0,6.599013505207118e-06
pulpy,0.0,7.794826824703627e-06,0.0,0.0
pulse,1.0188246767203828e-05,0.0,0.0,0.0
pulsing,0.0,7.794826824703627e-06,0.0,0.0
punch,4.2285044602960405e-06,0.0,2.3564273160428954e-06,0.0
punchinello,3.3960822557346093e-06,0.0,0.0,0.0
punching,3.3960822557346093e-06,0.0,0.0,0.0
punctiliousness,3.3960822557346093e-06,0.0,0.0,0.0
punctual,0.0,0.0,1.7032875247205498e-05,0.0
punctuality,0.0,0.0,1.1355250164803664e-05,0.0
punctually,4.2285044602960405e-06,0.0,7.069281948128687e-06,0.0
puncture,0.0,7.794826824703627e-06,0.0,0.0
punctures,0.0,0.0,0.0,6.599013505207118e-06
pungent,0.0,0.0,0.0,6.599013505207118e-06
punish,0.0,0.0,0.0,0.0
punished,3.3960822557346093e-06,0.0,0.0,0.0
punishing,3.3960822557346093e-06,0.0,0.0,0.0
punishment,0.0,0.0,0.0,0.0
puny,0.0,0.0,0.0,6.599013505207118e-06
pupils,0.0,0.0,0.0,6.599013505207118e-06
puppy,1.409501486765347e-06,3.235145432636643e-06,0.0,0.0
purchase,0.0,0.0,0.0,0.0
purchased,1.409501486765347e-06,0.0,7.069281948128687e-06,0.0
purchases,1.409501486765347e-06,0.0,4.712854632085791e-06,0.0
purchasing,1.409501486765347e-06,0.0,0.0,2.7388380629084794e-06
pure,-5.4664714533470935e-06,-7.528121248961238e-06,-3.6555740525246506e-06,-4.248815691734605e-06
purely,4.2285044602960405e-06,0.0,0.0,1.0955352251633918e-05
purer,0.0,7.794826824703627e-06,0.0,0.0
purest,0.0,3.235145432636643e-06,0.0,2.7388380629084794e-06
purify,3.3960822557346093e-06,0.0,0.0,0.0
purissimo,0.0,7.794826824703627e-06,0.0,0.0
purity,7.047507433826735e-06,0.0,0.0,2.7388380629084794e-06
purple,0.0,0.0,0.0,0.0
purplish,1.409501486765347e-06,3.235145432636643e-06,0.0,0.0
purport,0.0,0.0,4.712854632085791e-06,5.477676125816959e-06
purpose,-3.607871159209082e-05,-1.2546868748268729e-05,-3.290016647272185e-05,-2.3368486304540325e-05
purposely,5.638005947061388e-06,0.0,1.4138563896257373e-05,0.0
purposes,1.409501486765347e-06,0.0,0.0,1.0955352251633918e-05
purr,0.0,7.794826824703627e-06,0.0,0.0
purse,0.0,0.0,0.0,0.0
purses,0.0,0.0,2.3564273160428954e-06,2.7388380629084794e-06
pursue,0.0,0.0,1.4138563896257373e-05,2.7388380629084794e-06
pursued,0.0,0.0,0.0,0.0
pursuers,0.0,0.0,0.0,6.599013505207118e-06
pursuing,4.2285044602960405e-06,0.0,7.069281948128687e-06,0.0
pursuit,5.638005947061388e-06,0.0,1.4138563896257373e-05,0.0
pursuits,0.0,0.0,5.677625082401832e-06,0.0
purveyor,0.0,0.0,0.0,6.599013505207118e-06
purvis,0.0,0.0,5.677625082401832e-06,0.0
purée,0.0,7.794826824703627e-06,0.0,0.0
pus,0.0,7.794826824703627e-06,0.0,0.0
push,0.0,0.0,0.0,0.0
pushed,0.0,0.0,0.0,0.0
pushing,9.86651040735743e-06,0.0,0.0,8.216514188725437e-06
pushkin,1.0188246767203828e-05,0.0,0.0,0.0
put,-0.0002044460323551813,-0.00033625608245360194,-5.6661397814132085e-05,-0.00014658414136484388
puts,5.638005947061388e-06,3.235145432636643e-06,0.0,0.0
puttee,0.0,1.5589653649407254e-05,0.0,0.0
puttees,0.0,4.676896094822176e-05,0.0,0.0
putting,-3.0612240138743727e-05,-1.0037494998614984e-05,-9.138935131311627e-06,-2.1244078458673025e-05
putty,0.0,0.0,0.0,1.3198027010414236e-05
puzzle,0.0,0.0,4.712854632085791e-06,5.477676125816959e-06
puzzled,-3.2798828720082563e-06,-5.018747499307492e-06,-1.8277870262623253e-06,-1.0622039229336513e-05
puzzling,0.0,0.0,0.0,6.599013505207118e-06
pyotr,0.0005875222302420875,0.0,0.0,0.0
pyramid,3.3960822557346093e-06,0.0,0.0,0.0
pyramids,1.409501486765347e-06,0.0,2.3564273160428954e-06,0.0
pâté,0.0,0.0,0.0,6.599013505207118e-06
quadrangle,3.3960822557346093e-06,0.0,0.0,0.0
quadrangular,3.3960822557346093e-06,0.0,0.0,0.0
quadrilateral,0.0,7.794826824703627e-06,0.0,0.0
quadrille,0.0,0.0,2.271050032960733e-05,0.0
quaking,3.3960822557346093e-06,0.0,0.0,0.0
qualifications,0.0,0.0,4.712854632085791e-06,2.7388380629084794e-06
qualified,0.0,0.0,2.271050032960733e-05,0.0
qualities,0.0,0.0,0.0,0.0
quality,-2.1865885813388372e-06,-5.018747499307492e-06,-3.6555740525246506e-06,-2.1244078458673024e-06
quand,3.3960822557346093e-06,0.0,0.0,0.0
quantities,3.3960822557346093e-06,0.0,0.0,0.0
quantity,1.409501486765347e-06,0.0,2.3564273160428954e-06,0.0
quarrel,-6.559765744016513e-06,-2.509373749653746e-06,-9.138935131311627e-06,-1.0622039229336513e-05
quarrelled,0.0,0.0,0.0,0.0
quarrelling,0.0,0.0,0.0,0.0
quarrels,0.0,0.0,0.0,1.3198027010414236e-05
quarrelsome,1.409501486765347e-06,0.0,2.3564273160428954e-06,0.0
quart,3.3960822557346093e-06,0.0,0.0,0.0
quarter,-1.8586002941380122e-05,-1.5056242497922477e-05,-1.6450083236360926e-05,-2.3368486304540325e-05
quartered,0.0,0.0,1.7032875247205498e-05,0.0
quartering,0.0,0.0,0.0,6.599013505207118e-06
quarters,-7.653060034685932e-06,-5.018747499307492e-06,-5.483361078786976e-06,-1.0622039229336513e-05
quavering,0.0,0.0,0.0,6.599013505207118e-06
quay,0.0,3.117930729881451e-05,0.0,0.0
queen,0.0,0.0,0.0,0.0
queer,2.255202378824555e-05,0.0,0.0,2.7388380629084794e-06
queerness,3.3960822557346093e-06,0.0,0.0,0.0
quench,0.0,0.0,0.0,6.599013505207118e-06
quenching,3.3960822557346093e-06,0.0,0.0,0.0
querulous,0.0,0.0,5.677625082401832e-06,0.0
quest,0.0,0.0,1.649499121230027e-05,1.6433028377450875e-05
question,-0.00013556849204300793,-2.2584363746883714e-05,-4.203910160403348e-05,-7.435427460535559e-05
questionable,0.0,0.0,0.0,1.3198027010414236e-05
questioned,0.0,0.0,0.0,0.0
questioner,3.3960822557346093e-06,0.0,0.0,0.0
questioners,0.0,1.5589653649407254e-05,0.0,0.0
questioning,0.0,0.0,0.0,0.0
questions,-3.279882872008256e-05,-5.018747499307492e-06,-2.9244592420197205e-05,-1.0622039229336513e-05
quick,-8.746354325355349e-06,-7.528121248961238e-06,-1.8277870262623254e-05,-5.311019614668256e-05
quicken,3.3960822557346093e-06,0.0,0.0,0.0
quicker,8.457008920592081e-06,0.0,0.0,2.7388380629084794e-06
quickly,-5.138483166146268e-05,-2.7603111246191207e-05,-7.311148105049301e-06,-1.0622039229336513e-05
quickness,0.0,0.0,1.7032875247205498e-05,0.0
quiet,-1.5306120069371863e-05,-4.767810124342117e-05,-1.2794509183836277e-05,-4.4612564763213354e-05
quieted,0.0,0.0,1.1355250164803664e-05,0.0
quieter,0.0,1.2940581730546572e-05,2.3564273160428954e-06,0.0
quietest,0.0,7.794826824703627e-06,0.0,0.0
quieting,0.0,7.794826824703627e-06,0.0,0.0
quietly,-2.4052474394727216e-05,-2.509373749653746e-06,-1.6450083236360926e-05,-4.248815691734605e-05
quill,0.0,0.0,0.0,1.3198027010414236e-05
quilt,1.6980411278673048e-05,0.0,0.0,0.0
quinceys,0.0,0.0,0.0,6.599013505207118e-06
quinsy,0.0,0.0,0.0,6.599013505207118e-06
quit,0.0,0.0,5.677625082401833e-05,0.0
quite,-0.0002033527380645119,-8.531870748822736e-05,-0.0001736397674949209,-0.00022731163950780135
quitted,0.0,0.0,2.1207845844386058e-05,2.7388380629084794e-06
quitting,0.0,0.0,4.542100065921466e-05,0.0
quiver,1.0188246767203828e-05,0.0,0.0,0.0
quivered,2.819002973530694e-06,0.0,0.0,2.7388380629084794e-06
quivering,1.6914017841184162e-05,0.0,0.0,2.7388380629084794e-06
quote,0.0,3.235145432636643e-06,0.0,5.477676125816959e-06
quoted,2.819002973530694e-06,3.235145432636643e-06,0.0,0.0
quotes,0.0,3.235145432636643e-06,0.0,2.7388380629084794e-06
r,2.819002973530694e-06,0.0,0.0,2.7388380629084794e-06
rabbi,0.0,0.0,0.0,6.599013505207118e-06
rabbit,0.0,6.470290865273286e-06,0.0,5.477676125816959e-06
rabbits,1.409501486765347e-06,0.0,0.0,2.7388380629084794e-06
race,-3.2798828720082563e-06,-1.7565616247576225e-05,-1.8277870262623253e-06,-4.248815691734605e-06
races,1.409501486765347e-06,1.6175727163183214e-05,0.0,0.0
racing,0.0,6.235861459762902e-05,0.0,0.0
rack,0.0,0.0,0.0,0.0
racked,0.0,0.0,5.677625082401832e-06,0.0
racking,3.3960822557346093e-06,0.0,0.0,0.0
racks,0.0,1.5589653649407254e-05,0.0,0.0
radiance,1.409501486765347e-06,0.0,0.0,5.477676125816959e-06
radiant,1.0188246767203828e-05,0.0,0.0,0.0
radiator,0.0,2.338448047411088e-05,0.0,0.0
radical,3.3960822557346093e-06,0.0,0.0,0.0
radish,6.792164511469219e-06,0.0,0.0,0.0
radishchev,3.3960822557346093e-06,0.0,0.0,0.0
radius,0.0,0.0,0.0,1.3198027010414236e-05
raff,3.3960822557346093e-06,0.0,0.0,0.0
rafts,3.3960822557346093e-06,0.0,0.0,0.0
rag,2.0376493534407657e-05,0.0,0.0,0.0
rage,0.0,0.0,0.0,0.0
raged,6.792164511469219e-06,0.0,0.0,0.0
ragged,1.973302081471486e-05,0.0,0.0,2.7388380629084794e-06
raging,3.3960822557346093e-06,0.0,0.0,0.0
ragout,0.0,0.0,5.677625082401832e-06,0.0
rags,0.00010527854992777289,0.0,0.0,0.0
rail,0.0,0.0,0.0,0.0
railed,0.0,0.0,0.0,6.599013505207118e-06
railing,1.6980411278673048e-05,0.0,0.0,0.0
railings,0.0,0.0,0.0,6.599013505207118e-06
railroad,0.0,2.338448047411088e-05,0.0,0.0
rails,0.0,1.941087259581986e-05,0.0,2.7388380629084794e-06
railway,0.0,0.0,0.0,0.0
railways,3.3960822557346093e-06,0.0,0.0,0.0
rain,-1.7492708650710698e-05,-0.00027101236496260457,-7.311148105049301e-06,-1.9119670612805722e-05
rainbow,3.3960822557346093e-06,0.0,0.0,0.0
rained,0.0,2.5881163461093143e-05,2.3564273160428954e-06,0.0
raining,0.0,0.0001714861901434798,0.0,0.0
rains,0.0,2.338448047411088e-05,0.0,0.0
rainy,1.409501486765347e-06,0.0,2.3564273160428954e-06,0.0
raise,0.0,0.0,0.0,0.0
raised,-3.607871159209082e-05,-5.018747499307492e-06,-1.0966722157573952e-05,-2.549289415040763e-05
raising,0.0,0.0,0.0,0.0
raisins,3.3960822557346093e-06,0.0,0.0,0.0
rake,0.0,0.0,0.0,6.599013505207118e-06
rakishly,3.3960822557346093e-06,0.0,0.0,0.0
rallied,0.0,0.0,1.1355250164803664e-05,0.0
ralph,0.0,7.794826824703627e-06,0.0,0.0
ramble,0.0,0.0,1.1355250164803664e-05,0.0
rambled,0.0,0.0,5.677625082401832e-06,0.0
rambling,0.0,0.0,0.0,6.599013505207118e-06
ramblings,0.0,0.0,0.0,6.599013505207118e-06
ramsgate,0.0,0.0,1.7032875247205498e-05,0.0
ran,-9.29300147069006e-05,-5.0187474993074915e-05,-2.3761231341410226e-05,-6.373223537601907e-05
random,2.819002973530694e-06,0.0,0.0,2.7388380629084794e-06
rang,-1.5306120069371863e-05,-2.5093737496537457e-05,-1.8277870262623253e-06,-8.49763138346921e-06
range,0.0,0.0,0.0,0.0
ranged,0.0,7.794826824703627e-06,0.0,0.0
ranges,0.0,1.5589653649407254e-05,0.0,0.0
rank,-7.653060034685932e-06,-2.2584363746883714e-05,-2.1933444315147905e-05,-2.1244078458673024e-06
ranks,6.792164511469219e-06,0.0,0.0,0.0
ransack,3.3960822557346093e-06,0.0,0.0,0.0
ransacked,1.409501486765347e-06,0.0,0.0,5.477676125816959e-06
ransacking,3.3960822557346093e-06,0.0,0.0,0.0
rant,0.0,0.0,5.677625082401832e-06,0.0
rapacity,0.0,0.0,5.677625082401832e-06,0.0
raphael,3.3960822557346093e-06,0.0,0.0,0.0
raphaels,6.792164511469219e-06,0.0,0.0,0.0
rapid,0.0,0.0,0.0,0.0
rapidity,0.0,0.0,0.0,0.0
rapidly,-7.653060034685932e-06,-7.528121248961238e-06,-3.6555740525246506e-06,-1.0622039229336513e-05
rapping,6.792164511469219e-06,0.0,0.0,0.0
rapt,0.0,0.0,0.0,6.599013505207118e-06
rapture,5.638005947061388e-06,0.0,4.712854632085791e-06,0.0
raptures,0.0,0.0,3.974337557681283e-05,0.0
rapturous,0.0,0.0,1.1355250164803664e-05,0.0
rapturously,0.0,0.0,5.677625082401832e-06,0.0
rare,5.638005947061388e-06,0.0,0.0,8.216514188725437e-06
rarely,5.638005947061388e-06,6.470290865273286e-06,0.0,0.0
rascal,3.3960822557346093e-06,0.0,0.0,0.0
rascally,1.409501486765347e-06,0.0,0.0,2.7388380629084794e-06
rash,1.409501486765347e-06,3.235145432636643e-06,0.0,0.0
rashers,0.0,0.0,0.0,6.599013505207118e-06
rashness,0.0,0.0,2.3564273160428954e-06,2.7388380629084794e-06
raskolnikov,0.0024587635531518573,0.0,0.0,0.0
raskolnikovs,0.00020376493534407657,0.0,0.0,0.0
raspberries,3.3960822557346093e-06,0.0,0.0,0.0
raspberry,6.792164511469219e-06,0.0,0.0,0.0
rat,0.0,0.0,0.0,5.2792108041656946e-05
rate,-1.0932942906694187e-05,-5.018747499307492e-06,-9.138935131311627e-06,-1.2746447075203814e-05
rated,0.0,0.0,5.677625082401832e-06,0.0
rather,-9.183672041623117e-05,-3.0112484995844953e-05,-0.0001005282864444279,-0.00013596210213550735
rational,7.047507433826735e-06,0.0,2.3564273160428955e-05,0.0
rationally,0.0,0.0,1.7032875247205498e-05,0.0
rats,6.792164511469219e-06,0.0,0.0,0.0
rattan,0.0,7.794826824703627e-06,0.0,0.0
rattle,-1.0932942906694186e-06,-2.509373749653746e-06,-3.6555740525246506e-06,-8.49763138346921e-06
rattled,0.0,0.0,0.0,3.299506752603559e-05
rattling,0.0,0.0,0.0,1.3198027010414236e-05
rave,1.6980411278673048e-05,0.0,0.0,0.0
raved,0.0,0.0,0.0,6.599013505207118e-06
raving,1.6980411278673048e-05,0.0,0.0,0.0
ravne,0.0,7.794826824703627e-06,0.0,0.0
raw,0.0,7.794826824703627e-06,0.0,0.0
rawness,0.0,7.794826824703627e-06,0.0,0.0
ray,0.0,0.0,0.0,0.0
rays,1.409501486765347e-06,3.235145432636643e-06,0.0,0.0
razor,1.409501486765347e-06,6.470290865273286e-06,0.0,0.0
razors,1.409501486765347e-06,3.235145432636643e-06,0.0,0.0
razsudkin,3.3960822557346093e-06,0.0,0.0,0.0
razumihin,0.0011003306508580136,0.0,0.0,0.0
razumihins,8.150597413763063e-05,0.0,0.0,0.0
re,-2.1865885813388372e-06,-7.528121248961238e-06,-7.311148105049301e-06,-4.248815691734605e-06
reabsorbed,0.0,0.0,0.0,6.599013505207118e-06
reach,-7.653060034685932e-06,-7.528121248961238e-06,-1.4622296210098602e-05,-2.549289415040763e-05
reached,-4.045188875476849e-05,-3.764060624480619e-05,-3.290016647272185e-05,-4.036374907147875e-05
reaches,0.0,0.0,0.0,1.3198027010414236e-05
reaching,0.0,0.0,0.0,0.0
reaction,2.819002973530694e-06,0.0,0.0,1.0955352251633918e-05
reactionaries,3.3960822557346093e-06,0.0,0.0,0.0
reactionary,3.3960822557346093e-06,0.0,0.0,0.0
read,-7.762389463752873e-05,-0.00010288432373580359,-7.493926807675534e-05,-7.647868245122289e-05
reader,0.0,0.0,1.7032875247205498e-05,0.0
readers,0.0,0.0,0.0,6.599013505207118e-06
readily,0.0,0.0,0.0,0.0
readiness,5.638005947061388e-06,0.0,9.425709264171582e-06,0.0
reading,-3.279882872008256e-05,-2.0074989997229968e-05,-2.5589018367672555e-05,-2.974170984214223e-05
ready,-5.794459740547919e-05,-4.0149979994459936e-05,-3.655574052524651e-05,-5.098578830081526e-05
real,-3.4985417301421396e-05,-2.2584363746883714e-05,-5.6661397814132085e-05,-2.549289415040763e-05
realise,1.5504516354418816e-05,0.0,0.0,8.216514188725437e-06
realised,2.39615252750109e-05,0.0,0.0,5.477676125816959e-06
realising,9.86651040735743e-06,0.0,0.0,8.216514188725437e-06
realism,0.0,0.0,0.0,6.599013505207118e-06
realistic,0.0,0.0,0.0,6.599013505207118e-06
realities,1.409501486765347e-06,0.0,2.3564273160428954e-06,0.0
reality,2.377257579014227e-05,0.0,0.0,0.0
realize,0.0,8.57430950717399e-05,0.0,0.0
realized,0.0,2.5881163461093143e-05,2.3564273160428954e-06,0.0
really,-0.00014322155207769385,-0.00018820303122403094,-0.00016267304533734695,-0.00010834480013923242
reap,1.409501486765347e-06,0.0,2.3564273160428954e-06,0.0
reaped,0.0,0.0,0.0,6.599013505207118e-06
reappear,0.0,0.0,5.677625082401832e-06,0.0
rear,0.0,3.117930729881451e-05,0.0,0.0
reared,0.0,0.0,0.0,6.599013505207118e-06
rearing,0.0,0.0,0.0,6.599013505207118e-06
rearranging,0.0,0.0,0.0,1.3198027010414236e-05
reason,-5.5758008824140356e-05,-2.0074989997229968e-05,-9.321713833937858e-05,-5.523460399254986e-05
reasonable,0.0,0.0,0.0,0.0
reasonableness,0.0,0.0,5.677625082401832e-06,0.0
reasonably,0.0,0.0,2.271050032960733e-05,0.0
reasoned,0.0,0.0,0.0,1.3198027010414236e-05
reasoner,0.0,0.0,0.0,3.959408103124271e-05
reasoning,0.0,0.0,0.0,0.0
reasons,0.0,0.0,0.0,0.0
reassure,1.0188246767203828e-05,0.0,0.0,0.0
reassured,1.6980411278673048e-05,0.0,0.0,0.0
reaumur,3.3960822557346093e-06,0.0,0.0,0.0
rebellious,3.3960822557346093e-06,0.0,0.0,0.0
rebounding,3.3960822557346093e-06,0.0,0.0,0.0
rebuke,0.0,0.0,5.677625082401832e-06,0.0
recall,0.0,0.0,0.0,0.0
recalled,0.0,0.0,0.0,0.0
recalling,2.0376493534407657e-05,0.0,0.0,0.0
recantation,3.3960822557346093e-06,0.0,0.0,0.0
recede,0.0,0.0,5.677625082401832e-06,0.0
receded,0.0,0.0,0.0,6.599013505207118e-06
receipt,0.0,0.0,4.712854632085791e-06,2.7388380629084794e-06
receipts,1.409501486765347e-06,0.0,0.0,2.7388380629084794e-06
receive,0.0,0.0,0.0,0.0
received,-2.951894584807431e-05,-5.018747499307492e-06,-0.00011149500860200183,-2.974170984214223e-05
receiver,1.409501486765347e-06,0.0,0.0,2.7388380629084794e-06
receiving,0.0,0.0,0.0,0.0
recent,0.0,0.0,0.0,0.0
recently,1.409501486765347e-06,0.0,0.0,5.477676125816959e-06
reception,-1.0932942906694186e-06,-5.018747499307492e-06,-1.6450083236360926e-05,-2.1244078458673024e-06
recess,0.0,0.0,0.0,6.599013505207118e-06
recesses,0.0,0.0,0.0,6.599013505207118e-06
recital,0.0,0.0,1.7032875247205498e-05,0.0
reckless,2.819002973530694e-06,0.0,0.0,5.477676125816959e-06
recklessly,3.3960822557346093e-06,0.0,0.0,0.0
recklessness,3.3960822557346093e-06,0.0,0.0,0.0
reckon,1.832351932794951e-05,0.0,2.3564273160428954e-06,0.0
reckoned,9.86651040735743e-06,0.0,2.3564273160428954e-06,0.0
reckoning,2.255202378824555e-05,3.235145432636643e-06,0.0,0.0
reclaim,0.0,0.0,0.0,6.599013505207118e-06
recognise,1.2685513380888124e-05,0.0,0.0,1.0955352251633918e-05
recognised,2.5371026761776248e-05,0.0,0.0,1.3694190314542398e-05
recognising,5.638005947061388e-06,0.0,0.0,2.7388380629084794e-06
recognition,3.3960822557346093e-06,0.0,0.0,0.0
recognize,0.0,2.338448047411088e-05,0.0,0.0
recognized,0.0,3.235145432636643e-06,2.3564273160428954e-06,0.0
recognizing,0.0,0.0,5.677625082401832e-06,0.0
recoil,0.0,0.0,0.0,6.599013505207118e-06
recoiled,1.409501486765347e-06,0.0,0.0,2.7388380629084794e-06
recollect,0.0,0.0,0.0,0.0
recollected,1.1276011894122775e-05,0.0,3.063355510855764e-05,0.0
recollecting,2.819002973530694e-06,0.0,1.1782136580214478e-05,0.0
recollection,8.457008920592081e-06,0.0,2.8277127792514747e-05,0.0
recollections,2.819002973530694e-06,0.0,1.8851418528343163e-05,0.0
recommence,0.0,0.0,0.0,6.599013505207118e-06
recommenced,0.0,0.0,5.677625082401832e-06,0.0
recommend,-1.0932942906694186e-06,-1.0037494998614984e-05,-2.1933444315147905e-05,-4.248815691734605e-06
recommendation,1.409501486765347e-06,0.0,9.425709264171582e-06,0.0
recommendations,0.0,0.0,5.677625082401832e-06,0.0
recommended,-1.0932942906694186e-06,-2.509373749653746e-06,-1.6450083236360926e-05,-4.248815691734605e-06
recommending,0.0,0.0,1.1355250164803664e-05,0.0
recompense,0.0,0.0,0.0,1.9797040515621355e-05
reconcile,0.0,0.0,5.677625082401832e-06,0.0
reconciled,7.047507433826735e-06,0.0,4.712854632085791e-06,0.0
reconciliation,2.819002973530694e-06,0.0,4.712854632085791e-06,0.0
reconciling,0.0,0.0,5.677625082401832e-06,0.0
reconsider,0.0,0.0,0.0,6.599013505207118e-06
reconsidered,0.0,0.0,0.0,1.3198027010414236e-05
reconsidering,0.0,0.0,5.677625082401832e-06,0.0
reconstruction,0.0,0.0,0.0,6.599013505207118e-06
record,0.0,0.0,0.0,3.959408103124271e-05
recorded,0.0,0.0,0.0,1.3198027010414236e-05
records,0.0,6.470290865273286e-06,0.0,1.9171866440359353e-05
recounted,3.3960822557346093e-06,0.0,0.0,0.0
recourse,4.2285044602960405e-06,0.0,0.0,2.7388380629084794e-06
recover,0.0,0.0,0.0,0.0
recovered,0.0,0.0,0.0,0.0
recovering,0.0,0.0,0.0,0.0
recovery,1.2685513380888124e-05,0.0,7.069281948128687e-06,0.0
recreation,0.0,0.0,5.677625082401832e-06,0.0
rectify,0.0,0.0,0.0,6.599013505207118e-06
rectitude,0.0,0.0,5.677625082401832e-06,0.0
rector,0.0,0.0,1.7032875247205498e-05,0.0
rectory,0.0,0.0,5.677625082401832e-06,0.0
recurring,2.819002973530694e-06,0.0,4.712854632085791e-06,0.0
red,-3.826530017342966e-05,-6.273434374134364e-05,-5.483361078786976e-06,-0.00010409598444749782
redder,0.0,0.0,0.0,6.599013505207118e-06
reddish,6.792164511469219e-06,0.0,0.0,0.0
redecorated,6.792164511469219e-06,0.0,0.0,0.0
redeem,1.0188246767203828e-05,0.0,0.0,0.0
redeemed,3.3960822557346093e-06,0.0,0.0,0.0
redeemer,3.3960822557346093e-06,0.0,0.0,0.0
redoubled,2.0376493534407657e-05,0.0,0.0,0.0
redress,0.0,0.0,5.677625082401832e-06,0.0
reduce,6.792164511469219e-06,0.0,0.0,0.0
reduced,0.0,0.0,0.0,0.0
reducing,3.3960822557346093e-06,0.0,0.0,0.0
reed,0.0,0.0,0.0,6.599013505207118e-06
reeds,0.0,0.0,0.0,1.9797040515621355e-05
reeked,3.3960822557346093e-06,0.0,0.0,0.0
reeking,3.3960822557346093e-06,0.0,0.0,0.0
reel,0.0,0.0,1.1355250164803664e-05,0.0
reeled,3.3960822557346093e-06,0.0,0.0,0.0
refer,1.409501486765347e-06,0.0,0.0,2.7388380629084794e-06
reference,0.0,0.0,0.0,0.0
referred,0.0,0.0,0.0,0.0
referring,6.792164511469219e-06,0.0,0.0,0.0
refers,0.0,0.0,0.0,1.3198027010414236e-05
refined,0.0,0.0,0.0,0.0
refinement,0.0,0.0,0.0,6.599013505207118e-06
refinements,0.0,0.0,5.677625082401832e-06,0.0
reflect,8.457008920592081e-06,0.0,1.1782136580214478e-05,0.0
reflected,0.0,0.0,0.0,0.0
reflecting,1.409501486765347e-05,0.0,2.3564273160428954e-06,0.0
reflection,1.1276011894122775e-05,0.0,2.3564273160428955e-05,0.0
reflections,1.409501486765347e-06,0.0,2.1207845844386058e-05,0.0
reflects,3.3960822557346093e-06,0.0,0.0,0.0
reflex,0.0,7.794826824703627e-06,0.0,0.0
reform,3.3960822557346093e-06,0.0,0.0,0.0
reforms,3.3960822557346093e-06,0.0,0.0,0.0
refrain,0.0,0.0,0.0,0.0
refrained,0.0,0.0,0.0,0.0
refreshed,1.409501486765347e-06,0.0,0.0,2.7388380629084794e-06
refreshing,2.819002973530694e-06,0.0,4.712854632085791e-06,0.0
refreshingly,0.0,0.0,0.0,6.599013505207118e-06
refreshment,0.0,0.0,2.8388125412009164e-05,0.0
refuge,0.0,0.0,5.677625082401832e-06,0.0
refund,0.0,0.0,0.0,6.599013505207118e-06
refusal,0.0,0.0,1.649499121230027e-05,8.216514188725437e-06
refusals,0.0,0.0,5.677625082401832e-06,0.0
refuse,-2.295918010405779e-05,-7.528121248961238e-06,-1.6450083236360926e-05,-1.2746447075203814e-05
refused,-6.559765744016513e-06,-2.509373749653746e-06,-1.0966722157573952e-05,-1.4870854921071116e-05
refusing,4.2285044602960405e-06,0.0,1.649499121230027e-05,0.0
refute,1.409501486765347e-06,0.0,2.3564273160428954e-06,0.0
regain,0.0,0.0,0.0,0.0
regained,0.0,0.0,0.0,0.0
regaining,1.0188246767203828e-05,0.0,0.0,0.0
regard,0.0,0.0,0.0,0.0
regarded,7.047507433826735e-06,0.0,7.069281948128687e-06,0.0
regarding,0.0,0.0,5.677625082401832e-06,0.0
regardless,1.409501486765347e-06,0.0,4.712854632085791e-06,0.0
regards,4.2285044602960405e-06,0.0,0.0,5.477676125816959e-06
regency,0.0,0.0,0.0,6.599013505207118e-06
regeneration,3.3960822557346093e-06,0.0,0.0,0.0
regent,0.0,0.0,0.0,1.3198027010414236e-05
regiment,0.0,0.0,0.0,0.0
regimental,3.3960822557346093e-06,0.0,0.0,0.0
regimentals,0.0,0.0,1.7032875247205498e-05,0.0
regiments,0.0,6.470290865273286e-06,7.069281948128687e-06,0.0
region,0.0,0.0,0.0,6.599013505207118e-06
register,0.0,0.0,0.0,1.3198027010414236e-05
registers,0.0,0.0,0.0,6.599013505207118e-06
registry,0.0,0.0,0.0,6.599013505207118e-06
regret,-9.83964861602477e-06,-5.018747499307492e-06,-3.472795349898418e-05,-2.1244078458673024e-06
regretfully,0.0,7.794826824703627e-06,0.0,0.0
regrets,0.0,0.0,1.7032875247205498e-05,0.0
regretted,0.0,0.0,0.0,0.0
regretting,4.2285044602960405e-06,0.0,4.712854632085791e-06,0.0
regular,-2.1865885813388374e-05,-2.509373749653746e-06,-5.483361078786976e-06,-6.373223537601907e-06
regularity,6.792164511469219e-06,0.0,0.0,0.0
regularly,0.0,0.0,0.0,0.0
regulars,0.0,0.0,1.1355250164803664e-05,0.0
regulate,0.0,0.0,5.677625082401832e-06,0.0
regulated,0.0,0.0,5.677625082401832e-06,0.0
regulation,0.0,3.235145432636643e-06,2.3564273160428954e-06,0.0
regulations,0.0,0.0,0.0,6.599013505207118e-06
regurgitation,0.0,0.0,0.0,6.599013505207118e-06
rehearsal,3.3960822557346093e-06,0.0,0.0,0.0
rehearse,3.3960822557346093e-06,0.0,0.0,0.0
reign,3.3960822557346093e-06,0.0,0.0,0.0
reigned,6.792164511469219e-06,0.0,0.0,0.0
reigning,1.409501486765347e-06,0.0,0.0,8.216514188725437e-06
reinforced,3.3960822557346093e-06,0.0,0.0,0.0
reins,1.409501486765347e-06,6.470290865273286e-06,0.0,0.0
reinstating,3.3960822557346093e-06,0.0,0.0,0.0
reject,2.819002973530694e-06,0.0,9.425709264171582e-06,0.0
rejected,0.0,0.0,0.0,0.0
rejecting,0.0,0.0,1.1355250164803664e-05,0.0
rejection,0.0,0.0,1.1355250164803664e-05,0.0
rejoice,2.819002973530694e-06,0.0,1.649499121230027e-05,0.0
rejoiced,0.0,0.0,0.0,0.0
rejoicing,0.0,0.0,2.271050032960733e-05,0.0
rejoin,0.0,0.0,0.0,6.599013505207118e-06
rejoined,0.0,0.0,5.677625082401832e-06,0.0
rekindled,0.0,0.0,5.677625082401832e-06,0.0
relapse,3.3960822557346093e-06,0.0,0.0,0.0
relapsed,2.819002973530694e-06,0.0,0.0,2.7388380629084794e-06
relapsing,1.409501486765347e-06,0.0,0.0,2.7388380629084794e-06
relate,0.0,0.0,2.592070047647185e-05,2.7388380629084794e-06
related,1.409501486765347e-06,0.0,3.770283705668633e-05,0.0
relates,0.0,0.0,1.7032875247205498e-05,0.0
relating,0.0,0.0,2.8388125412009164e-05,0.0
relation,-1.0932942906694187e-05,-2.509373749653746e-06,-2.0105657288885576e-05,-6.373223537601907e-06
relations,0.0,0.0,0.0,0.0
relationship,2.819002973530694e-06,0.0,2.592070047647185e-05,0.0
relative,0.0,0.0,0.0,0.0
relatives,0.0,6.470290865273286e-06,0.0,8.216514188725437e-06
relaxed,0.0,6.470290865273286e-06,0.0,2.7388380629084794e-06
release,0.0,0.0,5.677625082401832e-06,0.0
released,2.819002973530694e-06,0.0,0.0,2.7388380629084794e-06
relentless,0.0,0.0,0.0,1.3198027010414236e-05
relevant,0.0,0.0,0.0,6.599013505207118e-06
reliability,0.0,0.0,0.0,6.599013505207118e-06
reliable,3.3960822557346093e-06,0.0,0.0,0.0
reliance,0.0,0.0,0.0,0.0
reliant,3.3960822557346093e-06,0.0,0.0,0.0
relic,0.0,0.0,0.0,6.599013505207118e-06
relics,0.0,0.0,0.0,6.599013505207118e-06
relied,4.2285044602960405e-06,0.0,2.3564273160428954e-06,0.0
relief,-6.559765744016513e-06,-2.509373749653746e-06,-2.3761231341410226e-05,-4.248815691734605e-06
relies,6.792164511469219e-06,0.0,0.0,0.0
relieve,0.0,0.0,0.0,0.0
relieved,0.0,0.0,0.0,0.0
relieves,3.3960822557346093e-06,0.0,0.0,0.0
religion,1.409501486765347e-06,1.941087259581986e-05,0.0,0.0
religious,5.638005947061388e-06,9.70543629790993e-06,0.0,0.0
religiously,3.3960822557346093e-06,0.0,0.0,0.0
relinquish,0.0,0.0,5.677625082401832e-06,0.0
relish,8.457008920592081e-06,0.0,0.0,2.7388380629084794e-06
relished,1.409501486765347e-06,0.0,2.3564273160428954e-06,0.0
reload,0.0,7.794826824703627e-06,0.0,0.0
reluctance,2.819002973530694e-06,0.0,2.3564273160428954e-06,0.0
reluctant,1.409501486765347e-06,0.0,4.712854632085791e-06,0.0
reluctantly,2.377257579014227e-05,0.0,0.0,0.0
rely,0.0,0.0,0.0,0.0
relying,6.792164511469219e-06,0.0,0.0,0.0
remain,-1.8586002941380122e-05,-2.509373749653746e-06,-1.8277870262623254e-05,-1.699526276693842e-05
remainder,0.0,0.0,2.3564273160428954e-06,5.477676125816959e-06
remained,0.0,0.0,0.0,0.0
remaining,0.0,0.0,0.0,0.0
remains,0.0,0.0,0.0,0.0
remanded,0.0,0.0,0.0,6.599013505207118e-06
remark,0.0,0.0,0.0,0.0
remarkable,0.0,0.0,0.0,0.0
remarkably,0.0,0.0,0.0,0.0
remarked,0.0,0.0,0.0,0.0
remarkedly,3.3960822557346093e-06,0.0,0.0,0.0
remarking,1.409501486765347e-06,0.0,0.0,5.477676125816959e-06
remarks,0.0,0.0,0.0,0.0
remedied,0.0,0.0,0.0,6.599013505207118e-06
remedy,0.0,0.0,1.1355250164803664e-05,0.0
remember,-0.00011260931193895013,-4.767810124342117e-05,-4.021131457777115e-05,-5.7359011838417166e-05
remembered,-5.0291537370793266e-05,-2.0074989997229968e-05,-1.6450083236360926e-05,-1.2746447075203814e-05
remembering,1.832351932794951e-05,0.0,4.712854632085791e-06,0.0
remembers,6.792164511469219e-06,0.0,0.0,0.0
remembrance,0.0,0.0,7.069281948128687e-06,2.7388380629084794e-06
remind,0.0,0.0,0.0,0.0
reminded,8.457008920592081e-06,0.0,1.4138563896257373e-05,0.0
reminding,2.819002973530694e-06,0.0,2.3564273160428954e-06,0.0
remit,3.3960822557346093e-06,0.0,0.0,0.0
remittance,6.792164511469219e-06,0.0,0.0,0.0
remnants,3.3960822557346093e-06,0.0,0.0,0.0
remonstrance,0.0,0.0,2.3564273160428954e-06,2.7388380629084794e-06
remorse,0.0,0.0,0.0,0.0
remorseless,0.0,0.0,0.0,6.599013505207118e-06
remote,1.0188246767203828e-05,0.0,0.0,0.0
remoteness,3.3960822557346093e-06,0.0,0.0,0.0
removal,0.0,3.235145432636643e-06,1.649499121230027e-05,0.0
remove,-1.0932942906694186e-06,-7.528121248961238e-06,-3.6555740525246506e-06,-1.0622039229336513e-05
removed,-5.4664714533470935e-06,-2.509373749653746e-06,-3.107237944645953e-05,-1.0622039229336513e-05
removing,-1.0932942906694186e-06,-5.018747499307492e-06,-5.483361078786976e-06,-2.1244078458673024e-06
remunerative,0.0,0.0,0.0,6.599013505207118e-06
rend,3.3960822557346093e-06,0.0,0.0,0.0
render,0.0,0.0,1.7032875247205498e-05,0.0
rendered,1.409501486765347e-06,0.0,2.592070047647185e-05,0.0
rendering,0.0,0.0,5.677625082401832e-06,0.0
rendezvous,0.0,7.794826824703627e-06,0.0,0.0
rending,1.409501486765347e-06,0.0,0.0,5.477676125816959e-06
renew,2.819002973530694e-06,0.0,0.0,2.7388380629084794e-06
renewal,1.409501486765347e-06,0.0,1.649499121230027e-05,0.0
renewed,0.0,0.0,0.0,0.0
renewing,0.0,0.0,1.1355250164803664e-05,0.0
renews,3.3960822557346093e-06,0.0,0.0,0.0
renounce,6.792164511469219e-06,0.0,0.0,0.0
renounced,3.3960822557346093e-06,0.0,0.0,0.0
rent,5.638005947061388e-06,0.0,0.0,8.216514188725437e-06
reopened,0.0,0.0,0.0,6.599013505207118e-06
reopening,0.0,0.0,0.0,6.599013505207118e-06
repaid,0.0,0.0,4.712854632085791e-06,2.7388380629084794e-06
repair,0.0,0.0,0.0,6.599013505207118e-06
repaired,0.0,3.235145432636643e-06,9.425709264171582e-06,0.0
repairs,1.409501486765347e-06,0.0,0.0,8.216514188725437e-06
reparation,0.0,0.0,0.0,6.599013505207118e-06
repartee,0.0,0.0,0.0,6.599013505207118e-06
repay,8.457008920592081e-06,0.0,0.0,5.477676125816959e-06
repaying,3.3960822557346093e-06,0.0,0.0,0.0
repeat,0.0,0.0,0.0,0.0
repeated,-5.685130311480978e-05,-7.528121248961238e-06,-3.838352755150883e-05,-1.0622039229336513e-05
repeatedly,0.0,0.0,0.0,0.0
repeating,5.638005947061388e-06,0.0,1.4138563896257373e-05,0.0
repel,2.819002973530694e-06,0.0,2.3564273160428954e-06,0.0
repelled,0.0,0.0,2.3564273160428954e-06,2.7388380629084794e-06
repellent,3.3960822557346093e-06,0.0,0.0,0.0
repelling,3.3960822557346093e-06,0.0,0.0,0.0
repent,1.409501486765347e-06,0.0,2.3564273160428954e-06,0.0
repentance,5.638005947061388e-06,0.0,2.3564273160428954e-06,0.0
repented,0.0,0.0,0.0,0.0
repetition,1.409501486765347e-06,0.0,7.069281948128687e-06,0.0
repine,0.0,0.0,2.271050032960733e-05,0.0
repining,0.0,0.0,1.1355250164803664e-05,0.0
repinings,0.0,0.0,5.677625082401832e-06,0.0
replace,0.0,0.0,0.0,1.9797040515621355e-05
replaced,1.409501486765347e-06,0.0,0.0,2.7388380629084794e-06
replete,0.0,0.0,5.677625082401832e-06,0.0
replied,0.0,0.0,0.0,0.0
replies,0.0,0.0,5.677625082401832e-06,0.0
reply,0.0,0.0,0.0,0.0
replying,2.819002973530694e-06,0.0,7.069281948128687e-06,0.0
report,-5.4664714533470935e-06,-2.5093737496537457e-05,-3.107237944645953e-05,-2.1244078458673024e-06
reported,1.409501486765347e-06,0.0,0.0,1.0955352251633918e-05
reporter,0.0,0.0,0.0,6.599013505207118e-06
reporting,0.0,0.0,0.0,0.0
reports,-1.0932942906694186e-06,-5.018747499307492e-06,-1.8277870262623253e-06,-2.1244078458673024e-06
repose,0.0,0.0,5.677625082401832e-06,0.0
reprehensible,0.0,0.0,1.7032875247205498e-05,0.0
represent,0.0,0.0,0.0,0.0
representation,0.0,0.0,2.271050032960733e-05,0.0
representative,0.0,0.0,0.0,6.599013505207118e-06
represented,0.0,0.0,1.649499121230027e-05,5.477676125816959e-06
representing,1.409501486765347e-06,0.0,4.712854632085791e-06,0.0
represents,0.0,0.0,0.0,6.599013505207118e-06
repress,1.409501486765347e-06,0.0,2.3564273160428954e-06,0.0
repressed,0.0,0.0,1.1355250164803664e-05,0.0
repressing,0.0,0.0,5.677625082401832e-06,0.0
reproach,0.0,0.0,0.0,0.0
reproached,2.819002973530694e-06,0.0,4.712854632085791e-06,0.0
reproaches,7.047507433826735e-06,0.0,2.3564273160428954e-06,0.0
reproachfully,1.409501486765347e-06,0.0,0.0,2.7388380629084794e-06
reproduce,3.3960822557346093e-06,0.0,0.0,0.0
reproduced,3.3960822557346093e-06,0.0,0.0,0.0
reproducing,3.3960822557346093e-06,0.0,0.0,0.0
reproof,1.409501486765347e-06,0.0,9.425709264171582e-06,0.0
reproofs,0.0,0.0,1.1355250164803664e-05,0.0
reptiles,0.0,0.0,0.0,6.599013505207118e-06
republican,0.0,0.0,0.0,1.3198027010414236e-05
repugnance,5.638005947061388e-06,0.0,2.3564273160428954e-06,0.0
repugnant,0.0,0.0,2.3564273160428954e-06,2.7388380629084794e-06
repulse,3.3960822557346093e-06,0.0,0.0,0.0
repulsed,0.0,0.0,5.677625082401832e-06,0.0
repulsion,1.2685513380888124e-05,0.0,0.0,2.7388380629084794e-06
repulsive,0.0,0.0,0.0,0.0
reputable,3.3960822557346093e-06,0.0,0.0,0.0
reputation,0.0,0.0,0.0,0.0
repute,0.0,0.0,0.0,1.3198027010414236e-05
reputed,1.409501486765347e-06,0.0,4.712854632085791e-06,0.0
request,0.0,0.0,0.0,0.0
requested,0.0,0.0,0.0,0.0
requester,0.0,0.0,5.677625082401832e-06,0.0
requesting,0.0,0.0,1.1355250164803664e-05,0.0
requests,0.0,0.0,0.0,6.599013505207118e-06
requiem,1.0188246767203828e-05,0.0,0.0,0.0
require,0.0,0.0,1.7032875247205498e-05,0.0
required,-2.1865885813388372e-06,-2.509373749653746e-06,-2.0105657288885576e-05,-4.248815691734605e-06
requirement,0.0,0.0,0.0,6.599013505207118e-06
requires,0.0,7.794826824703627e-06,0.0,0.0
requiring,1.409501486765347e-06,0.0,1.1782136580214478e-05,0.0
requisite,0.0,0.0,5.677625082401832e-06,0.0
requited,0.0,0.0,5.677625082401832e-06,0.0
rescue,0.0,0.0,0.0,0.0
rescued,1.409501486765347e-06,3.235145432636643e-06,0.0,0.0
rescuing,3.3960822557346093e-06,0.0,0.0,0.0
research,0.0,0.0,0.0,0.0
researches,0.0,0.0,0.0,1.3198027010414236e-05
resemblance,0.0,0.0,1.649499121230027e-05,5.477676125816959e-06
resembled,3.3960822557346093e-06,0.0,0.0,0.0
resembling,1.409501486765347e-06,0.0,0.0,2.7388380629084794e-06
resent,1.409501486765347e-06,0.0,9.425709264171582e-06,0.0
resented,1.409501486765347e-06,0.0,7.069281948128687e-06,0.0
resentful,1.409501486765347e-06,0.0,4.712854632085791e-06,0.0
resentfully,1.409501486765347e-06,0.0,4.712854632085791e-06,0.0
resentment,0.0,0.0,4.0059264372729224e-05,2.7388380629084794e-06
resentments,0.0,0.0,5.677625082401832e-06,0.0
reserve,0.0,0.0,0.0,0.0
reserved,2.819002973530694e-06,0.0,1.649499121230027e-05,0.0
reserves,0.0,0.0,1.7032875247205498e-05,0.0
resided,0.0,0.0,0.0,1.3198027010414236e-05
residence,0.0,0.0,9.425709264171582e-06,8.216514188725437e-06
resides,0.0,0.0,5.677625082401832e-06,0.0
residing,0.0,0.0,2.3564273160428954e-06,5.477676125816959e-06
resign,0.0,0.0,5.677625082401832e-06,0.0
resignation,0.0,0.0,1.1355250164803664e-05,0.0
resigned,0.0,0.0,3.4065750494410995e-05,0.0
resigning,0.0,0.0,5.677625082401832e-06,0.0
resist,0.0,0.0,0.0,0.0
resistance,0.0,0.0,0.0,0.0
resisted,1.409501486765347e-06,0.0,2.3564273160428954e-06,0.0
resisting,0.0,0.0,5.677625082401832e-06,0.0
resistless,0.0,0.0,0.0,6.599013505207118e-06
resists,0.0,1.5589653649407254e-05,0.0,0.0
resolute,0.0,0.0,0.0,0.0
resolutely,1.6914017841184162e-05,0.0,7.069281948128687e-06,0.0
resolution,0.0,0.0,0.0,0.0
resolutions,1.409501486765347e-06,0.0,0.0,2.7388380629084794e-06
resolve,0.0,0.0,4.712854632085791e-06,5.477676125816959e-06
resolved,0.0,0.0,0.0,0.0
resolving,0.0,0.0,3.974337557681283e-05,0.0
resort,1.409501486765347e-06,0.0,0.0,2.7388380629084794e-06
resorted,3.3960822557346093e-06,0.0,0.0,0.0
resounded,1.409501486765347e-06,0.0,0.0,2.7388380629084794e-06
resounding,0.0,0.0,5.677625082401832e-06,0.0
resource,0.0,0.0,0.0,0.0
resourcefulness,3.3960822557346093e-06,0.0,0.0,0.0
resources,2.819002973530694e-06,0.0,0.0,5.477676125816959e-06
respect,-3.389212301075198e-05,-2.509373749653746e-06,-5.483361078786975e-05,-1.0622039229336513e-05
respectability,2.819002973530694e-06,0.0,1.1782136580214478e-05,0.0
respectable,0.0,0.0,0.0,0.0
respected,0.0,0.0,0.0,0.0
respectful,5.638005947061388e-06,0.0,2.3564273160428954e-06,0.0
respectfully,5.638005947061388e-06,6.470290865273286e-06,0.0,0.0
respecting,0.0,0.0,1.7032875247205498e-05,0.0
respective,0.0,0.0,5.677625082401832e-06,0.0
respects,0.0,0.0,0.0,0.0
respirator,0.0,7.794826824703627e-06,0.0,0.0
respond,1.409501486765347e-06,0.0,0.0,2.7388380629084794e-06
responded,0.0,0.0,0.0,1.9797040515621355e-05
responds,3.3960822557346093e-06,0.0,0.0,0.0
response,6.792164511469219e-06,0.0,0.0,0.0
responses,0.0,0.0,0.0,6.599013505207118e-06
responsibility,0.0,0.0,0.0,0.0
responsible,5.638005947061388e-06,0.0,0.0,5.477676125816959e-06
responsive,3.3960822557346093e-06,0.0,0.0,0.0
resslich,2.377257579014227e-05,0.0,0.0,0.0
resslichs,1.3584329022938437e-05,0.0,0.0,0.0
rest,-4.810494878945443e-05,-2.7603111246191207e-05,-7.311148105049302e-05,-4.036374907147875e-05
restaurant,0.0,0.0,0.0,0.0
restaurants,1.409501486765347e-06,6.470290865273286e-06,0.0,0.0
rested,-9.83964861602477e-06,-1.2546868748268729e-05,-1.8277870262623253e-06,-6.373223537601907e-06
restful,2.819002973530694e-06,3.235145432636643e-06,0.0,0.0
resting,0.0,0.0,0.0,0.0
restive,1.409501486765347e-06,0.0,0.0,2.7388380629084794e-06
restless,-2.1865885813388372e-06,-2.509373749653746e-06,-1.8277870262623253e-06,-2.1244078458673024e-06
restlessness,1.0188246767203828e-05,0.0,0.0,0.0
restoration,0.0,0.0,1.7032875247205498e-05,0.0
restore,8.457008920592081e-06,0.0,0.0,2.7388380629084794e-06
restored,0.0,0.0,0.0,0.0
restoring,0.0,0.0,5.677625082401832e-06,0.0
restrain,0.0,0.0,0.0,0.0
restrained,4.2285044602960405e-06,0.0,2.3564273160428954e-06,0.0
restraining,3.3960822557346093e-06,0.0,0.0,0.0
restraint,0.0,0.0,0.0,0.0
rests,2.819002973530694e-06,0.0,0.0,2.7388380629084794e-06
result,-3.2798828720082563e-06,-2.509373749653746e-06,-9.138935131311627e-06,-2.974170984214223e-05
results,1.409501486765347e-06,0.0,0.0,3.286605675490175e-05
resume,0.0,3.235145432636643e-06,2.3564273160428954e-06,0.0
resumed,6.792164511469219e-06,0.0,0.0,0.0
resuming,1.409501486765347e-06,0.0,2.3564273160428954e-06,0.0
resurrection,1.3584329022938437e-05,0.0,0.0,0.0
retail,0.0,0.0,5.677625082401832e-06,0.0
retailing,0.0,0.0,5.677625082401832e-06,0.0
retain,0.0,0.0,0.0,0.0
retained,0.0,0.0,0.0,0.0
retaining,1.409501486765347e-06,0.0,4.712854632085791e-06,0.0
retains,0.0,0.0,5.677625082401832e-06,0.0
retaliate,0.0,0.0,5.677625082401832e-06,0.0
retire,0.0,0.0,0.0,1.9797040515621355e-05
retired,-6.559765744016513e-06,-2.509373749653746e-06,-5.483361078786976e-06,-1.4870854921071116e-05
retirement,0.0,0.0,1.1355250164803664e-05,0.0
retiring,2.819002973530694e-06,0.0,0.0,5.477676125816959e-06
retort,0.0,0.0,0.0,0.0
retorted,2.819002973530694e-06,0.0,0.0,2.7388380629084794e-06
retract,3.3960822557346093e-06,0.0,0.0,0.0
retreat,0.0,0.0,0.0,0.0
retreated,2.819002973530694e-06,0.0,2.3564273160428954e-06,0.0
retreating,1.409501486765347e-06,0.0,2.3564273160428954e-06,0.0
retrograde,3.3960822557346093e-06,0.0,0.0,0.0
retrogression,0.0,0.0,0.0,1.3198027010414236e-05
retrospections,0.0,0.0,5.677625082401832e-06,0.0
retrospective,0.0,0.0,5.677625082401832e-06,0.0
return,-2.295918010405779e-05,-1.7565616247576225e-05,-9.321713833937858e-05,-4.036374907147875e-05
returned,-2.295918010405779e-05,-1.2546868748268729e-05,-8.225041618180463e-05,-7.647868245122289e-05
returning,-4.3731771626776745e-06,-2.509373749653746e-06,-2.0105657288885576e-05,-2.3368486304540325e-05
returns,0.0,0.0,4.712854632085791e-06,8.216514188725437e-06
reveal,1.409501486765347e-06,0.0,0.0,5.477676125816959e-06
revealed,0.0,0.0,0.0,0.0
revealing,0.0,0.0,2.3564273160428954e-06,2.7388380629084794e-06
revellers,1.409501486765347e-06,0.0,0.0,2.7388380629084794e-06
revenge,0.0,0.0,0.0,0.0
revenging,1.409501486765347e-06,0.0,2.3564273160428954e-06,0.0
revenue,3.3960822557346093e-06,0.0,0.0,0.0
revered,0.0,0.0,5.677625082401832e-06,0.0
reverence,6.792164511469219e-06,0.0,0.0,0.0
reverently,6.792164511469219e-06,0.0,0.0,0.0
reverie,0.0,0.0,0.0,0.0
reverse,0.0,0.0,0.0,0.0
reverting,1.409501486765347e-06,0.0,2.3564273160428954e-06,0.0
reviendra,3.3960822557346093e-06,0.0,0.0,0.0
review,7.047507433826735e-06,0.0,7.069281948128687e-06,0.0
reviling,3.3960822557346093e-06,0.0,0.0,0.0
revival,0.0,0.0,5.677625082401832e-06,0.0
revive,1.409501486765347e-06,0.0,2.3564273160428954e-06,0.0
revived,1.409501486765347e-06,0.0,7.069281948128687e-06,0.0
revolt,2.819002973530694e-06,0.0,2.3564273160428954e-06,0.0
revolted,0.0,0.0,5.677625082401832e-06,0.0
revolting,2.7168658045876875e-05,0.0,0.0,0.0
revolution,2.819002973530694e-06,0.0,2.3564273160428954e-06,0.0
revolved,0.0,0.0,0.0,6.599013505207118e-06
revolver,2.39615252750109e-05,0.0,0.0,1.9171866440359353e-05
revolving,0.0,3.235145432636643e-06,2.3564273160428954e-06,0.0
revulsion,1.0188246767203828e-05,0.0,0.0,0.0
reward,2.819002973530694e-06,0.0,0.0,2.4649542566176314e-05
rewarded,0.0,0.0,1.7032875247205498e-05,0.0
reynolds,0.0,0.0,5.677625082401833e-05,0.0
rhone,0.0,2.338448047411088e-05,0.0,0.0
rhymes,3.3960822557346093e-06,0.0,0.0,0.0
rhythmically,3.3960822557346093e-06,0.0,0.0,0.0
rib,0.0,7.794826824703627e-06,0.0,0.0
ribbed,0.0,0.0,0.0,6.599013505207118e-06
ribbons,5.638005947061388e-06,3.235145432636643e-06,0.0,0.0
ribs,2.819002973530694e-06,3.235145432636643e-06,0.0,0.0
rice,1.0188246767203828e-05,0.0,0.0,0.0
rich,-1.4212825778702444e-05,-5.018747499307492e-06,-2.1933444315147905e-05,-2.3368486304540325e-05
richard,0.0,0.0,5.677625082401832e-06,0.0
richer,0.0,0.0,0.0,2.6396054020828473e-05
richest,0.0,0.0,0.0,1.3198027010414236e-05
richly,0.0,0.0,5.677625082401832e-06,0.0
richness,0.0,0.0,0.0,6.599013505207118e-06
rickety,1.409501486765347e-06,0.0,0.0,2.7388380629084794e-06
rid,-1.4212825778702444e-05,-7.528121248961238e-06,-9.138935131311627e-06,-1.0622039229336513e-05
riddle,3.3960822557346093e-06,0.0,0.0,0.0
riddles,3.3960822557346093e-06,0.0,0.0,0.0
ride,0.0,5.1762326922186286e-05,7.069281948128687e-06,0.0
rides,0.0,7.794826824703627e-06,0.0,0.0
ridge,0.0,3.235145432636643e-05,2.3564273160428954e-06,0.0
ridges,0.0,7.794826824703627e-06,0.0,0.0
ridicule,2.819002973530694e-06,0.0,1.1782136580214478e-05,0.0
ridiculing,0.0,0.0,5.677625082401832e-06,0.0
ridiculous,0.0,0.0,0.0,0.0
ridiculously,0.0,0.0,0.0,6.599013505207118e-06
ridiculousness,0.0,7.794826824703627e-06,0.0,0.0
riding,0.0,2.5881163461093143e-05,2.3564273160428954e-06,0.0
rien,0.0,0.0,0.0,6.599013505207118e-06
riff,3.3960822557346093e-06,0.0,0.0,0.0
rifle,0.0,2.5881163461093143e-05,0.0,2.7388380629084794e-06
rifled,0.0,0.0,0.0,1.3198027010414236e-05
rifles,0.0,5.456378777292539e-05,0.0,0.0
rift,0.0,0.0,0.0,6.599013505207118e-06
rifts,0.0,0.0,0.0,6.599013505207118e-06
rig,6.792164511469219e-06,0.0,0.0,0.0
rigamarole,3.3960822557346093e-06,0.0,0.0,0.0
right,-0.00023833815536593327,-0.0005620997199224392,-7.859484212927998e-05,-0.00020819196889499563
righteous,1.0188246767203828e-05,0.0,0.0,0.0
righteousness,6.792164511469219e-06,0.0,0.0,0.0
rightful,0.0,0.0,5.677625082401832e-06,0.0
rightly,0.0,0.0,4.712854632085791e-06,2.7388380629084794e-06
rights,0.0,0.0,0.0,0.0
rigid,1.409501486765347e-06,0.0,0.0,5.477676125816959e-06
rigidity,3.3960822557346093e-06,0.0,0.0,0.0
rigueur,3.3960822557346093e-06,0.0,0.0,0.0
rim,3.3960822557346093e-06,0.0,0.0,0.0
rimmed,0.0,7.794826824703627e-06,0.0,0.0
rinaldi,0.0,0.0007483033751715482,0.0,0.0
rinaldis,0.0,1.5589653649407254e-05,0.0,0.0
rinaldo,0.0,4.676896094822176e-05,0.0,0.0
ring,-1.7492708650710698e-05,-1.0037494998614984e-05,-9.138935131311627e-06,-3.611493337974414e-05
ringing,1.6914017841184162e-05,0.0,0.0,5.477676125816959e-06
ringleaders,3.3960822557346093e-06,0.0,0.0,0.0
rings,-2.1865885813388374e-05,-7.528121248961238e-06,-1.8277870262623253e-06,-6.373223537601907e-06
rinin,0.0,2.338448047411088e-05,0.0,0.0
rinse,0.0,1.5589653649407254e-05,0.0,0.0
rinsing,1.409501486765347e-06,3.235145432636643e-06,0.0,0.0
rioting,0.0,7.794826824703627e-06,0.0,0.0
riotous,3.3960822557346093e-06,0.0,0.0,0.0
riots,0.0,7.794826824703627e-06,0.0,0.0
rip,0.0,1.5589653649407254e-05,0.0,0.0
riparto,0.0,7.794826824703627e-06,0.0,0.0
ripped,0.0,1.5589653649407254e-05,0.0,0.0
rise,-4.3731771626776745e-06,-5.018747499307492e-06,-3.6555740525246506e-06,-1.0622039229336513e-05
risen,0.0,0.0,0.0,0.0
riser,0.0,0.0,0.0,6.599013505207118e-06
risers,0.0,0.0,0.0,6.599013505207118e-06
rises,0.0,0.0,5.677625082401832e-06,0.0
rising,-8.746354325355349e-06,-1.5056242497922477e-05,-1.2794509183836277e-05,-1.9119670612805722e-05
risk,0.0,0.0,0.0,0.0
risked,1.0188246767203828e-05,0.0,0.0,0.0
risks,0.0,0.0,0.0,6.599013505207118e-06
risky,3.3960822557346093e-06,0.0,0.0,0.0
rite,3.3960822557346093e-06,0.0,0.0,0.0
rites,0.0,0.0,5.677625082401832e-06,0.0
rival,0.0,0.0,2.3564273160428954e-06,2.7388380629084794e-06
rivals,0.0,0.0,5.677625082401832e-06,0.0
rivederci,0.0,7.794826824703627e-06,0.0,0.0
rivederla,0.0,7.794826824703627e-06,0.0,0.0
river,-7.653060034685932e-06,-0.00017063741497645471,-1.0966722157573952e-05,-1.4870854921071116e-05
rivers,0.0,3.235145432636643e-06,2.3564273160428954e-06,0.0
riverside,0.0,0.0,0.0,1.3198027010414236e-05
riveted,2.819002973530694e-06,0.0,0.0,2.7388380629084794e-06
ro,6.792164511469219e-06,0.0,0.0,0.0
road,-1.967929723204954e-05,-0.00044415915368871303,-2.5589018367672555e-05,-7.647868245122289e-05
roadbed,0.0,7.794826824703627e-06,0.0,0.0
roads,-6.559765744016513e-06,-5.2696848742728664e-05,-1.8277870262623253e-06,-8.49763138346921e-06
roadside,0.0,7.794826824703627e-06,0.0,0.0
roadway,0.0,0.0,0.0,6.599013505207118e-06
roam,0.0,7.794826824703627e-06,0.0,0.0
roar,0.0,0.0,0.0,0.0
roared,0.0,0.0,0.0,0.0
roaring,2.819002973530694e-06,3.235145432636643e-06,0.0,0.0
roasted,0.0,3.235145432636643e-06,2.3564273160428954e-06,0.0
roasting,0.0,0.0,0.0,6.599013505207118e-06
rob,9.86651040735743e-06,0.0,4.712854632085791e-06,0.0
robbed,1.6980411278673048e-05,0.0,0.0,0.0
robber,1.409501486765347e-06,0.0,0.0,2.7388380629084794e-06
robberies,0.0,0.0,0.0,1.3198027010414236e-05
robbery,5.638005947061388e-06,0.0,0.0,2.1910704503267835e-05
robbing,6.792164511469219e-06,0.0,0.0,0.0
robert,0.0,0.0,0.0,4.6193094536449825e-05
robinson,0.0,0.0,4.712854632085791e-06,2.7388380629084794e-06
robinsons,0.0,0.0,5.677625082401832e-06,0.0
rocca,0.0,2.338448047411088e-05,0.0,0.0
rock,5.638005947061388e-06,1.2940581730546572e-05,0.0,0.0
rocked,0.0,3.235145432636643e-06,0.0,2.7388380629084794e-06
rocket,0.0,0.0,0.0,2.6396054020828473e-05
rockets,0.0,2.338448047411088e-05,0.0,0.0
rockies,0.0,0.0,0.0,6.599013505207118e-06
rocks,0.0,6.470290865273286e-06,2.3564273160428954e-06,0.0
rocky,0.0,7.794826824703627e-06,0.0,0.0
rod,0.0,0.0,0.0,6.599013505207118e-06
rode,0.0,1.941087259581986e-05,4.712854632085791e-06,0.0
rodgers,0.0,7.794826824703627e-06,0.0,0.0
rodion,0.00032941997880625714,0.0,0.0,0.0
rodionovitch,3.3960822557346093e-06,0.0,0.0,0.0
rods,0.0,2.338448047411088e-05,0.0,0.0
rodya,0.00042111419971109157,0.0,0.0,0.0
rodyas,1.0188246767203828e-05,0.0,0.0,0.0
rogue,7.047507433826735e-06,0.0,0.0,5.477676125816959e-06
role,0.0,0.0,0.0,6.599013505207118e-06
roll,0.0,0.0,0.0,0.0
rolled,0.0,0.0,0.0,0.0
rolling,4.2285044602960405e-06,0.0,0.0,2.7388380629084794e-06
rolls,1.409501486765347e-06,1.6175727163183214e-05,0.0,0.0
roma,0.0,1.5589653649407254e-05,0.0,0.0
romanovitch,0.0002920630739931764,0.0,0.0,0.0
romanovna,0.00037017296587507246,0.0,0.0,0.0
romanovnas,2.0376493534407657e-05,0.0,0.0,0.0
romantic,5.638005947061388e-06,0.0,2.3564273160428954e-06,0.0
rome,0.0,0.0001169224023705544,0.0,0.0
romeo,1.0188246767203828e-05,0.0,0.0,0.0
romper,0.0,0.0,0.0,6.599013505207118e-06
romulus,0.0,7.794826824703627e-06,0.0,0.0
roof,0.0,0.0,0.0,0.0
roofed,0.0,0.0,0.0,6.599013505207118e-06
roofs,0.0,3.235145432636643e-05,0.0,8.216514188725437e-06
room,-0.0003104955785501149,-0.0003713873149487544,-0.0002741680539393488,-0.0003632737416433087
roommate,0.0,7.794826824703627e-06,0.0,0.0
rooms,-4.2638477336107334e-05,-1.2546868748268729e-05,-1.8277870262623254e-05,-6.160782753015178e-05
roosters,0.0,7.794826824703627e-06,0.0,0.0
root,3.3960822557346093e-06,0.0,0.0,0.0
rooted,7.047507433826735e-06,0.0,2.3564273160428954e-06,0.0
roots,1.409501486765347e-06,0.0,0.0,8.216514188725437e-06
rope,0.0,6.470290865273286e-06,0.0,2.4649542566176314e-05
roped,0.0,7.794826824703627e-06,0.0,0.0
ropes,0.0,0.0,0.0,6.599013505207118e-06
rose,-2.4052474394727216e-05,-1.7565616247576225e-05,-1.2794509183836277e-05,-5.523460399254986e-05
roses,2.819002973530694e-06,0.0,2.3564273160428954e-06,0.0
rosings,0.0,0.0,0.0002782036290376898,0.0
ross,0.0,0.0,0.0,8.578717556769254e-05
rossa,0.0,2.338448047411088e-05,0.0,0.0
rosy,1.0188246767203828e-05,0.0,0.0,0.0
rot,3.3960822557346093e-06,0.0,0.0,0.0
rotten,1.409501486765347e-06,3.5586599759003076e-05,0.0,0.0
rotterdam,0.0,0.0,0.0,6.599013505207118e-06
rouble,0.00011546679669497674,0.0,0.0,0.0
roubles,0.0003226278142947879,0.0,0.0,0.0
rough,-1.0932942906694186e-06,-2.0074989997229968e-05,-1.8277870262623253e-06,-8.49763138346921e-06
roughly,8.457008920592081e-06,0.0,0.0,5.477676125816959e-06
roughs,0.0,0.0,0.0,1.9797040515621355e-05
round,-0.00012791543200832198,-1.2546868748268729e-05,-3.107237944645953e-05,-0.0001720770355152515
roundabout,3.3960822557346093e-06,0.0,0.0,0.0
rounded,0.0,3.235145432636643e-06,0.0,2.7388380629084794e-06
rounder,0.0,7.794826824703627e-06,0.0,0.0
rounds,0.0,0.0,0.0,6.599013505207118e-06
rouse,5.638005947061388e-06,0.0,0.0,2.7388380629084794e-06
roused,0.0,0.0,0.0,0.0
rousing,1.3584329022938437e-05,0.0,0.0,0.0
rousseau,3.3960822557346093e-06,0.0,0.0,0.0
route,0.0,0.0,1.7032875247205498e-05,0.0
routine,1.409501486765347e-06,0.0,0.0,8.216514188725437e-06
row,0.0,0.0,0.0,0.0
rowed,0.0,0.00013251205601996164,0.0,0.0
rowing,0.0,7.794826824703626e-05,0.0,0.0
rows,1.409501486765347e-06,9.70543629790993e-06,0.0,0.0
royal,0.0,0.0,0.0,2.6396054020828473e-05
royally,0.0,7.794826824703627e-06,0.0,0.0
roylott,0.0,0.0,0.0,9.238618907289965e-05
roylotts,0.0,0.0,0.0,5.9391121546864066e-05
rs,0.0,0.0,0.0,6.599013505207118e-06
rubbed,0.0,0.0,0.0,0.0
rubber,0.0,0.0,0.0,0.0
rubbing,5.638005947061388e-06,0.0,0.0,1.0955352251633918e-05
rubbish,2.0376493534407657e-05,0.0,0.0,0.0
rubbishly,3.3960822557346093e-06,0.0,0.0,0.0
rubble,0.0,2.338448047411088e-05,0.0,0.0
rubens,0.0,7.794826824703627e-06,0.0,0.0
rubinstein,3.3960822557346093e-06,0.0,0.0,0.0
ruby,0.0,0.0,0.0,6.599013505207118e-06
rucastle,0.0,0.0,0.0,0.000224366459177042
rucastles,0.0,0.0,0.0,5.2792108041656946e-05
rucksack,0.0,6.235861459762902e-05,0.0,0.0
ruddy,0.0,3.235145432636643e-06,0.0,2.7388380629084794e-06
rude,-9.83964861602477e-06,-7.528121248961238e-06,-5.483361078786976e-06,-4.248815691734605e-06
rudely,2.0376493534407657e-05,0.0,0.0,0.0
rudeness,7.047507433826735e-06,0.0,4.712854632085791e-06,0.0
ruder,3.3960822557346093e-06,0.0,0.0,0.0
rudest,6.792164511469219e-06,0.0,0.0,0.0
rueful,0.0,0.0,0.0,6.599013505207118e-06
ruefully,0.0,0.0,0.0,1.9797040515621355e-05
ruffian,1.409501486765347e-06,0.0,0.0,2.7388380629084794e-06
ruffians,0.0,0.0,0.0,6.599013505207118e-06
ruffled,3.3960822557346093e-06,0.0,0.0,0.0
rug,1.409501486765347e-06,0.0,0.0,8.216514188725437e-06
rugs,3.3960822557346093e-06,0.0,0.0,0.0
ruin,-1.0932942906694187e-05,-7.528121248961238e-06,-9.138935131311627e-06,-1.4870854921071116e-05
ruined,0.0,0.0,0.0,0.0
ruining,1.409501486765347e-06,0.0,2.3564273160428954e-06,0.0
ruins,1.409501486765347e-06,3.235145432636643e-06,0.0,0.0
rule,0.0,0.0,0.0,0.0
ruled,0.0,3.235145432636643e-06,2.3564273160428954e-06,0.0
rules,0.0,0.0,0.0,0.0
rum,2.819002973530694e-06,3.235145432636643e-06,0.0,0.0
rumble,0.0,0.0,0.0,6.599013505207118e-06
rummaged,1.409501486765347e-06,0.0,0.0,8.216514188725437e-06
rummaging,1.0188246767203828e-05,0.0,0.0,0.0
rumour,0.0,0.0,0.0,6.599013505207118e-06
rumours,8.457008920592081e-06,0.0,0.0,8.216514188725437e-06
run,-7.106412889351222e-05,-2.2584363746883714e-05,-2.0105657288885576e-05,-2.974170984214223e-05
rung,6.792164511469219e-06,0.0,0.0,0.0
runners,0.0,7.794826824703627e-06,0.0,0.0
running,-3.4985417301421396e-05,-2.7603111246191207e-05,-1.8277870262623254e-05,-2.761730199627493e-05
runs,0.0,0.0,2.3564273160428954e-06,1.3694190314542398e-05
runway,0.0,7.794826824703627e-06,0.0,0.0
rupture,9.86651040735743e-06,9.70543629790993e-06,0.0,0.0
rural,0.0,0.0,0.0,6.599013505207118e-06
ruse,0.0,0.0,0.0,6.599013505207118e-06
rush,0.0,0.0,0.0,0.0
rushed,0.0,0.0,0.0,0.0
rushes,0.0,0.0,0.0,6.599013505207118e-06
rushing,0.0,0.0,0.0,0.0
russells,0.0,0.0,0.0,6.599013505207118e-06
russia,7.047507433826735e-06,6.470290865273286e-06,0.0,0.0
russian,1.5504516354418816e-05,0.0,0.0,2.7388380629084794e-06
russians,2.819002973530694e-06,3.235145432636643e-06,0.0,0.0
rustic,0.0,0.0,0.0,6.599013505207118e-06
rustle,1.6980411278673048e-05,0.0,0.0,0.0
rustled,0.0,7.794826824703627e-06,0.0,0.0
rusty,0.0,0.0,0.0,0.0
rut,1.0188246767203828e-05,0.0,0.0,0.0
ruth,0.0,7.794826824703627e-06,0.0,0.0
ruthless,0.0,0.0,0.0,6.599013505207118e-06
ruthlessly,3.3960822557346093e-06,0.0,0.0,0.0
ruts,0.0,3.117930729881451e-05,0.0,0.0
ryazan,3.3960822557346093e-06,0.0,0.0,0.0
ryder,0.0,0.0,0.0,7.25891485572783e-05
ryders,0.0,0.0,0.0,6.599013505207118e-06
répertoire,0.0,0.0,0.0,6.599013505207118e-06
rôle,1.0188246767203828e-05,0.0,0.0,0.0
rôles,3.3960822557346093e-06,0.0,0.0,0.0
s,0.0,0.0,0.0,0.0
sable,0.0,0.0,0.0,6.599013505207118e-06
sabre,1.409501486765347e-06,6.470290865273286e-06,0.0,0.0
sack,2.819002973530694e-06,3.235145432636643e-06,0.0,0.0
sacking,3.3960822557346093e-06,0.0,0.0,0.0
sacks,3.3960822557346093e-06,0.0,0.0,0.0
sacrament,6.792164511469219e-06,0.0,0.0,0.0
sacred,4.2285044602960405e-06,1.6175727163183214e-05,0.0,0.0
sacrifice,-1.0932942906694187e-05,-5.018747499307492e-06,-1.4622296210098602e-05,-4.248815691734605e-06
sacrificed,0.0,0.0,2.3564273160428954e-06,2.7388380629084794e-06
sacrifices,1.409501486765347e-06,3.235145432636643e-06,0.0,0.0
sacrificing,5.638005947061388e-06,0.0,0.0,2.7388380629084794e-06
sacrilegious,0.0,7.794826824703627e-06,0.0,0.0
sad,-1.0932942906694187e-05,-2.509373749653746e-06,-7.311148105049301e-06,-1.2746447075203814e-05
saddest,0.0,0.0,0.0,6.599013505207118e-06
saddle,0.0,1.5589653649407254e-05,0.0,0.0
saddles,0.0,3.235145432636643e-06,0.0,2.7388380629084794e-06
sadly,-2.1865885813388372e-06,-2.509373749653746e-06,-3.6555740525246506e-06,-2.1244078458673024e-06
sadness,6.792164511469219e-06,0.0,0.0,0.0
sadovy,6.792164511469219e-06,0.0,0.0,0.0
safe,-2.1865885813388372e-06,-1.5056242497922477e-05,-1.4622296210098602e-05,-4.248815691734605e-05
safeguard,0.0,0.0,0.0,6.599013505207118e-06
safely,0.0,0.0,0.0,0.0
safer,0.0,3.235145432636643e-06,0.0,5.477676125816959e-06
safes,0.0,0.0,0.0,6.599013505207118e-06
safest,0.0,0.0,5.677625082401832e-06,0.0
safety,-4.3731771626776745e-06,-2.509373749653746e-06,-1.8277870262623253e-06,-1.0622039229336513e-05
sagacity,0.0,0.0,5.677625082401832e-06,0.0
sage,3.3960822557346093e-06,0.0,0.0,0.0
said,-0.0005663264425667589,-0.0030764922170754927,-0.0007347703845574547,-0.001032462213091509
sail,0.0,1.5589653649407254e-05,0.0,0.0
sailed,0.0,6.470290865273286e-06,0.0,2.7388380629084794e-06
sailing,0.0,0.0,0.0,2.6396054020828473e-05
sailor,0.0,0.0,0.0,6.599013505207118e-06
sails,0.0,7.794826824703627e-06,0.0,0.0
saint,1.409501486765347e-06,3.882174519163972e-05,0.0,0.0
sait,3.3960822557346093e-06,0.0,0.0,0.0
saith,1.6980411278673048e-05,0.0,0.0,0.0
sake,-3.935859446409908e-05,-1.2546868748268729e-05,-4.203910160403348e-05,-2.3368486304540325e-05
sakes,1.409501486765347e-06,0.0,4.712854632085791e-06,0.0
salad,0.0,3.235145432636643e-06,2.3564273160428954e-06,0.0
salary,9.86651040735743e-06,0.0,0.0,1.6433028377450875e-05
salesman,0.0,3.235145432636643e-06,0.0,2.4649542566176314e-05
sallied,0.0,0.0,5.677625082401832e-06,0.0
sallies,0.0,0.0,0.0,6.599013505207118e-06
sallow,0.0,0.0,0.0,3.299506752603559e-05
sally,0.0,0.0,0.0,0.0
saloon,7.047507433826735e-06,0.0,4.712854632085791e-06,0.0
salt,0.0,0.0,0.0,0.0
salted,0.0,1.5589653649407254e-05,0.0,0.0
salty,0.0,7.794826824703627e-06,0.0,0.0
salutation,0.0,0.0,2.271050032960733e-05,0.0
salute,0.0,1.5589653649407254e-05,0.0,0.0
saluted,0.0,1.941087259581986e-05,0.0,2.7388380629084794e-06
salvarsan,0.0,7.794826824703627e-06,0.0,0.0
salve,0.0,1.5589653649407254e-05,0.0,0.0
same,-0.00019460638373915653,-7.02624649903049e-05,-0.00012428951778583813,-0.00011896683936856893
sameness,0.0,0.0,5.677625082401832e-06,0.0
samovar,1.6980411278673048e-05,0.0,0.0,0.0
samovars,6.792164511469219e-06,0.0,0.0,0.0
sample,0.0,0.0,0.0,1.3198027010414236e-05
san,0.0,6.146776322009621e-05,0.0,5.477676125816959e-06
sanction,7.047507433826735e-06,0.0,2.3564273160428954e-06,0.0
sanctioned,0.0,0.0,1.1355250164803664e-05,0.0
sand,0.0,0.0,0.0,0.0
sandbags,0.0,1.5589653649407254e-05,0.0,0.0
sandwich,0.0,0.0,0.0,6.599013505207118e-06
sandwiched,0.0,0.0,0.0,1.3198027010414236e-05
sandwiches,0.0,5.456378777292539e-05,0.0,0.0
sang,0.0,0.0,0.0,0.0
sanguine,0.0,0.0,1.1355250164803664e-05,0.0
sanitary,0.0,7.794826824703627e-06,0.0,0.0
sank,6.483706839120596e-05,0.0,0.0,1.6433028377450875e-05
sarah,0.0,0.0,5.677625082401832e-06,0.0
sarasate,0.0,0.0,0.0,6.599013505207118e-06
sarcasm,6.792164511469219e-06,0.0,0.0,0.0
sarcastic,1.409501486765347e-06,0.0,2.3564273160428954e-06,0.0
sarcastically,7.047507433826735e-06,3.235145432636643e-06,0.0,0.0
sardonic,0.0,0.0,0.0,6.599013505207118e-06
sash,1.409501486765347e-06,0.0,2.3564273160428954e-06,0.0
sasso,0.0,7.794826824703627e-06,0.0,0.0
sat,-0.00011588919481095838,-0.00024089987996675963,-6.945590699796835e-05,-0.00011471802367683433
satin,-2.1865885813388372e-06,-7.528121248961238e-06,-3.6555740525246506e-06,-2.1244078458673024e-06
satire,3.3960822557346093e-06,0.0,0.0,0.0
satirical,0.0,0.0,5.677625082401832e-06,0.0
satisfaction,0.0,0.0,0.0,0.0
satisfactions,0.0,0.0,5.677625082401832e-06,0.0
satisfactorily,3.3960822557346093e-06,0.0,0.0,0.0
satisfactory,-3.2798828720082563e-06,-2.509373749653746e-06,-1.2794509183836277e-05,-2.1244078458673024e-06
satisfied,-5.4664714533470935e-06,-2.509373749653746e-06,-6.214475889291907e-05,-1.0622039229336513e-05
satisfy,0.0,0.0,0.0,0.0
satisfying,0.0,0.0,2.3564273160428954e-06,2.7388380629084794e-06
saturated,0.0,0.0,0.0,6.599013505207118e-06
saturday,0.0,0.0,0.0,0.0
saturdays,0.0,0.0,0.0,6.599013505207118e-06
sauce,0.0,1.5589653649407254e-05,0.0,0.0
saucer,0.0,0.0,0.0,0.0
saucers,0.0,7.794826824703627e-06,0.0,0.0
saucy,0.0,0.0,5.677625082401832e-06,0.0
sauerkraut,0.0,7.794826824703627e-06,0.0,0.0
saunders,0.0,3.897413412351813e-05,0.0,0.0
sausage,4.2285044602960405e-06,1.2940581730546572e-05,0.0,0.0
savage,0.0,0.0,0.0,0.0
savagely,0.0,0.0,0.0,1.3198027010414236e-05
savannah,0.0,0.0,0.0,3.299506752603559e-05
save,-1.4212825778702444e-05,-7.528121248961238e-06,-5.483361078786976e-06,-7.860309029709019e-05
saved,-1.4212825778702444e-05,-1.0037494998614984e-05,-5.483361078786976e-06,-1.9119670612805722e-05
saving,-3.2798828720082563e-06,-2.509373749653746e-06,-5.483361078786976e-06,-4.248815691734605e-06
savings,6.792164511469219e-06,0.0,0.0,0.0
saviour,1.409501486765347e-06,0.0,0.0,2.7388380629084794e-06
saviours,0.0,0.0,0.0,6.599013505207118e-06
savoia,0.0,1.5589653649407254e-05,0.0,0.0
savouries,6.792164511469219e-06,0.0,0.0,0.0
savours,0.0,0.0,5.677625082401832e-06,0.0
savoury,3.3960822557346093e-06,0.0,0.0,0.0
saw,-0.0001683673207630905,-0.0003387654562032557,-0.00018643427667875716,-0.0001890722982821899
saxe,0.0,0.0,0.0,4.6193094536449825e-05
saxon,0.0,6.470290865273286e-06,0.0,2.7388380629084794e-06
say,-0.00032470840432881733,-0.00022082488996952966,-0.0002887903501494474,-0.00019969433751152642
saying,-5.466471453347094e-05,-7.528121248961238e-06,-6.397254591918138e-05,-2.1244078458673025e-05
says,-3.389212301075198e-05,-1.7565616247576225e-05,-2.7416805393934876e-05,-3.1866117688009535e-05
scaffold,3.3960822557346093e-06,0.0,0.0,0.0
scaffolding,1.409501486765347e-06,0.0,0.0,2.7388380629084794e-06
scala,0.0,2.2646018028456504e-05,0.0,2.7388380629084794e-06
scale,0.0,0.0,0.0,0.0
scales,0.0,0.0,0.0,6.599013505207118e-06
scallops,3.3960822557346093e-06,0.0,0.0,0.0
scalp,0.0,2.338448047411088e-05,0.0,0.0
scalpel,0.0,7.794826824703627e-06,0.0,0.0
scamp,3.3960822557346093e-06,0.0,0.0,0.0
scampering,0.0,0.0,5.677625082401832e-06,0.0
scandal,1.973302081471486e-05,0.0,0.0,3.012721869199327e-05
scandalising,3.3960822557346093e-06,0.0,0.0,0.0
scandalous,1.409501486765347e-06,0.0,7.069281948128687e-06,0.0
scandals,1.409501486765347e-06,0.0,0.0,2.7388380629084794e-06
scandinavia,0.0,0.0,0.0,1.3198027010414236e-05
scanned,1.3584329022938437e-05,0.0,0.0,0.0
scanning,1.3584329022938437e-05,0.0,0.0,0.0
scantiness,3.3960822557346093e-06,0.0,0.0,0.0
scar,0.0,1.941087259581986e-05,0.0,1.0955352251633918e-05
scarborough,0.0,0.0,5.677625082401832e-06,0.0
scarce,0.0,3.235145432636643e-06,2.3564273160428954e-06,0.0
scarcely,5.919906244414457e-05,0.0,0.00010603922922193029,0.0
scarcity,0.0,0.0,5.677625082401832e-06,0.0
scare,1.409501486765347e-06,1.2940581730546572e-05,0.0,0.0
scared,0.0,0.0,0.0,0.0
scarf,3.3960822557346093e-06,0.0,0.0,0.0
scaring,0.0,7.794826824703627e-06,0.0,0.0
scarlet,0.0,0.0,4.712854632085791e-06,8.216514188725437e-06
scattered,0.0,0.0,4.712854632085791e-06,1.9171866440359353e-05
scattering,3.3960822557346093e-06,0.0,0.0,0.0
scene,0.0,0.0,0.0,0.0
scenery,0.0,0.0,0.0,1.3198027010414236e-05
scenes,0.0,0.0,0.0,0.0
scent,8.457008920592081e-06,0.0,0.0,1.6433028377450875e-05
scented,3.3960822557346093e-06,0.0,0.0,0.0
sceptic,1.409501486765347e-06,0.0,0.0,2.7388380629084794e-06
sceptical,6.792164511469219e-06,0.0,0.0,0.0
sceptics,3.3960822557346093e-06,0.0,0.0,0.0
schegolskoy,3.3960822557346093e-06,0.0,0.0,0.0
scheme,0.0,0.0,0.00010219725148323297,0.0
schemer,0.0,0.0,0.0,6.599013505207118e-06
schemes,0.0,0.0,3.974337557681283e-05,0.0
scheming,0.0,0.0,2.3564273160428954e-06,2.7388380629084794e-06
schiller,2.0376493534407657e-05,0.0,0.0,0.0
schilleresque,3.3960822557346093e-06,0.0,0.0,0.0
schleswig,3.3960822557346093e-06,0.0,0.0,0.0
school,-1.7492708650710698e-05,-2.509373749653746e-06,-3.6555740525246506e-06,-8.49763138346921e-06
schoolboy,6.792164511469219e-06,0.0,0.0,0.0
schoolhouse,0.0,7.794826824703627e-06,0.0,0.0
schoolmaster,0.0,0.0,0.0,1.3198027010414236e-05
schools,0.0,0.0,0.0,6.599013505207118e-06
schutzen,0.0,7.794826824703627e-06,0.0,0.0
schwach,3.3960822557346093e-06,0.0,0.0,0.0
schönsten,3.3960822557346093e-06,0.0,0.0,0.0
science,0.0,0.0,0.0,0.0
scientific,1.6980411278673048e-05,0.0,0.0,0.0
scientifically,0.0,7.794826824703627e-06,0.0,0.0
scintillating,0.0,0.0,0.0,6.599013505207118e-06
scissors,0.0,0.0,0.0,1.9797040515621355e-05
scoffers,3.3960822557346093e-06,0.0,0.0,0.0
scold,0.0,0.0,5.677625082401832e-06,0.0
scolded,1.409501486765347e-06,0.0,2.3564273160428954e-06,0.0
scolding,5.638005947061388e-06,0.0,4.712854632085791e-06,0.0
scope,0.0,0.0,5.677625082401832e-06,0.0
scorches,3.3960822557346093e-06,0.0,0.0,0.0
score,7.047507433826735e-06,0.0,9.425709264171582e-06,0.0
scored,0.0,0.0,0.0,1.3198027010414236e-05
scores,0.0,0.0,2.3564273160428954e-06,2.7388380629084794e-06
scorn,0.0,0.0,2.3564273160428954e-06,2.7388380629084794e-06
scorned,0.0,0.0,5.677625082401832e-06,0.0
scornful,1.409501486765347e-06,3.235145432636643e-06,0.0,0.0
scornfully,3.3960822557346093e-06,0.0,0.0,0.0
scotch,0.0,0.0,0.0,0.0
scotia,0.0,0.0,0.0,6.599013505207118e-06
scotland,0.0,0.0,0.0,0.0
scott,0.0,0.0,0.0,6.599013505207118e-06
scoundrel,2.1142522301480205e-05,0.0,0.0,1.3694190314542398e-05
scoundrelly,6.792164511469219e-06,0.0,0.0,0.0
scoundrels,2.0376493534407657e-05,0.0,0.0,0.0
scowl,6.792164511469219e-06,0.0,0.0,0.0
scowled,1.0188246767203828e-05,0.0,0.0,0.0
scowling,1.3584329022938437e-05,0.0,0.0,0.0
scrape,0.0,3.235145432636643e-06,2.3564273160428954e-06,0.0
scraped,1.409501486765347e-06,0.0,0.0,5.477676125816959e-06
scraping,0.0,0.0,0.0,6.599013505207118e-06
scraps,6.792164511469219e-06,0.0,0.0,0.0
scratch,0.0,3.235145432636643e-06,0.0,2.7388380629084794e-06
scratched,3.3960822557346093e-06,0.0,0.0,0.0
scratching,1.409501486765347e-06,0.0,0.0,2.7388380629084794e-06
scrawl,1.409501486765347e-06,0.0,0.0,2.7388380629084794e-06
scrawled,0.0,0.0,0.0,1.9797040515621355e-05
scream,1.409501486765347e-05,0.0,0.0,1.3694190314542398e-05
screamed,0.0,0.0,0.0,0.0
screaming,0.0,0.0,0.0,0.0
screams,1.409501486765347e-06,0.0,0.0,2.7388380629084794e-06
screeched,3.3960822557346093e-06,0.0,0.0,0.0
screen,-3.2798828720082563e-06,-1.2546868748268729e-05,-3.6555740525246506e-06,-2.1244078458673024e-06
screened,0.0,3.117930729881451e-05,0.0,0.0
screening,0.0,0.0,0.0,0.0
screens,0.0,3.235145432636643e-06,2.3564273160428954e-06,0.0
screwed,2.0376493534407657e-05,0.0,0.0,0.0
screwing,3.3960822557346093e-06,0.0,0.0,0.0
screws,0.0,7.794826824703627e-06,0.0,0.0
scribble,1.409501486765347e-06,0.0,0.0,2.7388380629084794e-06
scribbled,1.409501486765347e-06,0.0,0.0,2.7388380629084794e-06
scripture,3.3960822557346093e-06,0.0,0.0,0.0
scrofulous,3.3960822557346093e-06,0.0,0.0,0.0
scrotum,0.0,1.5589653649407254e-05,0.0,0.0
scrubbed,3.3960822557346093e-06,0.0,0.0,0.0
scrubbing,3.3960822557346093e-06,0.0,0.0,0.0
scrubs,3.3960822557346093e-06,0.0,0.0,0.0
scruple,0.0,0.0,2.271050032960733e-05,0.0
scrupled,0.0,0.0,1.1355250164803664e-05,0.0
scruples,0.0,0.0,9.425709264171582e-06,2.7388380629084794e-06
scrupulous,0.0,0.0,2.3564273160428954e-06,2.7388380629084794e-06
scrupulously,3.3960822557346093e-06,0.0,0.0,0.0
scrutinised,1.6980411278673048e-05,0.0,0.0,0.0
scrutinising,1.3584329022938437e-05,0.0,0.0,0.0
scrutinizing,0.0,7.794826824703627e-06,0.0,0.0
scrutiny,1.409501486765347e-06,0.0,2.3564273160428954e-06,0.0
scuffle,0.0,0.0,0.0,1.9797040515621355e-05
scuffling,6.792164511469219e-06,0.0,0.0,0.0
sculpture,0.0,7.794826824703627e-06,0.0,0.0
scum,0.0,1.5589653649407254e-05,0.0,0.0
scummed,0.0,0.0,0.0,6.599013505207118e-06
scuttling,3.3960822557346093e-06,0.0,0.0,0.0
se,3.3960822557346093e-06,0.0,0.0,0.0
sea,-2.1865885813388372e-06,-1.2546868748268729e-05,-1.8277870262623253e-06,-8.49763138346921e-06
seal,1.409501486765347e-06,0.0,0.0,5.477676125816959e-06
sealed,2.819002973530694e-06,0.0,0.0,8.216514188725437e-06
sealing,0.0,7.794826824703627e-06,0.0,0.0
seaman,0.0,0.0,0.0,6.599013505207118e-06
seamed,0.0,0.0,0.0,6.599013505207118e-06
seaports,0.0,0.0,0.0,6.599013505207118e-06
search,-1.7492708650710698e-05,-1.0037494998614984e-05,-3.6555740525246506e-06,-2.3368486304540325e-05
searched,4.2285044602960405e-06,0.0,0.0,1.0955352251633918e-05
searching,0.0,0.0,0.0,0.0
searchlight,0.0,7.794826824703627e-06,0.0,0.0
seared,0.0,0.0,0.0,1.3198027010414236e-05
season,0.0,0.0,0.0,0.0
seasonable,0.0,0.0,2.3564273160428954e-06,2.7388380629084794e-06
seasons,3.3960822557346093e-06,0.0,0.0,0.0
seat,-2.4052474394727216e-05,-7.277183873995864e-05,-1.0966722157573952e-05,-2.3368486304540325e-05
seated,0.0,0.0,0.0,0.0
seating,3.3960822557346093e-06,0.0,0.0,0.0
seats,0.0,0.0,0.0,0.0
secluded,0.0,0.0,0.0,0.0
seclusion,0.0,0.0,5.677625082401832e-06,0.0
second,-6.0131185986818026e-05,-5.2696848742728664e-05,-4.569467565655813e-05,-5.311019614668256e-05
secondary,1.409501486765347e-06,6.470290865273286e-06,0.0,0.0
seconded,1.409501486765347e-06,0.0,2.3564273160428954e-06,0.0
secondhand,0.0,7.794826824703627e-06,0.0,0.0
seconding,0.0,0.0,5.677625082401832e-06,0.0
secondly,1.832351932794951e-05,0.0,7.069281948128687e-06,0.0
seconds,1.409501486765347e-05,0.0,0.0,8.216514188725437e-06
secrecy,0.0,0.0,2.3564273160428955e-05,1.9171866440359353e-05
secret,0.0,0.0,0.0,0.0
secretary,4.2285044602960405e-06,0.0,0.0,8.216514188725437e-06
secreted,0.0,0.0,0.0,6.599013505207118e-06
secreting,0.0,0.0,0.0,6.599013505207118e-06
secretive,0.0,0.0,0.0,6.599013505207118e-06
secretly,0.0,0.0,0.0,0.0
secrets,0.0,0.0,0.0,0.0
sections,0.0,7.794826824703627e-06,0.0,0.0
sector,0.0,7.794826824703627e-06,0.0,0.0
secure,0.0,0.0,0.0,0.0
secured,0.0,0.0,9.425709264171582e-06,8.216514188725437e-06
securer,0.0,0.0,0.0,1.3198027010414236e-05
securing,0.0,0.0,0.0,6.599013505207118e-06
securities,3.3960822557346093e-06,0.0,0.0,0.0
security,0.0,0.0,0.0,0.0
sedate,1.409501486765347e-06,0.0,2.3564273160428954e-06,0.0
sedately,3.3960822557346093e-06,0.0,0.0,0.0
sedateness,0.0,0.0,5.677625082401832e-06,0.0
sedentary,1.409501486765347e-06,0.0,0.0,2.7388380629084794e-06
seduced,6.792164511469219e-06,0.0,0.0,0.0
seducers,0.0,7.794826824703627e-06,0.0,0.0
seduction,0.0,0.0,5.677625082401832e-06,0.0
seductive,6.792164511469219e-06,0.0,0.0,0.0
seductively,3.3960822557346093e-06,0.0,0.0,0.0
see,-0.00041873171332638736,-0.0006825496599058189,-0.0002686846928605618,-0.00048648939670361223
seed,1.0188246767203828e-05,0.0,0.0,0.0
seeds,0.0,0.0,0.0,6.599013505207118e-06
seedy,0.0,3.235145432636643e-06,0.0,5.477676125816959e-06
seeing,-5.24781259521321e-05,-3.26218587454987e-05,-0.00010783943454947718,-4.673697260908065e-05
seek,-7.653060034685932e-06,-5.018747499307492e-06,-1.4622296210098602e-05,-8.49763138346921e-06
seeking,0.0,0.0,0.0,0.0
seem,-4.2638477336107334e-05,-1.2546868748268729e-05,-2.9244592420197205e-05,-3.611493337974414e-05
seemed,-0.00020116614948317306,-8.782808123788111e-05,-0.00012063394373331347,-0.00014658414136484388
seeming,1.6914017841184162e-05,0.0,7.069281948128687e-06,0.0
seemingly,3.3960822557346093e-06,0.0,0.0,0.0
seems,-3.935859446409908e-05,-7.528121248961238e-06,-4.021131457777115e-05,-5.948341968428446e-05
seen,-0.00011479590052028897,-6.022496999168991e-05,-0.0001389118139959367,-0.00015295736490244578
sees,-1.0932942906694187e-05,-2.509373749653746e-06,-1.0966722157573952e-05,-4.248815691734605e-06
sein,6.792164511469219e-06,0.0,0.0,0.0
seize,0.0,0.0,0.0,0.0
seized,0.0,0.0,0.0,0.0
seizing,1.1276011894122775e-05,0.0,2.3564273160428954e-06,0.0
seldom,0.0,0.0,2.3564273160428955e-05,1.6433028377450875e-05
select,0.0,0.0,0.0,1.9797040515621355e-05
selected,0.0,3.235145432636643e-06,7.069281948128687e-06,0.0
selecting,0.0,0.0,5.677625082401832e-06,0.0
selection,0.0,0.0,0.0,6.599013505207118e-06
selections,0.0,0.0,0.0,6.599013505207118e-06
self,-1.8586002941380122e-05,-2.2584363746883714e-05,-4.386688863029581e-05,-2.761730199627493e-05
selfish,0.0,0.0,0.0,0.0
selfishness,0.0,0.0,0.0,0.0
sell,-1.2026237197363608e-05,-1.0037494998614984e-05,-1.8277870262623253e-06,-1.0622039229336513e-05
selling,7.047507433826735e-06,3.235145432636643e-06,0.0,0.0
selves,0.0,0.0,5.677625082401832e-06,0.0
semblance,6.792164511469219e-06,0.0,0.0,0.0
semi,3.3960822557346093e-06,0.0,0.0,0.0
semicircle,0.0,0.0,0.0,6.599013505207118e-06
seminaries,0.0,0.0,5.677625082401832e-06,0.0
seminarists,3.3960822557346093e-06,0.0,0.0,0.0
semyon,4.0752987068815313e-05,0.0,0.0,0.0
semyonovas,3.3960822557346093e-06,0.0,0.0,0.0
semyonovitch,8.150597413763063e-05,0.0,0.0,0.0
semyonovna,0.00022074534662274963,0.0,0.0,0.0
semyonovnas,2.0376493534407657e-05,0.0,0.0,0.0
sen,6.792164511469219e-06,0.0,0.0,0.0
senate,1.3584329022938437e-05,0.0,0.0,0.0
send,-3.0612240138743727e-05,-7.277183873995864e-05,-4.386688863029581e-05,-2.761730199627493e-05
senders,0.0,0.0,0.0,6.599013505207118e-06
sending,-5.4664714533470935e-06,-5.018747499307492e-06,-1.8277870262623253e-06,-2.1244078458673024e-06
sends,0.0,0.0,0.0,0.0
senility,0.0,0.0,0.0,6.599013505207118e-06
senior,0.0,0.0,0.0,1.3198027010414236e-05
seniority,0.0,0.0,5.677625082401832e-06,0.0
sennight,0.0,0.0,1.1355250164803664e-05,0.0
sensation,-3.0612240138743727e-05,-5.018747499307492e-06,-5.483361078786976e-06,-2.1244078458673024e-06
sensational,0.0,0.0,0.0,1.9797040515621355e-05
sensationalism,0.0,0.0,0.0,1.3198027010414236e-05
sensations,-5.4664714533470935e-06,-2.509373749653746e-06,-5.483361078786976e-06,-2.1244078458673024e-06
sense,-2.842565155740489e-05,-2.509373749653746e-06,-6.58003329454437e-05,-1.9119670612805722e-05
senseless,1.1276011894122775e-05,0.0,0.0,8.216514188725437e-06
senses,0.0,0.0,0.0,0.0
sensibility,0.0,0.0,1.1355250164803664e-05,0.0
sensible,-2.0772591522718957e-05,-7.528121248961238e-06,-5.848918484039441e-05,-2.1244078458673024e-06
sensibly,7.047507433826735e-06,0.0,4.712854632085791e-06,0.0
sensitive,0.0,0.0,0.0,0.0
sensitiveness,3.3960822557346093e-06,0.0,0.0,0.0
sensual,3.3960822557346093e-06,0.0,0.0,0.0
sensualist,3.3960822557346093e-06,0.0,0.0,0.0
sensuality,3.3960822557346093e-06,0.0,0.0,0.0
sent,-5.5758008824140356e-05,-5.5206222492382414e-05,-4.021131457777115e-05,-4.248815691734605e-05
sentence,-1.2026237197363608e-05,-2.509373749653746e-06,-2.1933444315147905e-05,-8.49763138346921e-06
sentenced,1.0188246767203828e-05,0.0,0.0,0.0
sentences,1.409501486765347e-06,0.0,2.3564273160428954e-06,0.0
sententiously,6.792164511469219e-06,0.0,0.0,0.0
sentiment,0.0,3.235145432636643e-06,1.8851418528343163e-05,0.0
sentimental,0.0,0.0,0.0,0.0
sentimentality,6.792164511469219e-06,0.0,0.0,0.0
sentiments,2.819002973530694e-06,0.0,2.3564273160428955e-05,0.0
sentinel,0.0,0.0,0.0,0.0
sentry,1.409501486765347e-06,3.235145432636643e-06,0.0,0.0
separate,-1.0932942906694186e-06,-5.018747499307492e-06,-1.0966722157573952e-05,-8.49763138346921e-06
separated,-2.1865885813388372e-06,-1.2546868748268729e-05,-5.483361078786976e-06,-4.248815691734605e-06
separately,0.0,3.235145432636643e-06,2.3564273160428954e-06,0.0
separates,0.0,0.0,5.677625082401832e-06,0.0
separating,0.0,0.0,5.677625082401832e-06,0.0
separation,0.0,0.0,0.0,0.0
sept,0.0,0.0,5.677625082401832e-06,0.0
september,0.0,0.0,0.0,0.0
sequel,0.0,0.0,2.3564273160428954e-06,2.7388380629084794e-06
sequence,0.0,0.0,0.0,1.3198027010414236e-05
sera,0.0,1.5589653649407254e-05,0.0,0.0
serenaded,0.0,7.794826824703627e-06,0.0,0.0
serenely,0.0,0.0,0.0,1.3198027010414236e-05
serenity,1.409501486765347e-06,0.0,7.069281948128687e-06,0.0
serf,1.0188246767203828e-05,0.0,0.0,0.0
serfdom,3.3960822557346093e-06,0.0,0.0,0.0
serfs,3.3960822557346093e-06,0.0,0.0,0.0
sergeant,0.0,0.00012471722919525803,0.0,0.0
sergeants,0.0,0.00010133274872114715,0.0,0.0
series,0.0,0.0,0.0,5.2792108041656946e-05
serious,-2.842565155740489e-05,-2.0074989997229968e-05,-4.386688863029581e-05,-3.8239341225611444e-05
seriously,-2.0772591522718957e-05,-2.509373749653746e-06,-2.3761231341410226e-05,-1.0622039229336513e-05
seriousness,3.3960822557346093e-06,0.0,0.0,0.0
sermon,0.0,0.0,1.1355250164803664e-05,0.0
sermons,0.0,0.0,1.7032875247205498e-05,0.0
serpent,0.0,0.0,0.0,6.599013505207118e-06
serpentine,0.0,0.0,0.0,5.2792108041656946e-05
servant,0.0,0.0,0.0,0.0
servants,-6.559765744016513e-06,-2.509373749653746e-06,-2.7416805393934876e-05,-1.699526276693842e-05
serve,-3.2798828720082563e-06,-5.018747499307492e-06,-3.6555740525246506e-06,-6.373223537601907e-06
served,0.0,0.0,0.0,0.0
server,3.3960822557346093e-06,0.0,0.0,0.0
serves,5.638005947061388e-06,0.0,0.0,5.477676125816959e-06
service,-3.826530017342966e-05,-7.528121248961238e-06,-1.2794509183836277e-05,-8.49763138346921e-06
serviceable,1.409501486765347e-06,0.0,2.3564273160428954e-06,0.0
services,-4.3731771626776745e-06,-2.509373749653746e-06,-1.8277870262623253e-06,-8.49763138346921e-06
servile,3.3960822557346093e-06,0.0,0.0,0.0
servility,0.0,0.0,5.677625082401832e-06,0.0
serving,-1.0932942906694186e-06,-2.509373749653746e-06,-1.8277870262623253e-06,-4.248815691734605e-06
servitude,4.2285044602960405e-06,0.0,0.0,2.7388380629084794e-06
set,-7.106412889351222e-05,-1.7565616247576225e-05,-5.6661397814132085e-05,-9.1349537372294e-05
sets,6.792164511469219e-06,0.0,0.0,0.0
settee,0.0,0.0,0.0,6.599013505207118e-06
setter,0.0,0.0,0.0,6.599013505207118e-06
setting,0.0,0.0,0.0,0.0
settle,-6.559765744016513e-06,-2.509373749653746e-06,-1.2794509183836277e-05,-1.4870854921071116e-05
settled,-1.8586002941380122e-05,-1.2546868748268729e-05,-8.773377726059162e-05,-1.699526276693842e-05
settlement,0.0,0.0,1.1355250164803664e-05,0.0
settlements,0.0,0.0,5.677625082401832e-06,0.0
settles,0.0,0.0,0.0,1.3198027010414236e-05
settling,0.0,0.0,0.0,0.0
sevastopol,6.792164511469219e-06,0.0,0.0,0.0
seven,-4.1545183045437914e-05,-1.5056242497922477e-05,-5.483361078786976e-06,-6.798105106775368e-05
sevens,0.0,7.794826824703627e-06,0.0,0.0
seventeen,4.2285044602960405e-06,0.0,0.0,2.7388380629084794e-06
seventh,1.409501486765347e-06,3.235145432636643e-06,0.0,0.0
seventy,0.0,0.0,0.0,0.0
several,-3.826530017342966e-05,-4.516872749376743e-05,-4.203910160403348e-05,-6.373223537601907e-05
severe,0.0,0.0,0.0,0.0
severed,0.0,0.0,0.0,6.599013505207118e-06
severely,7.047507433826735e-06,0.0,0.0,5.477676125816959e-06
severest,0.0,0.0,5.677625082401832e-06,0.0
severing,0.0,7.794826824703627e-06,0.0,0.0
severity,5.638005947061388e-06,0.0,2.3564273160428954e-06,0.0
severn,0.0,0.0,0.0,6.599013505207118e-06
sew,1.409501486765347e-06,3.235145432636643e-06,0.0,0.0
sewed,1.409501486765347e-06,3.235145432636643e-06,0.0,0.0
sewing,0.0,0.0,0.0,0.0
sewn,0.0,0.0,0.0,6.599013505207118e-06
sex,0.0,0.0,0.0,0.0
sexes,3.3960822557346093e-06,0.0,0.0,0.0
sh,0.0,1.5589653649407254e-05,0.0,0.0
shabbily,0.0,0.0,0.0,6.599013505207118e-06
shabbiness,3.3960822557346093e-06,0.0,0.0,0.0
shabby,9.86651040735743e-06,0.0,0.0,5.477676125816959e-06
shade,0.0,0.0,0.0,0.0
shaded,3.3960822557346093e-06,0.0,0.0,0.0
shades,0.0,0.0,0.0,0.0
shading,0.0,0.0,0.0,6.599013505207118e-06
shadow,0.0,0.0,0.0,0.0
shadows,0.0,6.470290865273286e-06,0.0,2.7388380629084794e-06
shady,0.0,7.794826824703627e-06,0.0,0.0
shaft,1.6980411278673048e-05,0.0,0.0,0.0
shafts,1.409501486765347e-06,3.235145432636643e-06,0.0,0.0
shag,0.0,0.0,0.0,2.6396054020828473e-05
shake,-4.3731771626776745e-06,-2.509373749653746e-06,-3.6555740525246506e-06,-1.0622039229336513e-05
shaken,0.0,0.0,0.0,0.0
shakes,3.3960822557346093e-06,0.0,0.0,0.0
shaking,0.0,0.0,0.0,0.0
shall,-0.00021209909238986726,-5.018747499307492e-06,-0.00029792928528075903,-0.0003590249259515741
shallow,1.409501486765347e-06,6.470290865273286e-06,0.0,0.0
shallows,0.0,7.794826824703627e-06,0.0,0.0
shambles,0.0,7.794826824703627e-06,0.0,0.0
shame,0.0,0.0,0.0,0.0
shamefaced,4.2285044602960405e-06,0.0,0.0,2.7388380629084794e-06
shameful,1.5504516354418816e-05,0.0,4.712854632085791e-06,0.0
shamefully,0.0,0.0,0.0,1.3198027010414236e-05
shameless,5.638005947061388e-06,0.0,2.3564273160428954e-06,0.0
shamelessly,3.3960822557346093e-06,0.0,0.0,0.0
shant,0.0,0.0,0.0,0.0
shanties,3.3960822557346093e-06,0.0,0.0,0.0
shape,0.0,0.0,0.0,0.0
shaped,0.0,0.0,0.0,0.0
shapeless,0.0,0.0,0.0,1.3198027010414236e-05
shapes,3.3960822557346093e-06,0.0,0.0,0.0
share,0.0,0.0,0.0,0.0
shared,-3.2798828720082563e-06,-2.509373749653746e-06,-7.311148105049301e-06,-2.1244078458673024e-06
sharers,0.0,0.0,5.677625082401832e-06,0.0
shares,1.3584329022938437e-05,0.0,0.0,0.0
sharing,0.0,0.0,0.0,0.0
sharmers,3.3960822557346093e-06,0.0,0.0,0.0
sharp,-9.83964861602477e-06,-1.7565616247576225e-05,-3.6555740525246506e-06,-3.399052553387684e-05
sharpened,0.0,0.0,4.712854632085791e-06,2.7388380629084794e-06
sharper,1.6980411278673048e-05,0.0,0.0,0.0
sharpers,3.3960822557346093e-06,0.0,0.0,0.0
sharpest,3.3960822557346093e-06,0.0,0.0,0.0
sharply,0.0,0.0,0.0,0.0
shattered,0.0,0.0,0.0,0.0
shave,1.409501486765347e-06,0.0,0.0,5.477676125816959e-06
shaved,2.819002973530694e-06,6.470290865273286e-06,0.0,0.0
shaven,8.457008920592081e-06,0.0,0.0,8.216514188725437e-06
shaving,0.0,3.235145432636643e-06,0.0,2.7388380629084794e-06
shawl,0.0,0.0,0.0,0.0
shawls,5.638005947061388e-06,3.235145432636643e-06,0.0,0.0
she,-0.0017973758138605245,-0.0011392556823428008,-0.003123688027882314,-0.0009049977423394709
sheaf,0.0,7.794826824703627e-06,0.0,0.0
shed,-2.4052474394727216e-05,-7.528121248961238e-06,-1.8277870262623253e-06,-2.1244078458673024e-06
shedding,6.792164511469219e-06,0.0,0.0,0.0
sheds,1.409501486765347e-06,3.235145432636643e-06,0.0,0.0
sheen,0.0,7.794826824703627e-06,0.0,0.0
sheep,0.0,0.0,0.0,6.599013505207118e-06
sheepish,3.3960822557346093e-06,0.0,0.0,0.0
sheer,1.409501486765347e-06,0.0,0.0,5.477676125816959e-06
sheet,-6.559765744016513e-06,-1.7565616247576225e-05,-5.483361078786976e-06,-2.549289415040763e-05
sheeting,0.0,7.794826824703627e-06,0.0,0.0
sheets,-5.4664714533470935e-06,-2.0074989997229968e-05,-1.8277870262623253e-06,-6.373223537601907e-06
shelf,0.0,0.0,0.0,3.299506752603559e-05
shell,2.1142522301480205e-05,6.146776322009621e-05,0.0,0.0
shelled,0.0,1.5589653649407254e-05,0.0,0.0
shelling,0.0,4.676896094822176e-05,0.0,0.0
shells,1.409501486765347e-06,1.2940581730546572e-05,0.0,0.0
shelopaev,3.3960822557346093e-06,0.0,0.0,0.0
shelter,0.0,0.0,0.0,0.0
sheltered,0.0,6.470290865273286e-06,4.712854632085791e-06,0.0
shelves,0.0,0.0,2.3564273160428954e-06,5.477676125816959e-06
shepherds,0.0,0.0,0.0,6.599013505207118e-06
sherlock,0.0,0.0,0.0,0.0006335052964998834
sherry,0.0,3.235145432636643e-06,0.0,5.477676125816959e-06
shes,4.087554311619506e-05,8.087863581591608e-05,0.0,0.0
shh,3.3960822557346093e-06,0.0,0.0,0.0
shield,0.0,0.0,5.677625082401832e-06,0.0
shift,0.0,0.0,0.0,0.0
shifting,1.409501486765347e-06,0.0,2.3564273160428954e-06,0.0
shilling,0.0,0.0,0.0,6.599013505207118e-06
shillings,0.0,0.0,2.3564273160428954e-06,8.216514188725437e-06
shils,3.3960822557346093e-06,0.0,0.0,0.0
shimmering,0.0,0.0,0.0,6.599013505207118e-06
shin,0.0,7.794826824703627e-06,0.0,0.0
shine,4.2285044602960405e-06,0.0,2.3564273160428954e-06,0.0
shines,0.0,7.794826824703627e-06,0.0,0.0
shining,0.0,0.0,0.0,0.0
shins,0.0,7.794826824703627e-06,0.0,0.0
shiny,0.0,9.70543629790993e-06,0.0,1.0955352251633918e-05
ship,0.0,6.470290865273286e-06,0.0,2.7388380629084796e-05
shipping,0.0,0.0,0.0,6.599013505207118e-06
ships,0.0,0.0,0.0,1.3198027010414236e-05
shipwreck,0.0,0.0,0.0,6.599013505207118e-06
shire,0.0,0.0,6.813150098882199e-05,0.0
shirking,3.3960822557346093e-06,0.0,0.0,0.0
shirt,0.0,0.0,0.0,0.0
shirts,4.2285044602960405e-06,6.470290865273286e-06,0.0,0.0
shiver,1.1276011894122775e-05,0.0,0.0,2.7388380629084794e-06
shivered,1.409501486765347e-06,3.235145432636643e-06,0.0,0.0
shivering,1.6914017841184162e-05,0.0,0.0,2.7388380629084794e-06
shivers,3.3960822557346093e-06,0.0,0.0,0.0
shock,-6.559765744016513e-06,-2.509373749653746e-06,-3.6555740525246506e-06,-1.2746447075203814e-05
shocked,0.0,0.0,0.0,0.0
shocking,7.047507433826735e-06,0.0,1.4138563896257373e-05,0.0
shocks,3.3960822557346093e-06,0.0,0.0,0.0
shod,3.3960822557346093e-06,0.0,0.0,0.0
shoe,-1.0932942906694186e-06,-7.528121248961238e-06,-1.8277870262623253e-06,-2.1244078458673024e-06
shoes,-1.0932942906694187e-05,-1.2546868748268729e-05,-1.8277870262623253e-06,-1.2746447075203814e-05
sholto,0.0,0.0,0.0,6.599013505207118e-06
sholtos,0.0,0.0,0.0,6.599013505207118e-06
shone,0.0,0.0,0.0,0.0
shook,-2.0772591522718957e-05,-8.782808123788111e-05,-2.0105657288885576e-05,-3.399052553387684e-05
shoot,0.0,0.0,0.0,0.0
shooting,-2.1865885813388372e-06,-5.018747499307492e-06,-1.8277870262623253e-06,-4.248815691734605e-06
shoots,0.0,3.235145432636643e-06,0.0,2.7388380629084794e-06
shop,-1.639941436004128e-05,-3.26218587454987e-05,-9.138935131311627e-06,-1.0622039229336513e-05
shopboy,0.0,0.0,5.677625082401832e-06,0.0
shopkeeper,3.3960822557346093e-06,0.0,0.0,0.0
shopmen,6.792164511469219e-06,0.0,0.0,0.0
shopping,0.0,0.0,2.3564273160428954e-06,2.7388380629084794e-06
shops,-6.559765744016513e-06,-1.5056242497922477e-05,-1.8277870262623253e-06,-2.1244078458673024e-06
shopworn,0.0,7.794826824703627e-06,0.0,0.0
shore,1.409501486765347e-06,0.00010352465384437257,0.0,0.0
short,-5.5758008824140356e-05,-4.767810124342117e-05,-7.859484212927998e-05,-4.673697260908065e-05
shortcoming,3.3960822557346093e-06,0.0,0.0,0.0
shortcomings,0.0,0.0,0.0,6.599013505207118e-06
shorten,0.0,0.0,5.677625082401832e-06,0.0
shortened,3.3960822557346093e-06,0.0,0.0,0.0
shorter,0.0,0.0,0.0,0.0
shortest,3.3960822557346093e-06,0.0,0.0,0.0
shortly,0.0,0.0,0.0,0.0
shortness,0.0,0.0,5.677625082401832e-06,0.0
shot,0.0,0.0,0.0,0.0
shots,0.0,2.2646018028456504e-05,0.0,2.7388380629084794e-06
should,-0.00023724486107526386,-0.00022835301121849089,-0.00045877454359184364,-0.0004461256476321335
shoulder,0.0,0.0,0.0,0.0
shoulders,-1.7492708650710698e-05,-2.7603111246191207e-05,-1.8277870262623253e-06,-3.399052553387684e-05
shouldest,3.3960822557346093e-06,0.0,0.0,0.0
shouldnt,0.0,0.0,0.0,0.0
shout,1.2685513380888124e-05,6.470290865273286e-06,0.0,0.0
shouted,0.0,0.0,0.0,0.0
shouting,0.0,0.0,0.0,0.0
shouts,7.047507433826735e-06,0.0,0.0,2.7388380629084794e-06
shove,6.792164511469219e-06,0.0,0.0,0.0
shoved,0.0,3.897413412351813e-05,0.0,0.0
shoves,0.0,0.0,0.0,6.599013505207118e-06
shoving,0.0,0.0,0.0,6.599013505207118e-06
show,-6.0131185986818026e-05,-4.0149979994459936e-05,-1.4622296210098602e-05,-3.399052553387684e-05
showed,-3.607871159209082e-05,-2.7603111246191207e-05,-1.4622296210098602e-05,-4.248815691734605e-05
shower,4.2285044602960405e-06,9.70543629790993e-06,0.0,0.0
showered,1.0188246767203828e-05,0.0,0.0,0.0
showing,-1.0932942906694187e-05,-5.018747499307492e-06,-7.311148105049301e-06,-1.4870854921071116e-05
shown,0.0,0.0,0.0,0.0
shows,-3.2798828720082563e-06,-2.509373749653746e-06,-7.311148105049301e-06,-8.49763138346921e-06
shrapnel,0.0,3.117930729881451e-05,0.0,0.0
shreds,1.0188246767203828e-05,0.0,0.0,0.0
shrewish,0.0,0.0,5.677625082401832e-06,0.0
shriek,0.0,0.0,0.0,0.0
shrieked,4.2285044602960405e-06,0.0,0.0,1.6433028377450875e-05
shrieking,1.3584329022938437e-05,0.0,0.0,0.0
shrieks,3.3960822557346093e-06,0.0,0.0,0.0
shrill,6.792164511469219e-06,0.0,0.0,0.0
shrilly,2.819002973530694e-06,0.0,0.0,2.7388380629084794e-06
shrimp,0.0,0.0,0.0,6.599013505207118e-06
shrine,3.3960822557346093e-06,0.0,0.0,0.0
shrink,2.819002973530694e-06,0.0,2.3564273160428954e-06,0.0
shrinking,6.792164511469219e-06,0.0,0.0,0.0
shroud,3.3960822557346093e-06,0.0,0.0,0.0
shrubbery,0.0,0.0,2.271050032960733e-05,0.0
shrug,0.0,0.0,2.3564273160428954e-06,2.7388380629084794e-06
shrugged,0.0,0.0,0.0,0.0
shrunk,0.0,0.0,0.0,1.3198027010414236e-05
shudder,1.1276011894122775e-05,0.0,0.0,2.7388380629084794e-06
shuddered,1.6914017841184162e-05,0.0,0.0,2.7388380629084794e-06
shuddering,1.3584329022938437e-05,0.0,0.0,0.0
shuffled,0.0,0.0,0.0,6.599013505207118e-06
shut,-1.5306120069371863e-05,-6.022496999168991e-05,-9.138935131311627e-06,-1.2746447075203814e-05
shuts,0.0,7.794826824703627e-06,0.0,0.0
shutter,0.0,0.0,0.0,2.6396054020828473e-05
shuttered,0.0,0.0,0.0,1.3198027010414236e-05
shutters,0.0,0.0,0.0,0.0
shutting,0.0,0.0,0.0,6.599013505207118e-06
shy,-3.2798828720082563e-06,-2.509373749653746e-06,-3.6555740525246506e-06,-2.1244078458673024e-06
shyness,5.638005947061388e-06,0.0,4.712854632085791e-06,0.0
si,3.3960822557346093e-06,0.0,0.0,0.0
siberia,5.0941233836019144e-05,0.0,0.0,0.0
sicily,0.0,7.794826824703627e-06,0.0,0.0
sick,-4.9198243080123845e-05,-5.5206222492382414e-05,-1.0966722157573952e-05,-4.248815691734605e-06
sickening,1.0188246767203828e-05,0.0,0.0,0.0
sickly,9.86651040735743e-06,0.0,9.425709264171582e-06,0.0
sickness,0.0,3.235145432636643e-06,0.0,5.477676125816959e-06
side,-8.527695467221467e-05,-0.00027352173871225834,-9.870049941816557e-05,-0.0001848234825904553
sideboard,0.0,0.0,2.3564273160428954e-06,1.6433028377450875e-05
sided,0.0,0.0,0.0,1.3198027010414236e-05
sidelights,0.0,0.0,0.0,6.599013505207118e-06
sidelong,1.409501486765347e-06,0.0,0.0,2.7388380629084794e-06
sides,-1.639941436004128e-05,-3.0112484995844953e-05,-9.138935131311627e-06,-6.373223537601907e-06
sidetracked,0.0,7.794826824703627e-06,0.0,0.0
sidewalk,0.0,2.338448047411088e-05,0.0,0.0
sideways,0.0,0.0,0.0,0.0
sidled,0.0,0.0,0.0,6.599013505207118e-06
siege,6.792164511469219e-06,0.0,0.0,0.0
sigh,-3.2798828720082563e-06,-2.509373749653746e-06,-3.6555740525246506e-06,-2.1244078458673024e-06
sighed,7.047507433826735e-06,0.0,2.3564273160428954e-06,0.0
sighing,5.638005947061388e-06,0.0,0.0,2.7388380629084794e-06
sighs,3.3960822557346093e-06,0.0,0.0,0.0
sight,-3.389212301075198e-05,-7.02624649903049e-05,-3.107237944645953e-05,-4.4612564763213354e-05
sighted,0.0,0.0,0.0,0.0
sightedly,0.0,7.794826824703627e-06,0.0,0.0
sigismond,0.0,0.0,0.0,6.599013505207118e-06
sign,-2.295918010405779e-05,-1.0037494998614984e-05,-3.6555740525246506e-06,-4.036374907147875e-05
signal,-1.0932942906694186e-06,-2.509373749653746e-06,-3.6555740525246506e-06,-1.4870854921071116e-05
signalled,0.0,3.235145432636643e-06,0.0,2.7388380629084794e-06
signalling,3.3960822557346093e-06,0.0,0.0,0.0
signature,4.2285044602960405e-06,0.0,0.0,1.3694190314542398e-05
signatures,6.792164511469219e-06,0.0,0.0,0.0
signboards,0.0,7.794826824703627e-06,0.0,0.0
signed,8.457008920592081e-06,0.0,0.0,8.216514188725437e-06
signet,0.0,0.0,0.0,6.599013505207118e-06
significance,2.7168658045876875e-05,0.0,0.0,0.0
significant,0.0,0.0,0.0,0.0
significantly,1.0188246767203828e-05,0.0,0.0,0.0
signify,0.0,0.0,1.7032875247205498e-05,0.0
signing,1.0188246767203828e-05,0.0,0.0,0.0
signor,0.0,8.57430950717399e-05,0.0,0.0
signorino,0.0,2.338448047411088e-05,0.0,0.0
signs,-1.3119531488033025e-05,-5.018747499307492e-06,-1.8277870262623253e-06,-2.761730199627493e-05
silence,0.0,0.0,0.0,0.0
silenced,0.0,0.0,5.677625082401832e-06,0.0
silent,-5.0291537370793266e-05,-2.509373749653746e-06,-4.752246268282045e-05,-4.036374907147875e-05
silently,0.0,0.0,0.0,0.0
silhouette,0.0,0.0,0.0,6.599013505207118e-06
silhouetted,0.0,7.794826824703627e-06,0.0,0.0
silhouettes,0.0,3.117930729881451e-05,0.0,0.0
silk,1.1276011894122775e-05,0.0,0.0,1.3694190314542398e-05
silky,3.3960822557346093e-06,0.0,0.0,0.0
sill,2.819002973530694e-06,0.0,0.0,1.6433028377450875e-05
sillies,3.3960822557346093e-06,0.0,0.0,0.0
silliest,1.409501486765347e-06,0.0,2.3564273160428954e-06,0.0
sills,3.3960822557346093e-06,0.0,0.0,0.0
silly,-1.3119531488033025e-05,-4.265935374411368e-05,-2.1933444315147905e-05,-2.1244078458673024e-06
silver,0.0,0.0,0.0,0.0
silvered,0.0,0.0,0.0,6.599013505207118e-06
silversmiths,3.3960822557346093e-06,0.0,0.0,0.0
sim,0.0,2.338448047411088e-05,0.0,0.0
similar,-2.1865885813388372e-06,-2.509373749653746e-06,-9.138935131311627e-06,-1.0622039229336513e-05
similarity,0.0,0.0,1.1355250164803664e-05,0.0
simmons,0.0,0.00010133274872114715,0.0,0.0
simon,0.0,0.0,0.0,0.0002573615267030776
simons,0.0,0.0,0.0,6.599013505207118e-06
simpered,0.0,0.0,5.677625082401832e-06,0.0
simpers,0.0,0.0,5.677625082401832e-06,0.0
simple,-1.8586002941380122e-05,-2.0074989997229968e-05,-1.8277870262623253e-06,-4.036374907147875e-05
simpler,0.0,0.0,0.0,0.0
simplest,2.819002973530694e-06,0.0,0.0,2.7388380629084794e-06
simpleton,4.2285044602960405e-06,0.0,9.425709264171582e-06,0.0
simpletons,1.0188246767203828e-05,0.0,0.0,0.0
simplicity,9.86651040735743e-06,0.0,0.0,2.7388380629084794e-06
simplifies,0.0,0.0,0.0,6.599013505207118e-06
simplify,0.0,0.0,0.0,6.599013505207118e-06
simply,-0.00014978131782171036,-1.0037494998614984e-05,-1.8277870262623253e-06,-6.373223537601907e-06
sims,0.0,1.5589653649407254e-05,0.0,0.0
sin,1.409501486765347e-05,0.0,0.0,2.7388380629084794e-06
since,-7.871718892819816e-05,-1.2546868748268729e-05,-0.00010783943454947718,-8.285190598882478e-05
sincere,5.638005947061388e-06,0.0,2.3564273160428955e-05,0.0
sincerely,1.6914017841184162e-05,0.0,2.1207845844386058e-05,0.0
sincerest,3.3960822557346093e-06,0.0,0.0,0.0
sincerity,2.819002973530694e-06,0.0,9.425709264171582e-06,0.0
sinewy,0.0,0.0,0.0,6.599013505207118e-06
sinful,2.819002973530694e-06,3.235145432636643e-06,0.0,0.0
sing,0.0,0.0,0.0,0.0
singer,3.3960822557346093e-06,0.0,0.0,0.0
singers,5.638005947061388e-06,3.235145432636643e-06,0.0,0.0
singing,0.0,0.0,0.0,0.0
single,0.0,0.0,0.0,0.0
singled,0.0,0.0,1.1355250164803664e-05,0.0
singling,0.0,0.0,5.677625082401832e-06,0.0
sings,0.0,0.0,0.0,0.0
singular,0.0,0.0,0.0,0.0
singularity,0.0,0.0,0.0,6.599013505207118e-06
singularly,0.0,0.0,0.0,6.599013505207118e-06
sinister,8.457008920592081e-06,0.0,0.0,2.7388380629084796e-05
sink,0.0,0.0,0.0,0.0
sinker,0.0,7.794826824703627e-06,0.0,0.0
sinking,0.0,0.0,0.0,0.0
sinks,3.3960822557346093e-06,0.0,0.0,0.0
sinless,3.3960822557346093e-06,0.0,0.0,0.0
sinned,0.0,0.0,0.0,0.0
sinner,3.3960822557346093e-06,0.0,0.0,0.0
sins,4.2285044602960405e-06,0.0,0.0,5.477676125816959e-06
sip,3.3960822557346093e-06,0.0,0.0,0.0
sipped,6.792164511469219e-06,0.0,0.0,0.0
sipping,4.2285044602960405e-06,3.235145432636643e-06,0.0,0.0
sir,-6.34110688588263e-05,-2.7603111246191207e-05,-0.0001443951750747237,-0.00016570381197764957
siro,0.0,1.5589653649407254e-05,0.0,0.0
sister,-0.00013447519775233851,-2.5093737496537457e-05,-0.0003290016647272185,-5.523460399254986e-05
sisterly,0.0,0.0,1.7032875247205498e-05,0.0
sisters,-1.2026237197363608e-05,-7.528121248961238e-06,-0.00020836772099390506,-1.699526276693842e-05
sistine,3.3960822557346093e-06,0.0,0.0,0.0
sit,-7.981048321886757e-05,-4.0149979994459936e-05,-2.7416805393934876e-05,-3.611493337974414e-05
site,0.0,0.0,0.0,6.599013505207118e-06
sits,7.047507433826735e-06,0.0,0.0,5.477676125816959e-06
sitting,-6.231777456815687e-05,-8.782808123788111e-05,-3.838352755150883e-05,-7.010545891362098e-05
situated,0.0,0.0,9.425709264171582e-06,5.477676125816959e-06
situation,0.0,0.0,0.0,0.0
six,-4.2638477336107334e-05,-3.764060624480619e-05,-1.8277870262623254e-05,-6.160782753015178e-05
sixpence,0.0,0.0,5.677625082401832e-06,0.0
sixteen,-6.559765744016513e-06,-5.018747499307492e-06,-1.2794509183836277e-05,-2.1244078458673024e-06
sixth,2.819002973530694e-06,0.0,2.3564273160428954e-06,0.0
sixthly,3.3960822557346093e-06,0.0,0.0,0.0
sixty,7.047507433826735e-06,0.0,0.0,2.7388380629084794e-06
size,-3.2798828720082563e-06,-7.528121248961238e-06,-7.311148105049301e-06,-1.4870854921071116e-05
sized,-1.0932942906694186e-06,-2.509373749653746e-06,-1.8277870262623253e-06,-6.373223537601907e-06
sketch,0.0,0.0,4.712854632085791e-06,5.477676125816959e-06
sketched,0.0,0.0,0.0,6.599013505207118e-06
sketchily,3.3960822557346093e-06,0.0,0.0,0.0
ski,0.0,7.015344142233264e-05,0.0,0.0
skiing,0.0,1.5589653649407254e-05,0.0,0.0
skilful,0.0,7.794826824703627e-06,0.0,0.0
skilfully,0.0,7.794826824703627e-06,0.0,0.0
skill,0.0,0.0,0.0,0.0
skimmed,0.0,7.794826824703627e-06,0.0,0.0
skin,0.0,0.0,0.0,0.0
skinned,0.0,0.0,0.0,0.0
skinny,3.3960822557346093e-06,0.0,0.0,0.0
skip,3.3960822557346093e-06,0.0,0.0,0.0
skipped,6.792164511469219e-06,0.0,0.0,0.0
skipping,2.819002973530694e-06,3.235145432636643e-06,0.0,0.0
skirmishes,0.0,0.0,0.0,6.599013505207118e-06
skirt,5.638005947061388e-06,0.0,0.0,5.477676125816959e-06
skirted,1.409501486765347e-06,3.235145432636643e-06,0.0,0.0
skirts,1.409501486765347e-06,0.0,0.0,2.7388380629084794e-06
skoda,0.0,7.794826824703627e-06,0.0,0.0
skulk,0.0,7.794826824703627e-06,0.0,0.0
skull,0.0,0.0,0.0,0.0
sky,0.0,0.0,0.0,0.0
skylight,0.0,0.0,0.0,2.6396054020828473e-05
slab,0.0,0.0,0.0,6.599013505207118e-06
slabs,0.0,3.235145432636643e-06,0.0,5.477676125816959e-06
slack,3.3960822557346093e-06,0.0,0.0,0.0
slacken,0.0,0.0,5.677625082401832e-06,0.0
slackened,0.0,1.5589653649407254e-05,0.0,0.0
slackers,0.0,1.5589653649407254e-05,0.0,0.0
slacking,0.0,7.794826824703627e-06,0.0,0.0
slam,1.409501486765347e-06,0.0,0.0,5.477676125816959e-06
slammed,1.409501486765347e-06,0.0,0.0,8.216514188725437e-06
slander,2.377257579014227e-05,0.0,0.0,0.0
slandered,3.3960822557346093e-06,0.0,0.0,0.0
slanderer,6.792164511469219e-06,0.0,0.0,0.0
slandering,3.3960822557346093e-06,0.0,0.0,0.0
slang,0.0,0.0,0.0,1.3198027010414236e-05
slanted,0.0,7.794826824703627e-06,0.0,0.0
slanting,1.409501486765347e-06,3.235145432636643e-06,0.0,0.0
slapped,0.0,0.0,0.0,0.0
slapping,3.3960822557346093e-06,0.0,0.0,0.0
slaps,3.3960822557346093e-06,0.0,0.0,0.0
slashed,0.0,0.0,0.0,6.599013505207118e-06
slate,0.0,0.0,0.0,1.3198027010414236e-05
slave,0.0,0.0,0.0,0.0
slavey,0.0,0.0,0.0,6.599013505207118e-06
slavish,3.3960822557346093e-06,0.0,0.0,0.0
slavishly,6.792164511469219e-06,0.0,0.0,0.0
slay,3.3960822557346093e-06,0.0,0.0,0.0
sled,0.0,1.5589653649407254e-05,0.0,0.0
sledges,0.0,7.794826824703627e-06,0.0,0.0
sleds,0.0,7.794826824703627e-06,0.0,0.0
sleep,-3.607871159209082e-05,-0.00016310929372749349,-5.483361078786976e-06,-2.3368486304540325e-05
sleeper,0.0,0.0,0.0,1.9797040515621355e-05
sleepers,0.0,0.0,0.0,1.3198027010414236e-05
sleepily,0.0,3.235145432636643e-06,0.0,2.7388380629084794e-06
sleeping,-3.2798828720082563e-06,-1.7565616247576225e-05,-1.8277870262623253e-06,-6.373223537601907e-06
sleepless,0.0,0.0,0.0,0.0
sleeps,0.0,0.0,0.0,0.0
sleepy,0.0,0.0,0.0,0.0
sleeve,0.0,0.0,0.0,0.0
sleeved,0.0,7.794826824703627e-06,0.0,0.0
sleeves,0.0,0.0,0.0,0.0
slept,-1.0932942906694187e-05,-2.7603111246191207e-05,-1.8277870262623253e-06,-1.0622039229336513e-05
sleuth,0.0,0.0,0.0,6.599013505207118e-06
slice,0.0,3.235145432636643e-06,0.0,2.7388380629084794e-06
sliced,1.409501486765347e-06,3.235145432636643e-06,0.0,0.0
slicked,0.0,7.794826824703627e-06,0.0,0.0
slid,0.0,1.5589653649407254e-05,0.0,0.0
slide,0.0,3.235145432636643e-06,0.0,2.7388380629084794e-06
sliding,0.0,0.0,0.0,1.3198027010414236e-05
slight,-7.653060034685932e-06,-2.509373749653746e-06,-3.472795349898418e-05,-3.1866117688009535e-05
slighted,0.0,0.0,0.0,0.0
slighter,0.0,0.0,0.0,6.599013505207118e-06
slightest,0.0,0.0,0.0,0.0
slightingly,0.0,0.0,5.677625082401832e-06,0.0
slightly,0.0,0.0,0.0,0.0
slim,4.2285044602960405e-06,0.0,0.0,5.477676125816959e-06
sling,3.3960822557346093e-06,0.0,0.0,0.0
slings,0.0,7.794826824703627e-06,0.0,0.0
slink,0.0,0.0,0.0,6.599013505207118e-06
slip,0.0,0.0,0.0,0.0
slipped,0.0,0.0,0.0,0.0
slipper,0.0,0.0,0.0,6.599013505207118e-06
slippers,2.819002973530694e-06,0.0,0.0,8.216514188725437e-06
slippery,0.0,0.0,0.0,0.0
slipping,0.0,0.0,0.0,0.0
slips,0.0,7.794826824703627e-06,0.0,0.0
slit,0.0,0.0,0.0,0.0
slits,0.0,0.0,0.0,6.599013505207118e-06
slitting,0.0,0.0,0.0,6.599013505207118e-06
slop,0.0,0.0,0.0,6.599013505207118e-06
slope,0.0,6.470290865273286e-06,0.0,5.477676125816959e-06
sloped,0.0,7.794826824703627e-06,0.0,0.0
slopes,0.0,6.470290865273286e-06,0.0,2.7388380629084794e-06
sloping,0.0,0.0,0.0,0.0
slopping,0.0,7.794826824703627e-06,0.0,0.0
sloppy,2.819002973530694e-06,3.235145432636643e-06,0.0,0.0
slots,0.0,7.794826824703627e-06,0.0,0.0
slovaks,0.0,7.794826824703627e-06,0.0,0.0
sloven,3.3960822557346093e-06,0.0,0.0,0.0
slovenly,0.0,0.0,0.0,6.599013505207118e-06
slow,-6.559765744016513e-06,-7.528121248961238e-06,-3.6555740525246506e-06,-1.2746447075203814e-05
slowed,0.0,7.794826824703627e-06,0.0,0.0
slower,0.0,1.5589653649407254e-05,0.0,0.0
slowly,-3.607871159209082e-05,-4.767810124342117e-05,-7.311148105049301e-06,-4.036374907147875e-05
sluggishly,0.0,0.0,0.0,6.599013505207118e-06
slumber,0.0,0.0,0.0,6.599013505207118e-06
slums,0.0,0.0,0.0,6.599013505207118e-06
slung,0.0,9.70543629790993e-06,0.0,2.7388380629084794e-06
slurred,0.0,0.0,0.0,6.599013505207118e-06
slurring,0.0,0.0,0.0,6.599013505207118e-06
slush,0.0,3.117930729881451e-05,0.0,0.0
slushy,0.0,7.794826824703627e-06,0.0,0.0
slut,1.409501486765347e-06,0.0,0.0,2.7388380629084794e-06
sly,0.0,0.0,0.0,0.0
slyly,3.3960822557346093e-06,0.0,0.0,0.0
slyness,4.2285044602960405e-06,0.0,4.712854632085791e-06,0.0
smack,0.0,0.0,0.0,1.9797040515621355e-05
small,-2.5145768685396633e-05,-0.00010539369748545733,-4.203910160403348e-05,-0.0001678282198235169
smaller,0.0,0.0,0.0,0.0
smallest,0.0,0.0,0.0,0.0
smallness,3.3960822557346093e-06,0.0,0.0,0.0
smart,-5.4664714533470935e-06,-2.509373749653746e-06,-3.6555740525246506e-06,-4.248815691734605e-06
smartened,3.3960822557346093e-06,0.0,0.0,0.0
smarter,0.0,0.0,0.0,6.599013505207118e-06
smartest,0.0,0.0,0.0,6.599013505207118e-06
smarting,0.0,0.0,0.0,6.599013505207118e-06
smartly,1.0188246767203828e-05,0.0,0.0,0.0
smartness,2.7168658045876875e-05,0.0,0.0,0.0
smashed,0.0,0.0,0.0,0.0
smasher,0.0,0.0,0.0,6.599013505207118e-06
smashing,3.3960822557346093e-06,0.0,0.0,0.0
smear,0.0,0.0,0.0,6.599013505207118e-06
smeared,1.6980411278673048e-05,0.0,0.0,0.0
smearing,2.819002973530694e-06,0.0,0.0,5.477676125816959e-06
smell,0.0,0.0,0.0,0.0
smelled,0.0,7.794826824703626e-05,0.0,0.0
smelling,0.0,0.0,0.0,0.0
smells,1.409501486765347e-06,9.70543629790993e-06,0.0,0.0
smelt,4.2285044602960405e-06,3.235145432636643e-06,0.0,0.0
smile,-9.29300147069006e-05,-7.528121248961238e-06,-5.300582376160743e-05,-1.4870854921071116e-05
smiled,-3.826530017342966e-05,-0.00011794056623372607,-3.290016647272185e-05,-1.2746447075203814e-05
smiles,-2.1865885813388372e-06,-2.509373749653746e-06,-1.8277870262623254e-05,-2.1244078458673024e-06
smiling,-1.967929723204954e-05,-5.018747499307492e-06,-1.8277870262623254e-05,-3.399052553387684e-05
smilingly,0.0,0.0,1.1355250164803664e-05,0.0
smirched,3.3960822557346093e-06,0.0,0.0,0.0
smirks,0.0,0.0,5.677625082401832e-06,0.0
smistimento,0.0,7.794826824703627e-06,0.0,0.0
smiting,3.3960822557346093e-06,0.0,0.0,0.0
smitten,6.792164511469219e-06,0.0,0.0,0.0
smoke,0.0,0.0,0.0,0.0
smoked,0.0,9.70543629790993e-06,0.0,1.0955352251633918e-05
smokeless,0.0,0.0,0.0,6.599013505207118e-06
smokes,0.0,0.0,0.0,1.3198027010414236e-05
smoking,0.0,0.0,0.0,0.0
smoky,0.0,7.794826824703627e-06,0.0,0.0
smoldering,3.3960822557346093e-06,0.0,0.0,0.0
smooth,0.0,0.0,0.0,0.0
smoothed,5.638005947061388e-06,0.0,0.0,2.7388380629084794e-06
smoother,1.409501486765347e-06,3.235145432636643e-06,0.0,0.0
smoothing,0.0,0.0,0.0,6.599013505207118e-06
smoothly,0.0,0.0,0.0,0.0
smoothness,0.0,0.0,0.0,6.599013505207118e-06
smote,3.3960822557346093e-06,0.0,0.0,0.0
smudge,0.0,0.0,0.0,6.599013505207118e-06
smutty,3.3960822557346093e-06,0.0,0.0,0.0
snake,0.0,0.0,0.0,0.0
snakish,0.0,0.0,0.0,6.599013505207118e-06
snap,0.0,0.0,0.0,0.0
snapped,0.0,0.0,0.0,0.0
snapping,1.409501486765347e-06,0.0,0.0,2.7388380629084794e-06
snare,3.3960822557346093e-06,0.0,0.0,0.0
snarl,0.0,0.0,0.0,1.3198027010414236e-05
snarled,0.0,0.0,0.0,1.3198027010414236e-05
snatch,1.0188246767203828e-05,0.0,0.0,0.0
snatched,1.832351932794951e-05,0.0,0.0,5.477676125816959e-06
snatches,0.0,0.0,0.0,6.599013505207118e-06
snatching,1.6980411278673048e-05,0.0,0.0,0.0
sneak,0.0,1.5589653649407254e-05,0.0,0.0
sneakiness,0.0,1.5589653649407254e-05,0.0,0.0
sneaking,0.0,1.5589653649407254e-05,0.0,0.0
sneaky,0.0,2.338448047411088e-05,0.0,0.0
sneer,0.0,0.0,0.0,0.0
sneering,4.2285044602960405e-06,0.0,2.3564273160428954e-06,0.0
sneeze,3.3960822557346093e-06,0.0,0.0,0.0
sneezing,3.3960822557346093e-06,0.0,0.0,0.0
sniffed,3.3960822557346093e-06,0.0,0.0,0.0
snigger,1.409501486765347e-06,0.0,0.0,2.7388380629084794e-06
sniggered,3.3960822557346093e-06,0.0,0.0,0.0
sniggering,1.0188246767203828e-05,0.0,0.0,0.0
snipers,0.0,7.794826824703627e-06,0.0,0.0
snipped,0.0,7.794826824703627e-06,0.0,0.0
snipping,0.0,7.794826824703627e-06,0.0,0.0
snooty,0.0,7.794826824703627e-06,0.0,0.0
snoring,1.409501486765347e-06,0.0,0.0,2.7388380629084794e-06
snow,0.0,0.0,0.0,0.0
snowing,0.0,3.117930729881451e-05,0.0,0.0
snowy,0.0,7.794826824703627e-06,0.0,0.0
snub,6.792164511469219e-06,0.0,0.0,0.0
snuff,0.0,0.0,0.0,2.6396054020828473e-05
snuffbox,0.0,0.0,0.0,6.599013505207118e-06
snug,0.0,0.0,0.0,0.0
so,-0.0009894313330558238,-0.0006173059424148215,-0.0010857054935998211,-0.0009538591227944189
soaked,0.0,0.0,0.0,0.0
soaking,6.792164511469219e-06,0.0,0.0,0.0
soap,4.2285044602960405e-06,3.235145432636643e-06,0.0,0.0
soars,3.3960822557346093e-06,0.0,0.0,0.0
sob,0.0,3.235145432636643e-06,0.0,5.477676125816959e-06
sobbed,0.0,0.0,0.0,0.0
sobbing,5.638005947061388e-06,0.0,0.0,2.7388380629084794e-06
sobbingly,0.0,7.794826824703627e-06,0.0,0.0
sober,4.2285044602960405e-06,0.0,0.0,2.7388380629084794e-06
sobered,0.0,0.0,0.0,6.599013505207118e-06
sobering,3.3960822557346093e-06,0.0,0.0,0.0
soberly,6.792164511469219e-06,0.0,0.0,0.0
sobs,6.792164511469219e-06,0.0,0.0,0.0
social,-1.2026237197363608e-05,-2.509373749653746e-06,-1.8277870262623253e-06,-6.373223537601907e-06
socialist,1.409501486765347e-06,6.470290865273286e-06,0.0,0.0
socialists,1.409501486765347e-06,1.6175727163183214e-05,0.0,0.0
societies,0.0,0.0,1.1355250164803664e-05,0.0
society,0.0,0.0,0.0,0.0
societys,0.0,0.0,0.0,6.599013505207118e-06
sock,3.735690481308071e-05,0.0,0.0,0.0
socket,0.0,3.235145432636643e-06,0.0,2.7388380629084794e-06
sockets,3.3960822557346093e-06,0.0,0.0,0.0
socks,0.0,0.0,0.0,0.0
soda,0.0,3.235145432636643e-05,0.0,5.477676125816959e-06
sodden,0.0,0.0,0.0,1.3198027010414236e-05
sofa,0.00010853161448093172,0.0,0.0,2.4649542566176314e-05
sofas,0.0,3.235145432636643e-06,2.3564273160428954e-06,0.0
soft,0.0,0.0,0.0,0.0
soften,6.792164511469219e-06,0.0,0.0,0.0
softened,-6.559765744016513e-06,-2.509373749653746e-06,-1.0966722157573952e-05,-2.1244078458673024e-06
softer,1.409501486765347e-06,0.0,0.0,2.7388380629084794e-06
softly,0.0,0.0,0.0,0.0
softness,2.819002973530694e-06,0.0,2.3564273160428954e-06,0.0
sofya,0.00025810225143583034,0.0,0.0,0.0
soggy,0.0,7.794826824703627e-06,0.0,0.0
soie,0.0,0.0,0.0,6.599013505207118e-06
soil,0.0,1.5589653649407254e-05,0.0,0.0
sojourning,3.3960822557346093e-06,0.0,0.0,0.0
solace,0.0,0.0,5.677625082401832e-06,0.0
solaced,0.0,0.0,5.677625082401832e-06,0.0
sold,0.0,0.0,0.0,0.0
solder,0.0,0.0,0.0,6.599013505207118e-06
soldier,0.0,0.0,0.0,0.0
soldiering,0.0,7.794826824703627e-06,0.0,0.0
soldierly,3.3960822557346093e-06,0.0,0.0,0.0
soldiers,-2.1865885813388372e-06,-2.7603111246191207e-05,-1.8277870262623253e-06,-2.1244078458673024e-06
sole,0.0,0.0,0.0,0.0
soled,0.0,0.0,0.0,6.599013505207118e-06
solely,0.0,0.0,0.0,0.0
solemn,0.0,0.0,0.0,0.0
solemnity,2.819002973530694e-06,0.0,1.1782136580214478e-05,0.0
solemnly,2.819002973530694e-06,0.0,0.0,1.0955352251633918e-05
soles,0.0,0.0,0.0,0.0
solicit,0.0,0.0,5.677625082401832e-06,0.0
solicitation,0.0,0.0,5.677625082401832e-06,0.0
soliciting,0.0,0.0,1.1355250164803664e-05,0.0
solicitor,0.0,0.0,0.0,6.599013505207118e-06
solicitude,2.819002973530694e-06,0.0,1.8851418528343163e-05,0.0
solid,-3.2798828720082563e-06,-1.0037494998614984e-05,-1.8277870262623253e-06,-1.0622039229336513e-05
solidity,0.0,0.0,1.1355250164803664e-05,0.0
solitary,9.86651040735743e-06,0.0,9.425709264171582e-06,0.0
solitude,0.0,0.0,0.0,0.0
solon,3.3960822557346093e-06,0.0,0.0,0.0
solution,5.638005947061388e-06,0.0,0.0,2.7388380629084796e-05
solve,0.0,0.0,0.0,3.959408103124271e-05
solved,1.409501486765347e-06,0.0,0.0,2.7388380629084796e-05
sombre,5.638005947061388e-06,0.0,0.0,1.0955352251633918e-05
some,-0.0004384110105584369,-0.00047427163868455805,-0.0003801797014625636,-0.0005183555143916218
somebody,0.0,0.0,0.0,0.0
somebodys,1.409501486765347e-06,3.235145432636643e-06,0.0,0.0
somehow,-3.170553442941315e-05,-5.018747499307492e-06,-3.6555740525246506e-06,-2.1244078458673024e-06
someone,8.73890921794515e-05,0.0,0.0,5.2037923195261106e-05
someones,2.819002973530694e-06,0.0,2.3564273160428954e-06,0.0
something,-0.0003192419328754703,-0.00024842800121572086,-0.00013342845291714975,-0.00013808650998137464
sometime,3.3960822557346093e-06,0.0,0.0,0.0
sometimes,-8.309036609087583e-05,-0.00012797806123234106,-6.58003329454437e-05,-2.549289415040763e-05
someway,3.3960822557346093e-06,0.0,0.0,0.0
somewhat,-2.733235726673547e-05,-5.018747499307492e-06,-1.4622296210098602e-05,-1.699526276693842e-05
somewhere,-4.810494878945443e-05,-2.0074989997229968e-05,-7.311148105049301e-06,-1.4870854921071116e-05
somme,0.0,1.5589653649407254e-05,0.0,0.0
son,-1.7492708650710698e-05,-2.7603111246191207e-05,-4.021131457777115e-05,-9.772276090989591e-05
song,1.5504516354418816e-05,0.0,1.1782136580214478e-05,0.0
songs,0.0,0.0,0.0,0.0
sonia,0.0012565504346218055,0.0,0.0,0.0
sonias,0.0001086746321835075,0.0,0.0,0.0
sonnet,0.0,0.0,5.677625082401832e-06,0.0
sons,-3.2798828720082563e-06,-5.018747499307492e-06,-3.6555740525246506e-06,-1.2746447075203814e-05
soon,-0.00011260931193895013,-7.02624649903049e-05,-0.0003966297846989246,-8.285190598882478e-05
sooner,-1.0932942906694187e-05,-7.528121248961238e-06,-2.3761231341410226e-05,-8.49763138346921e-06
soothe,2.819002973530694e-06,0.0,2.3564273160428954e-06,0.0
soothed,0.0,0.0,0.0,0.0
soothing,1.409501486765347e-06,0.0,0.0,1.0955352251633918e-05
soothingly,0.0,0.0,0.0,6.599013505207118e-06
sophy,0.0,0.0,0.0,6.599013505207118e-06
sorcery,3.3960822557346093e-06,0.0,0.0,0.0
sore,-1.0932942906694186e-06,-1.0037494998614984e-05,-1.8277870262623253e-06,-2.1244078458673024e-06
sorella,0.0,7.794826824703627e-06,0.0,0.0
sorely,0.0,0.0,2.3564273160428954e-06,2.7388380629084794e-06
sorrel,6.792164511469219e-06,0.0,0.0,0.0
sorrow,0.0,0.0,0.0,0.0
sorrowful,1.0188246767203828e-05,0.0,0.0,0.0
sorry,-2.951894584807431e-05,-5.0187474993074915e-05,-6.397254591918138e-05,-2.1244078458673025e-05
sort,-0.00011479590052028897,-2.7603111246191207e-05,-6.762811997170603e-05,-4.8861380454947953e-05
sorted,0.0,7.794826824703627e-06,0.0,0.0
sorts,3.3828035682368324e-05,6.470290865273286e-06,0.0,0.0
soto,0.0,2.338448047411088e-05,0.0,0.0
sots,0.0,0.0,0.0,6.599013505207118e-06
sottish,0.0,0.0,0.0,6.599013505207118e-06
soufflet,0.0,7.794826824703627e-06,0.0,0.0
soufflé,0.0,7.794826824703627e-06,0.0,0.0
sought,0.0,0.0,0.0,0.0
soul,-3.4985417301421396e-05,-7.528121248961238e-06,-3.6555740525246506e-06,-2.1244078458673025e-05
souls,0.0,0.0,0.0,6.599013505207118e-06
sound,-2.5145768685396633e-05,-1.2546868748268729e-05,-1.4622296210098602e-05,-6.585664322188637e-05
sounded,0.0,0.0,0.0,0.0
sounding,0.0,0.0,0.0,6.599013505207118e-06
soundly,1.0188246767203828e-05,0.0,0.0,0.0
sounds,-1.5306120069371863e-05,-1.0037494998614984e-05,-1.8277870262623253e-06,-8.49763138346921e-06
soup,0.0,0.0,0.0,0.0
sour,0.0,0.0,0.0,0.0
source,0.0,0.0,1.649499121230027e-05,5.477676125816959e-06
sources,1.409501486765347e-06,0.0,7.069281948128687e-06,0.0
sourly,3.3960822557346093e-06,0.0,0.0,0.0
sous,2.0376493534407657e-05,0.0,0.0,0.0
sousing,3.3960822557346093e-06,0.0,0.0,0.0
south,0.0,0.0,0.0,0.0
southampton,0.0,0.0,0.0,1.9797040515621355e-05
southern,0.0,0.0,0.0,2.6396054020828473e-05
southertons,0.0,0.0,0.0,6.599013505207118e-06
souvenir,0.0,3.235145432636643e-06,0.0,2.7388380629084794e-06
sovereign,2.819002973530694e-06,0.0,0.0,1.3694190314542398e-05
sovereigns,0.0,0.0,0.0,6.599013505207118e-06
sox,0.0,7.794826824703627e-06,0.0,0.0
space,-9.83964861602477e-06,-5.018747499307492e-06,-3.6555740525246506e-06,-2.1244078458673024e-06
spaced,0.0,7.794826824703627e-06,0.0,0.0
spacious,1.409501486765347e-06,0.0,2.3564273160428954e-06,0.0
spaghetti,0.0,5.456378777292539e-05,0.0,0.0
spain,0.0,7.794826824703627e-06,0.0,0.0
span,0.0,0.0,0.0,0.0
spanish,0.0,3.235145432636643e-06,2.3564273160428954e-06,0.0
spare,-8.746354325355349e-06,-2.509373749653746e-06,-1.0966722157573952e-05,-1.699526276693842e-05
spared,0.0,0.0,0.0,0.0
sparing,3.3960822557346093e-06,0.0,0.0,0.0
spark,2.819002973530694e-06,0.0,0.0,8.216514188725437e-06
sparked,0.0,7.794826824703627e-06,0.0,0.0
sparkled,0.0,0.0,4.712854632085791e-06,5.477676125816959e-06
sparkles,0.0,0.0,0.0,6.599013505207118e-06
sparrow,1.0188246767203828e-05,0.0,0.0,0.0
sparrows,0.0,7.794826824703627e-06,0.0,0.0
spars,0.0,0.0,5.677625082401832e-06,0.0
spasm,6.792164511469219e-06,0.0,0.0,0.0
spasms,0.0,0.0,5.677625082401832e-06,0.0
spat,2.819002973530694e-06,3.235145432636643e-06,0.0,0.0
spattered,4.2285044602960405e-06,0.0,0.0,2.7388380629084794e-06
spaulding,0.0,0.0,0.0,5.2792108041656946e-05
speak,-0.00012900872629899142,-1.7565616247576225e-05,-0.00012063394373331347,-4.248815691734605e-05
speaker,8.457008920592081e-06,0.0,2.3564273160428954e-06,0.0
speaking,-6.778424602150396e-05,-1.2546868748268729e-05,-5.848918484039441e-05,-6.373223537601907e-06
speaks,-3.2798828720082563e-06,-2.509373749653746e-06,-5.483361078786976e-06,-4.248815691734605e-06
special,-4.591836020811558e-05,-1.2546868748268729e-05,-3.6555740525246506e-06,-8.49763138346921e-06
specialist,1.409501486765347e-06,0.0,0.0,2.7388380629084794e-06
specially,6.792164511469219e-06,0.0,0.0,0.0
specialty,6.792164511469219e-06,0.0,0.0,0.0
species,3.3960822557346093e-06,0.0,0.0,0.0
specimen,1.409501486765347e-06,0.0,0.0,5.477676125816959e-06
specimens,3.3960822557346093e-06,0.0,0.0,0.0
speciously,0.0,0.0,0.0,6.599013505207118e-06
speck,3.3960822557346093e-06,0.0,0.0,0.0
speckled,0.0,0.0,0.0,1.9797040515621355e-05
speckles,0.0,0.0,0.0,6.599013505207118e-06
specks,3.3960822557346093e-06,0.0,0.0,0.0
spectacle,5.638005947061388e-06,0.0,0.0,5.477676125816959e-06
spectacles,0.0,0.0,0.0,0.0
spectator,3.3960822557346093e-06,0.0,0.0,0.0
spectators,5.638005947061388e-06,0.0,0.0,2.7388380629084794e-06
speculation,0.0,0.0,5.677625082401832e-06,0.0
speculator,3.3960822557346093e-06,0.0,0.0,0.0
speech,0.0,0.0,0.0,0.0
speeches,2.819002973530694e-06,0.0,7.069281948128687e-06,0.0
speechifying,3.3960822557346093e-06,0.0,0.0,0.0
speechless,3.3960822557346093e-06,0.0,0.0,0.0
speed,0.0,0.0,2.3564273160428954e-06,2.7388380629084794e-06
speediest,0.0,0.0,5.677625082401832e-06,0.0
speedily,0.0,0.0,1.4138563896257373e-05,8.216514188725437e-06
speeding,0.0,0.0,0.0,6.599013505207118e-06
speedy,0.0,0.0,0.0,0.0
spell,1.409501486765347e-06,0.0,0.0,2.7388380629084794e-06
spellbound,0.0,0.0,0.0,6.599013505207118e-06
spelling,3.3960822557346093e-06,0.0,0.0,0.0
spence,0.0,0.0,0.0,1.3198027010414236e-05
spend,-1.8586002941380122e-05,-5.018747499307492e-06,-2.3761231341410226e-05,-1.2746447075203814e-05
spending,5.638005947061388e-06,0.0,1.1782136580214478e-05,0.0
spent,-2.295918010405779e-05,-5.018747499307492e-06,-4.021131457777115e-05,-2.1244078458673025e-05
spermaceti,3.3960822557346093e-06,0.0,0.0,0.0
sphere,0.0,0.0,1.1355250164803664e-05,0.0
spherical,0.0,7.794826824703627e-06,0.0,0.0
spices,0.0,7.794826824703627e-06,0.0,0.0
spick,3.3960822557346093e-06,0.0,0.0,0.0
spider,6.792164511469219e-06,0.0,0.0,0.0
spiders,6.792164511469219e-06,0.0,0.0,0.0
spies,0.0,0.0,0.0,1.3198027010414236e-05
spiles,0.0,7.794826824703627e-06,0.0,0.0
spilled,0.0,3.897413412351813e-05,0.0,0.0
spilling,3.3960822557346093e-06,0.0,0.0,0.0
spilt,3.3960822557346093e-06,0.0,0.0,0.0
spine,8.457008920592081e-06,0.0,0.0,2.7388380629084794e-06
spinner,0.0,2.338448047411088e-05,0.0,0.0
spinning,0.0,3.235145432636643e-06,0.0,5.477676125816959e-06
spinster,0.0,0.0,0.0,6.599013505207118e-06
spiral,3.3960822557346093e-06,0.0,0.0,0.0
spirit,-9.83964861602477e-06,-2.509373749653746e-06,-1.6450083236360926e-05,-2.1244078458673024e-06
spirited,7.047507433826735e-06,0.0,2.3564273160428954e-06,0.0
spiritless,0.0,0.0,1.1355250164803664e-05,0.0
spirits,0.0,0.0,0.0,0.0
spiritual,6.792164511469219e-06,0.0,0.0,0.0
spit,5.638005947061388e-06,3.235145432636643e-06,0.0,0.0
spite,0.0,0.0,0.0,0.0
spiteful,8.457008920592081e-06,0.0,2.3564273160428954e-06,0.0
spitting,6.792164511469219e-06,0.0,0.0,0.0
splash,0.0,3.235145432636643e-06,0.0,8.216514188725437e-06
splashed,0.0,6.470290865273286e-06,0.0,2.7388380629084794e-06
splashing,0.0,3.235145432636643e-06,0.0,2.7388380629084794e-06
spleen,4.2285044602960405e-06,0.0,2.3564273160428954e-06,0.0
splendid,-1.3119531488033025e-05,-7.528121248961239e-05,-7.311148105049301e-06,-2.1244078458673024e-06
splendidly,2.819002973530694e-06,0.0,0.0,2.7388380629084794e-06
splendor,0.0,7.794826824703627e-06,0.0,0.0
splendors,0.0,7.794826824703627e-06,0.0,0.0
splendour,0.0,0.0,2.3564273160428954e-06,2.7388380629084794e-06
splinter,3.3960822557346093e-06,0.0,0.0,0.0
splintered,0.0,7.794826824703627e-06,0.0,0.0
splinters,0.0,7.794826824703627e-06,0.0,0.0
split,6.792164511469219e-06,0.0,0.0,0.0
splutter,3.3960822557346093e-06,0.0,0.0,0.0
spluttering,6.792164511469219e-06,0.0,0.0,0.0
spoil,5.638005947061388e-06,3.235145432636643e-06,0.0,0.0
spoiled,0.0,0.0,0.0,0.0
spoils,0.0,0.0,0.0,6.599013505207118e-06
spoilt,0.0,0.0,5.677625082401832e-06,0.0
spoke,-3.607871159209082e-05,-3.764060624480619e-05,-7.859484212927998e-05,-5.7359011838417166e-05
spoken,-2.295918010405779e-05,-2.509373749653746e-06,-2.9244592420197205e-05,-2.761730199627493e-05
spokesman,0.0,0.0,5.677625082401832e-06,0.0
sponge,0.0,0.0,0.0,1.9797040515621355e-05
sponged,0.0,0.0,0.0,6.599013505207118e-06
spongy,0.0,0.0,0.0,6.599013505207118e-06
spontaneous,6.792164511469219e-06,0.0,0.0,0.0
spontaneously,1.0188246767203828e-05,0.0,0.0,0.0
spoon,1.6980411278673048e-05,0.0,0.0,0.0
spoonful,1.0188246767203828e-05,0.0,0.0,0.0
spoonfuls,1.6980411278673048e-05,0.0,0.0,0.0
spoons,5.638005947061388e-06,3.235145432636643e-06,0.0,0.0
sporadic,0.0,0.0,0.0,6.599013505207118e-06
sporchissimo,0.0,7.794826824703627e-06,0.0,0.0
sport,-2.1865885813388372e-06,-4.265935374411368e-05,-7.311148105049301e-06,-2.1244078458673024e-06
sportive,0.0,0.0,5.677625082401832e-06,0.0
sports,0.0,3.235145432636643e-06,2.3564273160428954e-06,0.0
sportsman,0.0,7.794826824703627e-06,0.0,0.0
sportsmen,0.0,0.0,5.677625082401832e-06,0.0
spot,0.0,0.0,0.0,0.0
spotless,3.3960822557346093e-06,0.0,0.0,0.0
spots,0.0,0.0,0.0,0.0
spotted,0.0,0.0,0.0,1.9797040515621355e-05
spotty,6.792164511469219e-06,0.0,0.0,0.0
spouse,3.3960822557346093e-06,0.0,0.0,0.0
spouting,0.0,0.0,0.0,6.599013505207118e-06
sprained,0.0,0.0,5.677625082401832e-06,0.0
sprang,0.0,0.0,0.0,0.0
spread,-5.4664714533470935e-06,-2.2584363746883714e-05,-5.483361078786976e-06,-4.248815691734605e-06
spreading,0.0,0.0,0.0,0.0
spree,6.792164511469219e-06,0.0,0.0,0.0
sprig,0.0,0.0,0.0,6.599013505207118e-06
spring,-6.559765744016513e-06,-3.513123249515245e-05,-9.138935131311627e-06,-1.2746447075203814e-05
springing,0.0,0.0,0.0,0.0
springs,-1.0932942906694186e-06,-2.509373749653746e-06,-1.8277870262623253e-06,-2.1244078458673024e-06
sprinkled,3.3960822557346093e-06,0.0,0.0,0.0
sprung,5.638005947061388e-06,0.0,0.0,5.477676125816959e-06
spun,0.0,9.70543629790993e-06,0.0,2.7388380629084794e-06
spur,0.0,0.0,5.677625082401832e-06,0.0
spurned,0.0,0.0,5.677625082401832e-06,0.0
spy,3.3960822557346093e-06,0.0,0.0,0.0
squabbled,0.0,7.794826824703627e-06,0.0,0.0
squabbles,3.3960822557346093e-06,0.0,0.0,0.0
squabbling,6.792164511469219e-06,0.0,0.0,0.0
squalid,0.0,0.0,0.0,6.599013505207118e-06
squander,0.0,0.0,0.0,6.599013505207118e-06
squandering,3.3960822557346093e-06,0.0,0.0,0.0
square,0.0,0.0,0.0,0.0
squares,3.3960822557346093e-06,0.0,0.0,0.0
squat,0.0,0.0,0.0,6.599013505207118e-06
squatted,0.0,3.235145432636643e-06,0.0,2.7388380629084794e-06
squatting,3.3960822557346093e-06,0.0,0.0,0.0
squeaked,0.0,7.794826824703627e-06,0.0,0.0
squealed,6.792164511469219e-06,0.0,0.0,0.0
squealing,1.0188246767203828e-05,0.0,0.0,0.0
squeals,3.3960822557346093e-06,0.0,0.0,0.0
squeamish,0.0,0.0,5.677625082401832e-06,0.0
squeeze,1.0188246767203828e-05,0.0,0.0,0.0
squeezed,0.0,0.0,0.0,0.0
squeezing,2.377257579014227e-05,0.0,0.0,0.0
squire,0.0,0.0,0.0,6.599013505207118e-06
st,-2.1865885813388372e-06,-5.018747499307492e-06,-1.2794509183836277e-05,-0.0001742014433611188
stabbed,7.047507433826735e-06,0.0,0.0,2.7388380629084794e-06
stabbing,3.3960822557346093e-06,0.0,0.0,0.0
stability,0.0,0.0,5.677625082401832e-06,0.0
stable,0.0,0.0,0.0,0.0
stables,0.0,0.0,0.0,0.0
staccato,0.0,0.0,0.0,6.599013505207118e-06
staff,0.0,1.941087259581986e-05,0.0,2.7388380629084794e-06
stage,0.0,0.0,0.0,0.0
stages,2.819002973530694e-06,0.0,0.0,2.7388380629084794e-06
stagger,0.0,0.0,0.0,6.599013505207118e-06
staggered,0.0,0.0,0.0,0.0
staggering,5.638005947061388e-06,0.0,0.0,2.7388380629084794e-06
stagnant,1.409501486765347e-06,0.0,0.0,2.7388380629084794e-06
stagnating,3.3960822557346093e-06,0.0,0.0,0.0
stain,0.0,0.0,0.0,1.3198027010414236e-05
stained,1.1276011894122775e-05,0.0,0.0,1.0955352251633918e-05
staining,0.0,0.0,0.0,6.599013505207118e-06
stains,9.86651040735743e-06,0.0,0.0,1.3694190314542398e-05
stair,0.0,0.0,0.0,5.9391121546864066e-05
staircase,4.51040475764911e-05,0.0,4.712854632085791e-06,0.0
staircases,1.409501486765347e-06,0.0,0.0,2.7388380629084794e-06
stairs,-8.527695467221467e-05,-5.2696848742728664e-05,-1.2794509183836277e-05,-2.761730199627493e-05
stairway,0.0,1.5589653649407254e-05,0.0,0.0
stake,0.0,0.0,0.0,0.0
stakes,0.0,1.5589653649407254e-05,0.0,0.0
stale,0.0,0.0,0.0,0.0
stalk,0.0,7.794826824703627e-06,0.0,0.0
stalked,0.0,0.0,0.0,6.599013505207118e-06
stalks,3.3960822557346093e-06,0.0,0.0,0.0
stall,0.0,0.0,0.0,1.9797040515621355e-05
stalled,0.0,3.897413412351813e-05,0.0,0.0
stalls,0.0,0.0,0.0,1.9797040515621355e-05
stammer,6.792164511469219e-06,0.0,0.0,0.0
stammered,1.409501486765347e-06,0.0,0.0,5.477676125816959e-06
stammering,3.3960822557346093e-06,0.0,0.0,0.0
stammers,1.0188246767203828e-05,0.0,0.0,0.0
stamp,0.0,0.0,0.0,0.0
stamped,2.819002973530694e-06,0.0,0.0,2.7388380629084794e-06
stamping,0.0,0.0,0.0,0.0
stand,-3.7172005882760244e-05,-3.513123249515245e-05,-1.8277870262623254e-05,-1.699526276693842e-05
standard,1.409501486765347e-06,0.0,0.0,2.7388380629084794e-06
standi,0.0,0.0,0.0,6.599013505207118e-06
standing,-9.839648616024769e-05,-7.528121248961239e-05,-2.3761231341410226e-05,-4.8861380454947953e-05
standpoint,0.0,0.0,0.0,6.599013505207118e-06
stands,-6.559765744016513e-06,-5.018747499307492e-06,-3.6555740525246506e-06,-1.2746447075203814e-05
standstill,3.3960822557346093e-06,0.0,0.0,0.0
stanzas,0.0,0.0,5.677625082401832e-06,0.0
staples,0.0,0.0,0.0,6.599013505207118e-06
star,0.0,6.470290865273286e-06,0.0,2.4649542566176314e-05
starched,3.3960822557346093e-06,0.0,0.0,0.0
stare,9.86651040735743e-06,0.0,0.0,8.216514188725437e-06
stared,-3.170553442941315e-05,-2.509373749653746e-06,-9.138935131311627e-06,-1.2746447075203814e-05
stares,0.0,0.0,0.0,6.599013505207118e-06
staring,2.5371026761776248e-05,0.0,0.0,1.6433028377450875e-05
stark,0.0,0.0,0.0,5.9391121546864066e-05
stars,0.0,3.882174519163972e-05,0.0,8.216514188725437e-06
start,-1.4212825778702444e-05,-8.280933373857361e-05,-3.6555740525246506e-06,-2.761730199627493e-05
started,-2.951894584807431e-05,-0.00019824052622264592,-7.311148105049301e-06,-5.098578830081526e-05
starter,0.0,7.794826824703627e-06,0.0,0.0
starting,-5.4664714533470935e-06,-1.7565616247576225e-05,-1.8277870262623253e-06,-8.49763138346921e-06
startled,0.0,0.0,0.0,0.0
startling,0.0,0.0,0.0,6.599013505207118e-06
starts,0.0,3.117930729881451e-05,0.0,0.0
starvation,3.3960822557346093e-06,0.0,0.0,0.0
starve,1.409501486765347e-06,0.0,2.3564273160428954e-06,0.0
starved,1.409501486765347e-06,3.235145432636643e-06,0.0,0.0
starving,7.047507433826735e-06,0.0,0.0,2.7388380629084794e-06
state,-2.295918010405779e-05,-7.528121248961238e-06,-3.472795349898418e-05,-2.549289415040763e-05
stated,0.0,0.0,0.0,0.0
stateliness,0.0,0.0,5.677625082401832e-06,0.0
stately,0.0,0.0,7.069281948128687e-06,8.216514188725437e-06
statement,-6.559765744016513e-06,-7.528121248961238e-06,-3.6555740525246506e-06,-2.549289415040763e-05
statements,0.0,0.0,0.0,6.599013505207118e-06
states,0.0,0.0,0.0,0.0
statesman,6.792164511469219e-06,0.0,0.0,0.0
stating,0.0,0.0,1.7032875247205498e-05,0.0
station,-3.0612240138743727e-05,-0.00011041244498476483,-3.6555740525246506e-06,-5.948341968428446e-05
stationary,0.0,7.794826824703627e-06,0.0,0.0
stationed,0.0,3.235145432636643e-06,7.069281948128687e-06,0.0
stations,0.0,3.117930729881451e-05,0.0,0.0
statue,0.0,7.794826824703627e-06,0.0,0.0
status,0.0,3.235145432636643e-06,0.0,2.7388380629084794e-06
stay,-4.7011654498785004e-05,-0.0001304874349819948,-6.945590699796835e-05,-1.9119670612805722e-05
stayed,0.0,0.0,0.0,0.0
staying,-9.83964861602477e-06,-2.509373749653746e-06,-1.8277870262623254e-05,-8.49763138346921e-06
stays,0.0,3.235145432636643e-06,2.3564273160428954e-06,0.0
stazione,0.0,7.794826824703627e-06,0.0,0.0
steadfast,0.0,0.0,5.677625082401832e-06,0.0
steadfastly,0.0,0.0,1.7032875247205498e-05,0.0
steadily,-3.2798828720082563e-06,-2.0074989997229968e-05,-5.483361078786976e-06,-2.1244078458673024e-06
steadiness,0.0,0.0,5.677625082401832e-06,0.0
steadings,0.0,0.0,0.0,6.599013505207118e-06
steady,0.0,0.0,2.8277127792514747e-05,2.7388380629084794e-06
steak,1.409501486765347e-06,3.235145432636643e-06,0.0,0.0
steal,7.047507433826735e-06,0.0,0.0,2.7388380629084794e-06
stealing,1.0188246767203828e-05,0.0,0.0,0.0
steals,6.792164511469219e-06,0.0,0.0,0.0
stealthily,5.638005947061388e-06,0.0,0.0,5.477676125816959e-06
steam,1.409501486765347e-06,0.0,0.0,2.7388380629084794e-06
steamboats,0.0,0.0,0.0,6.599013505207118e-06
steamed,0.0,3.235145432636643e-06,0.0,2.7388380629084794e-06
steamer,1.409501486765347e-06,0.0,0.0,2.7388380629084794e-06
steaming,0.0,3.235145432636643e-06,0.0,2.7388380629084794e-06
steed,3.3960822557346093e-06,0.0,0.0,0.0
steel,0.0,0.0,0.0,0.0
steely,0.0,0.0,0.0,6.599013505207118e-06
steep,0.0,0.0,0.0,0.0
steeple,3.3960822557346093e-06,0.0,0.0,0.0
steeplechase,0.0,7.794826824703627e-06,0.0,0.0
steeply,0.0,3.117930729881451e-05,0.0,0.0
steer,0.0,1.5589653649407254e-05,0.0,0.0
stem,0.0,0.0,5.677625082401832e-06,0.0
stench,2.0376493534407657e-05,0.0,0.0,0.0
step,-4.373177162677675e-05,-2.2584363746883714e-05,-2.9244592420197205e-05,-5.098578830081526e-05
stepdaughter,1.409501486765347e-06,0.0,0.0,2.7388380629084794e-06
stepdaughters,0.0,0.0,0.0,6.599013505207118e-06
stepfather,0.0,0.0,0.0,0.00012538125659893525
stepfathers,0.0,0.0,0.0,1.3198027010414236e-05
stepmother,4.2285044602960405e-06,0.0,0.0,2.7388380629084794e-06
steppe,3.3960822557346093e-06,0.0,0.0,0.0
stepped,-1.967929723204954e-05,-3.513123249515245e-05,-1.8277870262623253e-06,-1.9119670612805722e-05
stepping,-1.0932942906694186e-06,-2.509373749653746e-06,-1.8277870262623253e-06,-6.373223537601907e-06
steps,-5.24781259521321e-05,-1.0037494998614984e-05,-9.138935131311627e-06,-5.311019614668256e-05
stern,0.0,0.0,0.0,0.0
sterner,2.819002973530694e-06,0.0,0.0,2.7388380629084794e-06
sternly,1.409501486765347e-05,0.0,0.0,5.477676125816959e-06
stethoscope,0.0,0.0,0.0,6.599013505207118e-06
stevedore,0.0,0.0,0.0,6.599013505207118e-06
stevenson,0.0,0.0,0.0,6.599013505207118e-06
stew,1.409501486765347e-06,1.6175727163183214e-05,0.0,0.0
steward,0.0,0.0,2.8388125412009164e-05,0.0
stick,0.0,0.0,0.0,0.0
sticking,2.819002973530694e-06,0.0,0.0,5.477676125816959e-06
sticks,2.819002973530694e-06,0.0,0.0,5.477676125816959e-06
sticky,5.638005947061388e-06,6.470290865273286e-06,0.0,0.0
stiff,0.0,0.0,0.0,0.0
stiffen,0.0,7.794826824703627e-06,0.0,0.0
stiffened,0.0,2.338448047411088e-05,0.0,0.0
stiffly,0.0,0.0,0.0,0.0
stiffness,0.0,0.0,4.712854632085791e-06,2.7388380629084794e-06
stifle,3.3960822557346093e-06,0.0,0.0,0.0
stifled,1.0188246767203828e-05,0.0,0.0,0.0
stifling,3.735690481308071e-05,0.0,0.0,0.0
stile,0.0,0.0,0.0,1.3198027010414236e-05
stiles,0.0,0.0,5.677625082401832e-06,0.0
still,-0.0002940961641900737,-0.00015558117247853226,-0.00013525623994341206,-0.0001699526276693842
stillness,2.819002973530694e-06,0.0,0.0,5.477676125816959e-06
stimulant,0.0,3.235145432636643e-06,0.0,2.7388380629084794e-06
stimulated,3.3960822557346093e-06,0.0,0.0,0.0
stimulating,3.3960822557346093e-06,0.0,0.0,0.0
stimulus,3.3960822557346093e-06,0.0,0.0,0.0
sting,1.409501486765347e-06,3.235145432636643e-06,0.0,0.0
stinginess,3.3960822557346093e-06,0.0,0.0,0.0
stinging,0.0,7.794826824703627e-06,0.0,0.0
stinketh,3.3960822557346093e-06,0.0,0.0,0.0
stinking,1.0188246767203828e-05,0.0,0.0,0.0
stinks,0.0,1.5589653649407254e-05,0.0,0.0
stir,5.638005947061388e-06,0.0,2.3564273160428954e-06,0.0
stirred,0.0,0.0,0.0,0.0
stirring,-4.3731771626776745e-06,-5.018747499307492e-06,-1.8277870262623253e-06,-6.373223537601907e-06
stirs,0.0,0.0,5.677625082401832e-06,0.0
stitches,0.0,7.794826824703627e-06,0.0,0.0
stock,0.0,0.0,0.0,0.0
stocked,0.0,0.0,0.0,6.599013505207118e-06
stockingless,3.3960822557346093e-06,0.0,0.0,0.0
stockings,0.0,0.0,0.0,0.0
stocks,3.3960822557346093e-06,0.0,0.0,0.0
stockyards,0.0,1.5589653649407254e-05,0.0,0.0
stoke,0.0,0.0,2.3564273160428954e-06,3.012721869199327e-05
stole,0.0,0.0,0.0,0.0
stolen,0.0,0.0,0.0,0.0
stolidly,3.3960822557346093e-06,0.0,0.0,0.0
stomach,1.409501486765347e-06,4.205689062427636e-05,0.0,0.0
stomachs,0.0,1.5589653649407254e-05,0.0,0.0
stone,-3.4985417301421396e-05,-8.029995998891987e-05,-3.6555740525246506e-06,-6.585664322188637e-05
stoner,0.0,0.0,0.0,0.00012538125659893525
stones,7.047507433826735e-06,0.0,0.0,1.9171866440359353e-05
stony,0.0,7.794826824703627e-06,0.0,0.0
stood,-0.00019132650086714828,-0.0001405249299806098,-2.5589018367672555e-05,-7.435427460535559e-05
stool,0.0,6.470290865273286e-06,0.0,2.7388380629084794e-06
stoop,2.819002973530694e-06,0.0,0.0,2.7388380629084794e-06
stooped,0.0,0.0,0.0,0.0
stooping,4.2285044602960405e-06,0.0,0.0,2.7388380629084794e-06
stop,-2.0772591522718957e-05,-0.00011292181873441858,-7.311148105049301e-06,-1.9119670612805722e-05
stoper,0.0,0.0,0.0,3.959408103124271e-05
stopped,-5.466471453347094e-05,-0.00015307179872887851,-1.0966722157573952e-05,-1.699526276693842e-05
stoppered,0.0,7.794826824703627e-06,0.0,0.0
stopping,-1.3119531488033025e-05,-7.528121248961238e-06,-5.483361078786976e-06,-2.1244078458673024e-06
stops,0.0,7.794826824703627e-06,0.0,0.0
store,4.2285044602960405e-06,6.470290865273286e-06,0.0,0.0
stored,1.409501486765347e-06,0.0,0.0,2.7388380629084794e-06
stores,0.0,7.794826824703627e-06,0.0,0.0
storey,5.773339834748837e-05,0.0,0.0,0.0
storeys,2.0376493534407657e-05,0.0,0.0,0.0
storied,2.819002973530694e-06,0.0,0.0,5.477676125816959e-06
stories,4.2285044602960405e-06,0.0,0.0,1.0955352251633918e-05
storing,0.0,0.0,5.677625082401832e-06,0.0
storm,-4.3731771626776745e-06,-2.2584363746883714e-05,-3.6555740525246506e-06,-4.248815691734605e-06
stormed,1.409501486765347e-06,3.235145432636643e-06,0.0,0.0
storms,3.3960822557346093e-06,0.0,0.0,0.0
stormy,1.409501486765347e-06,0.0,0.0,2.7388380629084794e-06
story,-4.9198243080123845e-05,-2.0074989997229968e-05,-1.6450083236360926e-05,-7.435427460535559e-05
stout,0.0,0.0,0.0,0.0
stoutly,0.0,0.0,0.0,0.0
stove,1.1276011894122775e-05,2.911630889372979e-05,0.0,0.0
stoves,3.3960822557346093e-06,0.0,0.0,0.0
stragglers,0.0,2.338448047411088e-05,0.0,0.0
straggling,0.0,0.0,0.0,6.599013505207118e-06
straight,0.0,0.0,0.0,0.0
straighten,0.0,3.235145432636643e-06,0.0,5.477676125816959e-06
straightened,0.0,1.941087259581986e-05,0.0,5.477676125816959e-06
straightforward,1.0188246767203828e-05,0.0,0.0,0.0
strain,0.0,0.0,0.0,0.0
strained,8.457008920592081e-06,6.470290865273286e-06,0.0,0.0
straining,4.2285044602960405e-06,0.0,0.0,2.7388380629084794e-06
strand,0.0,0.0,0.0,6.599013505207118e-06
stranded,3.3960822557346093e-06,0.0,0.0,0.0
strands,0.0,1.5589653649407254e-05,0.0,0.0
strange,-0.00013884837491501617,-4.0149979994459936e-05,-1.8277870262623254e-05,-9.772276090989591e-05
strangely,0.0,0.0,0.0,0.0
strangeness,1.409501486765347e-06,0.0,2.3564273160428954e-06,0.0
stranger,0.0,0.0,0.0,0.0
strangers,0.0,0.0,0.0,0.0
strangest,4.2285044602960405e-06,0.0,0.0,2.7388380629084794e-06
strangle,3.3960822557346093e-06,0.0,0.0,0.0
strangled,6.792164511469219e-06,0.0,0.0,0.0
stratagem,3.3960822557346093e-06,0.0,0.0,0.0
stratagems,0.0,0.0,5.677625082401832e-06,0.0
strategical,0.0,7.794826824703627e-06,0.0,0.0
straw,0.0,0.0,0.0,0.0
strawberries,0.0,2.338448047411088e-05,0.0,0.0
straws,1.409501486765347e-06,0.0,2.3564273160428954e-06,0.0
stray,3.3960822557346093e-06,0.0,0.0,0.0
strayed,5.638005947061388e-06,0.0,0.0,2.7388380629084794e-06
streak,3.3960822557346093e-06,0.0,0.0,0.0
streaked,1.409501486765347e-06,0.0,0.0,2.7388380629084794e-06
stream,-3.2798828720082563e-06,-2.2584363746883714e-05,-7.311148105049301e-06,-1.0622039229336513e-05
streamed,2.819002973530694e-06,0.0,0.0,5.477676125816959e-06
streaming,4.2285044602960405e-06,0.0,0.0,2.7388380629084794e-06
streams,6.792164511469219e-06,0.0,0.0,0.0
streatham,0.0,0.0,0.0,2.6396054020828473e-05
street,-0.00011479590052028897,-0.00012546868748268729,-3.472795349898418e-05,-0.0001763258512069861
streets,-1.5306120069371863e-05,-1.7565616247576225e-05,-1.8277870262623253e-06,-2.549289415040763e-05
strega,0.0,1.5589653649407254e-05,0.0,0.0
strength,-3.279882872008256e-05,-5.018747499307492e-06,-1.0966722157573952e-05,-2.3368486304540325e-05
strengthen,0.0,0.0,0.0,1.3198027010414236e-05
strengthened,6.792164511469219e-06,0.0,0.0,0.0
strenuously,0.0,0.0,4.712854632085791e-06,2.7388380629084794e-06
stresa,0.0,7.015344142233264e-05,0.0,0.0
stress,0.0,0.0,0.0,0.0
stretch,0.0,0.0,0.0,0.0
stretched,-6.559765744016513e-06,-7.528121248961238e-06,-1.8277870262623253e-06,-1.9119670612805722e-05
stretcher,0.0,0.0002338448047411088,0.0,0.0
stretchers,0.0,3.117930729881451e-05,0.0,0.0
stretches,0.0,1.5589653649407254e-05,0.0,0.0
stretching,0.0,0.0,2.3564273160428954e-06,8.216514188725437e-06
strewn,6.792164511469219e-06,0.0,0.0,0.0
stricken,1.2685513380888124e-05,0.0,0.0,8.216514188725437e-06
strict,0.0,0.0,0.0,1.3198027010414236e-05
strictest,0.0,0.0,5.677625082401832e-06,0.0
strictly,7.047507433826735e-06,0.0,2.3564273160428954e-06,0.0
strictures,0.0,0.0,5.677625082401832e-06,0.0
stride,0.0,0.0,0.0,1.3198027010414236e-05
striding,1.409501486765347e-06,0.0,0.0,2.7388380629084794e-06
strike,-1.0932942906694187e-05,-5.018747499307492e-06,-9.138935131311627e-06,-1.9119670612805722e-05
strikes,1.409501486765347e-06,0.0,0.0,8.216514188725437e-06
striking,-3.2798828720082563e-06,-2.509373749653746e-06,-5.483361078786976e-06,-1.0622039229336513e-05
strikingly,4.2285044602960405e-06,0.0,2.3564273160428954e-06,0.0
string,2.377257579014227e-05,0.0,0.0,0.0
strip,5.638005947061388e-06,0.0,0.0,2.7388380629084794e-06
stripe,0.0,7.794826824703627e-06,0.0,0.0
striped,2.819002973530694e-06,3.235145432636643e-06,0.0,0.0
stripes,0.0,0.0,0.0,0.0
stripped,0.0,0.0,0.0,6.599013505207118e-06
strips,0.0,2.338448047411088e-05,0.0,0.0
strive,3.3960822557346093e-06,0.0,0.0,0.0
striving,0.0,0.0,0.0,0.0
strode,4.2285044602960405e-06,0.0,0.0,5.477676125816959e-06
stroke,-1.0932942906694186e-06,-2.509373749653746e-06,-3.6555740525246506e-06,-4.248815691734605e-06
stroked,0.0,3.117930729881451e-05,0.0,0.0
strokes,0.0,2.338448047411088e-05,0.0,0.0
stroll,0.0,0.0,2.3564273160428954e-06,2.7388380629084794e-06
strolled,1.409501486765347e-06,0.0,0.0,8.216514188725437e-06
strong,-2.733235726673547e-05,-1.5056242497922477e-05,-3.472795349898418e-05,-7.435427460535559e-05
stronger,-1.0932942906694187e-05,-2.509373749653746e-06,-1.0966722157573952e-05,-6.373223537601907e-06
strongest,0.0,0.0,2.3564273160428954e-06,8.216514188725437e-06
strongly,0.0,0.0,0.0,0.0
stroud,0.0,0.0,0.0,6.599013505207118e-06
strove,3.3960822557346093e-06,0.0,0.0,0.0
struck,-6.778424602150396e-05,-5.018747499307492e-06,-2.5589018367672555e-05,-5.098578830081526e-05
struggle,0.0,0.0,0.0,0.0
struggled,0.0,0.0,0.0,0.0
struggles,0.0,0.0,1.7032875247205498e-05,0.0
struggling,0.0,0.0,0.0,0.0
strum,3.3960822557346093e-06,0.0,0.0,0.0
stubbly,3.3960822557346093e-06,0.0,0.0,0.0
stubborn,3.3960822557346093e-06,0.0,0.0,0.0
stubbornly,3.3960822557346093e-06,0.0,0.0,0.0
stubbornness,0.0,0.0,5.677625082401832e-06,0.0
stuck,0.0,0.0,0.0,0.0
stud,3.3960822557346093e-06,0.0,0.0,0.0
studded,3.3960822557346093e-06,0.0,0.0,0.0
student,0.000139239372485119,0.0,0.0,0.0
students,3.056474030161149e-05,0.0,0.0,0.0
studied,-2.1865885813388372e-06,-5.018747499307492e-06,-3.6555740525246506e-06,-4.248815691734605e-06
studier,0.0,0.0,5.677625082401832e-06,0.0
studies,0.0,0.0,0.0,0.0
studious,0.0,0.0,5.677625082401832e-06,0.0
studiously,3.3960822557346093e-06,0.0,0.0,0.0
study,-7.653060034685932e-06,-5.018747499307492e-06,-1.2794509183836277e-05,-2.1244078458673025e-05
studying,-8.746354325355349e-06,-1.0037494998614984e-05,-7.311148105049301e-06,-2.1244078458673024e-06
stuff,0.0,0.0,0.0,0.0
stuffed,0.0,0.0,0.0,0.0
stuffing,6.792164511469219e-06,0.0,0.0,0.0
stuffs,0.0,0.0,0.0,6.599013505207118e-06
stuffy,0.0,0.0,0.0,0.0
stumbled,5.638005947061388e-06,0.0,0.0,2.7388380629084794e-06
stumbling,5.638005947061388e-06,0.0,2.3564273160428954e-06,0.0
stump,0.0,6.470290865273286e-06,0.0,8.216514188725437e-06
stumps,0.0,2.338448047411088e-05,0.0,0.0
stung,1.3584329022938437e-05,0.0,0.0,0.0
stunned,3.3960822557346093e-06,0.0,0.0,0.0
stunning,3.3960822557346093e-06,0.0,0.0,0.0
stupefaction,1.3584329022938437e-05,0.0,0.0,0.0
stupefied,3.3960822557346093e-06,0.0,0.0,0.0
stupefying,0.0,0.0,0.0,6.599013505207118e-06
stupid,-4.810494878945443e-05,-2.5093737496537457e-05,-7.311148105049301e-06,-2.1244078458673024e-06
stupider,2.819002973530694e-06,0.0,2.3564273160428954e-06,0.0
stupidity,-8.746354325355349e-06,-2.509373749653746e-06,-7.311148105049301e-06,-2.1244078458673024e-06
stupidly,1.6980411278673048e-05,0.0,0.0,0.0
stupids,3.3960822557346093e-06,0.0,0.0,0.0
sturdy,0.0,0.0,0.0,6.599013505207118e-06
style,0.0,0.0,0.0,0.0
stylish,3.3960822557346093e-06,0.0,0.0,0.0
suavely,0.0,0.0,0.0,1.3198027010414236e-05
sub,6.792164511469219e-06,0.0,0.0,0.0
subdue,3.3960822557346093e-06,0.0,0.0,0.0
subdued,1.409501486765347e-06,0.0,0.0,5.477676125816959e-06
subduing,0.0,0.0,0.0,6.599013505207118e-06
subject,0.0,0.0,0.0,0.0
subjected,0.0,0.0,0.0,6.599013505207118e-06
subjection,1.409501486765347e-06,0.0,2.3564273160428954e-06,0.0
subjects,0.0,0.0,0.0,0.0
subjoin,0.0,0.0,5.677625082401832e-06,0.0
submission,3.3960822557346093e-06,0.0,0.0,0.0
submissive,1.3584329022938437e-05,0.0,0.0,0.0
submissively,3.3960822557346093e-06,0.0,0.0,0.0
submissiveness,3.3960822557346093e-06,0.0,0.0,0.0
submit,0.0,0.0,0.0,0.0
submitted,0.0,0.0,2.3564273160428954e-06,1.0955352251633918e-05
submitting,3.3960822557346093e-06,0.0,0.0,0.0
subscribing,3.3960822557346093e-06,0.0,0.0,0.0
subscription,1.0188246767203828e-05,0.0,0.0,0.0
subsequent,0.0,0.0,5.677625082401832e-06,0.0
subside,6.792164511469219e-06,0.0,0.0,0.0
subsided,0.0,0.0,2.3564273160428954e-06,2.7388380629084794e-06
subsist,0.0,0.0,5.677625082401832e-06,0.0
subsisted,0.0,0.0,1.1355250164803664e-05,0.0
subsisting,0.0,0.0,1.1355250164803664e-05,0.0
substance,0.0,0.0,1.7032875247205498e-05,0.0
substantial,2.819002973530694e-06,0.0,4.712854632085791e-06,0.0
substitute,0.0,0.0,5.677625082401832e-06,0.0
substitution,0.0,0.0,0.0,6.599013505207118e-06
subtle,0.0,0.0,0.0,3.299506752603559e-05
suburb,0.0,0.0,0.0,6.599013505207118e-06
suburban,0.0,0.0,0.0,1.9797040515621355e-05
succeed,0.0,0.0,0.0,0.0
succeeded,0.0,0.0,0.0,0.0
succeeding,0.0,0.0,2.271050032960733e-05,0.0
succeeds,0.0,0.0,5.677625082401832e-06,0.0
success,-6.559765744016513e-06,-1.2546868748268729e-05,-3.472795349898418e-05,-2.1244078458673025e-05
successes,0.0,0.0,0.0,6.599013505207118e-06
successful,-3.2798828720082563e-06,-1.2546868748268729e-05,-5.483361078786976e-06,-1.4870854921071116e-05
successfully,0.0,0.0,0.0,0.0
succession,0.0,0.0,0.0,0.0
successive,2.819002973530694e-06,0.0,0.0,8.216514188725437e-06
successively,0.0,0.0,5.677625082401832e-06,0.0
successor,0.0,0.0,5.677625082401832e-06,0.0
successors,0.0,0.0,0.0,6.599013505207118e-06
succinct,0.0,0.0,0.0,6.599013505207118e-06
succour,3.3960822557346093e-06,0.0,0.0,0.0
succumbed,3.3960822557346093e-06,0.0,0.0,0.0
such,-0.00031268216713145375,-6.022496999168991e-05,-0.0007073535791635199,-0.00023793367873713785
suck,0.0,7.794826824703627e-06,0.0,0.0
sucked,0.0,6.470290865273286e-06,0.0,2.7388380629084794e-06
sucking,2.819002973530694e-06,6.470290865273286e-06,0.0,0.0
suckling,0.0,7.794826824703627e-06,0.0,0.0
sudden,-5.903789169614862e-05,-7.528121248961238e-06,-1.4622296210098602e-05,-3.399052553387684e-05
suddenly,-0.0003192419328754703,-4.265935374411368e-05,-2.9244592420197205e-05,-9.984716875576321e-05
suddenness,0.0,0.0,5.677625082401832e-06,0.0
suffer,-1.967929723204954e-05,-5.018747499307492e-06,-2.3761231341410226e-05,-8.49763138346921e-06
suffered,0.0,0.0,0.0,0.0
sufferer,0.0,0.0,2.3564273160428954e-06,5.477676125816959e-06
sufferers,3.3960822557346093e-06,0.0,0.0,0.0
suffering,-3.935859446409908e-05,-2.509373749653746e-06,-3.6555740525246506e-06,-2.1244078458673024e-06
sufferings,5.638005947061388e-06,0.0,4.712854632085791e-06,0.0
suffers,0.0,0.0,5.677625082401832e-06,0.0
sufficed,0.0,0.0,0.0,6.599013505207118e-06
sufficiency,1.409501486765347e-06,0.0,2.3564273160428954e-06,0.0
sufficient,-2.1865885813388372e-06,-2.509373749653746e-06,-7.311148105049301e-06,-1.2746447075203814e-05
sufficiently,0.0,0.0,2.8388125412009164e-05,0.0
suffocating,3.3960822557346093e-06,0.0,0.0,0.0
sugar,1.0188246767203828e-05,0.0,0.0,0.0
suggest,-3.2798828720082563e-06,-2.509373749653746e-06,-3.6555740525246506e-06,-1.699526276693842e-05
suggested,0.0,0.0,0.0,0.0
suggesting,1.409501486765347e-06,0.0,2.3564273160428954e-06,0.0
suggestion,4.2285044602960405e-06,0.0,2.3564273160428954e-06,0.0
suggestions,3.3960822557346093e-06,0.0,0.0,0.0
suggestive,0.0,0.0,0.0,5.9391121546864066e-05
suggestiveness,0.0,0.0,0.0,6.599013505207118e-06
suggests,1.409501486765347e-06,0.0,0.0,2.7388380629084794e-06
suicide,0.0,0.0,0.0,0.0
suicides,3.3960822557346093e-06,0.0,0.0,0.0
suit,-8.746354325355349e-06,-2.509373749653746e-06,-1.2794509183836277e-05,-2.1244078458673025e-05
suitable,7.047507433826735e-06,0.0,7.069281948128687e-06,0.0
suitableness,0.0,0.0,1.7032875247205498e-05,0.0
suitably,3.3960822557346093e-06,0.0,0.0,0.0
suitcase,0.0,7.794826824703627e-06,0.0,0.0
suitcases,0.0,7.794826824703627e-06,0.0,0.0
suite,0.0,0.0,0.0,1.9797040515621355e-05
suited,0.0,0.0,0.0,0.0
suiting,0.0,0.0,5.677625082401832e-06,0.0
suitor,1.409501486765347e-06,0.0,0.0,2.7388380629084794e-06
suits,1.409501486765347e-06,0.0,0.0,5.477676125816959e-06
sulkiness,6.792164511469219e-06,0.0,0.0,0.0
sulking,0.0,0.0,0.0,6.599013505207118e-06
sulky,6.792164511469219e-06,0.0,0.0,0.0
sullen,8.457008920592081e-06,3.235145432636643e-06,0.0,0.0
sullenly,2.819002973530694e-06,0.0,0.0,2.7388380629084794e-06
sum,0.0,0.0,0.0,0.0
summarily,0.0,3.235145432636643e-06,0.0,2.7388380629084794e-06
summarise,0.0,0.0,0.0,6.599013505207118e-06
summer,-1.3119531488033025e-05,-4.767810124342117e-05,-3.472795349898418e-05,-6.373223537601907e-06
summon,2.819002973530694e-06,0.0,2.3564273160428954e-06,0.0
summoned,0.0,0.0,0.0,0.0
summoning,6.792164511469219e-06,0.0,0.0,0.0
summons,0.0,0.0,0.0,0.0
summonses,0.0,0.0,0.0,6.599013505207118e-06
sumptuous,6.792164511469219e-06,0.0,0.0,0.0
sums,1.409501486765347e-06,0.0,0.0,8.216514188725437e-06
sun,0.0,0.0,0.0,0.0
sunbeam,0.0,0.0,0.0,6.599013505207118e-06
sunburnt,0.0,0.0,0.0,6.599013505207118e-06
sunday,0.0,0.0,0.0,0.0
sundays,3.3960822557346093e-06,0.0,0.0,0.0
sundial,0.0,0.0,0.0,3.299506752603559e-05
sundials,0.0,0.0,0.0,6.599013505207118e-06
sung,5.638005947061388e-06,6.470290865273286e-06,0.0,0.0
sunk,-3.2798828720082563e-06,-2.509373749653746e-06,-7.311148105049301e-06,-1.9119670612805722e-05
sunken,2.819002973530694e-06,6.470290865273286e-06,0.0,0.0
sunlight,0.0,0.0,0.0,0.0
sunny,3.3960822557346093e-06,0.0,0.0,0.0
sunrise,3.3960822557346093e-06,0.0,0.0,0.0
sunset,0.0,0.0,0.0,0.0
sunshine,4.2285044602960405e-06,0.0,0.0,2.7388380629084794e-06
super,0.0,0.0,5.677625082401832e-06,0.0
superb,0.0,0.0,0.0,6.599013505207118e-06
supercilious,0.0,0.0,5.677625082401832e-06,0.0
superciliously,6.792164511469219e-06,0.0,0.0,0.0
superciliousness,1.409501486765347e-06,0.0,2.3564273160428954e-06,0.0
superficial,0.0,7.794826824703627e-06,0.0,0.0
superficially,3.3960822557346093e-06,0.0,0.0,0.0
superfluous,6.792164511469219e-06,0.0,0.0,0.0
superintend,3.3960822557346093e-06,0.0,0.0,0.0
superintended,0.0,0.0,5.677625082401832e-06,0.0
superintendence,0.0,0.0,5.677625082401832e-06,0.0
superintendent,1.409501486765347e-05,3.235145432636643e-06,0.0,0.0
superintends,0.0,0.0,5.677625082401832e-06,0.0
superior,-5.4664714533470935e-06,-2.509373749653746e-06,-3.290016647272185e-05,-4.248815691734605e-06
superiority,2.819002973530694e-06,0.0,2.3564273160428954e-06,0.0
superiors,3.3960822557346093e-06,0.0,0.0,0.0
superlatively,0.0,0.0,5.677625082401832e-06,0.0
superman,0.0,7.794826824703627e-06,0.0,0.0
supernaturally,0.0,7.794826824703627e-06,0.0,0.0
superscribed,0.0,0.0,0.0,6.599013505207118e-06
superscription,0.0,0.0,0.0,6.599013505207118e-06
superseded,0.0,0.0,5.677625082401832e-06,0.0
superstition,3.3960822557346093e-06,0.0,0.0,0.0
superstitious,3.3960822557346093e-06,0.0,0.0,0.0
superstitiously,3.3960822557346093e-06,0.0,0.0,0.0
supper,-1.0932942906694186e-06,-2.2584363746883714e-05,-2.0105657288885576e-05,-1.4870854921071116e-05
supplementing,0.0,0.0,0.0,6.599013505207118e-06
suppliant,3.3960822557346093e-06,0.0,0.0,0.0
supplication,1.409501486765347e-06,0.0,2.3564273160428954e-06,0.0
supplications,3.3960822557346093e-06,0.0,0.0,0.0
supplied,0.0,0.0,4.712854632085791e-06,2.7388380629084794e-06
supplier,0.0,0.0,0.0,6.599013505207118e-06
suppliers,0.0,0.0,0.0,6.599013505207118e-06
supply,0.0,0.0,1.649499121230027e-05,1.3694190314542398e-05
supplying,0.0,0.0,5.677625082401832e-06,0.0
support,0.0,0.0,0.0,0.0
supported,1.409501486765347e-06,0.0,9.425709264171582e-06,0.0
supporters,0.0,0.0,0.0,6.599013505207118e-06
supporting,5.638005947061388e-06,0.0,0.0,2.7388380629084794e-06
suppose,-4.1545183045437914e-05,-5.2696848742728664e-05,-8.773377726059162e-05,-4.036374907147875e-05
supposed,-7.653060034685932e-06,-2.2584363746883714e-05,-4.752246268282045e-05,-2.1244078458673024e-06
supposedly,0.0,7.794826824703627e-06,0.0,0.0
supposing,0.0,0.0,0.0,0.0
supposition,0.0,0.0,0.0,0.0
suppositions,1.409501486765347e-06,0.0,2.3564273160428954e-06,0.0
suppress,0.0,0.0,1.1355250164803664e-05,0.0
suppressed,4.2285044602960405e-06,0.0,4.712854632085791e-06,0.0
suppressing,1.409501486765347e-06,0.0,0.0,2.7388380629084794e-06
sure,-6.997083460284279e-05,-8.029995998891987e-05,-0.0001882620637050195,-9.1349537372294e-05
surely,0.0,0.0,0.0,0.0
surer,0.0,7.794826824703627e-06,0.0,0.0
surest,0.0,0.0,2.3564273160428954e-06,2.7388380629084794e-06
surface,0.0,0.0,0.0,0.0
surged,1.3584329022938437e-05,0.0,0.0,0.0
surgeon,0.0,3.5586599759003076e-05,0.0,8.216514188725437e-06
surgeons,0.0,3.235145432636643e-06,0.0,2.7388380629084794e-06
surgery,3.3960822557346093e-06,0.0,0.0,0.0
surging,3.3960822557346093e-06,0.0,0.0,0.0
surly,0.0,0.0,0.0,6.599013505207118e-06
surmise,0.0,0.0,0.0,0.0
surmises,1.409501486765347e-06,0.0,2.3564273160428954e-06,0.0
surmount,0.0,0.0,5.677625082401832e-06,0.0
surname,6.792164511469219e-06,0.0,0.0,0.0
surpass,0.0,0.0,5.677625082401832e-06,0.0
surpassing,0.0,0.0,5.677625082401832e-06,0.0
surpliced,0.0,0.0,0.0,6.599013505207118e-06
surprise,-4.2638477336107334e-05,-5.018747499307492e-06,-6.762811997170603e-05,-3.399052553387684e-05
surprised,-3.4985417301421396e-05,-2.509373749653746e-06,-6.397254591918138e-05,-3.611493337974414e-05
surprises,3.3960822557346093e-06,0.0,0.0,0.0
surprising,2.0376493534407657e-05,0.0,0.0,0.0
surrender,3.3960822557346093e-06,0.0,0.0,0.0
surrendered,3.3960822557346093e-06,0.0,0.0,0.0
surrey,0.0,0.0,0.0,3.299506752603559e-05
surrounded,0.0,0.0,0.0,0.0
surrounding,2.819002973530694e-06,0.0,4.712854632085791e-06,0.0
surroundings,1.6914017841184162e-05,0.0,0.0,2.7388380629084794e-06
surrounds,0.0,0.0,0.0,6.599013505207118e-06
survey,1.409501486765347e-06,0.0,2.3564273160428954e-06,0.0
surveyed,0.0,0.0,0.0,6.599013505207118e-06
surveying,0.0,0.0,5.677625082401832e-06,0.0
survive,0.0,0.0,1.1355250164803664e-05,0.0
survived,0.0,0.0,2.3564273160428954e-06,2.7388380629084794e-06
survivor,0.0,0.0,2.3564273160428954e-06,5.477676125816959e-06
susceptibility,0.0,0.0,5.677625082401832e-06,0.0
suspect,0.0,0.0,0.0,0.0
suspected,0.0,0.0,0.0,0.0
suspecting,0.0,0.0,4.712854632085791e-06,5.477676125816959e-06
suspects,4.2285044602960405e-06,0.0,2.3564273160428954e-06,0.0
suspend,0.0,0.0,5.677625082401832e-06,0.0
suspended,0.0,0.0,4.712854632085791e-06,2.7388380629084794e-06
suspense,4.2285044602960405e-06,0.0,1.4138563896257373e-05,0.0
suspicion,0.0,0.0,0.0,0.0
suspicions,0.0,0.0,0.0,0.0
suspicious,-1.639941436004128e-05,-1.0037494998614984e-05,-1.8277870262623253e-06,-1.0622039229336513e-05
suspiciously,1.6980411278673048e-05,0.0,0.0,0.0
suspiciousness,3.3960822557346093e-06,0.0,0.0,0.0
sussex,0.0,0.0,0.0,6.599013505207118e-06
sustained,0.0,0.0,5.677625082401832e-06,0.0
sutherland,0.0,0.0,0.0,6.599013505207118e-05
sutherlands,0.0,0.0,0.0,6.599013505207118e-06
svidrigaïlov,0.0006554438753567796,0.0,0.0,0.0
svidrigaïlovs,6.112948060322298e-05,0.0,0.0,0.0
svirbey,3.3960822557346093e-06,0.0,0.0,0.0
swag,0.0,0.0,0.0,6.599013505207118e-06
swain,0.0,0.0,0.0,1.3198027010414236e-05
swallow,1.409501486765347e-06,3.235145432636643e-06,0.0,0.0
swallowed,0.0,0.0,0.0,0.0
swallowing,6.792164511469219e-06,0.0,0.0,0.0
swallows,0.0,2.338448047411088e-05,0.0,0.0
swam,1.409501486765347e-06,3.235145432636643e-06,0.0,0.0
swamp,0.0,0.0,0.0,6.599013505207118e-06
swamps,0.0,7.794826824703627e-06,0.0,0.0
swan,1.409501486765347e-06,0.0,0.0,5.477676125816959e-06
swandam,0.0,0.0,0.0,5.2792108041656946e-05
swans,0.0,7.794826824703627e-06,0.0,0.0
swarm,0.0,0.0,0.0,1.3198027010414236e-05
swarmed,1.409501486765347e-06,6.470290865273286e-06,0.0,0.0
swarming,6.792164511469219e-06,0.0,0.0,0.0
swash,0.0,0.0,0.0,6.599013505207118e-06
swayed,0.0,0.0,0.0,6.599013505207118e-06
swaying,1.409501486765347e-06,0.0,0.0,2.7388380629084794e-06
swear,0.0,0.0,0.0,0.0
swearing,1.409501486765347e-06,3.235145432636643e-06,0.0,0.0
sweat,0.0,0.0,0.0,0.0
sweating,0.0,1.2940581730546572e-05,0.0,5.477676125816959e-06
sweaty,0.0,7.794826824703627e-06,0.0,0.0
sweep,4.2285044602960405e-06,0.0,0.0,2.7388380629084794e-06
sweeping,0.0,0.0,0.0,0.0
sweeps,3.3960822557346093e-06,0.0,0.0,0.0
sweet,-3.2798828720082563e-06,-7.02624649903049e-05,-1.2794509183836277e-05,-1.4870854921071116e-05
sweeter,1.409501486765347e-06,3.235145432636643e-06,0.0,0.0
sweetest,0.0,0.0,1.7032875247205498e-05,0.0
sweetheart,0.0,0.0,0.0,0.0
sweethearts,3.3960822557346093e-06,0.0,0.0,0.0
sweetie,3.3960822557346093e-06,0.0,0.0,0.0
sweetly,0.0,3.235145432636643e-06,0.0,2.7388380629084794e-06
sweetmeat,3.3960822557346093e-06,0.0,0.0,0.0
sweetness,0.0,0.0,1.1782136580214478e-05,2.7388380629084794e-06
swell,0.0,0.0,5.677625082401832e-06,0.0
swelled,0.0,0.0,2.3564273160428954e-06,2.7388380629084794e-06
swelling,0.0,3.235145432636643e-06,2.3564273160428954e-06,0.0
swept,0.0,0.0,0.0,0.0
swift,0.0,0.0,0.0,1.9797040515621355e-05
swiftly,0.0,1.6175727163183214e-05,0.0,3.834373288071871e-05
swim,0.0,0.0,0.0,0.0
swimmer,0.0,0.0,0.0,6.599013505207118e-06
swimming,0.0,9.70543629790993e-06,0.0,2.7388380629084794e-06
swindler,3.3960822557346093e-06,0.0,0.0,0.0
swindon,0.0,0.0,0.0,6.599013505207118e-06
swine,3.3960822557346093e-06,0.0,0.0,0.0
swing,0.0,0.0,0.0,0.0
swinging,2.819002973530694e-06,0.0,0.0,1.6433028377450875e-05
swinishness,3.3960822557346093e-06,0.0,0.0,0.0
swirl,0.0,7.794826824703627e-06,0.0,0.0
swirled,0.0,7.794826824703627e-06,0.0,0.0
swirling,3.3960822557346093e-06,0.0,0.0,0.0
swish,0.0,0.0,0.0,6.599013505207118e-06
swished,0.0,7.794826824703627e-06,0.0,0.0
swishing,0.0,7.794826824703627e-06,0.0,0.0
swiss,0.0,7.015344142233264e-05,0.0,0.0
switch,3.3960822557346093e-06,0.0,0.0,0.0
switches,3.3960822557346093e-06,0.0,0.0,0.0
switzerland,1.409501486765347e-06,4.529203605691301e-05,0.0,0.0
swollen,0.0,0.0,0.0,0.0
swoon,3.3960822557346093e-06,0.0,0.0,0.0
swooning,1.0188246767203828e-05,0.0,0.0,0.0
sword,0.0,1.5589653649407254e-05,0.0,0.0
swords,0.0,1.5589653649407254e-05,0.0,0.0
swordsman,0.0,0.0,0.0,6.599013505207118e-06
swore,0.0,0.0,0.0,0.0
sworn,4.2285044602960405e-06,0.0,0.0,5.477676125816959e-06
swum,0.0,7.794826824703627e-06,0.0,0.0
swung,0.0,0.0,0.0,0.0
syllable,4.2285044602960405e-06,0.0,1.1782136580214478e-05,0.0
syllables,0.0,0.0,2.3564273160428954e-06,2.7388380629084794e-06
symbol,3.3960822557346093e-06,0.0,0.0,0.0
symbolism,3.3960822557346093e-06,0.0,0.0,0.0
symmetry,0.0,0.0,5.677625082401832e-06,0.0
sympathetic,1.409501486765347e-06,0.0,0.0,5.477676125816959e-06
sympathetically,3.3960822557346093e-06,0.0,0.0,0.0
sympathise,6.792164511469219e-06,0.0,0.0,0.0
sympathize,0.0,0.0,5.677625082401832e-06,0.0
sympathy,1.5504516354418816e-05,0.0,0.0,1.6433028377450875e-05
symptom,0.0,0.0,0.0,0.0
symptoms,0.0,0.0,4.712854632085791e-06,5.477676125816959e-06
synonymously,0.0,0.0,5.677625082401832e-06,0.0
synovial,0.0,1.5589653649407254e-05,0.0,0.0
synthesis,0.0,0.0,0.0,6.599013505207118e-06
syphilis,0.0,3.897413412351813e-05,0.0,0.0
system,0.0,0.0,0.0,0.0
systematic,1.409501486765347e-06,0.0,0.0,2.7388380629084794e-06
systems,3.3960822557346093e-06,0.0,0.0,0.0
t,9.86651040735743e-06,0.0,0.0,5.477676125816959e-06
table,-0.0001333819034616691,-0.00013299680873164854,-6.58003329454437e-05,-0.00010834480013923242
tablecloth,3.3960822557346093e-06,0.0,0.0,0.0
tablecloths,0.0,7.794826824703627e-06,0.0,0.0
tables,0.0,0.0,0.0,0.0
tacit,0.0,0.0,5.677625082401832e-06,0.0
tacitly,3.3960822557346093e-06,0.0,0.0,0.0
taciturn,0.0,0.0,5.677625082401832e-06,0.0
tack,0.0,0.0,0.0,6.599013505207118e-06
tackle,0.0,0.0,2.3564273160428954e-06,5.477676125816959e-06
tactically,0.0,7.794826824703627e-06,0.0,0.0
tactics,3.3960822557346093e-06,0.0,0.0,0.0
tagliamento,0.0,5.456378777292539e-05,0.0,0.0
tags,0.0,0.0,0.0,6.599013505207118e-06
tail,0.0,0.0,0.0,0.0
tailboard,0.0,7.794826824703627e-06,0.0,0.0
tailed,0.0,0.0,0.0,6.599013505207118e-06
tailing,0.0,0.0,0.0,6.599013505207118e-06
tailless,0.0,0.0,0.0,6.599013505207118e-06
tailor,2.819002973530694e-06,3.235145432636643e-06,0.0,0.0
tailors,1.3584329022938437e-05,0.0,0.0,0.0
tails,0.0,0.0,0.0,6.599013505207118e-06
take,-0.00021209909238986726,-0.000316181092456372,-0.00014622296210098603,-0.0001678282198235169
taken,-8.637024896288408e-05,-6.273434374134364e-05,-5.6661397814132085e-05,-5.948341968428446e-05
takes,-5.4664714533470935e-06,-5.018747499307492e-06,-1.0966722157573952e-05,-1.0622039229336513e-05
taketh,0.0,0.0,0.0,6.599013505207118e-06
taking,-5.5758008824140356e-05,-3.0112484995844953e-05,-3.472795349898418e-05,-3.399052553387684e-05
takings,0.0,0.0,0.0,1.9797040515621355e-05
tale,8.457008920592081e-06,0.0,0.0,1.0955352251633918e-05
talent,0.0,0.0,0.0,0.0
talents,1.409501486765347e-06,0.0,1.1782136580214478e-05,0.0
tales,1.409501486765347e-06,0.0,0.0,8.216514188725437e-06
talk,-8.527695467221467e-05,-0.00015307179872887851,-5.848918484039441e-05,-4.248815691734605e-05
talkative,1.3584329022938437e-05,0.0,0.0,0.0
talked,-4.2638477336107334e-05,-4.265935374411368e-05,-6.945590699796835e-05,-1.2746447075203814e-05
talker,0.0,0.0,0.0,0.0
talking,-8.74635432535535e-05,-5.7715596242036164e-05,-7.311148105049302e-05,-1.9119670612805722e-05
talks,0.0,0.0,0.0,0.0
tall,-1.3119531488033025e-05,-3.764060624480619e-05,-1.4622296210098602e-05,-2.549289415040763e-05
taller,0.0,0.0,0.0,0.0
tallest,0.0,0.0,5.677625082401832e-06,0.0
tallied,0.0,0.0,0.0,6.599013505207118e-06
tallish,0.0,0.0,0.0,6.599013505207118e-06
tallow,1.409501486765347e-06,0.0,0.0,8.216514188725437e-06
tamara,0.0,7.794826824703627e-06,0.0,0.0
tambourine,3.3960822557346093e-06,0.0,0.0,0.0
tamping,0.0,7.794826824703627e-06,0.0,0.0
tangible,2.819002973530694e-06,0.0,0.0,2.7388380629084794e-06
tangle,5.638005947061388e-06,0.0,0.0,2.7388380629084794e-06
tangled,1.409501486765347e-06,0.0,0.0,1.0955352251633918e-05
tankerville,0.0,0.0,0.0,6.599013505207118e-06
tanned,0.0,6.470290865273286e-06,2.3564273160428954e-06,0.0
tanneries,0.0,7.794826824703627e-06,0.0,0.0
tannic,0.0,7.794826824703627e-06,0.0,0.0
tantalising,3.3960822557346093e-06,0.0,0.0,0.0
taormina,0.0,7.794826824703627e-06,0.0,0.0
tap,1.409501486765347e-06,0.0,0.0,8.216514188725437e-06
tape,3.3960822557346093e-06,0.0,0.0,0.0
tapes,3.3960822557346093e-06,0.0,0.0,0.0
tapped,0.0,0.0,0.0,0.0
tapping,1.409501486765347e-06,0.0,0.0,1.3694190314542398e-05
taradiddle,3.3960822557346093e-06,0.0,0.0,0.0
taranto,0.0,7.794826824703627e-06,0.0,0.0
target,0.0,7.794826824703627e-06,0.0,0.0
tarred,3.3960822557346093e-06,0.0,0.0,0.0
task,4.2285044602960405e-06,0.0,0.0,1.6433028377450875e-05
tassel,0.0,0.0,0.0,6.599013505207118e-06
taste,-4.3731771626776745e-06,-1.5056242497922477e-05,-2.5589018367672555e-05,-6.373223537601907e-06
tasted,4.2285044602960405e-06,9.70543629790993e-06,0.0,0.0
tastes,0.0,6.470290865273286e-06,2.3564273160428954e-06,0.0
tasting,3.3960822557346093e-06,0.0,0.0,0.0
tattered,1.409501486765347e-06,0.0,0.0,5.477676125816959e-06
tatters,3.3960822557346093e-06,0.0,0.0,0.0
tattoo,0.0,0.0,0.0,6.599013505207118e-06
tattooed,0.0,0.0,0.0,6.599013505207118e-06
taught,8.457008920592081e-06,0.0,1.8851418528343163e-05,0.0
taut,0.0,2.338448047411088e-05,0.0,0.0
tavern,0.00012905112571791517,0.0,0.0,0.0
taverns,1.6980411278673048e-05,0.0,0.0,0.0
tawny,0.0,3.235145432636643e-06,0.0,2.7388380629084794e-06
tax,0.0,0.0,4.712854632085791e-06,5.477676125816959e-06
taxi,0.0,3.117930729881451e-05,0.0,0.0
tchebarov,2.0376493534407657e-05,0.0,0.0,0.0
tchecos,0.0,7.794826824703627e-06,0.0,0.0
te,0.0,1.5589653649407254e-05,0.0,0.0
tea,-6.450436314949571e-05,-2.509373749653746e-06,-2.3761231341410226e-05,-6.373223537601907e-06
teach,-5.4664714533470935e-06,-5.018747499307492e-06,-9.138935131311627e-06,-2.1244078458673024e-06
teacher,6.792164511469219e-06,0.0,0.0,0.0
teachers,3.3960822557346093e-06,0.0,0.0,0.0
teaches,3.3960822557346093e-06,0.0,0.0,0.0
teaching,2.819002973530694e-06,0.0,4.712854632085791e-06,0.0
teapot,3.3960822557346093e-06,0.0,0.0,0.0
tear,-4.3731771626776745e-06,-2.509373749653746e-06,-3.6555740525246506e-06,-4.248815691734605e-06
tearful,6.792164511469219e-06,0.0,0.0,0.0
tearfully,6.792164511469219e-06,0.0,0.0,0.0
tearing,4.2285044602960405e-06,0.0,0.0,8.216514188725437e-06
tears,-5.5758008824140356e-05,-5.018747499307492e-06,-1.8277870262623254e-05,-2.1244078458673024e-06
tease,0.0,0.0,0.0,0.0
teased,0.0,3.235145432636643e-06,4.712854632085791e-06,0.0
teasing,0.0,0.0,0.0,0.0
teaspoon,3.3960822557346093e-06,0.0,0.0,0.0
technical,0.0,6.470290865273286e-06,0.0,2.7388380629084794e-06
technically,0.0,7.794826824703627e-06,0.0,0.0
tedious,1.409501486765347e-06,0.0,2.3564273160428954e-06,0.0
teeth,-1.0932942906694187e-05,-1.5056242497922477e-05,-1.8277870262623253e-06,-8.49763138346921e-06
teetotaler,0.0,0.0,0.0,6.599013505207118e-06
telegram,0.0,0.0,0.0,3.299506752603559e-05
telegraph,0.0,0.0,0.0,6.599013505207118e-06
telephone,0.0,2.2646018028456504e-05,0.0,2.7388380629084794e-06
telephoned,0.0,2.338448047411088e-05,0.0,0.0
telescope,0.0,7.794826824703627e-06,0.0,0.0
tell,-0.00026129733546999105,-0.00024842800121572086,-0.00012794509183836276,-0.00021031637674086292
teller,0.0,0.0,0.0,6.599013505207118e-06
telling,-3.607871159209082e-05,-1.0037494998614984e-05,-1.2794509183836277e-05,-1.2746447075203814e-05
tells,-3.2798828720082563e-06,-5.018747499307492e-06,-1.8277870262623253e-06,-2.1244078458673024e-06
temper,0.0,0.0,0.0,0.0
temperament,1.2685513380888124e-05,0.0,0.0,2.7388380629084794e-06
temperate,0.0,0.0,0.0,6.599013505207118e-06
temperature,0.0,3.897413412351813e-05,0.0,0.0
temperatures,0.0,2.338448047411088e-05,0.0,0.0
tempered,0.0,0.0,0.0,0.0
tempers,0.0,0.0,5.677625082401832e-06,0.0
tempest,6.792164511469219e-06,0.0,0.0,0.0
temple,4.2285044602960405e-06,0.0,0.0,1.0955352251633918e-05
temples,0.0,0.0,0.0,6.599013505207118e-06
temporary,0.0,0.0,0.0,0.0
tempt,0.0,0.0,2.271050032960733e-05,0.0
temptation,0.0,0.0,0.0,0.0
temptations,0.0,0.0,1.1355250164803664e-05,0.0
tempted,0.0,0.0,0.0,0.0
ten,-7.653060034685932e-05,-4.0149979994459936e-05,-5.848918484039441e-05,-6.373223537601907e-05
tenable,0.0,0.0,0.0,6.599013505207118e-06
tenacious,0.0,0.0,0.0,6.599013505207118e-06
tenant,0.0,0.0,2.3564273160428954e-06,2.7388380629084794e-06
tenants,0.0,0.0,1.1355250164803664e-05,0.0
tend,0.0,0.0,2.3564273160428954e-06,5.477676125816959e-06
tended,0.0,0.0,0.0,6.599013505207118e-06
tendencies,1.409501486765347e-06,0.0,0.0,2.7388380629084794e-06
tendency,0.0,0.0,0.0,0.0
tender,0.0,0.0,0.0,0.0
tenderly,0.0,0.0,1.1355250164803664e-05,0.0
tenderness,0.0,0.0,1.7032875247205498e-05,0.0
tending,3.3960822557346093e-06,0.0,0.0,0.0
tendons,0.0,7.794826824703627e-06,0.0,0.0
tenements,3.3960822557346093e-06,0.0,0.0,0.0
tenente,0.0,0.0006235861459762901,0.0,0.0
tenez,3.3960822557346093e-06,0.0,0.0,0.0
tenfold,0.0,0.0,0.0,6.599013505207118e-06
tennessee,0.0,0.0,0.0,6.599013505207118e-06
tenor,0.0,7.794826824703627e-06,0.0,0.0
tenors,0.0,7.794826824703627e-06,0.0,0.0
tenour,0.0,0.0,5.677625082401832e-06,0.0
tens,0.0,0.0,5.677625082401832e-06,0.0
tense,0.0,0.0,0.0,6.599013505207118e-06
tension,0.0,0.0,0.0,1.9797040515621355e-05
tent,0.0,3.235145432636643e-06,2.3564273160428954e-06,0.0
tentative,3.3960822557346093e-06,0.0,0.0,0.0
tentatively,1.409501486765347e-06,3.235145432636643e-06,0.0,0.0
tenth,0.0,2.338448047411088e-05,0.0,0.0
tents,0.0,0.0,0.0,0.0
terebyeva,6.792164511469219e-06,0.0,0.0,0.0
term,0.0,0.0,0.0,0.0
termed,0.0,0.0,5.677625082401832e-06,0.0
terminated,0.0,0.0,0.0,6.599013505207118e-06
termination,0.0,0.0,4.712854632085791e-06,2.7388380629084794e-06
terms,0.0,0.0,0.0,0.0
ternova,0.0,7.794826824703627e-06,0.0,0.0
terns,0.0,7.794826824703627e-06,0.0,0.0
terrace,3.3960822557346093e-06,0.0,0.0,0.0
terraced,0.0,6.470290865273286e-06,0.0,2.7388380629084794e-06
terrible,0.0,0.0,0.0,0.0
terribly,0.0,0.0,0.0,0.0
terrific,0.0,3.235145432636643e-06,2.3564273160428954e-06,0.0
terrifically,0.0,7.794826824703627e-06,0.0,0.0
terrified,4.2285044602960405e-06,0.0,0.0,8.216514188725437e-06
terrifying,3.3960822557346093e-06,0.0,0.0,0.0
terror,6.060856393090992e-05,0.0,0.0,1.9171866440359353e-05
terrorising,0.0,0.0,0.0,6.599013505207118e-06
terrors,6.792164511469219e-06,0.0,0.0,0.0
terse,0.0,0.0,0.0,6.599013505207118e-06
test,-2.1865885813388372e-06,-7.528121248961238e-06,-1.8277870262623253e-06,-1.2746447075203814e-05
testament,4.2285044602960405e-06,0.0,0.0,5.477676125816959e-06
tested,0.0,0.0,0.0,6.599013505207118e-06
testified,0.0,0.0,1.1355250164803664e-05,0.0
testifies,3.3960822557346093e-06,0.0,0.0,0.0
testifying,0.0,0.0,5.677625082401832e-06,0.0
testimony,2.819002973530694e-06,0.0,4.712854632085791e-06,0.0
tetanus,0.0,1.5589653649407254e-05,0.0,0.0
texas,0.0,0.0,0.0,6.599013505207118e-06
text,1.409501486765347e-06,0.0,0.0,2.7388380629084794e-06
texture,0.0,0.0,0.0,6.599013505207118e-06
tfoo,1.0188246767203828e-05,0.0,0.0,0.0
thames,0.0,0.0,0.0,6.599013505207118e-06
than,-0.00019460638373915653,-0.00013550618248130229,-0.0005154359414059757,-0.0003356564396470338
thank,-2.842565155740489e-05,-9.28468287371886e-05,-3.472795349898418e-05,-5.523460399254986e-05
thanked,0.0,0.0,0.0,0.0
thankful,1.409501486765347e-06,0.0,2.1207845844386058e-05,0.0
thankfully,0.0,0.0,5.677625082401832e-06,0.0
thankfulness,0.0,0.0,5.677625082401832e-06,0.0
thanking,0.0,0.0,0.0,0.0
thanks,-5.4664714533470935e-06,-2.7603111246191207e-05,-2.5589018367672555e-05,-4.248815691734605e-06
thanksgiving,3.3960822557346093e-06,0.0,0.0,0.0
that,-0.0032044455659520662,-0.0016185460685266661,-0.0029043535847308346,-0.0037028428753467083
thatll,3.3960822557346093e-06,0.0,0.0,0.0
thats,0.0,0.0,0.0,0.0
thaws,0.0,7.794826824703627e-06,0.0,0.0
the,-0.008506922875698748,-0.015550589126604264,-0.007912490036689606,-0.011879688674089955
theatre,0.0,0.0,5.677625082401832e-06,0.0
theatres,0.0,0.0,5.677625082401832e-06,0.0
theatrical,0.0,7.794826824703627e-06,0.0,0.0
thee,8.457008920592081e-06,6.470290865273286e-06,0.0,0.0
theft,0.0,0.0,0.0,6.599013505207118e-06
their,-0.00024380462681928037,-0.00023839050621710586,-0.0008042262915554231,-0.00020606756104912832
theirs,0.0,0.0,0.0,0.0
them,-0.0006494168086576347,-0.0007653589936443925,-0.0007950873564241115,-0.00031016354549662613
theme,1.0188246767203828e-05,0.0,0.0,0.0
themes,3.3960822557346093e-06,0.0,0.0,0.0
thems,0.0,0.0,0.0,6.599013505207118e-06
themselves,-2.951894584807431e-05,-5.018747499307492e-06,-6.0316971866656735e-05,-8.49763138346921e-06
then,-0.0005149416109052962,-0.0007728871148933537,-0.0003180349425696446,-0.0007796576794333
thence,0.0,0.0,5.677625082401832e-06,0.0
theological,0.0,0.0,0.0,6.599013505207118e-06
theoretical,0.0,0.0,0.0,6.599013505207118e-06
theories,7.047507433826735e-06,0.0,0.0,1.9171866440359353e-05
theorise,0.0,0.0,0.0,6.599013505207118e-06
theory,2.9599531222072284e-05,0.0,0.0,2.4649542566176314e-05
therapy,0.0,1.5589653649407254e-05,0.0,0.0
there,-0.0007959182436073368,-0.001332477461066139,-0.0006452088202706009,-0.0010685771464712531
thereafter,3.3960822557346093e-06,0.0,0.0,0.0
thereby,0.0,0.0,0.0,0.0
thered,3.3960822557346093e-06,0.0,0.0,0.0
therefore,0.0,0.0,0.0,0.0
therein,0.0,0.0,2.3564273160428954e-06,2.7388380629084794e-06
therell,2.819002973530694e-06,3.235145432636643e-06,0.0,0.0
theres,-8.74635432535535e-05,-9.535620248684234e-05,-1.8277870262623253e-06,-2.549289415040763e-05
thereupon,0.0,0.0,1.1355250164803664e-05,0.0
thermometer,0.0,2.338448047411088e-05,0.0,0.0
these,-0.00012463554913631373,-4.767810124342117e-05,-0.00012794509183836276,-0.0001699526276693842
they,-0.0008188774237113946,-0.0016737522910190486,-0.0010948444287311328,-0.00042275716132759316
theyd,1.1276011894122775e-05,1.941087259581986e-05,0.0,0.0
theyll,1.6914017841184162e-05,5.499747235482293e-05,0.0,0.0
theyre,1.2685513380888124e-05,6.470290865273285e-05,0.0,0.0
theyve,2.6780528248541593e-05,3.5586599759003076e-05,0.0,0.0
thick,0.0,0.0,0.0,0.0
thickening,0.0,0.0,0.0,6.599013505207118e-06
thickest,3.3960822557346093e-06,0.0,0.0,0.0
thicket,0.0,0.0,0.0,6.599013505207118e-06
thickly,0.0,0.0,0.0,0.0
thickness,1.409501486765347e-06,0.0,0.0,2.7388380629084794e-06
thicknesses,0.0,7.794826824703627e-06,0.0,0.0
thief,1.5504516354418816e-05,0.0,0.0,1.6433028377450875e-05
thieves,1.409501486765347e-06,0.0,0.0,8.216514188725437e-06
thigh,0.0,2.338448047411088e-05,0.0,0.0
thighs,0.0,7.794826824703627e-06,0.0,0.0
thin,-3.279882872008256e-05,-6.022496999168991e-05,-9.138935131311627e-06,-4.4612564763213354e-05
thing,-0.00015087461211237978,-0.00010790307123511109,-4.9350249709082784e-05,-9.984716875576321e-05
things,-0.00011916907768296664,-0.00017314678872610849,-5.483361078786975e-05,-5.7359011838417166e-05
think,-0.0002263119181685697,-0.0003488029512018707,-0.0003838352755150883,-0.0003696469651809106
thinkable,3.3960822557346093e-06,0.0,0.0,0.0
thinker,0.0,3.235145432636643e-06,0.0,5.477676125816959e-06
thinking,-8.855683754422292e-05,-5.7715596242036164e-05,-4.021131457777115e-05,-1.4870854921071116e-05
thinks,-7.653060034685932e-06,-5.018747499307492e-06,-7.311148105049301e-06,-8.49763138346921e-06
thinner,2.819002973530694e-06,3.235145432636643e-06,0.0,0.0
thinness,1.409501486765347e-06,0.0,0.0,2.7388380629084794e-06
third,-3.826530017342966e-05,-3.0112484995844953e-05,-1.2794509183836277e-05,-3.399052553387684e-05
thirdly,5.638005947061388e-06,0.0,4.712854632085791e-06,0.0
thirst,2.819002973530694e-06,3.235145432636643e-06,0.0,0.0
thirsting,6.792164511469219e-06,0.0,0.0,0.0
thirsty,0.0,1.5589653649407254e-05,0.0,0.0
thirteen,2.819002973530694e-06,0.0,2.3564273160428954e-06,0.0
thirteenth,3.3960822557346093e-06,0.0,0.0,0.0
thirty,-3.4985417301421396e-05,-1.7565616247576225e-05,-5.483361078786976e-06,-3.1866117688009535e-05
this,-0.0007445334119458741,-0.000454196648687328,-0.0008170208007392593,-0.0010367110287832436
thither,0.0,0.0,2.1207845844386058e-05,2.7388380629084794e-06
thoreaus,0.0,0.0,0.0,6.599013505207118e-06
thorough,2.819002973530694e-06,0.0,7.069281948128687e-06,0.0
thoroughfare,2.819002973530694e-06,0.0,0.0,5.477676125816959e-06
thoroughfares,3.3960822557346093e-06,0.0,0.0,0.0
thoroughly,0.0,0.0,0.0,0.0
those,-0.00011698248910162782,-9.786557623649609e-05,-0.00010601164752321486,-0.00014021091782724196
thou,4.0752987068815313e-05,0.0,0.0,0.0
though,-0.0004832360764758831,-8.782808123788111e-05,-0.0004130798679352855,-0.00013383769428964006
thought,-0.00033345475865417275,-0.0002132967687205684,-0.0002028843599151181,-0.00016357940413178228
thoughtful,0.0,0.0,0.0,0.0
thoughtfully,1.409501486765347e-05,0.0,0.0,8.216514188725437e-06
thoughtfulness,0.0,0.0,1.1355250164803664e-05,0.0
thoughtless,0.0,0.0,7.069281948128687e-06,2.7388380629084794e-06
thoughtlessness,0.0,0.0,1.7032875247205498e-05,0.0
thoughts,-2.1865885813388374e-05,-2.509373749653746e-06,-4.752246268282045e-05,-1.2746447075203814e-05
thousand,-5.466471453347094e-05,-3.0112484995844953e-05,-6.214475889291907e-05,-1.4870854921071116e-05
thousands,1.1276011894122775e-05,0.0,0.0,8.216514188725437e-06
thrash,1.0188246767203828e-05,0.0,0.0,0.0
thrashed,1.2685513380888124e-05,3.235145432636643e-06,0.0,0.0
thrashing,4.2285044602960405e-06,3.235145432636643e-06,0.0,0.0
thread,1.1276011894122775e-05,0.0,0.0,2.7388380629084794e-06
threadbare,1.409501486765347e-06,0.0,4.712854632085791e-06,0.0
threadneedle,0.0,0.0,0.0,1.3198027010414236e-05
threads,6.792164511469219e-06,0.0,0.0,0.0
threat,7.047507433826735e-06,0.0,0.0,2.7388380629084794e-06
threaten,0.0,0.0,0.0,6.599013505207118e-06
threatened,0.0,0.0,0.0,0.0
threatening,2.819002973530694e-06,0.0,0.0,2.7388380629084794e-06
threatens,0.0,0.0,0.0,1.3198027010414236e-05
threats,0.0,0.0,0.0,0.0
three,-0.00014650143494970212,-0.00019071240497368469,-0.00011149500860200183,-0.0001508329570565785
threshold,4.2285044602960405e-06,0.0,0.0,8.216514188725437e-06
thresholds,0.0,0.0,0.0,6.599013505207118e-06
threw,-2.1865885813388374e-05,-1.5056242497922477e-05,-1.6450083236360926e-05,-6.160782753015178e-05
thrice,3.3960822557346093e-06,0.0,0.0,0.0
thrill,1.409501486765347e-06,0.0,0.0,2.7388380629084794e-06
thrilling,0.0,0.0,0.0,6.599013505207118e-06
throat,-1.2026237197363608e-05,-1.0037494998614984e-05,-1.8277870262623253e-06,-1.2746447075203814e-05
throats,1.409501486765347e-06,0.0,0.0,2.7388380629084794e-06
throb,3.3960822557346093e-06,0.0,0.0,0.0
throbbed,0.0,0.0,0.0,0.0
throbbing,1.1276011894122775e-05,0.0,0.0,2.7388380629084794e-06
throng,3.3960822557346093e-06,0.0,0.0,0.0
thronged,3.3960822557346093e-06,0.0,0.0,0.0
thronging,3.3960822557346093e-06,0.0,0.0,0.0
through,-0.00015743437785639632,-0.00029861547620879577,-7.676705510301765e-05,-0.00019332111397392452
throughout,0.0,0.0,0.0,0.0
throw,-2.5145768685396633e-05,-3.26218587454987e-05,-1.4622296210098602e-05,-2.3368486304540325e-05
throwing,-6.559765744016513e-06,-2.509373749653746e-06,-3.6555740525246506e-06,-2.761730199627493e-05
thrown,-1.639941436004128e-05,-2.509373749653746e-06,-1.4622296210098602e-05,-2.1244078458673025e-05
throws,2.819002973530694e-06,0.0,0.0,8.216514188725437e-06
thrust,0.0,0.0,0.0,0.0
thrusting,0.0,0.0,0.0,1.3198027010414236e-05
thud,1.409501486765347e-06,0.0,0.0,2.7388380629084794e-06
thudding,0.0,3.235145432636643e-06,0.0,2.7388380629084794e-06
thuds,3.3960822557346093e-06,0.0,0.0,0.0
thumb,0.0,2.2646018028456504e-05,0.0,4.108257094362719e-05
thumbs,0.0,7.794826824703627e-06,0.0,0.0
thumped,0.0,0.0,0.0,6.599013505207118e-06
thumping,1.0188246767203828e-05,0.0,0.0,0.0
thunder,1.6980411278673048e-05,0.0,0.0,0.0
thunderbolt,1.3584329022938437e-05,0.0,0.0,0.0
thunderclap,3.3960822557346093e-06,0.0,0.0,0.0
thunderstorm,3.3960822557346093e-06,0.0,0.0,0.0
thunderstruck,3.3960822557346093e-06,0.0,0.0,0.0
thursday,0.0,0.0,0.0,0.0
thus,0.0,0.0,0.0,0.0
thwarted,0.0,0.0,5.677625082401832e-06,0.0
thy,2.0376493534407657e-05,0.0,0.0,0.0
théorie,3.3960822557346093e-06,0.0,0.0,0.0
tiara,0.0,0.0,0.0,6.599013505207118e-06
tiber,0.0,7.794826824703627e-06,0.0,0.0
ticket,0.0,0.0,0.0,0.0
tickets,-2.1865885813388372e-06,-1.0037494998614984e-05,-5.483361078786976e-06,-4.248815691734605e-06
ticking,1.409501486765347e-06,0.0,0.0,2.7388380629084794e-06
tickled,3.3960822557346093e-06,0.0,0.0,0.0
tickling,3.3960822557346093e-06,0.0,0.0,0.0
ticklish,3.3960822557346093e-06,0.0,0.0,0.0
tide,0.0,0.0,4.712854632085791e-06,2.4649542566176314e-05
tidings,1.409501486765347e-06,0.0,7.069281948128687e-06,0.0
tidy,1.409501486765347e-06,0.0,0.0,2.7388380629084794e-06
tie,0.0,0.0,0.0,0.0
tied,0.0,0.0,0.0,0.0
ties,0.0,3.117930729881451e-05,0.0,0.0
tiger,0.0,0.0,0.0,6.599013505207118e-06
tight,0.0,0.0,0.0,0.0
tightened,0.0,7.794826824703627e-06,0.0,0.0
tightly,0.0,0.0,0.0,0.0
tile,0.0,7.794826824703627e-06,0.0,0.0
tiled,0.0,7.794826824703627e-06,0.0,0.0
till,-7.981048321886757e-05,-1.7565616247576225e-05,-0.00017181198046865859,-4.248815691734605e-06
tilted,1.409501486765347e-06,0.0,0.0,2.7388380629084794e-06
timber,0.0,6.235861459762902e-05,0.0,0.0
timbered,0.0,0.0,0.0,6.599013505207118e-06
time,-0.0004198250076170568,-0.00038393418369702314,-0.00036007404417367806,-0.00032078558472596266
timed,0.0,0.0,5.677625082401832e-06,0.0
timely,0.0,7.794826824703627e-06,0.0,0.0
times,-6.997083460284279e-05,-3.764060624480619e-05,-3.655574052524651e-05,-3.8239341225611444e-05
timid,1.5504516354418816e-05,0.0,0.0,5.477676125816959e-06
timidity,3.3960822557346093e-06,0.0,0.0,0.0
timidly,7.810989188189602e-05,0.0,0.0,0.0
timing,0.0,7.794826824703627e-06,0.0,0.0
timorous,3.3960822557346093e-06,0.0,0.0,0.0
tin,0.0,0.0,0.0,0.0
tinge,2.819002973530694e-06,0.0,0.0,2.7388380629084794e-06
tinged,0.0,0.0,0.0,6.599013505207118e-06
tiniest,1.409501486765347e-06,0.0,0.0,2.7388380629084794e-06
tinkers,0.0,0.0,0.0,6.599013505207118e-06
tinkle,1.3584329022938437e-05,0.0,0.0,0.0
tinkled,3.3960822557346093e-06,0.0,0.0,0.0
tinkling,3.3960822557346093e-06,0.0,0.0,0.0
tinned,0.0,7.794826824703627e-06,0.0,0.0
tins,0.0,7.794826824703627e-06,0.0,0.0
tint,0.0,0.0,0.0,3.299506752603559e-05
tinted,0.0,0.0,0.0,5.2792108041656946e-05
tiny,0.0,0.0,0.0,0.0
tion,3.3960822557346093e-06,0.0,0.0,0.0
tip,0.0,0.0,0.0,0.0
tipped,0.0,3.117930729881451e-05,0.0,0.0
tipping,0.0,7.794826824703627e-06,0.0,0.0
tips,0.0,9.70543629790993e-06,0.0,1.3694190314542398e-05
tipsily,3.3960822557346093e-06,0.0,0.0,0.0
tipsy,1.3584329022938437e-05,0.0,0.0,0.0
tiptoe,2.377257579014227e-05,0.0,0.0,0.0
tiptoed,0.0,7.794826824703627e-06,0.0,0.0
tiptoes,0.0,0.0,0.0,1.3198027010414236e-05
tirade,3.3960822557346093e-06,0.0,0.0,0.0
tire,0.0,0.0,0.0,6.599013505207118e-06
tired,-1.8586002941380122e-05,-0.00014805305122957103,-7.311148105049301e-06,-4.248815691734605e-06
tires,0.0,3.235145432636643e-06,2.3564273160428954e-06,0.0
tiresome,1.409501486765347e-06,0.0,4.712854632085791e-06,0.0
tis,0.0,0.0,1.7032875247205498e-05,0.0
tissue,0.0,6.470290865273286e-06,0.0,2.7388380629084794e-06
tit,3.3960822557346093e-06,0.0,0.0,0.0
tithes,0.0,0.0,5.677625082401832e-06,0.0
titian,0.0,1.5589653649407254e-05,0.0,0.0
title,0.0,0.0,0.0,0.0
titles,3.3960822557346093e-06,0.0,0.0,0.0
tittered,3.3960822557346093e-06,0.0,0.0,0.0
titular,6.792164511469219e-06,0.0,0.0,0.0
to,-0.005888483049545489,-0.00488324131682619,-0.007612732964382585,-0.00582725072121401
toast,0.0,3.235145432636643e-06,0.0,2.7388380629084794e-06
tobacco,0.0,0.0,0.0,0.0
tobacconist,0.0,0.0,0.0,6.599013505207118e-06
tobaccos,3.3960822557346093e-06,0.0,0.0,0.0
toboggan,0.0,4.676896094822176e-05,0.0,0.0
tobogganing,0.0,1.5589653649407254e-05,0.0,0.0
toboggans,0.0,2.338448047411088e-05,0.0,0.0
today,3.3960822557346093e-06,0.0,0.0,0.0
toe,0.0,0.0,0.0,1.9797040515621355e-05
toes,6.792164511469219e-06,0.0,0.0,0.0
together,-7.106412889351222e-05,-0.00010539369748545733,-0.00011697836968078882,-7.435427460535559e-05
toilet,0.0,7.794826824703627e-06,0.0,0.0
toilette,0.0,0.0,1.1355250164803664e-05,0.0
token,0.0,0.0,2.3564273160428954e-06,2.7388380629084794e-06
told,-0.00014103496349635502,-9.033745498753486e-05,-0.00012794509183836276,-0.00010622039229336512
tolerable,0.0,0.0,8.516437623602748e-05,0.0
tolerably,0.0,0.0,7.948675115362566e-05,0.0
tolerance,0.0,7.794826824703627e-06,0.0,0.0
toller,0.0,0.0,0.0,9.898520257810678e-05
tollers,0.0,0.0,0.0,6.599013505207118e-06
tolstyakov,3.3960822557346093e-06,0.0,0.0,0.0
tomato,0.0,7.794826824703627e-06,0.0,0.0
tomb,6.792164511469219e-06,0.0,0.0,0.0
tomboy,0.0,0.0,0.0,6.599013505207118e-06
tomfoolery,0.0,0.0,0.0,6.599013505207118e-06
ton,3.3960822557346093e-06,0.0,0.0,0.0
tone,0.0,0.0,0.0,0.0
tones,0.0,0.0,0.0,0.0
tongs,0.0,3.235145432636643e-06,0.0,2.7388380629084794e-06
tongue,-8.746354325355349e-06,-7.528121248961238e-06,-5.483361078786976e-06,-8.49763138346921e-06
tongues,1.409501486765347e-06,0.0,2.3564273160428954e-06,0.0
tonnage,0.0,0.0,0.0,6.599013505207118e-06
tons,0.0,0.0,0.0,6.599013505207118e-06
tonsils,0.0,7.794826824703627e-06,0.0,0.0
too,-0.0005510203224973871,-0.00038393418369702314,-0.0002595457577292502,-0.0001742014433611188
took,-0.00018148685225112353,-0.0002559561224646821,-9.687271239190323e-05,-0.0001848234825904553
tool,1.409501486765347e-06,0.0,0.0,2.7388380629084794e-06
tools,0.0,0.0,0.0,6.599013505207118e-06
tooth,2.819002973530694e-06,0.0,0.0,5.477676125816959e-06
toothbrush,0.0,2.338448047411088e-05,0.0,0.0
toothbrushing,0.0,7.794826824703627e-06,0.0,0.0
top,-2.0772591522718957e-05,-6.273434374134364e-05,-1.8277870262623253e-06,-2.974170984214223e-05
topic,0.0,0.0,2.3564273160428954e-06,2.7388380629084794e-06
topics,0.0,0.0,5.677625082401832e-06,0.0
topped,0.0,3.235145432636643e-06,0.0,2.7388380629084794e-06
tops,0.0,0.0,0.0,0.0
topsy,3.3960822557346093e-06,0.0,0.0,0.0
tore,9.86651040735743e-06,0.0,0.0,1.3694190314542398e-05
torino,0.0,7.794826824703627e-06,0.0,0.0
torment,2.819002973530694e-06,0.0,2.3564273160428954e-06,0.0
tormented,1.6980411278673048e-05,0.0,0.0,0.0
tormenting,4.2285044602960405e-06,0.0,2.3564273160428954e-06,0.0
tormentor,3.3960822557346093e-06,0.0,0.0,0.0
torn,0.0,0.0,0.0,0.0
torrent,0.0,7.794826824703627e-06,0.0,0.0
tortoise,3.3960822557346093e-06,0.0,0.0,0.0
torture,4.754515158028454e-05,0.0,0.0,0.0
tortured,0.0,0.0,0.0,0.0
torturer,3.3960822557346093e-06,0.0,0.0,0.0
torturing,1.6980411278673048e-05,0.0,0.0,0.0
tosca,0.0,1.5589653649407254e-05,0.0,0.0
tossed,2.819002973530694e-06,0.0,0.0,1.3694190314542398e-05
tossing,0.0,0.0,0.0,1.3198027010414236e-05
total,0.0,0.0,0.0,0.0
totally,0.0,0.0,4.542100065921466e-05,0.0
tottenham,0.0,0.0,0.0,2.6396054020828473e-05
tottered,3.3960822557346093e-06,0.0,0.0,0.0
tottering,0.0,0.0,0.0,6.599013505207118e-06
touch,0.0,0.0,0.0,0.0
touched,-8.746354325355349e-06,-2.7603111246191207e-05,-7.311148105049301e-06,-1.2746447075203814e-05
touches,3.3960822557346093e-06,0.0,0.0,0.0
touching,0.0,0.0,0.0,0.0
touchingly,3.3960822557346093e-06,0.0,0.0,0.0
tough,2.819002973530694e-06,6.470290865273286e-06,0.0,0.0
toughest,0.0,7.794826824703627e-06,0.0,0.0
toulon,6.792164511469219e-06,0.0,0.0,0.0
tour,0.0,0.0,3.4065750494410995e-05,0.0
tourists,0.0,7.794826824703627e-06,0.0,0.0
tourniquet,0.0,1.5589653649407254e-05,0.0,0.0
tout,2.819002973530694e-06,0.0,0.0,8.216514188725437e-06
toutes,3.3960822557346093e-06,0.0,0.0,0.0
toward,0.0,0.0004365103021834031,0.0,0.0
towards,0.0,0.0,0.0,0.0
towel,5.638005947061388e-06,3.235145432636643e-06,0.0,0.0
tower,0.0,0.0,0.0,0.0
town,-5.357142024280152e-05,-0.000158090546228186,-0.00012063394373331347,-4.8861380454947953e-05
towns,4.2285044602960405e-06,0.0,0.0,2.7388380629084794e-06
townspeople,6.792164511469219e-06,0.0,0.0,0.0
toy,0.0,3.235145432636643e-06,0.0,5.477676125816959e-06
trace,0.0,0.0,0.0,0.0
traced,0.0,0.0,4.712854632085791e-06,1.6433028377450875e-05
traces,0.0,0.0,0.0,0.0
track,0.0,0.0,0.0,0.0
tracking,3.3960822557346093e-06,0.0,0.0,0.0
tracks,0.0,0.0,0.0,0.0
tractable,0.0,0.0,5.677625082401832e-06,0.0
tractors,0.0,2.338448047411088e-05,0.0,0.0
trade,0.0,0.0,0.0,0.0
trades,3.3960822557346093e-06,0.0,0.0,0.0
tradesman,0.0,0.0,0.0,0.0
tradesmans,0.0,0.0,5.677625082401832e-06,0.0
tradesmen,0.0,0.0,0.0,6.599013505207118e-06
tradesmens,0.0,0.0,0.0,1.9797040515621355e-05
tradespeople,0.0,0.0,0.0,6.599013505207118e-06
trading,3.3960822557346093e-06,0.0,0.0,0.0
tradition,1.0188246767203828e-05,0.0,0.0,0.0
traditional,6.792164511469219e-06,0.0,0.0,0.0
traditions,1.409501486765347e-06,0.0,0.0,2.7388380629084794e-06
trafalgar,0.0,0.0,0.0,6.599013505207118e-06
traffic,0.0,0.0,0.0,0.0
tragedy,0.0,0.0,0.0,3.959408103124271e-05
tragic,2.819002973530694e-06,0.0,0.0,2.7388380629084794e-06
trail,0.0,3.235145432636643e-06,0.0,2.7388380629084794e-06
trailed,3.3960822557346093e-06,0.0,0.0,0.0
trails,0.0,7.794826824703627e-06,0.0,0.0
train,-1.2026237197363608e-05,-9.033745498753486e-05,-1.8277870262623253e-06,-4.4612564763213354e-05
trained,1.409501486765347e-06,0.0,0.0,1.0955352251633918e-05
training,0.0,9.70543629790993e-06,0.0,8.216514188725437e-06
trains,0.0,0.0,0.0,6.599013505207118e-06
trait,0.0,0.0,5.677625082401832e-06,0.0
trajectory,0.0,7.794826824703627e-06,0.0,0.0
tram,0.0,1.5589653649407254e-05,0.0,0.0
tramp,3.3960822557346093e-06,0.0,0.0,0.0
tramped,0.0,0.0,0.0,6.599013505207118e-06
trample,3.3960822557346093e-06,0.0,0.0,0.0
trampled,1.409501486765347e-06,0.0,0.0,5.477676125816959e-06
tramps,3.3960822557346093e-06,0.0,0.0,0.0
tramway,0.0,7.794826824703627e-06,0.0,0.0
tranquil,0.0,0.0,1.1355250164803664e-05,0.0
tranquillity,0.0,0.0,2.8388125412009164e-05,0.0
tranquilly,0.0,0.0,5.677625082401832e-06,0.0
transaction,0.0,0.0,0.0,6.599013505207118e-06
transactions,0.0,0.0,1.1355250164803664e-05,0.0
transferred,0.0,0.0,2.3564273160428954e-06,5.477676125816959e-06
transferring,3.3960822557346093e-06,0.0,0.0,0.0
transfigured,3.3960822557346093e-06,0.0,0.0,0.0
transform,1.409501486765347e-06,0.0,0.0,2.7388380629084794e-06
transformed,4.2285044602960405e-06,0.0,0.0,2.7388380629084794e-06
transformer,0.0,0.0,0.0,6.599013505207118e-06
transgress,1.3584329022938437e-05,0.0,0.0,0.0
transgressed,6.792164511469219e-06,0.0,0.0,0.0
transient,0.0,0.0,5.677625082401832e-06,0.0
transition,0.0,0.0,2.3564273160428954e-06,2.7388380629084794e-06
translated,0.0,3.117930729881451e-05,0.0,0.0
translating,1.3584329022938437e-05,0.0,0.0,0.0
translation,8.457008920592081e-06,3.235145432636643e-06,0.0,0.0
transmit,0.0,0.0,0.0,6.599013505207118e-06
transparent,0.0,0.0,0.0,0.0
transpired,0.0,0.0,2.3564273160428954e-06,5.477676125816959e-06
transport,0.0,0.0,0.0,0.0
transports,0.0,0.0,1.1355250164803664e-05,0.0
transverse,0.0,0.0,0.0,6.599013505207118e-06
tranzano,0.0,7.794826824703627e-06,0.0,0.0
trap,0.0,0.0,0.0,0.0
trapped,2.819002973530694e-06,9.70543629790993e-06,0.0,0.0
trash,1.6980411278673048e-05,0.0,0.0,0.0
trashy,3.3960822557346093e-06,0.0,0.0,0.0
travel,0.0,0.0,0.0,0.0
travelled,0.0,0.0,2.3564273160428954e-06,1.6433028377450875e-05
traveller,0.0,0.0,0.0,1.3198027010414236e-05
travellers,0.0,0.0,9.425709264171582e-06,2.7388380629084794e-06
travelling,-1.0932942906694186e-06,-2.509373749653746e-06,-1.0966722157573952e-05,-4.248815691734605e-06
travels,0.0,0.0,0.0,0.0
tray,0.0,0.0,0.0,0.0
trays,0.0,7.794826824703627e-06,0.0,0.0
treachery,0.0,0.0,0.0,0.0
treacle,3.3960822557346093e-06,0.0,0.0,0.0
tread,1.409501486765347e-06,0.0,0.0,8.216514188725437e-06
treason,0.0,1.5589653649407254e-05,0.0,0.0
treasure,0.0,0.0,0.0,0.0
treasured,0.0,0.0,5.677625082401832e-06,0.0
treat,0.0,0.0,0.0,0.0
treated,-1.2026237197363608e-05,-2.509373749653746e-06,-1.2794509183836277e-05,-8.49763138346921e-06
treating,0.0,0.0,0.0,0.0
treatise,3.3960822557346093e-06,0.0,0.0,0.0
treatises,0.0,0.0,0.0,6.599013505207118e-06
treatment,-6.559765744016513e-06,-5.018747499307492e-06,-9.138935131311627e-06,-2.1244078458673024e-06
treatments,0.0,3.117930729881451e-05,0.0,0.0
treble,0.0,0.0,0.0,1.3198027010414236e-05
tree,0.0,0.0,0.0,0.0
trees,-5.4664714533470935e-06,-0.00015558117247853226,-9.138935131311627e-06,-1.699526276693842e-05
trellis,0.0,7.794826824703627e-06,0.0,0.0
trellised,0.0,7.794826824703627e-06,0.0,0.0
tremble,4.2285044602960405e-06,0.0,2.3564273160428954e-06,0.0
trembled,2.255202378824555e-05,0.0,2.3564273160428954e-06,0.0
trembling,0.0,0.0,0.0,0.0
tremblings,0.0,0.0,5.677625082401832e-06,0.0
tremendous,3.3960822557346093e-06,0.0,0.0,0.0
tremendously,1.3584329022938437e-05,0.0,0.0,0.0
tremor,9.86651040735743e-06,0.0,0.0,2.7388380629084794e-06
tremulously,3.3960822557346093e-06,0.0,0.0,0.0
trench,0.0,4.676896094822176e-05,0.0,0.0
trenches,0.0,2.338448047411088e-05,0.0,0.0
trentino,0.0,7.794826824703627e-06,0.0,0.0
trepidation,1.409501486765347e-06,0.0,2.3564273160428954e-06,0.0
trepoff,0.0,0.0,0.0,6.599013505207118e-06
trespass,0.0,0.0,1.1355250164803664e-05,0.0
trespasser,0.0,0.0,0.0,6.599013505207118e-06
tresses,0.0,0.0,0.0,1.3198027010414236e-05
trial,1.1276011894122775e-05,0.0,4.712854632085791e-06,0.0
trials,0.0,0.0,0.0,0.0
triangle,0.0,7.794826824703627e-06,0.0,0.0
triangular,0.0,0.0,0.0,6.599013505207118e-06
tribulation,1.0188246767203828e-05,0.0,0.0,0.0
tribute,0.0,0.0,5.677625082401832e-06,0.0
trick,0.0,0.0,0.0,0.0
tricked,0.0,0.0,0.0,6.599013505207118e-06
trickled,3.3960822557346093e-06,0.0,0.0,0.0
tricks,-3.2798828720082563e-06,-2.509373749653746e-06,-1.8277870262623253e-06,-2.1244078458673024e-06
tricky,0.0,0.0,0.0,6.599013505207118e-06
tried,-6.231777456815687e-05,-6.775309124065114e-05,-2.7416805393934876e-05,-2.761730199627493e-05
tries,1.409501486765347e-06,0.0,2.3564273160428954e-06,0.0
trieste,0.0,1.5589653649407254e-05,0.0,0.0
trifle,0.0,0.0,0.0,0.0
trifled,0.0,0.0,5.677625082401832e-06,0.0
trifles,1.832351932794951e-05,0.0,0.0,5.477676125816959e-06
trifling,0.0,0.0,0.0,0.0
trigger,1.409501486765347e-06,3.235145432636643e-06,0.0,0.0
trilled,3.3960822557346093e-06,0.0,0.0,0.0
trim,0.0,0.0,2.3564273160428954e-06,5.477676125816959e-06
trimly,0.0,0.0,0.0,6.599013505207118e-06
trimmed,1.409501486765347e-06,0.0,0.0,5.477676125816959e-06
trimming,0.0,0.0,5.677625082401832e-06,0.0
trincomalee,0.0,0.0,0.0,6.599013505207118e-06
trinity,3.3960822557346093e-06,0.0,0.0,0.0
trinket,3.3960822557346093e-06,0.0,0.0,0.0
trinkets,2.0376493534407657e-05,0.0,0.0,0.0
trip,0.0,2.5881163461093143e-05,0.0,2.7388380629084794e-06
tripped,0.0,1.5589653649407254e-05,0.0,0.0
trips,0.0,7.794826824703627e-06,0.0,0.0
tripwires,0.0,7.794826824703627e-06,0.0,0.0
trite,0.0,0.0,0.0,6.599013505207118e-06
triumph,0.0,0.0,0.0,0.0
triumphant,0.0,0.0,0.0,0.0
triumphantly,5.638005947061388e-06,0.0,4.712854632085791e-06,0.0
triumphed,3.3960822557346093e-06,0.0,0.0,0.0
triumphing,0.0,0.0,5.677625082401832e-06,0.0
triumphs,0.0,7.794826824703627e-06,0.0,0.0
trivial,1.2685513380888124e-05,0.0,0.0,2.4649542566176314e-05
trivialities,3.3960822557346093e-06,0.0,0.0,0.0
trodden,3.3960822557346093e-06,0.0,0.0,0.0
troll,0.0,1.5589653649407254e-05,0.0,0.0
trolled,0.0,7.794826824703627e-06,0.0,0.0
trolling,0.0,2.338448047411088e-05,0.0,0.0
troop,0.0,0.0,5.677625082401832e-06,0.0
trooped,0.0,0.0,0.0,6.599013505207118e-06
troopers,0.0,0.0,0.0,6.599013505207118e-06
troops,0.0,0.0002260499779164052,0.0,0.0
trophy,0.0,0.0,0.0,6.599013505207118e-06
tropics,0.0,0.0,0.0,6.599013505207118e-06
trouble,-3.826530017342966e-05,-7.277183873995864e-05,-3.838352755150883e-05,-2.549289415040763e-05
troubled,1.1276011894122775e-05,0.0,0.0,8.216514188725437e-06
troubles,1.409501486765347e-06,0.0,0.0,1.0955352251633918e-05
troublesome,2.819002973530694e-06,0.0,2.3564273160428954e-06,0.0
troubling,0.0,0.0,0.0,0.0
trough,0.0,3.235145432636643e-06,0.0,8.216514188725437e-06
trouser,0.0,3.235145432636643e-06,0.0,2.7388380629084794e-06
trousers,0.0,0.0,0.0,0.0
trousseau,3.3960822557346093e-06,0.0,0.0,0.0
trout,0.0,0.0,0.0,0.0
trove,0.0,0.0,0.0,6.599013505207118e-06
truant,0.0,7.794826824703627e-06,0.0,0.0
truck,0.0,4.676896094822176e-05,0.0,0.0
trucks,0.0,0.00010133274872114715,0.0,0.0
trudging,6.792164511469219e-06,0.0,0.0,0.0
true,-5.685130311480978e-05,-3.513123249515245e-05,-4.752246268282045e-05,-6.160782753015178e-05
truer,3.3960822557346093e-06,0.0,0.0,0.0
truest,0.0,0.0,5.677625082401832e-06,0.0
truly,-4.3731771626776745e-06,-5.018747499307492e-06,-1.2794509183836277e-05,-6.373223537601907e-06
trumpet,1.409501486765347e-06,0.0,0.0,2.7388380629084794e-06
trunk,-6.559765744016513e-06,-1.2546868748268729e-05,-1.8277870262623253e-06,-4.248815691734605e-06
trunks,-1.0932942906694186e-06,-7.528121248961238e-06,-1.8277870262623253e-06,-2.1244078458673024e-06
truss,0.0,2.338448047411088e-05,0.0,0.0
trust,-1.8586002941380122e-05,-7.528121248961238e-06,-2.7416805393934876e-05,-3.399052553387684e-05
trusted,0.0,0.0,0.0,0.0
trustees,0.0,0.0,0.0,1.3198027010414236e-05
trustful,3.3960822557346093e-06,0.0,0.0,0.0
trusting,0.0,0.0,1.1355250164803664e-05,0.0
trusts,1.409501486765347e-06,3.235145432636643e-06,0.0,0.0
trusty,0.0,0.0,0.0,1.3198027010414236e-05
truth,-4.9198243080123845e-05,-2.509373749653746e-06,-4.9350249709082784e-05,-3.1866117688009535e-05
truthful,3.3960822557346093e-06,0.0,0.0,0.0
try,-3.0612240138743727e-05,-9.28468287371886e-05,-2.1933444315147905e-05,-1.699526276693842e-05
trying,-5.794459740547919e-05,-2.7603111246191207e-05,-1.0966722157573952e-05,-1.699526276693842e-05
tryst,3.3960822557346093e-06,0.0,0.0,0.0
tsar,6.792164511469219e-06,0.0,0.0,0.0
tub,3.3960822557346093e-06,0.0,0.0,0.0
tube,0.0,3.235145432636643e-06,0.0,2.7388380629084794e-06
tubercles,1.0188246767203828e-05,0.0,0.0,0.0
tubes,0.0,0.0,0.0,6.599013505207118e-06
tucked,0.0,0.0,0.0,0.0
tudor,0.0,0.0,0.0,6.599013505207118e-06
tuesday,0.0,0.0,2.8277127792514747e-05,2.7388380629084794e-06
tuft,0.0,7.794826824703627e-06,0.0,0.0
tug,0.0,0.0,0.0,6.599013505207118e-06
tugged,9.86651040735743e-06,0.0,0.0,8.216514188725437e-06
tugging,1.409501486765347e-06,0.0,0.0,2.7388380629084794e-06
tumbled,0.0,0.0,0.0,6.599013505207118e-06
tumbler,0.0,6.470290865273286e-06,0.0,2.7388380629084794e-06
tummy,0.0,7.794826824703627e-06,0.0,0.0
tumult,0.0,0.0,1.7032875247205498e-05,0.0
tumultuously,0.0,0.0,0.0,6.599013505207118e-06
tune,1.409501486765347e-06,0.0,0.0,2.7388380629084794e-06
tunes,0.0,0.0,0.0,6.599013505207118e-06
tunic,0.0,6.235861459762902e-05,0.0,0.0
tunnel,0.0,9.70543629790993e-06,0.0,5.477676125816959e-06
tunnels,0.0,0.0,0.0,6.599013505207118e-06
turban,6.792164511469219e-06,0.0,0.0,0.0
turf,0.0,6.470290865273286e-06,0.0,2.7388380629084794e-06
turgenev,3.3960822557346093e-06,0.0,0.0,0.0
turin,0.0,2.338448047411088e-05,0.0,0.0
turk,3.3960822557346093e-06,0.0,0.0,0.0
turkey,0.0,2.338448047411088e-05,0.0,0.0
turkish,1.409501486765347e-06,0.0,0.0,2.7388380629084794e-06
turmoil,6.792164511469219e-06,0.0,0.0,0.0
turn,-5.357142024280152e-05,-4.767810124342117e-05,-4.752246268282045e-05,-6.373223537601907e-05
turned,-0.00019132650086714828,-0.00014303430373026354,-7.859484212927998e-05,-0.00010834480013923242
turner,0.0,0.0,0.0,0.00013198027010414236
turners,0.0,0.0,0.0,1.3198027010414236e-05
turning,-6.0131185986818026e-05,-5.018747499307492e-06,-2.3761231341410226e-05,-3.399052553387684e-05
turnpike,0.0,0.0,5.677625082401832e-06,0.0
turnpikes,0.0,0.0,5.677625082401832e-06,0.0
turns,-8.746354325355349e-06,-7.528121248961238e-06,-3.6555740525246506e-06,-4.248815691734605e-06
turvy,3.3960822557346093e-06,0.0,0.0,0.0
tut,4.2285044602960405e-06,0.0,0.0,2.1910704503267835e-05
tweed,0.0,0.0,0.0,1.9797040515621355e-05
twelfth,3.3960822557346093e-06,0.0,0.0,0.0
twelve,-5.4664714533470935e-06,-5.018747499307492e-06,-9.138935131311627e-06,-1.9119670612805722e-05
twelvemonth,0.0,0.0,3.4065750494410995e-05,0.0
twenties,0.0,7.794826824703627e-06,0.0,0.0
twentieth,0.0,0.0,0.0,1.3198027010414236e-05
twenty,-5.903789169614862e-05,-2.5093737496537457e-05,-3.107237944645953e-05,-5.098578830081526e-05
twice,-2.951894584807431e-05,-2.0074989997229968e-05,-2.3761231341410226e-05,-3.399052553387684e-05
twig,0.0,0.0,0.0,6.599013505207118e-06
twigs,0.0,1.5589653649407254e-05,0.0,0.0
twilight,2.819002973530694e-06,0.0,0.0,2.7388380629084794e-06
twinge,3.3960822557346093e-06,0.0,0.0,0.0
twinkle,0.0,0.0,0.0,6.599013505207118e-06
twinkled,0.0,0.0,0.0,2.6396054020828473e-05
twinkling,1.409501486765347e-06,0.0,0.0,2.7388380629084794e-06
twins,0.0,0.0,0.0,1.3198027010414236e-05
twirl,0.0,7.794826824703627e-06,0.0,0.0
twist,2.819002973530694e-06,0.0,0.0,1.0955352251633918e-05
twisted,0.0,0.0,0.0,0.0
twisting,7.047507433826735e-06,3.235145432636643e-06,0.0,0.0
twitch,1.409501486765347e-06,0.0,0.0,2.7388380629084794e-06
twitched,2.819002973530694e-06,3.235145432636643e-06,0.0,0.0
twitching,0.0,0.0,0.0,0.0
twitter,0.0,0.0,0.0,6.599013505207118e-06
two,-0.0002645772183419993,-0.00041906541619217554,-0.00024675124854541393,-0.00031441236118836077
twopence,0.0,0.0,0.0,1.3198027010414236e-05
tying,0.0,0.0,0.0,6.599013505207118e-06
type,0.0,0.0,0.0,0.0
typed,0.0,7.794826824703627e-06,0.0,0.0
types,6.792164511469219e-06,0.0,0.0,0.0
typewrite,0.0,0.0,0.0,6.599013505207118e-06
typewriter,0.0,0.0,0.0,1.9797040515621355e-05
typewriting,0.0,0.0,0.0,2.6396054020828473e-05
typewritist,0.0,0.0,0.0,6.599013505207118e-06
typewritten,0.0,0.0,0.0,3.959408103124271e-05
typhus,3.3960822557346093e-06,0.0,0.0,0.0
tyranny,3.3960822557346093e-06,0.0,0.0,0.0
tyrant,3.3960822557346093e-06,0.0,0.0,0.0
tyrolese,3.3960822557346093e-06,0.0,0.0,0.0
tête,2.819002973530694e-06,0.0,1.8851418528343163e-05,0.0
u,2.39615252750109e-05,0.0,0.0,5.477676125816959e-06
udine,0.0,0.0001481017096693689,0.0,0.0
uffa,0.0,0.0,0.0,6.599013505207118e-06
ufficiali,0.0,7.794826824703627e-06,0.0,0.0
ugh,1.0188246767203828e-05,0.0,0.0,0.0
uglier,0.0,0.0,5.677625082401832e-06,0.0
ugliness,1.409501486765347e-06,0.0,0.0,2.7388380629084794e-06
ugly,-7.653060034685932e-06,-2.509373749653746e-06,-3.6555740525246506e-06,-2.1244078458673024e-06
ulster,0.0,0.0,0.0,3.299506752603559e-05
ulsters,0.0,0.0,0.0,6.599013505207118e-06
ulterior,6.792164511469219e-06,0.0,0.0,0.0
ultimate,0.0,0.0,0.0,6.599013505207118e-06
ultimately,0.0,0.0,5.677625082401832e-06,0.0
um,0.0,7.794826824703627e-06,0.0,0.0
umbrella,0.0,6.793805408536951e-05,0.0,5.477676125816959e-06
umsonst,3.3960822557346093e-06,0.0,0.0,0.0
un,0.0,0.0,2.3564273160428954e-06,2.7388380629084794e-06
unabashed,0.0,0.0,5.677625082401832e-06,0.0
unabated,0.0,0.0,5.677625082401832e-06,0.0
unable,-2.623906297606605e-05,-2.509373749653746e-06,-2.5589018367672555e-05,-1.0622039229336513e-05
unaccountable,7.047507433826735e-06,0.0,4.712854632085791e-06,0.0
unacknowledged,0.0,0.0,5.677625082401832e-06,0.0
unacquainted,0.0,0.0,2.3564273160428954e-06,2.7388380629084794e-06
unadorned,3.3960822557346093e-06,0.0,0.0,0.0
unaffected,1.409501486765347e-06,0.0,1.1782136580214478e-05,0.0
unaffectedly,0.0,0.0,1.1355250164803664e-05,0.0
unallied,0.0,0.0,5.677625082401832e-06,0.0
unalloyed,1.409501486765347e-06,0.0,2.3564273160428954e-06,0.0
unalterable,0.0,0.0,5.677625082401832e-06,0.0
unanswerable,0.0,0.0,5.677625082401832e-06,0.0
unappeasable,0.0,0.0,5.677625082401832e-06,0.0
unapproachable,0.0,0.0,0.0,6.599013505207118e-06
unasked,0.0,0.0,5.677625082401832e-06,0.0
unassailed,0.0,0.0,5.677625082401832e-06,0.0
unassuming,0.0,0.0,1.7032875247205498e-05,0.0
unattainable,1.0188246767203828e-05,0.0,0.0,0.0
unattended,0.0,0.0,5.677625082401832e-06,0.0
unattractive,0.0,7.794826824703627e-06,0.0,0.0
unavailing,0.0,0.0,1.1355250164803664e-05,0.0
unavenged,0.0,0.0,0.0,6.599013505207118e-06
unavoidable,1.409501486765347e-06,0.0,2.3564273160428954e-06,0.0
unavoidably,0.0,0.0,5.677625082401832e-06,0.0
unaware,1.409501486765347e-06,0.0,2.3564273160428954e-06,0.0
unawares,3.3960822557346093e-06,0.0,0.0,0.0
unbearable,2.7168658045876875e-05,0.0,0.0,0.0
unbecoming,0.0,0.0,5.677625082401832e-06,0.0
unbelieving,3.3960822557346093e-06,0.0,0.0,0.0
unbending,1.409501486765347e-06,0.0,2.3564273160428954e-06,0.0
unblemished,0.0,0.0,5.677625082401832e-06,0.0
unbounded,6.792164511469219e-06,0.0,0.0,0.0
unbreakable,0.0,0.0,0.0,6.599013505207118e-06
unburned,0.0,0.0,0.0,6.599013505207118e-06
unbuttoned,0.0,0.0,0.0,0.0
uncanny,3.3960822557346093e-06,0.0,0.0,0.0
uncarpeted,0.0,0.0,0.0,6.599013505207118e-06
unceremonious,3.3960822557346093e-06,0.0,0.0,0.0
unceremoniously,2.0376493534407657e-05,0.0,0.0,0.0
uncertain,0.0,0.0,0.0,0.0
uncertainly,3.3960822557346093e-06,0.0,0.0,0.0
uncertainties,3.3960822557346093e-06,0.0,0.0,0.0
uncertainty,4.2285044602960405e-06,0.0,2.3564273160428954e-06,0.0
unchanged,0.0,0.0,5.677625082401832e-06,0.0
unchaperoned,0.0,7.794826824703627e-06,0.0,0.0
unchildish,6.792164511469219e-06,0.0,0.0,0.0
unchildlike,3.3960822557346093e-06,0.0,0.0,0.0
uncivil,0.0,0.0,2.8388125412009164e-05,0.0
unclasping,0.0,3.235145432636643e-06,0.0,2.7388380629084794e-06
unclaspings,0.0,0.0,0.0,6.599013505207118e-06
uncle,-1.0932942906694187e-05,-7.528121248961238e-06,-0.00011149500860200183,-2.974170984214223e-05
uncleanliness,3.3960822557346093e-06,0.0,0.0,0.0
uncleanness,3.3960822557346093e-06,0.0,0.0,0.0
uncles,0.0,0.0,0.0,0.0
uncomfortable,-1.0932942906694186e-06,-1.2546868748268729e-05,-1.4622296210098602e-05,-2.1244078458673024e-06
uncommon,0.0,0.0,1.1782136580214478e-05,2.7388380629084794e-06
uncommonly,0.0,0.0,5.1098625741616486e-05,0.0
uncompanionable,0.0,0.0,5.677625082401832e-06,0.0
uncompromising,0.0,0.0,0.0,6.599013505207118e-06
unconcealed,3.3960822557346093e-06,0.0,0.0,0.0
unconcern,0.0,0.0,1.7032875247205498e-05,0.0
unconcerned,0.0,0.0,4.712854632085791e-06,2.7388380629084794e-06
uncongenial,0.0,0.0,0.0,6.599013505207118e-06
unconnected,0.0,0.0,2.271050032960733e-05,0.0
unconscious,0.0,0.0,0.0,0.0
unconsciously,1.2685513380888124e-05,0.0,7.069281948128687e-06,0.0
unconsciousness,3.3960822557346093e-06,0.0,0.0,0.0
uncontrollable,1.409501486765347e-06,0.0,0.0,8.216514188725437e-06
uncontrolled,0.0,0.0,5.677625082401832e-06,0.0
uncorked,0.0,7.794826824703627e-06,0.0,0.0
uncourteous,0.0,0.0,0.0,6.599013505207118e-06
uncouth,2.819002973530694e-06,0.0,0.0,2.7388380629084794e-06
uncovered,1.409501486765347e-06,0.0,0.0,2.7388380629084794e-06
uncritically,3.3960822557346093e-06,0.0,0.0,0.0
und,3.3960822557346093e-06,0.0,0.0,0.0
undated,0.0,0.0,0.0,6.599013505207118e-06
undeceive,0.0,0.0,5.677625082401832e-06,0.0
undecided,0.0,0.0,5.677625082401832e-06,0.0
under,-0.00010276966332292536,-0.00022835301121849089,-6.0316971866656735e-05,-9.1349537372294e-05
underclothes,3.3960822557346093e-06,0.0,0.0,0.0
underclothing,0.0,7.794826824703627e-06,0.0,0.0
undergo,0.0,0.0,0.0,6.599013505207118e-06
undergoing,3.3960822557346093e-06,0.0,0.0,0.0
undergone,4.2285044602960405e-06,0.0,4.712854632085791e-06,0.0
underground,2.819002973530694e-06,0.0,0.0,5.477676125816959e-06
underlip,3.3960822557346093e-06,0.0,0.0,0.0
underneath,0.0,0.0,0.0,0.0
undershirt,0.0,7.794826824703627e-06,0.0,0.0
understand,-0.0001935130894484871,-5.0187474993074915e-05,-5.483361078786975e-05,-0.00010197157660163051
understanding,0.0,0.0,0.0,0.0
understands,1.3584329022938437e-05,0.0,0.0,0.0
understood,-3.279882872008256e-05,-2.0074989997229968e-05,-2.3761231341410226e-05,-6.373223537601907e-06
undertake,9.86651040735743e-06,0.0,0.0,2.7388380629084794e-06
undertaken,4.2285044602960405e-06,0.0,2.3564273160428954e-06,0.0
undertaking,0.0,0.0,0.0,0.0
undertone,3.3960822557346093e-06,0.0,0.0,0.0
undertook,6.792164511469219e-06,0.0,0.0,0.0
undervalued,0.0,0.0,5.677625082401832e-06,0.0
undervaluing,0.0,0.0,5.677625082401832e-06,0.0
underwear,0.0,1.5589653649407254e-05,0.0,0.0
undeserved,0.0,0.0,5.677625082401832e-06,0.0
undeservedly,3.3960822557346093e-06,0.0,0.0,0.0
undeserving,0.0,0.0,1.7032875247205498e-05,0.0
undetermined,0.0,0.0,5.677625082401832e-06,0.0
undid,0.0,0.0,0.0,0.0
undiminished,0.0,0.0,5.677625082401832e-06,0.0
undisguised,3.3960822557346093e-06,0.0,0.0,0.0
undismayed,3.3960822557346093e-06,0.0,0.0,0.0
undo,0.0,0.0,0.0,0.0
undoing,1.409501486765347e-06,0.0,0.0,2.7388380629084794e-06
undone,0.0,0.0,5.677625082401832e-06,0.0
undoubted,1.409501486765347e-06,0.0,2.3564273160428954e-06,0.0
undoubtedly,0.0,0.0,0.0,0.0
undress,0.0,7.794826824703627e-06,0.0,0.0
undressed,5.638005947061388e-06,1.2940581730546572e-05,0.0,0.0
undressing,8.457008920592081e-06,6.470290865273286e-06,0.0,0.0
undue,0.0,0.0,0.0,6.599013505207118e-06
undutiful,0.0,0.0,5.677625082401832e-06,0.0
une,6.792164511469219e-06,0.0,0.0,0.0
unearthed,3.3960822557346093e-06,0.0,0.0,0.0
uneasily,6.112948060322298e-05,0.0,0.0,0.0
uneasiness,0.0,0.0,0.0,0.0
uneasy,0.0,0.0,0.0,0.0
uneducated,1.0188246767203828e-05,0.0,0.0,0.0
unembarrassed,0.0,0.0,1.1355250164803664e-05,0.0
unendurable,3.3960822557346093e-06,0.0,0.0,0.0
unequal,1.409501486765347e-06,0.0,9.425709264171582e-06,0.0
unequally,0.0,0.0,5.677625082401832e-06,0.0
unexampled,0.0,0.0,5.677625082401832e-06,0.0
unexpected,0.0,0.0,0.0,0.0
unexpectedly,1.2685513380888124e-05,0.0,7.069281948128687e-06,0.0
unfailing,6.792164511469219e-06,0.0,0.0,0.0
unfailingly,0.0,0.0,0.0,6.599013505207118e-06
unfair,3.3960822557346093e-06,0.0,0.0,0.0
unfairly,3.3960822557346093e-06,0.0,0.0,0.0
unfaithful,0.0,7.794826824703627e-06,0.0,0.0
unfamiliar,6.792164511469219e-06,0.0,0.0,0.0
unfastened,1.6980411278673048e-05,0.0,0.0,0.0
unfavourable,1.409501486765347e-06,0.0,4.712854632085791e-06,0.0
unfavourably,0.0,0.0,5.677625082401832e-06,0.0
unfeeling,0.0,0.0,1.7032875247205498e-05,0.0
unfeigned,1.409501486765347e-06,0.0,0.0,2.7388380629084794e-06
unfelt,0.0,0.0,1.1355250164803664e-05,0.0
unfenced,0.0,0.0,0.0,6.599013505207118e-06
unfettered,0.0,0.0,0.0,6.599013505207118e-06
unfinished,0.0,0.0,0.0,6.599013505207118e-06
unfit,0.0,0.0,1.1355250164803664e-05,0.0
unfold,1.409501486765347e-06,0.0,2.3564273160428954e-06,0.0
unfolded,1.409501486765347e-06,0.0,1.1782136580214478e-05,0.0
unfolding,1.409501486765347e-06,0.0,2.3564273160428954e-06,0.0
unforeseen,1.409501486765347e-06,0.0,0.0,1.0955352251633918e-05
unforgiving,0.0,0.0,1.1355250164803664e-05,0.0
unfortunate,0.0,0.0,0.0,0.0
unfortunately,0.0,0.0,0.0,0.0
unfrequently,0.0,0.0,5.677625082401832e-06,0.0
ungainly,0.0,7.794826824703627e-06,0.0,0.0
ungenerous,0.0,0.0,1.7032875247205498e-05,0.0
ungenerously,0.0,0.0,0.0,6.599013505207118e-06
ungentlemanly,1.3584329022938437e-05,0.0,0.0,0.0
ungovernable,0.0,0.0,0.0,0.0
ungracious,0.0,0.0,1.7032875247205498e-05,0.0
ungraciousness,0.0,0.0,5.677625082401832e-06,0.0
ungrateful,5.638005947061388e-06,0.0,0.0,8.216514188725437e-06
unguarded,2.819002973530694e-06,0.0,9.425709264171582e-06,0.0
unhappier,6.792164511469219e-06,0.0,0.0,0.0
unhappily,2.819002973530694e-06,0.0,7.069281948128687e-06,0.0
unhappiness,0.0,0.0,1.1355250164803664e-05,0.0
unhappy,-1.8586002941380122e-05,-2.509373749653746e-06,-2.3761231341410226e-05,-8.49763138346921e-06
unhealthy,1.409501486765347e-06,0.0,0.0,2.7388380629084794e-06
unheard,1.409501486765347e-06,0.0,2.3564273160428954e-06,0.0
unheeded,1.409501486765347e-06,0.0,0.0,2.7388380629084794e-06
unhewn,3.3960822557346093e-06,0.0,0.0,0.0
unhinged,3.056474030161149e-05,0.0,0.0,0.0
unholy,3.3960822557346093e-06,0.0,0.0,0.0
unhooked,0.0,1.5589653649407254e-05,0.0,0.0
unhooking,0.0,7.794826824703627e-06,0.0,0.0
unhurried,3.3960822557346093e-06,0.0,0.0,0.0
uniform,-5.4664714533470935e-06,-3.764060624480619e-05,-1.8277870262623253e-06,-2.1244078458673024e-06
uniformity,0.0,0.0,5.677625082401832e-06,0.0
uniformly,0.0,3.235145432636643e-06,7.069281948128687e-06,0.0
uniforms,0.0,3.117930729881451e-05,0.0,0.0
unimpaired,6.792164511469219e-06,0.0,0.0,0.0
unimpeachable,0.0,0.0,0.0,1.3198027010414236e-05
unimportant,0.0,0.0,2.3564273160428954e-06,2.7388380629084794e-06
uninfluenced,3.3960822557346093e-06,0.0,0.0,0.0
uninformed,0.0,7.794826824703627e-06,0.0,0.0
uninhabited,6.792164511469219e-06,0.0,0.0,0.0
unintelligible,0.0,0.0,5.677625082401832e-06,0.0
unintentional,3.3960822557346093e-06,0.0,0.0,0.0
unintentionally,3.3960822557346093e-06,0.0,0.0,0.0
uninterrupted,3.3960822557346093e-06,0.0,0.0,0.0
uninvited,1.0188246767203828e-05,0.0,0.0,0.0
union,0.0,0.0,7.069281948128687e-06,8.216514188725437e-06
unique,1.409501486765347e-06,0.0,0.0,1.3694190314542398e-05
unison,0.0,0.0,5.677625082401832e-06,0.0
unit,0.0,7.794826824703627e-06,0.0,0.0
unite,0.0,0.0,1.1355250164803664e-05,0.0
united,0.0,0.0,0.0,0.0
uniting,0.0,0.0,5.677625082401832e-06,0.0
units,0.0,1.5589653649407254e-05,0.0,0.0
universal,4.2285044602960405e-06,0.0,7.069281948128687e-06,0.0
universally,0.0,0.0,1.7032875247205498e-05,0.0
universities,0.0,0.0,5.677625082401832e-06,0.0
university,6.112948060322298e-05,0.0,0.0,0.0
unjust,2.819002973530694e-06,0.0,9.425709264171582e-06,0.0
unjustifiable,0.0,0.0,1.1355250164803664e-05,0.0
unjustly,0.0,0.0,1.1355250164803664e-05,0.0
unkempt,4.2285044602960405e-06,0.0,0.0,2.7388380629084794e-06
unkindness,0.0,0.0,5.677625082401832e-06,0.0
unknowing,0.0,7.794826824703627e-06,0.0,0.0
unknowingly,0.0,0.0,5.677625082401832e-06,0.0
unknown,0.0,0.0,0.0,0.0
unlaced,0.0,7.794826824703627e-06,0.0,0.0
unlatched,6.792164511469219e-06,0.0,0.0,0.0
unless,-3.2798828720082563e-06,-2.0074989997229968e-05,-3.655574052524651e-05,-2.3368486304540325e-05
unlike,0.0,0.0,0.0,0.0
unlikely,0.0,0.0,9.425709264171582e-06,8.216514188725437e-06
unloaded,0.0,2.338448047411088e-05,0.0,0.0
unlocked,0.0,0.0,0.0,0.0
unlocking,2.819002973530694e-06,0.0,0.0,5.477676125816959e-06
unlooked,6.792164511469219e-06,0.0,0.0,0.0
unloosed,3.3960822557346093e-06,0.0,0.0,0.0
unluckily,0.0,0.0,1.7032875247205498e-05,0.0
unlucky,0.0,0.0,5.677625082401833e-05,0.0
unmarked,0.0,0.0,5.677625082401832e-06,0.0
unmarried,1.409501486765347e-06,0.0,0.0,2.7388380629084794e-06
unmasked,3.3960822557346093e-06,0.0,0.0,0.0
unmerited,3.3960822557346093e-06,0.0,0.0,0.0
unmistakable,1.1276011894122775e-05,0.0,0.0,2.7388380629084794e-06
unmistakably,3.3960822557346093e-06,0.0,0.0,0.0
unmitigated,3.3960822557346093e-06,0.0,0.0,0.0
unmixed,3.3960822557346093e-06,0.0,0.0,0.0
unmoved,1.409501486765347e-06,0.0,2.3564273160428954e-06,0.0
unnatural,0.0,0.0,0.0,0.0
unnaturally,0.0,0.0,5.677625082401832e-06,0.0
unnecessarily,1.409501486765347e-06,0.0,2.3564273160428954e-06,0.0
unnecessary,0.0,0.0,0.0,0.0
unnoticed,4.2285044602960405e-06,0.0,0.0,2.7388380629084794e-06
unobservant,0.0,0.0,0.0,6.599013505207118e-06
unobserved,2.819002973530694e-06,0.0,0.0,2.7388380629084794e-06
unofficial,0.0,0.0,0.0,6.599013505207118e-06
unopened,1.409501486765347e-06,0.0,0.0,2.7388380629084794e-06
unpack,0.0,0.0,0.0,6.599013505207118e-06
unpacked,0.0,3.235145432636643e-06,0.0,2.7388380629084794e-06
unpacking,0.0,7.794826824703627e-06,0.0,0.0
unpainted,3.3960822557346093e-06,0.0,0.0,0.0
unpapered,0.0,0.0,0.0,6.599013505207118e-06
unpardonable,4.2285044602960405e-06,0.0,9.425709264171582e-06,0.0
unpardonably,3.3960822557346093e-06,0.0,0.0,0.0
unpleasant,-9.83964861602477e-06,-5.018747499307492e-06,-1.4622296210098602e-05,-1.2746447075203814e-05
unpleasantly,1.409501486765347e-06,0.0,2.3564273160428954e-06,0.0
unpleasantness,0.0,0.0,0.0,0.0
unpleasing,1.409501486765347e-06,0.0,2.3564273160428954e-06,0.0
unpractised,3.3960822557346093e-06,0.0,0.0,0.0
unprecedented,1.409501486765347e-06,0.0,0.0,2.7388380629084794e-06
unprepared,0.0,0.0,5.677625082401832e-06,0.0
unpretending,0.0,0.0,5.677625082401832e-06,0.0
unprincipled,1.409501486765347e-06,0.0,2.3564273160428954e-06,0.0
unprofitable,0.0,0.0,2.3564273160428954e-06,2.7388380629084794e-06
unprotected,0.0,0.0,5.677625082401832e-06,0.0
unpunctual,3.3960822557346093e-06,0.0,0.0,0.0
unqualified,0.0,0.0,5.677625082401832e-06,0.0
unquestionably,0.0,0.0,5.677625082401832e-06,0.0
unravel,0.0,0.0,0.0,6.599013505207118e-06
unravelled,0.0,0.0,0.0,6.599013505207118e-06
unravelling,0.0,0.0,0.0,6.599013505207118e-06
unreal,1.409501486765347e-06,6.470290865273286e-06,0.0,0.0
unreasonable,0.0,6.470290865273286e-06,1.649499121230027e-05,0.0
unreasonably,0.0,0.0,0.0,0.0
unreasoning,1.409501486765347e-06,0.0,0.0,5.477676125816959e-06
unrecognised,3.3960822557346093e-06,0.0,0.0,0.0
unredeemed,6.792164511469219e-06,0.0,0.0,0.0
unrepaired,0.0,0.0,0.0,6.599013505207118e-06
unreserve,0.0,0.0,5.677625082401832e-06,0.0
unreserved,1.409501486765347e-06,0.0,7.069281948128687e-06,0.0
unrestrained,1.409501486765347e-06,0.0,2.3564273160428954e-06,0.0
unsafe,3.3960822557346093e-06,0.0,0.0,0.0
unsatisfactory,2.819002973530694e-06,3.235145432636643e-06,0.0,0.0
unscrew,0.0,7.794826824703627e-06,0.0,0.0
unscrewed,0.0,7.794826824703627e-06,0.0,0.0
unscrupulous,3.3960822557346093e-06,0.0,0.0,0.0
unseat,0.0,0.0,0.0,6.599013505207118e-06
unseemly,1.409501486765347e-05,3.235145432636643e-06,0.0,0.0
unseen,1.0188246767203828e-05,0.0,0.0,0.0
unsettled,2.819002973530694e-06,0.0,7.069281948128687e-06,0.0
unshackled,0.0,0.0,5.677625082401832e-06,0.0
unshaken,0.0,0.0,5.677625082401832e-06,0.0
unshaven,4.2285044602960405e-06,3.235145432636643e-06,0.0,0.0
unsocial,0.0,0.0,5.677625082401832e-06,0.0
unsolved,1.409501486765347e-06,0.0,0.0,2.7388380629084794e-06
unspeakable,3.3960822557346093e-06,0.0,0.0,0.0
unspoken,3.3960822557346093e-06,0.0,0.0,0.0
unsteadier,3.3960822557346093e-06,0.0,0.0,0.0
unsteadily,3.3960822557346093e-06,0.0,0.0,0.0
unstudied,0.0,0.0,5.677625082401832e-06,0.0
unsubdued,0.0,0.0,5.677625082401832e-06,0.0
unsuccessful,2.819002973530694e-06,6.470290865273286e-06,0.0,0.0
unsuccessfully,0.0,0.0,5.677625082401832e-06,0.0
unsuitable,0.0,0.0,1.1355250164803664e-05,0.0
unsuspicious,0.0,0.0,5.677625082401832e-06,0.0
unsystematic,0.0,0.0,0.0,6.599013505207118e-06
untamed,0.0,0.0,2.3564273160428954e-06,2.7388380629084794e-06
untenanted,3.3960822557346093e-06,0.0,0.0,0.0
unthinkable,5.638005947061388e-06,0.0,0.0,2.7388380629084794e-06
untidy,0.0,0.0,5.677625082401832e-06,0.0
untie,6.792164511469219e-06,0.0,0.0,0.0
untied,3.3960822557346093e-06,0.0,0.0,0.0
until,-7.653060034685932e-06,-0.00012044993998337981,-1.8277870262623253e-06,-0.00015933058844004767
untimely,0.0,0.0,0.0,6.599013505207118e-06
untinctured,0.0,0.0,5.677625082401832e-06,0.0
untitled,0.0,0.0,5.677625082401832e-06,0.0
unto,4.0752987068815313e-05,0.0,0.0,0.0
untouched,4.2285044602960405e-06,0.0,2.3564273160428954e-06,0.0
untried,3.3960822557346093e-06,0.0,0.0,0.0
untrustworthy,3.3960822557346093e-06,0.0,0.0,0.0
untying,3.3960822557346093e-06,0.0,0.0,0.0
unusual,0.0,0.0,2.3564273160428954e-06,2.1910704503267835e-05
unusually,0.0,0.0,0.0,6.599013505207118e-06
unutterable,3.3960822557346093e-06,0.0,0.0,0.0
unvarying,0.0,0.0,5.677625082401832e-06,0.0
unveil,3.3960822557346093e-06,0.0,0.0,0.0
unwarily,6.792164511469219e-06,0.0,0.0,0.0
unwashed,1.0188246767203828e-05,0.0,0.0,0.0
unwearying,0.0,0.0,5.677625082401832e-06,0.0
unwelcome,0.0,0.0,0.0,0.0
unwell,2.819002973530694e-06,0.0,4.712854632085791e-06,0.0
unwhitewashed,6.792164511469219e-06,0.0,0.0,0.0
unwilling,1.409501486765347e-05,0.0,2.3564273160428955e-05,0.0
unwillingly,1.409501486765347e-06,0.0,9.425709264171582e-06,0.0
unwillingness,0.0,0.0,1.7032875247205498e-05,0.0
unwise,0.0,0.0,0.0,6.599013505207118e-06
unwittingly,3.3960822557346093e-06,0.0,0.0,0.0
unworthily,0.0,0.0,5.677625082401832e-06,0.0
unworthy,5.638005947061388e-06,0.0,9.425709264171582e-06,0.0
unwound,0.0,3.235145432636643e-06,0.0,2.7388380629084794e-06
unwounded,0.0,7.794826824703627e-06,0.0,0.0
unwrapped,0.0,1.5589653649407254e-05,0.0,0.0
unwritten,3.3960822557346093e-06,0.0,0.0,0.0
up,-0.0007172010546791387,-0.001126708813594532,-0.0001955732118100688,-0.0006394467616060581
upbraided,0.0,0.0,2.3564273160428954e-06,2.7388380629084794e-06
upbraiding,1.409501486765347e-06,0.0,2.3564273160428954e-06,0.0
uphill,0.0,1.5589653649407254e-05,0.0,0.0
upholstered,3.3960822557346093e-06,0.0,0.0,0.0
upholsterers,3.3960822557346093e-06,0.0,0.0,0.0
upon,0.0,0.0,0.0,0.0
upper,-6.559765744016513e-06,-5.018747499307492e-06,-3.6555740525246506e-06,-2.1244078458673025e-05
uppermost,0.0,0.0,0.0,0.0
upraised,0.0,0.0,0.0,6.599013505207118e-06
upright,1.409501486765347e-06,3.235145432636643e-06,0.0,0.0
uproar,0.0,0.0,0.0,0.0
uproarious,3.3960822557346093e-06,0.0,0.0,0.0
uproot,3.3960822557346093e-06,0.0,0.0,0.0
ups,3.3960822557346093e-06,0.0,0.0,0.0
upset,0.0,0.0,0.0,0.0
upsetting,1.3584329022938437e-05,0.0,0.0,0.0
upshot,3.3960822557346093e-06,0.0,0.0,0.0
upstairs,-1.3119531488033025e-05,-3.26218587454987e-05,-2.9244592420197205e-05,-2.3368486304540325e-05
upstart,0.0,0.0,5.677625082401832e-06,0.0
upturned,0.0,3.117930729881451e-05,0.0,0.0
upward,0.0,3.235145432636643e-06,0.0,1.0955352251633918e-05
upwards,3.3960822557346093e-06,0.0,0.0,0.0
urge,6.792164511469219e-06,0.0,0.0,0.0
urged,0.0,0.0,0.0,0.0
urgency,0.0,0.0,0.0,6.599013505207118e-06
urgent,0.0,0.0,0.0,0.0
urging,1.409501486765347e-06,0.0,0.0,2.7388380629084794e-06
us,-0.000208819209517859,-0.00036887794119910063,-0.000224817804230266,-0.00038876663579371636
usage,0.0,0.0,4.712854632085791e-06,2.7388380629084794e-06
use,-4.591836020811558e-05,-2.7603111246191207e-05,-2.7416805393934876e-05,-7.010545891362098e-05
used,-7.106412889351222e-05,-2.7603111246191207e-05,-4.021131457777115e-05,-6.585664322188637e-05
useful,-4.3731771626776745e-06,-7.528121248961238e-06,-1.0966722157573952e-05,-1.2746447075203814e-05
usefulness,3.3960822557346093e-06,0.0,0.0,0.0
useless,0.0,0.0,0.0,0.0
uselessly,1.409501486765347e-06,0.0,2.3564273160428954e-06,0.0
uses,0.0,0.0,0.0,1.3198027010414236e-05
ushered,0.0,0.0,0.0,1.3198027010414236e-05
ushering,0.0,0.0,0.0,6.599013505207118e-06
using,-1.0932942906694186e-06,-1.2546868748268729e-05,-1.8277870262623253e-06,-8.49763138346921e-06
usual,0.0,0.0,0.0,0.0
usually,-6.559765744016513e-06,-2.5093737496537457e-05,-1.4622296210098602e-05,-1.4870854921071116e-05
utilise,0.0,0.0,0.0,6.599013505207118e-06
utmost,0.0,0.0,0.0,0.0
utter,0.0,0.0,0.0,0.0
uttered,0.0,0.0,0.0,0.0
uttering,1.6914017841184162e-05,0.0,0.0,2.7388380629084794e-06
utterly,0.0,0.0,0.0,0.0
v,7.047507433826735e-06,9.70543629790993e-06,0.0,0.0
va,4.2285044602960405e-06,6.470290865273286e-06,0.0,0.0
vacancies,0.0,0.0,0.0,1.3198027010414236e-05
vacancy,0.0,0.0,2.3564273160428954e-06,1.9171866440359353e-05
vacant,0.0,0.0,1.1782136580214478e-05,2.7388380629084794e-06
vacantly,1.409501486765347e-06,0.0,0.0,2.7388380629084794e-06
vacuous,0.0,0.0,0.0,1.3198027010414236e-05
vagabond,1.409501486765347e-06,0.0,0.0,2.7388380629084794e-06
vagabonds,0.0,0.0,0.0,6.599013505207118e-06
vague,-1.3119531488033025e-05,-7.528121248961238e-06,-3.6555740525246506e-06,-2.1244078458673025e-05
vaguely,6.792164511469219e-06,0.0,0.0,0.0
vagueness,0.0,0.0,0.0,6.599013505207118e-06
vahrushin,2.377257579014227e-05,0.0,0.0,0.0
vain,-4.3731771626776745e-06,-5.018747499307492e-06,-3.655574052524651e-05,-6.373223537601907e-06
vainly,0.0,0.0,0.0,6.599013505207118e-06
vale,6.792164511469219e-06,0.0,0.0,0.0
valentini,0.0,7.015344142233264e-05,0.0,0.0
valet,0.0,0.0,0.0,6.599013505207118e-06
valid,0.0,0.0,2.3564273160428954e-06,2.7388380629084794e-06
valise,0.0,0.0,0.0,6.599013505207118e-06
valley,0.0,0.0,0.0,0.0
valleys,0.0,7.794826824703627e-06,0.0,0.0
valor,0.0,7.794826824703627e-06,0.0,0.0
valorous,0.0,1.5589653649407254e-05,0.0,0.0
valuable,-6.559765744016513e-06,-5.018747499307492e-06,-1.6450083236360926e-05,-1.2746447075203814e-05
value,-5.4664714533470935e-06,-1.0037494998614984e-05,-1.6450083236360926e-05,-2.3368486304540325e-05
valued,2.819002973530694e-06,0.0,1.1782136580214478e-05,0.0
valueless,0.0,0.0,5.677625082401832e-06,0.0
values,0.0,0.0,0.0,6.599013505207118e-06
van,0.0,0.0,0.0,0.0
vanish,0.0,0.0,2.3564273160428954e-06,1.0955352251633918e-05
vanished,0.0,0.0,0.0,0.0
vanishes,0.0,0.0,0.0,6.599013505207118e-06
vanishing,1.409501486765347e-06,0.0,0.0,8.216514188725437e-06
vanities,3.3960822557346093e-06,0.0,0.0,0.0
vanity,1.409501486765347e-05,0.0,4.2415691688772115e-05,0.0
vans,0.0,1.5589653649407254e-05,0.0,0.0
varellas,0.0,7.794826824703627e-06,0.0,0.0
varents,3.3960822557346093e-06,0.0,0.0,0.0
variable,0.0,0.0,0.0,6.599013505207118e-06
variance,0.0,0.0,5.677625082401832e-06,0.0
variation,0.0,0.0,1.1355250164803664e-05,0.0
varied,0.0,0.0,0.0,0.0
varieties,0.0,0.0,2.3564273160428954e-06,2.7388380629084794e-06
variety,0.0,0.0,0.0,0.0
varini,0.0,7.794826824703627e-06,0.0,0.0
various,-1.3119531488033025e-05,-2.509373749653746e-06,-1.6450083236360926e-05,-2.1244078458673024e-06
varnished,0.0,1.5589653649407254e-05,0.0,0.0
vary,0.0,0.0,7.069281948128687e-06,2.7388380629084794e-06
varying,0.0,0.0,1.1355250164803664e-05,0.0
vaselined,0.0,7.794826824703627e-06,0.0,0.0
vassilitch,3.3960822557346093e-06,0.0,0.0,0.0
vassily,3.3960822557346093e-06,0.0,0.0,0.0
vassilyevsky,2.0376493534407657e-05,0.0,0.0,0.0
vast,1.1276011894122775e-05,0.0,4.712854632085791e-06,0.0
vastly,0.0,0.0,5.677625082401832e-06,0.0
vasya,3.3960822557346093e-06,0.0,0.0,0.0
vater,1.6980411278673048e-05,0.0,0.0,0.0
vault,0.0,0.0,0.0,1.9797040515621355e-05
vauxhall,6.792164511469219e-06,0.0,0.0,0.0
veal,5.638005947061388e-06,3.235145432636643e-06,0.0,0.0
vegetable,0.0,7.794826824703627e-06,0.0,0.0
vegetables,0.0,0.0,0.0,1.3198027010414236e-05
vegetarian,0.0,0.0,0.0,6.599013505207118e-06
vehemence,0.0,0.0,0.0,0.0
vehicle,0.0,0.0,0.0,6.599013505207118e-06
vehicles,0.0,5.456378777292539e-05,0.0,0.0
veil,0.0,0.0,0.0,5.2792108041656946e-05
veiled,0.0,0.0,0.0,1.3198027010414236e-05
veins,0.0,0.0,0.0,0.0
velvet,0.0,3.235145432636643e-06,0.0,5.477676125816959e-06
venerable,3.3960822557346093e-06,0.0,0.0,0.0
veneration,0.0,0.0,5.677625082401832e-06,0.0
venetian,1.409501486765347e-06,3.235145432636643e-06,0.0,0.0
vengeance,0.0,0.0,0.0,6.599013505207118e-06
venice,0.0,7.794826824703627e-06,0.0,0.0
venison,0.0,0.0,5.677625082401832e-06,0.0
venner,0.0,0.0,0.0,6.599013505207118e-06
venomous,1.409501486765347e-06,0.0,0.0,2.7388380629084794e-06
vent,1.409501486765347e-06,0.0,4.712854632085791e-06,0.0
ventilate,0.0,0.0,0.0,6.599013505207118e-06
ventilator,0.0,0.0,0.0,9.238618907289965e-05
ventilators,0.0,0.0,0.0,6.599013505207118e-06
venting,0.0,0.0,5.677625082401832e-06,0.0
venture,0.0,0.0,0.0,0.0
ventured,0.0,0.0,0.0,0.0
venturing,1.409501486765347e-06,0.0,2.3564273160428954e-06,0.0
veracity,0.0,0.0,1.1355250164803664e-05,0.0
verandahs,3.3960822557346093e-06,0.0,0.0,0.0
verb,3.3960822557346093e-06,0.0,0.0,0.0
verbal,3.3960822557346093e-06,0.0,0.0,0.0
verbatim,0.0,0.0,0.0,6.599013505207118e-06
verbs,0.0,0.0,0.0,6.599013505207118e-06
verdict,2.819002973530694e-06,0.0,0.0,8.216514188725437e-06
verdure,0.0,0.0,5.677625082401832e-06,0.0
vere,0.0,0.0,0.0,6.599013505207118e-06
verge,0.0,0.0,0.0,1.3198027010414236e-05
verging,3.3960822557346093e-06,0.0,0.0,0.0
verify,0.0,0.0,0.0,6.599013505207118e-06
verily,0.0,0.0,5.677625082401832e-06,0.0
vermouth,0.0,0.00012471722919525803,0.0,0.0
vermouths,0.0,7.794826824703627e-06,0.0,0.0
verona,0.0,3.117930729881451e-05,0.0,0.0
verrons,0.0,0.0,0.0,6.599013505207118e-06
verse,1.0188246767203828e-05,0.0,0.0,0.0
versed,3.3960822557346093e-06,0.0,0.0,0.0
verses,0.0,0.0,5.677625082401832e-06,0.0
version,3.3960822557346093e-06,0.0,0.0,0.0
versts,1.3584329022938437e-05,0.0,0.0,0.0
vertu,3.3960822557346093e-06,0.0,0.0,0.0
very,-0.0005072885508706104,-0.0009560713986180773,-0.0008919600688160146,-0.000849763138346921
vessel,0.0,0.0,0.0,1.9797040515621355e-05
vessels,0.0,0.0,0.0,6.599013505207118e-06
vestal,3.3960822557346093e-06,0.0,0.0,0.0
vestas,0.0,0.0,0.0,6.599013505207118e-06
vestibule,0.0,0.0,2.8388125412009164e-05,0.0
vestige,0.0,0.0,0.0,6.599013505207118e-06
vestry,0.0,0.0,0.0,6.599013505207118e-06
vevey,0.0,7.794826824703627e-06,0.0,0.0
vex,0.0,0.0,2.3564273160428954e-06,2.7388380629084794e-06
vexation,1.5504516354418816e-05,0.0,2.3564273160428955e-05,0.0
vexations,0.0,0.0,5.677625082401832e-06,0.0
vexatious,0.0,0.0,1.1355250164803664e-05,0.0
vexed,1.832351932794951e-05,0.0,1.8851418528343163e-05,0.0
vexing,0.0,0.0,5.677625082401832e-06,0.0
vi,3.3960822557346093e-06,0.0,0.0,0.0
via,0.0,2.338448047411088e-05,0.0,0.0
viazemskys,3.3960822557346093e-06,0.0,0.0,0.0
vibrating,3.3960822557346093e-06,0.0,0.0,0.0
vice,-1.7492708650710698e-05,-1.7565616247576225e-05,-5.483361078786976e-06,-4.248815691734605e-06
vicenza,0.0,2.338448047411088e-05,0.0,0.0
vices,0.0,0.0,5.677625082401832e-06,0.0
vicinity,0.0,0.0,5.677625082401832e-06,0.0
vicious,2.819002973530694e-06,0.0,2.3564273160428954e-06,0.0
victim,0.0,0.0,0.0,0.0
victims,3.3960822557346093e-06,0.0,0.0,0.0
victor,0.0,0.0,0.0,6.599013505207118e-06
victoria,0.0,0.0,0.0,3.299506752603559e-05
victories,0.0,4.676896094822176e-05,0.0,0.0
victory,0.0,0.0,0.0,0.0
view,0.0,0.0,0.0,0.0
viewed,0.0,0.0,0.0,6.599013505207118e-06
viewing,0.0,0.0,1.7032875247205498e-05,0.0
views,0.0,0.0,0.0,0.0
vigil,0.0,0.0,0.0,6.599013505207118e-06
vigilant,3.3960822557346093e-06,0.0,0.0,0.0
vigorous,1.6980411278673048e-05,0.0,0.0,0.0
vigorously,-3.2798828720082563e-06,-2.509373749653746e-06,-1.8277870262623253e-06,-6.373223537601907e-06
vigour,1.409501486765347e-06,0.0,2.3564273160428954e-06,0.0
vile,0.0,0.0,0.0,0.0
vileness,6.792164511469219e-06,0.0,0.0,0.0
viler,6.792164511469219e-06,0.0,0.0,0.0
vilest,0.0,0.0,0.0,1.9797040515621355e-05
villa,0.0,0.0,0.0,0.0
village,-6.559765744016513e-06,-2.5093737496537457e-05,-1.0966722157573952e-05,-1.4870854921071116e-05
villagers,1.409501486765347e-06,0.0,0.0,2.7388380629084794e-06
villages,0.0,0.0,0.0,0.0
villain,1.409501486765347e-06,0.0,0.0,1.9171866440359353e-05
villainous,0.0,0.0,5.677625082401832e-06,0.0
villains,0.0,0.0,0.0,6.599013505207118e-06
villainy,0.0,0.0,0.0,6.599013505207118e-06
villas,0.0,1.941087259581986e-05,0.0,5.477676125816959e-06
vilna,3.3960822557346093e-06,0.0,0.0,0.0
vin,3.3960822557346093e-06,0.0,0.0,0.0
vincent,0.0,0.0,0.0,3.299506752603559e-05
vincenza,0.0,1.5589653649407254e-05,0.0,0.0
vindication,0.0,0.0,1.1355250164803664e-05,0.0
vindictive,1.6980411278673048e-05,0.0,0.0,0.0
vindictively,3.3960822557346093e-06,0.0,0.0,0.0
vine,0.0,2.338448047411088e-05,0.0,0.0
vines,0.0,3.897413412351813e-05,0.0,0.0
vineyards,0.0,3.117930729881451e-05,0.0,0.0
vingt,0.0,0.0,5.677625082401832e-06,0.0
violated,0.0,0.0,5.677625082401832e-06,0.0
violates,3.3960822557346093e-06,0.0,0.0,0.0
violation,0.0,0.0,1.1355250164803664e-05,0.0
violence,0.0,0.0,0.0,0.0
violent,-1.3119531488033025e-05,-2.509373749653746e-06,-1.8277870262623254e-05,-1.4870854921071116e-05
violently,2.1142522301480205e-05,0.0,1.4138563896257373e-05,0.0
violet,0.0,3.235145432636643e-06,0.0,1.0955352251633918e-05
violin,1.409501486765347e-06,0.0,0.0,1.0955352251633918e-05
virgin,1.409501486765347e-06,9.70543629790993e-06,0.0,0.0
virgins,0.0,2.338448047411088e-05,0.0,0.0
virtue,0.0,0.0,0.0,0.0
virtues,4.2285044602960405e-06,0.0,0.0,2.7388380629084794e-06
virtuous,6.792164511469219e-06,0.0,0.0,0.0
vis,6.792164511469219e-06,0.0,0.0,0.0
visa,0.0,1.5589653649407254e-05,0.0,0.0
visas,0.0,7.794826824703627e-06,0.0,0.0
vise,1.0188246767203828e-05,0.0,0.0,0.0
vishera,3.3960822557346093e-06,0.0,0.0,0.0
visible,-1.0932942906694186e-06,-2.509373749653746e-06,-9.138935131311627e-06,-1.0622039229336513e-05
vision,3.3960822557346093e-06,0.0,0.0,0.0
visions,1.3584329022938437e-05,0.0,0.0,0.0
visit,-3.4985417301421396e-05,-7.528121248961238e-06,-9.321713833937858e-05,-2.1244078458673025e-05
visitations,3.3960822557346093e-06,0.0,0.0,0.0
visited,-8.746354325355349e-06,-2.509373749653746e-06,-7.311148105049301e-06,-8.49763138346921e-06
visiting,-5.4664714533470935e-06,-2.509373749653746e-06,-9.138935131311627e-06,-2.1244078458673024e-06
visitor,-3.170553442941315e-05,-2.509373749653746e-06,-2.0105657288885576e-05,-5.523460399254986e-05
visitors,0.0,0.0,0.0,0.0
visits,0.0,0.0,0.0,0.0
visor,0.0,7.794826824703627e-06,0.0,0.0
vital,4.2285044602960405e-06,0.0,0.0,8.216514188725437e-06
vito,0.0,7.794826824703627e-06,0.0,0.0
vitriol,0.0,0.0,0.0,6.599013505207118e-06
vittorio,0.0,7.794826824703627e-06,0.0,0.0
viva,0.0,2.338448047411088e-05,0.0,0.0
vivacity,0.0,0.0,1.1355250164803664e-05,0.0
vive,1.409501486765347e-06,3.235145432636643e-06,0.0,0.0
vivid,1.409501486765347e-06,0.0,0.0,2.7388380629084794e-06
vividly,2.0376493534407657e-05,0.0,0.0,0.0
vividness,1.0188246767203828e-05,0.0,0.0,0.0
vivisecting,3.3960822557346093e-06,0.0,0.0,0.0
vocation,6.792164511469219e-06,0.0,0.0,0.0
vodka,5.0941233836019144e-05,0.0,0.0,0.0
vogue,0.0,0.0,5.677625082401832e-06,0.0
voice,-9.183672041623117e-05,-2.2584363746883714e-05,-4.021131457777115e-05,-4.248815691734605e-05
voices,1.5504516354418816e-05,0.0,0.0,8.216514188725437e-06
void,0.0,0.0,5.677625082401832e-06,0.0
voilà,0.0,0.0,0.0,6.599013505207118e-06
volatility,0.0,0.0,5.677625082401832e-06,0.0
volcanic,0.0,0.0,0.0,6.599013505207118e-06
volley,0.0,0.0,0.0,6.599013505207118e-06
volubility,0.0,0.0,5.677625082401832e-06,0.0
voluble,0.0,7.794826824703627e-06,0.0,0.0
volume,0.0,0.0,4.712854632085791e-06,1.3694190314542398e-05
volumes,0.0,0.0,0.0,6.599013505207118e-06
voluntarily,0.0,0.0,3.4065750494410995e-05,0.0
voluntary,1.409501486765347e-06,0.0,7.069281948128687e-06,0.0
volunteered,1.409501486765347e-06,0.0,0.0,2.7388380629084794e-06
voluptuous,6.792164511469219e-06,0.0,0.0,0.0
vomited,0.0,7.794826824703627e-06,0.0,0.0
von,0.0,0.0,0.0,2.6396054020828473e-05
voraciously,0.0,0.0,0.0,6.599013505207118e-06
voskresensky,3.3960822557346093e-06,0.0,0.0,0.0
vote,0.0,3.235145432636643e-06,0.0,2.7388380629084794e-06
voters,0.0,0.0,0.0,6.599013505207118e-06
vouch,0.0,0.0,1.7032875247205498e-05,0.0
vouching,0.0,0.0,0.0,6.599013505207118e-06
vouchsafe,3.3960822557346093e-06,0.0,0.0,0.0
vouchsafed,4.2285044602960405e-06,0.0,2.3564273160428954e-06,0.0
vous,1.0188246767203828e-05,0.0,0.0,0.0
vow,0.0,0.0,5.677625082401832e-06,0.0
vowed,1.0188246767203828e-05,0.0,0.0,0.0
vows,0.0,0.0,2.3564273160428954e-06,5.477676125816959e-06
voznesensky,3.3960822557346093e-06,0.0,0.0,0.0
vrazumihin,6.792164511469219e-06,0.0,0.0,0.0
vulgar,-3.2798828720082563e-06,-2.509373749653746e-06,-3.6555740525246506e-06,-6.373223537601907e-06
vulgarise,3.3960822557346093e-06,0.0,0.0,0.0
vulgarity,2.819002973530694e-06,0.0,2.3564273160428954e-06,0.0
vulnerable,0.0,0.0,0.0,6.599013505207118e-06
vérité,3.3960822557346093e-06,0.0,0.0,0.0
w,0.0,0.0,1.1355250164803664e-05,0.0
wadded,6.792164511469219e-06,0.0,0.0,0.0
wadding,0.0,0.0,0.0,6.599013505207118e-06
waddling,0.0,0.0,0.0,6.599013505207118e-06
wade,3.3960822557346093e-06,0.0,0.0,0.0
wading,3.3960822557346093e-06,0.0,0.0,0.0
wager,0.0,0.0,0.0,6.599013505207118e-06
wages,0.0,0.0,0.0,1.9797040515621355e-05
wagging,3.3960822557346093e-06,0.0,0.0,0.0
waggled,0.0,0.0,0.0,6.599013505207118e-06
waggon,1.3584329022938437e-05,0.0,0.0,0.0
wagners,3.3960822557346093e-06,0.0,0.0,0.0
wagon,0.0,0.0,0.0,6.599013505207118e-06
wagons,0.0,6.470290865273286e-06,0.0,2.7388380629084794e-06
wail,1.3584329022938437e-05,0.0,0.0,0.0
wailed,2.0376493534407657e-05,0.0,0.0,0.0
wailing,1.6980411278673048e-05,0.0,0.0,0.0
waist,2.819002973530694e-06,0.0,0.0,2.7388380629084794e-06
waistcoat,1.6914017841184162e-05,0.0,0.0,1.9171866440359353e-05
waisted,3.3960822557346093e-06,0.0,0.0,0.0
wait,-5.138483166146268e-05,-5.0187474993074915e-05,-3.107237944645953e-05,-4.036374907147875e-05
waited,-2.5145768685396633e-05,-4.516872749376743e-05,-1.2794509183836277e-05,-3.1866117688009535e-05
waiter,-4.3731771626776745e-06,-4.516872749376743e-05,-5.483361078786976e-06,-4.248815691734605e-06
waiters,1.409501486765347e-06,6.470290865273286e-06,0.0,0.0
waiting,-5.903789169614862e-05,-2.5093737496537457e-05,-1.8277870262623254e-05,-7.222986675948828e-05
waits,3.3960822557346093e-06,0.0,0.0,0.0
waived,0.0,0.0,5.677625082401832e-06,0.0
wake,0.0,0.0,0.0,0.0
waked,1.832351932794951e-05,3.235145432636643e-06,0.0,0.0
wakened,0.0,7.794826824703627e-06,0.0,0.0
waking,0.0,0.0,0.0,0.0
walk,-3.0612240138743727e-05,-7.277183873995864e-05,-9.321713833937858e-05,-3.1866117688009535e-05
walked,-0.00011151601764828071,-0.00016059991997783974,-8.04226291555423e-05,-5.948341968428446e-05
walker,0.0,1.941087259581986e-05,7.069281948128687e-06,0.0
walkers,0.0,7.794826824703627e-06,0.0,0.0
walking,-3.389212301075198e-05,-4.265935374411368e-05,-4.752246268282045e-05,-2.974170984214223e-05
walks,-1.0932942906694186e-06,-5.018747499307492e-06,-5.483361078786976e-06,-8.49763138346921e-06
wall,0.0,0.0,0.0,0.0
wallahs,0.0,7.794826824703627e-06,0.0,0.0
walled,0.0,7.794826824703627e-06,0.0,0.0
wallenstein,0.0,0.0,0.0,6.599013505207118e-06
wallet,0.0,7.794826824703627e-06,0.0,0.0
wallowed,0.0,0.0,0.0,6.599013505207118e-06
walls,0.0,0.0,0.0,0.0
walnut,0.0,7.794826824703627e-06,0.0,0.0
walsall,0.0,0.0,0.0,6.599013505207118e-06
walsingham,0.0,0.0,0.0,6.599013505207118e-06
wander,0.0,0.0,0.0,0.0
wandered,0.0,0.0,0.0,0.0
wanderers,3.3960822557346093e-06,0.0,0.0,0.0
wandering,0.0,0.0,0.0,0.0
wanderings,6.792164511469219e-06,0.0,0.0,0.0
waned,0.0,0.0,0.0,6.599013505207118e-06
want,-0.00020225944377384248,-0.0004893278811824804,-8.04226291555423e-05,-5.948341968428446e-05
wanted,-0.00010276966332292536,-0.00012797806123234106,-4.203910160403348e-05,-2.3368486304540325e-05
wanting,-5.4664714533470935e-06,-2.509373749653746e-06,-1.2794509183836277e-05,-6.373223537601907e-06
wantonly,0.0,0.0,5.677625082401832e-06,0.0
wantonness,3.3960822557346093e-06,0.0,0.0,0.0
wants,-2.4052474394727216e-05,-3.0112484995844953e-05,-2.0105657288885576e-05,-1.2746447075203814e-05
war,0.0,0.0,0.0,0.0
warburtons,0.0,0.0,0.0,6.599013505207118e-06
ward,0.0,0.0,0.0,0.0
warded,0.0,0.0,5.677625082401832e-06,0.0
warder,6.792164511469219e-06,0.0,0.0,0.0
wardrobe,0.0,3.235145432636643e-06,0.0,5.477676125816959e-06
warehouse,0.0,0.0,0.0,6.599013505207118e-06
warehouses,0.0,0.0,1.1355250164803664e-05,0.0
wares,3.3960822557346093e-06,0.0,0.0,0.0
warhorse,3.3960822557346093e-06,0.0,0.0,0.0
warm,-2.295918010405779e-05,-4.265935374411368e-05,-1.0966722157573952e-05,-8.49763138346921e-06
warmed,0.0,9.70543629790993e-06,0.0,2.7388380629084794e-06
warmer,3.3960822557346093e-06,0.0,0.0,0.0
warmest,0.0,0.0,4.712854632085791e-06,2.7388380629084794e-06
warming,1.0188246767203828e-05,0.0,0.0,0.0
warmly,0.0,0.0,0.0,0.0
warmth,0.0,0.0,0.0,0.0
warn,0.0,0.0,0.0,0.0
warned,0.0,0.0,0.0,0.0
warning,1.409501486765347e-06,0.0,0.0,1.6433028377450875e-05
warnings,0.0,0.0,0.0,1.9797040515621355e-05
warrant,1.409501486765347e-06,0.0,2.3564273160428954e-06,0.0
warren,0.0,0.0,0.0,6.599013505207118e-06
wars,0.0,3.897413412351813e-05,0.0,0.0
warsaw,0.0,0.0,0.0,1.3198027010414236e-05
warwick,0.0,0.0,5.677625082401832e-06,0.0
was,-0.0030655971910370505,-0.003636082563248278,-0.0033704392764277277,-0.0029954150626728964
wash,0.0,0.0,0.0,0.0
washbowl,0.0,7.794826824703627e-06,0.0,0.0
washbowls,0.0,7.794826824703627e-06,0.0,0.0
washed,1.409501486765347e-05,3.882174519163972e-05,0.0,0.0
washing,0.0,0.0,0.0,0.0
washstand,0.0,7.794826824703627e-06,0.0,0.0
wasnt,0.0,0.0,0.0,0.0
wasp,3.3960822557346093e-06,0.0,0.0,0.0
waste,0.0,0.0,0.0,0.0
wasted,0.0,0.0,0.0,0.0
wasteful,0.0,0.0,0.0,6.599013505207118e-06
wastes,3.3960822557346093e-06,0.0,0.0,0.0
wasting,2.819002973530694e-06,0.0,2.3564273160428954e-06,0.0
watch,-3.7172005882760244e-05,-6.52437174909974e-05,-3.6555740525246506e-06,-2.1244078458673025e-05
watched,-1.3119531488033025e-05,-0.00012546868748268729,-1.2794509183836277e-05,-1.2746447075203814e-05
watches,0.0,0.0,5.677625082401832e-06,0.0
watchful,0.0,0.0,5.677625082401832e-06,0.0
watchfulness,0.0,0.0,1.1355250164803664e-05,0.0
watching,-2.295918010405779e-05,-2.2584363746883714e-05,-1.4622296210098602e-05,-1.0622039229336513e-05
watchman,0.0,1.5589653649407254e-05,0.0,0.0
water,-6.0131185986818026e-05,-0.00018067490997506971,-7.311148105049301e-06,-3.8239341225611444e-05
watered,0.0,0.0,0.0,6.599013505207118e-06
waterfall,3.3960822557346093e-06,0.0,0.0,0.0
waterfront,0.0,7.794826824703627e-06,0.0,0.0
watering,0.0,3.235145432636643e-06,2.3564273160428954e-06,0.0
waterloo,1.409501486765347e-06,0.0,0.0,2.1910704503267835e-05
waterproof,0.0,0.0,0.0,1.3198027010414236e-05
waters,2.819002973530694e-06,0.0,0.0,2.7388380629084794e-06
watery,3.3960822557346093e-06,0.0,0.0,0.0
watson,0.0,0.0,0.0,0.0005345200939217766
watsons,0.0,0.0,5.677625082401832e-06,0.0
wave,-5.4664714533470935e-06,-7.528121248961238e-06,-1.8277870262623253e-06,-6.373223537601907e-06
waved,0.0,0.0,0.0,0.0
wavered,0.0,0.0,5.677625082401832e-06,0.0
wavering,0.0,0.0,2.3564273160428954e-06,2.7388380629084794e-06
waves,0.0,9.70543629790993e-06,0.0,2.7388380629084794e-06
waving,0.0,0.0,0.0,0.0
wax,0.0,0.0,0.0,0.0
waxed,1.409501486765347e-06,0.0,0.0,2.7388380629084794e-06
waxy,0.0,7.794826824703627e-06,0.0,0.0
way,-0.0002809766327020406,-0.0002609748699639896,-0.0001955732118100688,-0.0002464313101206071
waylaid,0.0,0.0,0.0,1.3198027010414236e-05
ways,-1.639941436004128e-05,-5.018747499307492e-06,-5.483361078786976e-06,-2.3368486304540325e-05
wayside,0.0,0.0,0.0,1.3198027010414236e-05
wayward,0.0,0.0,0.0,6.599013505207118e-06
we,-0.0004526238363371394,-0.002313642597180754,-0.0004624301176443683,-0.0011131897112344664
weak,-2.842565155740489e-05,-5.018747499307492e-06,-1.2794509183836277e-05,-1.0622039229336513e-05
weaken,0.0,0.0,0.0,6.599013505207118e-06
weakened,1.409501486765347e-06,0.0,2.3564273160428954e-06,0.0
weakening,0.0,0.0,0.0,6.599013505207118e-06
weaker,1.409501486765347e-06,0.0,0.0,2.7388380629084794e-06
weakest,0.0,0.0,5.677625082401832e-06,0.0
weakly,1.6980411278673048e-05,0.0,0.0,0.0
weakness,-1.4212825778702444e-05,-2.509373749653746e-06,-9.138935131311627e-06,-2.1244078458673024e-06
weaknesses,0.0,0.0,0.0,0.0
wealth,-4.3731771626776745e-06,-2.509373749653746e-06,-5.483361078786976e-06,-6.373223537601907e-06
wealthy,0.0,3.235145432636643e-06,0.0,5.477676125816959e-06
weapon,5.638005947061388e-06,0.0,0.0,2.1910704503267835e-05
wear,-1.0932942906694187e-05,-3.26218587454987e-05,-1.8277870262623253e-06,-1.9119670612805722e-05
wearer,0.0,0.0,0.0,6.599013505207118e-06
wearied,0.0,0.0,5.677625082401832e-06,0.0
wearily,3.3960822557346093e-06,0.0,0.0,0.0
weariness,0.0,0.0,0.0,6.599013505207118e-06
wearing,0.0,0.0,0.0,0.0
wearisome,0.0,0.0,2.3564273160428954e-06,2.7388380629084794e-06
wears,0.0,0.0,0.0,0.0
weary,0.0,0.0,0.0,0.0
weather,0.0,0.0,0.0,0.0
weave,1.409501486765347e-06,0.0,0.0,2.7388380629084794e-06
weaver,0.0,0.0,0.0,6.599013505207118e-06
weaving,3.3960822557346093e-06,0.0,0.0,0.0
web,1.409501486765347e-06,0.0,0.0,5.477676125816959e-06
webbs,0.0,0.0,5.677625082401832e-06,0.0
wed,4.2285044602960405e-06,4.205689062427636e-05,0.0,0.0
wedding,-8.746354325355349e-06,-1.0037494998614984e-05,-2.5589018367672555e-05,-4.673697260908065e-05
wedged,0.0,0.0,0.0,6.599013505207118e-06
wedgelike,0.0,7.794826824703627e-06,0.0,0.0
wedlock,1.409501486765347e-06,0.0,0.0,2.7388380629084794e-06
wednesday,0.0,0.0,2.1207845844386058e-05,1.0955352251633918e-05
wee,0.0,0.0,0.0,6.599013505207118e-06
weed,0.0,0.0,0.0,6.599013505207118e-06
weedy,0.0,0.0,0.0,6.599013505207118e-06
week,-2.1865885813388374e-05,-7.528121248961238e-06,-5.300582376160743e-05,-5.311019614668256e-05
weekly,4.2285044602960405e-06,0.0,0.0,2.7388380629084794e-06
weeks,-8.746354325355349e-06,-1.7565616247576225e-05,-3.290016647272185e-05,-4.036374907147875e-05
weep,9.86651040735743e-06,0.0,2.3564273160428954e-06,0.0
weeping,8.150597413763063e-05,0.0,0.0,0.0
weigh,0.0,0.0,0.0,0.0
weighed,0.0,0.0,0.0,0.0
weighing,1.6914017841184162e-05,0.0,0.0,2.7388380629084794e-06
weighs,3.3960822557346093e-06,0.0,0.0,0.0
weight,-7.653060034685932e-06,-5.018747499307492e-06,-1.0966722157573952e-05,-1.4870854921071116e-05
weighted,0.0,0.0,0.0,1.3198027010414236e-05
weights,0.0,7.794826824703627e-06,0.0,0.0
weighty,4.2285044602960405e-06,0.0,2.3564273160428954e-06,0.0
weird,0.0,0.0,0.0,6.599013505207118e-06
welcome,-6.559765744016513e-06,-5.018747499307492e-06,-2.1933444315147905e-05,-2.1244078458673024e-06
welcomed,0.0,0.0,1.649499121230027e-05,2.7388380629084794e-06
welcoming,2.819002973530694e-06,0.0,2.3564273160428954e-06,0.0
welfare,2.819002973530694e-06,0.0,1.1782136580214478e-05,0.0
well,-0.000383746296024966,-0.0004040091736942531,-0.0004130798679352855,-0.00043125479271106243
wellington,0.0,0.0,0.0,6.599013505207118e-06
welted,0.0,7.794826824703627e-06,0.0,0.0
wench,1.0188246767203828e-05,0.0,0.0,0.0
wenches,3.3960822557346093e-06,0.0,0.0,0.0
wengen,0.0,1.5589653649407254e-05,0.0,0.0
went,-0.00038811947318764367,-0.0009410151561201547,-0.0001224617307595758,-0.00014445973351897656
wept,4.4149069324549926e-05,0.0,0.0,0.0
were,-0.0007729590635032791,-0.001738996008510046,-0.001029044095785689,-0.0007435427460535558
werent,8.457008920592081e-06,2.2646018028456504e-05,0.0,0.0
west,0.0,0.0,0.0,0.0
westaway,0.0,0.0,0.0,6.599013505207118e-06
westaways,0.0,0.0,0.0,6.599013505207118e-06
westbury,0.0,0.0,0.0,6.599013505207118e-06
westerham,0.0,0.0,5.677625082401832e-06,0.0
western,0.0,6.470290865273286e-06,0.0,2.7388380629084794e-06
westhouse,0.0,0.0,0.0,1.3198027010414236e-05
westphail,0.0,0.0,0.0,6.599013505207118e-06
westward,0.0,0.0,0.0,6.599013505207118e-06
wet,-1.5306120069371863e-05,-0.0001405249299806098,-3.6555740525246506e-06,-8.49763138346921e-06
wetted,1.0188246767203828e-05,0.0,0.0,0.0
wetting,3.3960822557346093e-06,0.0,0.0,0.0
weve,0.0,0.0,0.0,0.0
whacked,0.0,7.794826824703627e-06,0.0,0.0
whales,3.3960822557346093e-06,0.0,0.0,0.0
wharf,0.0,0.0,0.0,1.9797040515621355e-05
wharves,0.0,0.0,0.0,1.3198027010414236e-05
what,-0.0012616616114325093,-0.0006800402861561652,-0.0008809933466584407,-0.0008221458363506461
whatever,-1.8586002941380122e-05,-2.509373749653746e-06,-6.0316971866656735e-05,-3.399052553387684e-05
whats,-8.309036609087583e-05,-9.786557623649609e-05,-1.8277870262623253e-06,-6.373223537601907e-06
whatsoever,3.3960822557346093e-06,0.0,0.0,0.0
wheal,0.0,0.0,0.0,6.599013505207118e-06
wheel,0.0,0.0,0.0,0.0
wheeled,0.0,0.0,0.0,0.0
wheeler,0.0,0.0,0.0,2.6396054020828473e-05
wheels,0.0,0.0,0.0,0.0
when,-0.00047776960502253594,-0.0007126621449016639,-0.0006762811997170603,-0.0006840593263692714
whence,0.0,0.0,7.069281948128687e-06,1.6433028377450875e-05
whenever,-1.0932942906694186e-06,-7.528121248961238e-06,-4.021131457777115e-05,-4.248815691734605e-06
whens,3.3960822557346093e-06,0.0,0.0,0.0
where,-0.00022193874100589204,-0.00048179975993351926,-0.00016267304533734695,-0.0002549289415040763
whereabouts,1.409501486765347e-06,0.0,0.0,5.477676125816959e-06
wheres,0.0,0.0,0.0,0.0
wherever,-4.3731771626776745e-06,-1.2546868748268729e-05,-1.4622296210098602e-05,-2.1244078458673024e-06
whether,-8.19970718002064e-05,-2.7603111246191207e-05,-9.870049941816557e-05,-9.1349537372294e-05
which,-0.00036297370450224706,-5.7715596242036164e-05,-0.0009924883552604425,-0.0016379184491636901
whichever,0.0,0.0,1.7032875247205498e-05,0.0
while,-0.00011151601764828071,-0.0002659936174632971,-0.0001389118139959367,-0.00014021091782724196
whilst,2.819002973530694e-06,0.0,9.425709264171582e-06,0.0
whim,0.0,0.0,0.0,1.3198027010414236e-05
whimper,3.3960822557346093e-06,0.0,0.0,0.0
whimpering,1.0188246767203828e-05,0.0,0.0,0.0
whims,0.0,0.0,0.0,0.0
whimsical,0.0,0.0,2.3564273160428954e-06,5.477676125816959e-06
whine,0.0,0.0,0.0,6.599013505207118e-06
whined,1.409501486765347e-06,0.0,0.0,2.7388380629084794e-06
whip,0.0,0.0,0.0,0.0
whipcord,0.0,0.0,0.0,1.9797040515621355e-05
whipped,2.819002973530694e-06,1.2940581730546572e-05,0.0,0.0
whipping,0.0,7.794826824703627e-06,0.0,0.0
whips,1.6980411278673048e-05,0.0,0.0,0.0
whirl,3.3960822557346093e-06,0.0,0.0,0.0
whirled,0.0,7.794826824703627e-06,0.0,0.0
whirling,4.2285044602960405e-06,0.0,0.0,2.7388380629084794e-06
whishing,0.0,3.235145432636643e-06,0.0,2.7388380629084794e-06
whisked,3.3960822557346093e-06,0.0,0.0,0.0
whiskered,1.409501486765347e-06,0.0,0.0,2.7388380629084794e-06
whiskers,8.457008920592081e-06,0.0,0.0,1.9171866440359353e-05
whiskey,0.0,0.0001169224023705544,0.0,0.0
whisky,0.0,0.0,0.0,1.3198027010414236e-05
whisper,0.0,0.0,0.0,0.0
whispered,-4.482506591744617e-05,-2.509373749653746e-06,-1.8277870262623253e-06,-3.399052553387684e-05
whispering,-8.746354325355349e-06,-2.509373749653746e-06,-5.483361078786976e-06,-2.1244078458673024e-06
whispers,6.792164511469219e-06,0.0,0.0,0.0
whist,0.0,0.0,2.8388125412009164e-05,0.0
whistle,0.0,3.235145432636643e-06,0.0,2.7388380629084796e-05
whistled,1.409501486765347e-06,0.0,0.0,5.477676125816959e-06
whistles,0.0,0.0,0.0,1.3198027010414236e-05
whistling,3.3960822557346093e-06,0.0,0.0,0.0
white,-3.935859446409908e-05,-0.00010037494998614983,-5.483361078786976e-06,-6.160782753015178e-05
whitely,0.0,7.794826824703627e-06,0.0,0.0
whiten,0.0,0.0,0.0,6.599013505207118e-06
whiter,0.0,0.0,0.0,6.599013505207118e-06
whites,0.0,1.5589653649407254e-05,0.0,0.0
whitewashed,0.0,0.0,0.0,2.6396054020828473e-05
whither,0.0,0.0,4.712854632085791e-06,2.7388380629084794e-06
whitish,3.3960822557346093e-06,0.0,0.0,0.0
whitney,0.0,0.0,0.0,3.959408103124271e-05
whitneys,0.0,0.0,0.0,1.3198027010414236e-05
whittington,0.0,0.0,0.0,6.599013505207118e-06
who,-0.0004296646562330816,-0.00027854048621156583,-0.0005190915154585004,-0.000575714526230039
whoa,0.0,0.0,0.0,1.3198027010414236e-05
whoever,1.409501486765347e-06,0.0,0.0,8.216514188725437e-06
whole,-0.00013228860917099966,-4.0149979994459936e-05,-0.0001443951750747237,-9.559835306402862e-05
wholesome,0.0,0.0,0.0,6.599013505207118e-06
wholl,3.3960822557346093e-06,0.0,0.0,0.0
wholly,1.409501486765347e-06,0.0,6.126711021711528e-05,0.0
whom,-8.090377750953699e-05,-5.018747499307492e-06,-0.0001535341102060353,-8.285190598882478e-05
whore,0.0,2.338448047411088e-05,0.0,0.0
whorehound,0.0,7.794826824703627e-06,0.0,0.0
whorehouse,0.0,1.5589653649407254e-05,0.0,0.0
whos,7.047507433826735e-06,1.6175727163183214e-05,0.0,0.0
whose,-2.1865885813388374e-05,-5.018747499307492e-06,-0.00010783943454947718,-4.8861380454947953e-05
whoso,0.0,0.0,0.0,6.599013505207118e-06
whosoever,3.3960822557346093e-06,0.0,0.0,0.0
whove,3.3960822557346093e-06,0.0,0.0,0.0
why,-0.00048651595934789136,-0.00017816553622541597,-9.870049941816557e-05,-0.000161454996285915
wicked,8.457008920592081e-06,0.0,0.0,8.216514188725437e-06
wickedest,0.0,0.0,5.677625082401832e-06,0.0
wickedness,0.0,0.0,4.712854632085791e-06,5.477676125816959e-06
wicker,0.0,3.235145432636643e-06,0.0,2.7388380629084794e-06
wicket,0.0,0.0,0.0,6.599013505207118e-06
wickham,0.0,0.0,0.0009197752633490968,0.0
wickhams,0.0,0.0,0.00018168400263685863,0.0
wide,-3.0612240138743727e-05,-3.26218587454987e-05,-5.483361078786976e-06,-6.373223537601907e-06
widely,0.0,0.0,2.271050032960733e-05,0.0
widened,0.0,3.235145432636643e-06,0.0,5.477676125816959e-06
wider,1.409501486765347e-06,3.235145432636643e-06,0.0,0.0
widespread,0.0,0.0,0.0,1.9797040515621355e-05
widest,0.0,7.794826824703627e-06,0.0,0.0
widow,0.0,0.0,0.0,0.0
widower,2.819002973530694e-06,0.0,0.0,8.216514188725437e-06
widows,6.792164511469219e-06,0.0,0.0,0.0
widths,3.3960822557346093e-06,0.0,0.0,0.0
wife,-5.138483166146268e-05,-6.52437174909974e-05,-8.04226291555423e-05,-0.00011259361583096703
wifes,0.0,0.0,0.0,0.0
wig,0.0,0.0,0.0,6.599013505207118e-06
wight,0.0,0.0,0.0,6.599013505207118e-06
wigmore,0.0,0.0,0.0,6.599013505207118e-06
wigs,0.0,0.0,0.0,6.599013505207118e-06
wild,-1.0932942906694187e-05,-5.018747499307492e-06,-2.0105657288885576e-05,-2.1244078458673025e-05
wilderness,0.0,0.0,0.0,0.0
wildly,1.409501486765347e-05,3.235145432636643e-06,0.0,0.0
wildness,0.0,7.794826824703627e-06,0.0,0.0
wiles,3.3960822557346093e-06,0.0,0.0,0.0
wilful,0.0,0.0,7.069281948128687e-06,2.7388380629084794e-06
wilfully,0.0,0.0,2.271050032960733e-05,0.0
wilhelm,0.0,0.0,0.0,6.599013505207118e-06
will,-0.0005980319769961721,-0.0007779058623926613,-0.0007658427640039143,-0.0005587192634631006
willed,0.0,0.0,5.677625082401832e-06,0.0
william,0.0,0.0,9.425709264171582e-05,1.3694190314542398e-05
williams,0.0,0.0,3.4065750494410995e-05,0.0
willing,0.0,0.0,0.0,0.0
willingly,0.0,0.0,7.069281948128687e-06,2.7388380629084794e-06
willingness,0.0,0.0,1.7032875247205498e-05,0.0
willow,1.409501486765347e-06,9.70543629790993e-06,0.0,0.0
willows,0.0,3.235145432636643e-06,0.0,2.7388380629084794e-06
willst,6.792164511469219e-06,0.0,0.0,0.0
wilson,0.0,6.470290865273286e-06,0.0,5.477676125816959e-05
wilsons,0.0,0.0,0.0,1.3198027010414236e-05
wilt,3.3960822557346093e-06,0.0,0.0,0.0
wilton,0.0,0.0,0.0,6.599013505207118e-06
wily,3.3960822557346093e-06,0.0,0.0,0.0
wimpole,0.0,0.0,0.0,6.599013505207118e-06
win,-3.2798828720082563e-06,-2.2584363746883714e-05,-1.8277870262623253e-06,-2.1244078458673024e-06
winced,0.0,3.235145432636643e-06,0.0,2.7388380629084794e-06
winchester,0.0,0.0,0.0,6.599013505207118e-05
wincing,0.0,0.0,0.0,6.599013505207118e-06
wind,-1.2026237197363608e-05,-9.033745498753486e-05,-1.8277870262623253e-06,-2.3368486304540325e-05
winded,3.3960822557346093e-06,0.0,0.0,0.0
windfall,0.0,0.0,0.0,6.599013505207118e-06
windibank,0.0,0.0,0.0,0.00013198027010414236
windigate,0.0,0.0,0.0,1.9797040515621355e-05
winding,-1.0932942906694186e-06,-2.509373749653746e-06,-1.8277870262623253e-06,-1.699526276693842e-05
windings,0.0,0.0,5.677625082401832e-06,0.0
window,-7.871718892819816e-05,-0.00018318428372472346,-2.9244592420197205e-05,-0.00015295736490244578
windows,-2.1865885813388374e-05,-4.767810124342117e-05,-1.0966722157573952e-05,-5.311019614668256e-05
windowsill,0.0,0.0,0.0,6.599013505207118e-06
winds,0.0,0.0,0.0,1.3198027010414236e-05
wine,-2.1865885813388374e-05,-0.00016310929372749349,-5.483361078786976e-06,-4.248815691734605e-06
winefully,0.0,7.794826824703627e-06,0.0,0.0
wineglassful,3.3960822557346093e-06,0.0,0.0,0.0
wines,0.0,0.0,0.0,0.0
wing,0.0,0.0,0.0,4.6193094536449825e-05
wings,0.0,0.0,0.0,1.3198027010414236e-05
wingèd,0.0,7.794826824703627e-06,0.0,0.0
wink,0.0,0.0,0.0,0.0
winked,5.638005947061388e-06,3.235145432636643e-06,0.0,0.0
winking,0.0,0.0,0.0,0.0
winner,0.0,1.5589653649407254e-05,0.0,0.0
winners,0.0,7.794826824703627e-06,0.0,0.0
winning,0.0,1.5589653649407254e-05,0.0,0.0
wins,0.0,7.794826824703627e-06,0.0,0.0
winter,-6.559765744016513e-06,-6.52437174909974e-05,-2.7416805393934876e-05,-2.1244078458673024e-06
wintry,0.0,6.470290865273286e-06,0.0,2.7388380629084794e-06
wipe,6.792164511469219e-06,0.0,0.0,0.0
wiped,5.638005947061388e-06,3.5586599759003076e-05,0.0,0.0
wiping,4.2285044602960405e-06,3.235145432636643e-06,0.0,0.0
wire,0.0,6.470290865273286e-06,0.0,1.0955352251633918e-05
wired,0.0,0.0,0.0,1.9797040515621355e-05
wires,0.0,1.5589653649407254e-05,0.0,0.0
wiring,0.0,7.794826824703627e-06,0.0,0.0
wiry,0.0,0.0,0.0,6.599013505207118e-06
wisconsin,0.0,7.794826824703627e-06,0.0,0.0
wisdom,0.0,0.0,0.0,0.0
wise,0.0,0.0,0.0,0.0
wisely,0.0,0.0,9.425709264171582e-06,5.477676125816959e-06
wiser,-4.3731771626776745e-06,-5.018747499307492e-06,-3.6555740525246506e-06,-4.248815691734605e-06
wisest,0.0,0.0,3.4065750494410995e-05,0.0
wish,-1.3119531488033025e-05,-0.00011041244498476483,-0.00017729534154744555,-9.34739452181613e-05
wished,-3.2798828720082563e-06,-2.5093737496537457e-05,-7.493926807675534e-05,-2.549289415040763e-05
wisher,0.0,0.0,5.677625082401832e-06,0.0
wishes,-1.0932942906694186e-06,-1.2546868748268729e-05,-6.214475889291907e-05,-1.0622039229336513e-05
wishing,0.0,0.0,0.0,0.0
wisp,0.0,0.0,0.0,6.599013505207118e-06
wistaria,0.0,7.794826824703627e-06,0.0,0.0
wit,0.0,0.0,0.0,0.0
witch,6.792164511469219e-06,0.0,0.0,0.0
with,-0.001864066765591359,-0.001550792977286015,-0.001922831951627966,-0.0017590096963781261
withdraw,5.638005947061388e-06,0.0,0.0,5.477676125816959e-06
withdrawing,1.409501486765347e-06,0.0,2.3564273160428954e-06,0.0
withdrawn,0.0,0.0,0.0,0.0
withdrew,5.638005947061388e-06,0.0,1.1782136580214478e-05,0.0
withered,3.3960822557346093e-06,0.0,0.0,0.0
withheld,0.0,0.0,2.271050032960733e-05,0.0
within,-2.623906297606605e-05,-2.509373749653746e-06,-6.214475889291907e-05,-0.00010197157660163051
without,-0.0002405247439472721,-7.277183873995864e-05,-0.0003107237944645953,-0.00015508177274831307
withstood,0.0,0.0,5.677625082401832e-06,0.0
witness,0.0,0.0,0.0,0.0
witnessed,0.0,0.0,2.271050032960733e-05,0.0
witnesses,1.6914017841184162e-05,0.0,0.0,2.7388380629084794e-06
witnessing,0.0,0.0,5.677625082401832e-06,0.0
wits,0.0,0.0,0.0,0.0
witted,1.409501486765347e-06,0.0,0.0,5.477676125816959e-06
witticism,3.3960822557346093e-06,0.0,0.0,0.0
witticisms,0.0,0.0,5.677625082401832e-06,0.0
wittier,3.3960822557346093e-06,0.0,0.0,0.0
wittily,1.3584329022938437e-05,0.0,0.0,0.0
witty,2.819002973530694e-06,0.0,2.3564273160428954e-06,0.0
wives,-2.1865885813388372e-06,-5.018747499307492e-06,-1.8277870262623253e-06,-2.1244078458673024e-06
woe,0.0,0.0,5.677625082401832e-06,0.0
woes,3.3960822557346093e-06,0.0,0.0,0.0
woke,0.0,0.0,0.0,0.0
woman,-0.00019460638373915653,-9.033745498753486e-05,-0.00010601164752321486,-0.00012746447075203814
womanhood,0.0,0.0,0.0,6.599013505207118e-06
womanish,1.6980411278673048e-05,0.0,0.0,0.0
womanly,0.0,0.0,2.3564273160428954e-06,5.477676125816959e-06
womans,0.0,0.0,0.0,0.0
women,-4.2638477336107334e-05,-2.2584363746883714e-05,-3.290016647272185e-05,-1.699526276693842e-05
womens,1.409501486765347e-06,0.0,2.3564273160428954e-06,0.0
won,-4.3731771626776745e-06,-2.7603111246191207e-05,-7.311148105049301e-06,-2.1244078458673024e-06
wonder,-2.5145768685396633e-05,-1.2546868748268729e-05,-6.214475889291907e-05,-2.549289415040763e-05
wondered,-1.639941436004128e-05,-2.5093737496537457e-05,-1.4622296210098602e-05,-2.1244078458673024e-06
wonderful,-5.4664714533470935e-06,-5.7715596242036164e-05,-5.483361078786976e-06,-1.0622039229336513e-05
wonderfully,-2.1865885813388372e-06,-2.509373749653746e-06,-3.6555740525246506e-06,-6.373223537601907e-06
wondering,-1.3119531488033025e-05,-2.509373749653746e-06,-3.6555740525246506e-06,-1.0622039229336513e-05
wonderingly,3.3960822557346093e-06,0.0,0.0,0.0
wonders,1.409501486765347e-06,0.0,7.069281948128687e-06,0.0
wont,-0.00013994166920568558,-0.0002835592337108733,-1.8277870262623253e-06,-4.036374907147875e-05
wood,-2.4052474394727216e-05,-2.7603111246191207e-05,-9.138935131311627e-06,-2.761730199627493e-05
woodcock,0.0,9.70543629790993e-06,0.0,5.477676125816959e-06
woodcutters,0.0,2.338448047411088e-05,0.0,0.0
wooded,0.0,3.235145432636643e-06,0.0,2.7388380629084794e-06
wooden,0.0,0.0,0.0,0.0
woods,0.0,0.0,0.0,0.0
woody,0.0,0.0,1.1355250164803664e-05,0.0
wooing,0.0,0.0,0.0,1.3198027010414236e-05
wool,0.0,7.794826824703627e-06,0.0,0.0
woollen,6.792164511469219e-06,0.0,0.0,0.0
woolworth,0.0,7.794826824703627e-06,0.0,0.0
wop,0.0,3.117930729881451e-05,0.0,0.0
word,-0.00014650143494970212,-5.2696848742728664e-05,-8.956156428685394e-05,-8.49763138346921e-05
words,-0.00010276966332292536,-1.0037494998614984e-05,-5.483361078786975e-05,-9.772276090989591e-05
wore,-2.0772591522718957e-05,-6.775309124065114e-05,-3.6555740525246506e-06,-1.699526276693842e-05
work,-7.543730605618989e-05,-8.531870748822736e-05,-3.655574052524651e-05,-9.984716875576321e-05
workbags,0.0,0.0,5.677625082401832e-06,0.0
worked,-1.7492708650710698e-05,-4.0149979994459936e-05,-7.311148105049301e-06,-1.0622039229336513e-05
worker,0.0,0.0,0.0,6.599013505207118e-06
workers,3.3960822557346093e-06,0.0,0.0,0.0
working,0.0,0.0,0.0,0.0
workman,4.754515158028454e-05,0.0,0.0,0.0
workmen,1.973302081471486e-05,0.0,0.0,2.7388380629084794e-06
workmens,3.3960822557346093e-06,0.0,0.0,0.0
works,4.2285044602960405e-06,3.235145432636643e-06,0.0,0.0
workshop,6.792164511469219e-06,0.0,0.0,0.0
workshops,3.3960822557346093e-06,0.0,0.0,0.0
world,-4.2638477336107334e-05,-2.5093737496537457e-05,-0.00011880615670705113,-3.1866117688009535e-05
worldly,2.819002973530694e-06,0.0,4.712854632085791e-06,0.0
worlds,0.0,0.0,0.0,0.0
worm,1.409501486765347e-06,0.0,0.0,2.7388380629084794e-06
worms,0.0,0.0,0.0,6.599013505207118e-06
worn,-1.7492708650710698e-05,-1.0037494998614984e-05,-3.6555740525246506e-06,-2.549289415040763e-05
worried,2.39615252750109e-05,3.5586599759003076e-05,0.0,0.0
worries,5.638005947061388e-06,3.235145432636643e-06,0.0,0.0
worry,0.0,0.0,0.0,0.0
worrying,0.0,0.0,0.0,0.0
worse,-2.0772591522718957e-05,-3.764060624480619e-05,-2.3761231341410226e-05,-1.0622039229336513e-05
worship,4.2285044602960405e-06,3.235145432636643e-06,0.0,0.0
worst,0.0,0.0,0.0,0.0
worth,-3.607871159209082e-05,-7.528121248961238e-06,-2.7416805393934876e-05,-2.1244078458673025e-05
worthless,0.0,0.0,0.0,0.0
worthlessness,0.0,0.0,5.677625082401832e-06,0.0
worthy,0.0,0.0,0.0,0.0
would,-0.0006286442171349158,-0.0008205652161367749,-0.0008572321153170305,-0.0006946813655986079
wouldest,3.3960822557346093e-06,0.0,0.0,0.0
wouldnt,0.0,0.0,0.0,0.0
wound,-4.3731771626776745e-06,-2.0074989997229968e-05,-3.6555740525246506e-06,-1.4870854921071116e-05
wounded,-6.559765744016513e-06,-9.535620248684234e-05,-5.483361078786976e-06,-2.1244078458673024e-06
wounding,0.0,0.0,1.1355250164803664e-05,0.0
wounds,0.0,8.57430950717399e-05,0.0,0.0
woven,0.0,3.235145432636643e-06,0.0,8.216514188725437e-06
wrack,0.0,0.0,0.0,6.599013505207118e-06
wrap,0.0,7.794826824703627e-06,0.0,0.0
wrapped,0.0,0.0,0.0,0.0
wrappers,3.3960822557346093e-06,0.0,0.0,0.0
wrapping,1.409501486765347e-06,3.235145432636643e-06,0.0,0.0
wraps,0.0,7.794826824703627e-06,0.0,0.0
wrath,3.3960822557346093e-06,0.0,0.0,0.0
wrathful,3.3960822557346093e-06,0.0,0.0,0.0
wrathfully,1.3584329022938437e-05,0.0,0.0,0.0
wreath,1.409501486765347e-06,0.0,0.0,2.7388380629084794e-06
wreathed,3.3960822557346093e-06,0.0,0.0,0.0
wreaths,1.409501486765347e-06,0.0,0.0,5.477676125816959e-06
wreck,1.409501486765347e-06,0.0,0.0,5.477676125816959e-06
wrecked,0.0,7.794826824703627e-06,0.0,0.0
wrenching,0.0,0.0,0.0,6.599013505207118e-06
wretch,1.832351932794951e-05,0.0,0.0,2.7388380629084794e-06
wretched,0.0,0.0,0.0,0.0
wretchedly,0.0,0.0,5.677625082401832e-06,0.0
wretchedness,2.819002973530694e-06,0.0,4.712854632085791e-06,0.0
wretches,1.3584329022938437e-05,0.0,0.0,0.0
wriggled,0.0,0.0,0.0,6.599013505207118e-06
wriggling,3.3960822557346093e-06,0.0,0.0,0.0
wringing,2.7168658045876875e-05,0.0,0.0,0.0
wrinkled,0.0,0.0,0.0,0.0
wrinkles,2.819002973530694e-06,0.0,0.0,5.477676125816959e-06
wrist,0.0,6.470290865273286e-06,0.0,2.4649542566176314e-05
wrists,0.0,0.0,0.0,1.9797040515621355e-05
writ,2.819002973530694e-06,0.0,0.0,2.7388380629084794e-06
write,-3.0612240138743727e-05,-4.0149979994459936e-05,-7.128369402423068e-05,-1.9119670612805722e-05
writer,0.0,0.0,7.069281948128687e-06,8.216514188725437e-06
writers,1.409501486765347e-06,0.0,0.0,2.7388380629084794e-06
writes,0.0,0.0,0.0,0.0
writhe,3.3960822557346093e-06,0.0,0.0,0.0
writhed,0.0,0.0,0.0,1.9797040515621355e-05
writhing,1.409501486765347e-06,0.0,0.0,8.216514188725437e-06
writing,0.0,0.0,0.0,0.0
writings,0.0,0.0,0.0,6.599013505207118e-06
written,-1.7492708650710698e-05,-1.0037494998614984e-05,-3.472795349898418e-05,-4.248815691734605e-05
wrong,-4.591836020811558e-05,-1.2546868748268729e-05,-2.7416805393934876e-05,-3.1866117688009535e-05
wrongdoing,6.792164511469219e-06,0.0,0.0,0.0
wronged,5.638005947061388e-06,0.0,0.0,5.477676125816959e-06
wrongfully,0.0,0.0,0.0,1.3198027010414236e-05
wrongly,3.3960822557346093e-06,0.0,0.0,0.0
wrongs,3.3960822557346093e-06,0.0,0.0,0.0
wrote,-2.1865885813388374e-05,-1.0037494998614984e-05,-3.838352755150883e-05,-2.974170984214223e-05
wrung,0.0,0.0,0.0,0.0
wäsche,6.792164511469219e-06,0.0,0.0,0.0
x,9.86651040735743e-06,1.2940581730546572e-05,0.0,0.0
y,6.792164511469219e-06,0.0,0.0,0.0
yard,0.0,0.0,0.0,0.0
yards,-8.746354325355349e-06,-1.2546868748268729e-05,-1.8277870262623253e-06,-1.9119670612805722e-05
yawn,0.0,0.0,0.0,0.0
yawned,1.409501486765347e-06,0.0,2.3564273160428954e-06,0.0
yawning,0.0,0.0,0.0,0.0
ye,1.409501486765347e-05,3.235145432636643e-06,0.0,0.0
yea,3.3960822557346093e-06,0.0,0.0,0.0
year,-3.607871159209082e-05,-5.7715596242036164e-05,-5.300582376160743e-05,-6.160782753015178e-05
years,-0.00010276966332292536,-3.26218587454987e-05,-6.58003329454437e-05,-0.00013808650998137464
yegorovna,3.3960822557346093e-06,0.0,0.0,0.0
yell,0.0,0.0,0.0,6.599013505207118e-06
yelled,4.2285044602960405e-06,0.0,0.0,8.216514188725437e-06
yellow,0.0,0.0,0.0,0.0
yellowish,1.0188246767203828e-05,0.0,0.0,0.0
yes,-0.00030940228425944553,-0.00045670602243698177,-0.0001389118139959367,-0.0002655509807334128
yesterday,-0.00014322155207769385,-5.018747499307492e-06,-2.3761231341410226e-05,-2.761730199627493e-05
yesterdays,9.86651040735743e-06,3.235145432636643e-06,0.0,0.0
yet,-0.00012135566626430549,-5.7715596242036164e-05,-0.00013525623994341206,-0.0001869478904363226
yield,0.0,0.0,2.271050032960733e-05,0.0
yielded,1.409501486765347e-06,0.0,4.712854632085791e-06,0.0
yielding,1.409501486765347e-06,0.0,7.069281948128687e-06,0.0
yodelling,0.0,1.5589653649407254e-05,0.0,0.0
yonder,2.819002973530694e-06,0.0,0.0,2.7388380629084794e-06
york,0.0,9.70543629790993e-06,2.3564273160428954e-06,0.0
you,-0.004191690310426551,-0.004516872749376743,-0.0024839625686905,-0.003146248019729475
youd,0.0,0.0,0.0,0.0
youll,-5.685130311480978e-05,-0.00010037494998614983,-1.8277870262623253e-06,-2.1244078458673025e-05
young,-0.0001224489605549749,-5.2696848742728664e-05,-0.00023578452638783992,-0.0001720770355152515
younge,0.0,0.0,2.271050032960733e-05,0.0
younger,-1.7492708650710698e-05,-1.5056242497922477e-05,-5.300582376160743e-05,-6.373223537601907e-06
youngest,4.2285044602960405e-06,0.0,3.298998242460054e-05,0.0
youngster,1.409501486765347e-06,0.0,0.0,5.477676125816959e-06
your,-0.0007292272918765023,-0.00040902792119356057,-0.0008298153099230957,-0.0008412655069634517
youre,0.0,0.0,0.0,0.0
yours,-2.295918010405779e-05,-1.2546868748268729e-05,-4.203910160403348e-05,-3.8239341225611444e-05
yourself,-0.00013994166920568558,-3.513123249515245e-05,-8.956156428685394e-05,-8.922512952642671e-05
yourselves,0.0,0.0,0.0,0.0
youth,0.0,0.0,0.0,0.0
youthful,2.0376493534407657e-05,0.0,0.0,0.0
youths,0.0,0.0,5.677625082401832e-06,0.0
youve,0.0,0.0,0.0,0.0
yushin,3.3960822557346093e-06,0.0,0.0,0.0
yusupov,1.0188246767203828e-05,0.0,0.0,0.0
zabaione,0.0,7.794826824703627e-06,0.0,0.0
zag,0.0,7.794826824703627e-06,0.0,0.0
zaharovitch,3.3960822557346096e-05,0.0,0.0,0.0
zametov,0.0002852709094817072,0.0,0.0,0.0
zametovs,2.0376493534407657e-05,0.0,0.0,0.0
zaraïsk,3.3960822557346093e-06,0.0,0.0,0.0
zaraïsky,3.3960822557346093e-06,0.0,0.0,0.0
zarnitsyn,6.792164511469219e-06,0.0,0.0,0.0
zeal,3.3960822557346093e-06,0.0,0.0,0.0
zealand,0.0,0.0,0.0,6.599013505207118e-06
zero,0.0,0.0,0.0,1.3198027010414236e-05
zest,2.819002973530694e-06,0.0,0.0,2.7388380629084794e-06
zeus,3.3960822557346093e-06,0.0,0.0,0.0
zig,0.0,7.794826824703627e-06,0.0,0.0
zigzag,0.0,0.0,0.0,6.599013505207118e-06
zigzags,3.3960822557346093e-06,0.0,0.0,0.0
zimmermans,3.3960822557346093e-06,0.0,0.0,0.0
zinc,0.0,2.338448047411088e-05,0.0,0.0
zona,0.0,7.794826824703627e-06,0.0,0.0
zone,0.0,7.794826824703627e-06,0.0,0.0
zossimov,0.00029545915624891103,0.0,0.0,0.0
zurich,0.0,7.794826824703627e-06,0.0,0.0
à,2.819002973530694e-06,0.0,9.425709264171582e-06,0.0
æsthetic,3.3960822557346093e-06,0.0,0.0,0.0
æsthetically,3.3960822557346093e-06,0.0,0.0,0.0
æsthetics,3.3960822557346093e-06,0.0,0.0,0.0
ça,0.0,1.5589653649407254e-05,0.0,0.0
éclat,0.0,0.0,5.677625082401832e-06,0.0
éternelle,3.3960822557346093e-06,0.0,0.0,0.0
