word,cap,fta,prpr,sh
a,4583,1823,1952,2634
aback,4,0,0,0
abandon,3,0,0,0
abandoned,10,6,0,3
abandoning,1,0,0,0
abandons,0,0,0,1
abasement,1,0,0,0
abatement,0,0,1,0
abbastanza,0,1,0,0
abbots,0,0,0,1
abdominal,0,1,0,0
aberdeen,0,0,0,2
aberration,2,0,0,0
abhorrence,0,0,6,0
abhorrent,0,0,1,1
abide,0,0,1,0
abiding,2,0,1,1
abilities,0,0,6,0
ability,2,0,0,0
abject,1,0,0,0
abjectly,1,0,0,0
abjectness,1,0,0,0
abjure,1,0,0,1
able,45,13,54,31
ablution,0,0,1,0
abnegation,1,0,0,0
abnormal,4,0,0,1
abnormality,1,0,0,0
abnormally,0,0,0,1
aboard,0,1,0,0
abode,0,0,8,1
abolition,1,0,0,0
abominable,0,0,6,1
abominably,1,0,4,0
abominate,0,0,2,0
abomination,0,0,0,1
abortions,1,0,0,0
abound,0,0,1,1
about,528,208,123,168
above,29,26,21,27
abraham,1,0,0,0
abroad,9,0,4,2
abrupt,1,0,1,1
abruptly,15,0,2,2
abruptness,0,0,2,0
abruzzi,0,10,0,0
abscess,2,0,0,0
absence,5,0,27,4
absent,7,0,4,1
absolute,2,0,4,15
absolutely,17,2,18,27
absolved,0,0,0,1
absorb,0,0,0,1
absorbed,8,0,0,1
absorbing,0,0,0,1
abstain,2,0,0,0
abstract,3,1,0,0
abstracted,0,0,0,4
absurd,17,0,5,4
absurdities,0,0,2,0
absurdity,4,0,1,0
absurdly,2,0,0,2
abundant,1,0,1,0
abundantly,0,0,3,0
abuse,10,0,2,1
abused,1,0,2,0
abusing,2,0,3,0
abusive,0,0,2,1
abutted,0,0,0,2
abyss,1,0,0,0
abyssinia,0,1,0,0
academy,1,0,0,0
accede,0,0,1,0
acceded,0,0,1,0
acceding,0,0,1,0
accelerate,1,0,0,0
accent,1,2,4,2
accents,0,0,2,0
accept,21,0,17,4
acceptable,0,0,6,0
acceptance,1,0,4,1
accepted,2,2,16,2
accepting,0,0,4,0
accessory,0,0,0,1
accident,10,3,6,5
accidental,0,0,3,1
accidentally,5,0,3,0
accidents,0,0,0,1
accommodate,0,0,0,1
accommodating,2,0,0,0
accompanied,8,1,6,1
accompaniment,1,0,0,0
accompany,0,0,3,1
accompanying,1,0,2,1
accompli,0,0,0,1
accomplice,1,0,0,1
accomplices,0,0,0,1
accomplish,0,0,0,1
accomplished,1,0,12,2
accomplishment,0,0,3,1
accomplishments,0,0,5,2
accord,5,0,0,0
accordance,2,0,0,0
according,9,0,8,2
accordingly,0,0,6,0
accosted,0,0,2,0
account,40,1,38,20
accountant,0,0,0,1
accounted,1,1,2,0
accounting,0,0,3,0
accounts,3,0,3,3
accumulated,1,0,0,1
accumulation,0,0,0,1
accuracy,0,1,1,0
accurate,0,0,1,1
accurately,1,0,0,1
accursed,6,0,0,0
accusation,3,0,1,0
accusations,2,0,3,0
accuse,4,0,4,0
accused,5,0,2,4
accuser,0,0,0,1
accusing,1,0,1,0
accustomed,5,0,2,7
acetones,0,0,0,1
ach,30,0,0,0
ache,2,1,0,0
ached,6,2,1,0
aches,3,0,0,0
achieved,0,0,0,1
achieving,0,0,1,0
achilles,5,0,0,0
aching,2,0,0,0
acid,0,0,0,2
acknowledge,2,0,8,1
acknowledged,0,0,20,0
acknowledges,0,0,0,1
acknowledging,0,0,1,0
acknowledgment,0,0,3,0
acknowledgments,1,0,2,0
acquaint,0,0,2,0
acquaintance,22,1,62,11
acquaintances,5,0,1,0
acquainted,2,0,24,0
acquainting,0,0,1,0
acquiesce,1,0,1,1
acquiescence,0,0,2,0
acquire,0,0,1,1
acquired,2,0,2,1
acquirement,0,0,0,1
acquirements,1,0,0,0
acquiring,2,0,0,0
acquisition,0,0,1,0
acquit,0,0,2,0
acquitted,1,0,0,1
acres,0,0,0,2
acrimony,0,0,1,0
across,18,83,6,37
act,10,3,9,6
acted,6,2,6,6
acting,2,0,3,4
action,15,3,1,12
actionable,0,0,0,2
actions,6,0,6,4
active,3,0,4,2
actively,1,0,0,0
activity,3,0,4,1
actor,0,0,0,2
actors,1,0,0,0
actress,0,0,0,1
acts,1,0,0,1
actual,7,1,5,1
actuality,1,0,0,0
actually,18,0,12,7
actuated,0,0,1,0
acute,3,0,2,3
acutely,1,0,4,0
acutest,0,0,1,0
adams,0,1,0,0
adapt,0,0,0,1
adaptable,2,0,0,0
adapted,0,0,3,1
add,12,0,12,3
added,86,1,71,3
adder,0,0,0,1
addicted,0,0,0,1
adding,1,0,5,1
addition,1,0,8,2
additional,0,0,2,0
additions,1,0,1,0
addled,1,0,0,0
address,22,6,19,25
addressed,15,0,17,2
addresses,0,1,6,0
addressing,34,0,3,2
adds,1,0,3,1
adept,0,0,1,0
adequate,0,0,1,0
adhered,1,0,1,0
adheres,1,0,0,0
adhering,0,0,1,0
adhesive,0,0,0,1
adieu,1,0,5,0
adieus,0,0,2,0
adjective,0,0,0,1
adjoined,1,0,0,0
adjoining,2,0,0,0
adjusted,0,0,0,2
adjusting,0,0,1,0
adjutant,0,4,0,0
adler,0,0,0,16
administration,0,1,0,1
administrative,2,0,0,0
admirable,0,1,3,3
admirably,0,0,0,4
admiration,1,1,25,2
admire,4,0,18,2
admired,4,2,12,0
admirer,0,0,3,0
admirers,0,0,0,1
admires,0,0,2,0
admiring,1,0,2,2
admission,1,0,1,0
admit,30,0,6,2
admittance,0,0,1,0
admitted,9,1,9,1
admitting,3,0,1,0
admonishes,1,0,0,0
admonishing,1,0,0,0
admonition,1,0,0,0
ado,0,0,0,1
adopt,1,0,3,0
adopted,1,0,1,2
adoration,0,0,1,0
adores,1,0,0,0
adoring,3,0,0,0
adorned,1,0,3,0
adornment,1,0,0,0
adrianople,1,0,0,0
adriatic,0,1,0,0
adrift,1,0,0,0
advance,9,4,3,6
advanced,4,0,5,2
advancement,0,0,1,0
advances,0,0,1,0
advancing,0,1,0,1
advantage,12,1,34,6
advantageous,1,0,2,0
advantageously,0,0,2,0
advantages,2,0,8,4
adventure,2,0,2,7
adventures,1,2,0,5
adventuress,0,0,0,1
adventuresses,1,0,0,0
advertise,0,0,0,2
advertised,0,0,1,3
advertisement,0,0,0,20
advertisements,0,1,0,1
advertising,1,0,0,2
advice,7,1,16,19
advisability,1,0,0,0
advisable,0,0,6,0
advise,3,2,8,7
advised,0,1,3,1
adviser,0,0,0,2
advising,0,0,1,0
advocate,0,0,0,1
advocating,1,0,0,0
afanasy,8,0,0,0
afanasyvitch,2,0,0,0
afar,1,0,0,0
affability,0,0,4,0
affable,1,0,1,0
affably,4,0,0,0
affair,12,1,18,14
affaire,0,0,0,1
affairs,11,0,7,10
affect,3,0,4,2
affectation,2,0,3,1
affected,8,0,20,2
affecting,5,0,0,1
affection,2,1,58,2
affectionate,0,2,17,2
affectionately,0,0,4,0
affections,0,0,4,1
affinity,0,0,2,0
affirmative,0,0,2,0
afflicting,0,0,1,0
affliction,0,0,1,1
afford,1,1,7,2
afforded,1,0,5,1
affording,0,0,2,0
affords,0,0,1,0
affront,2,0,4,0
affronted,3,0,2,0
afghan,0,0,0,1
afghanistan,0,0,0,1
afraid,90,46,37,21
afresh,1,0,1,0
africa,1,0,0,0
africana,0,1,0,0
afrosinya,1,0,0,0
after,226,115,200,99
afternoon,3,21,3,17
afternoons,0,3,0,0
afterward,0,24,0,0
afterwards,58,0,32,18
again,410,109,177,69
against,76,44,52,52
age,11,4,15,14
aged,1,1,0,4
agency,0,0,0,4
agent,0,0,0,8
ages,1,0,0,0
aggrieved,5,0,0,0
agitated,10,0,4,2
agitating,0,0,1,0
agitation,7,0,6,5
agitations,0,0,1,0
agitators,1,1,0,0
aglow,1,0,0,0
ago,72,2,26,28
agonies,5,0,1,1
agonised,1,0,0,0
agonising,11,0,0,0
agonisingly,2,0,0,0
agony,9,0,1,3
agra,0,0,0,1
agree,23,1,6,2
agreeable,9,0,45,0
agreeably,0,0,3,0
agreed,12,2,12,0
agreeing,0,0,3,0
agreement,3,0,3,0
agrees,0,0,0,1
agricultural,0,0,0,2
ah,96,1,5,32
aha,2,0,0,0
ahead,2,51,0,0
aid,1,1,1,7
aided,0,1,0,1
aie,2,0,0,0
ailing,1,0,0,0
aim,5,0,0,0
aimed,5,2,1,0
aimlessly,5,0,0,0
aims,4,0,0,0
aint,0,3,0,0
air,47,13,30,27
aircraft,0,1,0,0
airing,0,0,1,0
airlessness,1,0,0,0
airplanes,0,2,0,0
airs,0,0,1,0
aisle,0,1,0,1
ajar,2,0,0,1
akimbo,0,0,0,1
akin,1,0,0,3
alabaster,1,0,0,0
alacrity,0,0,5,0
alarm,23,0,14,9
alarmed,12,0,8,0
alarming,3,0,5,0
alarms,0,0,1,0
alas,1,0,2,3
albert,0,0,0,3
album,1,0,0,0
alcohol,1,1,0,0
alcoholism,0,2,0,0
aldersgate,0,0,0,1
aldershot,0,0,0,1
aldo,0,2,0,0
alert,0,0,0,1
alexander,0,0,0,1
alexandr,2,0,0,0
alexandrovna,118,0,0,0
alexandrovnas,5,0,0,0
alexey,1,0,0,0
algebra,1,0,0,0
alias,0,0,0,1
alice,0,0,0,11
alices,0,0,0,1
alicia,0,0,0,1
alienated,0,0,1,0
alighted,0,0,1,0
alike,1,6,2,1
alive,12,2,2,12
all,1303,522,626,392
allah,1,0,0,0
allayed,1,0,1,0
alleging,0,0,0,1
allegorical,1,0,0,0
allegro,0,0,0,2
alleviate,0,0,1,0
alleviated,0,0,1,0
alley,1,0,0,2
alleys,2,0,0,1
alleyway,0,1,0,0
alliance,0,0,3,1
allied,0,1,0,1
allies,0,1,0,0
allow,41,0,31,7
allowable,0,0,1,0
allowance,0,0,2,3
allowances,0,0,1,0
allowed,7,2,26,9
allowing,1,0,8,1
allows,0,0,0,1
alls,1,0,0,0
allude,1,0,1,1
alluded,1,0,6,1
alluding,1,0,1,0
allurement,1,0,0,0
allurements,0,0,1,0
alluring,1,0,0,0
allusion,0,0,5,4
allusions,3,0,1,1
ally,0,1,0,1
alma,1,0,0,0
almanac,0,1,0,0
almighty,1,0,0,0
almonds,0,2,0,0
almost,215,27,59,18
alms,2,0,0,0
alone,95,33,30,26
along,53,113,10,18
alongside,0,2,0,0
aloof,2,0,2,0
aloud,29,0,11,2
aloysius,0,0,0,5
alpha,0,0,0,7
alpini,0,2,0,0
already,94,12,28,47
also,36,11,34,52
altar,0,0,1,6
altars,1,0,0,0
alter,1,0,1,1
alteration,0,0,7,0
alterations,0,0,1,1
altered,1,0,7,1
alternate,0,0,1,0
alternately,0,0,0,2
alternating,1,0,0,1
alternation,0,0,0,1
alternative,0,0,3,0
alternatives,2,0,0,0
alters,1,0,0,0
although,27,8,1,10
alto,0,1,0,0
altogether,22,1,8,4
always,135,78,120,58
alyona,16,0,0,0
alyoshka,1,0,0,0
am,546,83,318,185
amalfi,0,3,0,0
amalgam,0,0,0,1
amalgamated,1,0,0,0
amalia,68,0,0,0
amassed,1,0,0,0
amassing,2,0,0,0
amateur,1,0,0,2
amaze,1,0,1,0
amazed,8,0,5,0
amazement,11,0,10,1
amazes,0,0,1,0
amazing,1,0,2,1
ambassador,0,1,0,0
ambiguous,4,0,0,0
ambition,0,0,1,1
ambitious,0,0,0,1
ambulance,0,22,0,0
ambulances,0,8,0,0
amendment,0,0,2,0
amends,0,0,5,0
america,9,12,0,10
american,2,39,0,10
americans,0,5,0,1
amethyst,0,0,0,1
ami,1,0,0,0
amiable,1,0,36,6
amiably,2,0,0,0
amid,1,0,1,14
amidst,1,0,4,0
amiss,3,0,1,2
ammunition,0,1,0,0
among,33,1,25,35
amongst,4,0,12,0
amorous,1,0,0,0
amount,5,5,2,6
amounting,1,0,1,0
amounts,1,0,0,0
amoy,0,0,0,1
amphitheatre,0,1,0,0
ample,0,0,2,2
amplifying,0,0,0,1
amply,1,0,2,1
amputated,1,0,0,0
amuse,5,0,5,1
amused,3,1,6,2
amusement,3,0,12,2
amusements,1,0,3,0
amuses,1,0,0,0
amusing,2,0,4,2
an,546,161,361,331
analyse,1,0,0,0
analysed,2,0,0,0
analysis,2,0,0,4
analytical,0,0,0,2
anarchist,0,4,0,0
anarchists,0,2,0,0
anatomy,3,0,0,1
ancestors,1,0,0,0
ancestral,0,0,0,1
anchorage,1,0,0,0
anchovy,0,1,0,0
ancient,3,0,1,1
ancle,0,0,1,0
ancles,0,0,2,0
ancona,0,1,0,0
and,6934,3170,3587,3017
anderson,0,0,0,1
andiamo,0,1,0,0
andover,0,0,0,1
andrey,21,0,0,0
anecdote,0,0,2,0
anecdotes,2,0,1,0
anew,1,0,1,0
angel,7,0,3,20
angelic,0,0,1,0
angels,0,0,0,1
anger,20,1,13,9
angered,2,0,0,0
angers,1,0,0,0
angle,3,2,0,7
anglo,0,3,0,0
angrily,14,0,1,0
angry,49,8,17,10
anguish,20,0,2,0
angular,2,0,0,0
animal,3,0,1,4
animals,0,0,0,1
animate,1,0,0,0
animated,3,0,3,2
animating,0,0,1,0
animation,3,0,4,0
aniska,2,0,0,0
ankles,0,0,0,1
anna,1,0,0,0
anne,0,0,4,0
annes,0,0,1,0
annesley,0,0,3,0
annexed,0,0,1,0
annihilate,1,0,0,0
annihilated,3,0,0,0
announce,0,0,4,2
announced,4,0,3,5
announcement,0,0,0,3
announcing,1,0,0,0
annoy,3,0,0,0
annoyance,10,0,0,3
annoyed,6,0,1,2
annoying,3,0,0,0
annoys,1,0,0,0
annual,0,0,1,1
annum,0,0,2,0
anoints,0,0,0,1
another,197,80,57,42
anothers,1,1,0,0
anstruther,0,0,0,1
answer,56,6,65,15
answerable,0,0,2,0
answered,112,2,34,56
answering,4,0,3,4
answers,4,0,1,2
ant,1,0,0,0
antagonist,0,0,1,1
antecedents,0,0,0,1
antechamber,0,0,1,0
anteroom,0,0,0,1
anthony,0,5,0,0
anthonys,0,1,0,0
anti,0,3,0,0
anticipate,1,0,1,0
anticipated,2,0,4,0
anticipating,2,0,2,0
anticipation,3,0,1,0
anticipations,1,0,0,0
antics,0,0,0,1
ants,0,4,0,0
anxieties,3,0,0,0
anxiety,28,0,19,5
anxious,30,4,26,9
anxiously,5,0,2,1
any,142,164,269,128
anybody,3,9,25,1
anybodys,0,0,2,0
anyhow,2,1,1,3
anyone,67,0,23,24
anyones,5,0,0,0
anything,145,99,80,51
anyway,35,24,0,0
anywhere,6,5,1,2
anæmic,1,0,0,0
anæsthetic,0,3,0,0
anæsthetics,0,1,0,0
anæsthetized,0,1,0,0
aosta,0,1,0,0
apace,0,0,1,0
apache,0,0,0,1
apaches,0,0,0,1
apart,10,4,0,2
apartment,0,0,4,4
apartments,1,0,2,0
apathy,3,0,0,0
ape,0,1,0,0
aperture,0,0,0,3
apiece,0,5,0,4
apologetically,1,0,0,0
apologies,3,0,2,0
apologise,4,0,0,1
apologised,2,0,0,0
apologising,1,0,0,0
apologize,0,0,5,0
apologized,0,0,2,0
apologizing,0,0,4,0
apology,0,0,8,7
apoplexy,1,0,0,0
apothecary,0,0,2,0
appalled,1,0,0,0
appallingly,1,0,0,0
apparel,0,0,1,0
apparelled,0,0,0,1
apparent,9,0,3,1
apparently,28,0,2,5
apparition,0,0,0,1
apparitions,1,0,0,0
appeal,7,0,2,1
appealed,1,0,0,0
appeals,0,0,1,1
appear,13,0,30,8
appearance,28,0,33,16
appearances,3,0,1,0
appeared,24,0,32,27
appearing,0,0,6,0
appears,1,0,3,17
appease,0,0,1,0
appeased,0,0,1,0
appendix,0,1,0,0
appertain,0,0,1,0
appetite,4,1,2,0
apple,0,4,0,0
apples,0,2,0,0
applicant,0,0,0,1
application,0,0,12,0
applied,2,0,12,0
applies,0,0,1,0
apply,1,0,3,7
applying,0,0,3,2
appointed,0,0,1,0
appointment,0,0,1,9
appreciate,0,4,0,0
appreciative,0,1,0,0
apprehended,0,0,1,0
apprehending,0,0,1,0
apprehension,2,0,12,0
apprehensions,1,0,2,0
apprehensive,0,0,1,0
apprehensively,0,1,0,0
apprenticed,0,0,0,1
approach,3,0,7,4
approached,8,0,6,7
approaching,10,0,12,4
approbation,0,0,7,0
appropriate,2,0,0,1
appropriately,1,0,0,0
approval,1,0,0,0
approve,1,0,5,0
approved,1,0,3,0
approvingly,1,0,0,1
approximate,1,0,0,0
approximately,2,0,0,0
april,0,0,1,2
apron,0,3,0,0
aproned,0,0,0,1
apropos,6,0,0,0
apt,4,1,1,1
aptly,1,0,0,0
aquila,0,1,0,0
aquiline,0,0,0,2
arabian,0,0,0,1
arat,0,0,0,1
arbiter,1,0,0,0
arbitrary,1,0,0,0
arc,0,0,0,1
arcade,0,2,0,0
arch,0,1,1,0
archbishop,0,1,1,0
arched,1,2,0,0
archery,0,0,0,1
archie,0,0,0,1
architect,0,1,0,0
architects,0,0,0,1
architecture,0,2,0,1
archly,0,0,2,0
archness,0,0,1,0
archway,0,4,0,0
ardent,1,0,1,0
ardently,0,0,2,0
ardour,1,0,0,0
arduous,0,0,0,1
are,848,324,341,335
area,0,1,0,1
arent,12,24,0,0
argue,1,1,0,1
argued,1,2,1,0
arguing,1,0,1,0
argument,4,1,5,2
arguments,4,0,5,1
aright,0,0,0,1
arise,3,0,7,1
arisen,0,0,5,0
arises,1,0,0,0
arising,0,0,5,0
aristocratic,6,0,0,3
arithmetic,2,0,0,0
arizona,0,0,0,1
ark,1,0,0,0
arkady,11,0,0,0
arm,22,29,4,11
armchair,0,0,0,15
armchairs,0,0,0,1
armed,1,1,0,2
armhole,2,0,0,0
armies,2,2,0,0
armitage,0,0,0,3
armoire,0,7,0,0
armorers,0,1,0,0
armour,0,0,0,1
arms,36,12,0,16
army,3,32,3,2
arnsworth,0,0,0,1
arose,3,0,5,0
around,6,73,2,3
arouse,1,0,0,0
aroused,5,0,0,3
arrange,6,1,1,1
arranged,9,3,2,5
arrangement,3,0,8,0
arrangements,8,0,1,3
arranges,0,0,1,0
arranging,0,0,2,0
array,0,0,0,1
arrear,0,0,1,0
arrest,12,12,0,5
arrested,5,7,2,9
arresting,0,0,0,1
arrival,9,0,29,2
arrivals,1,0,0,0
arrive,2,1,2,2
arrived,14,2,15,16
arriving,2,0,1,0
arrogance,1,0,1,0
arrogant,1,0,1,0
arrow,2,0,0,0
arrows,0,0,0,1
arson,1,0,0,0
art,4,3,3,5
arteries,0,0,0,1
artful,0,0,1,0
artfully,2,0,1,0
arthur,0,0,0,17
arthurs,0,0,0,3
article,35,1,3,4
articles,4,0,2,4
articulate,2,0,0,0
articulated,10,0,0,0
articulately,1,0,0,0
articulating,2,0,0,0
articulation,0,4,0,0
artificial,2,0,1,1
artillery,0,7,0,1
artisan,2,0,0,0
artist,3,0,0,1
artistic,0,0,0,2
artistically,1,0,0,0
arts,0,0,4,0
as,1200,229,1185,850
ascend,0,0,0,2
ascended,0,0,3,3
ascending,2,0,0,0
ascent,1,0,0,0
ascertain,3,0,2,1
ascertained,0,0,0,1
ascertaining,1,0,1,3
ascetic,1,0,0,0
asciutta,0,2,0,0
ascribed,4,0,0,0
ash,2,0,0,2
ashamed,38,4,16,5
ashamedly,0,1,0,0
ashen,0,0,0,2
ashes,3,3,0,4
ashore,0,2,0,0
ashworth,0,0,1,0
asia,2,0,0,0
aside,13,1,4,7
ask,98,21,32,35
askance,3,0,0,1
asked,187,153,40,88
askew,1,0,0,0
asking,32,6,14,6
asks,5,0,0,1
aslant,1,0,0,0
asleep,34,16,1,5
asparagus,1,0,0,0
aspect,2,1,6,2
aspects,1,0,0,0
asperity,0,0,1,0
aspirations,1,0,0,0
aspire,0,0,1,0
aspired,0,0,0,1
aspirin,0,1,0,0
ass,6,0,0,0
assailant,2,0,0,0
assailants,0,0,0,1
assault,1,0,0,1
assaulted,0,0,0,1
assaults,1,0,0,0
assembled,1,0,6,1
assemblies,0,0,2,0
assembly,0,0,9,0
assent,0,0,1,0
assented,5,0,2,0
assents,0,0,1,0
assert,1,0,5,1
asserted,1,0,1,1
asserting,0,0,1,0
assertion,0,0,3,1
assertions,0,0,3,0
assessor,1,0,0,0
asset,1,0,0,0
assets,1,0,0,0
assez,2,0,0,0
assiduous,0,0,1,0
assiduously,0,0,1,0
assigned,1,0,0,0
assist,7,0,7,2
assistance,8,0,13,10
assistant,13,0,1,14
assistants,0,0,0,2
assisted,0,0,4,1
assisting,1,0,2,2
assizes,0,0,0,7
associate,2,0,0,4
associated,2,0,0,4
associating,0,0,1,0
association,0,0,0,1
associations,1,0,0,0
assume,4,0,3,2
assumed,5,0,1,2
assumes,1,0,0,0
assuming,3,1,0,0
assumption,1,0,0,0
assurance,0,0,14,1
assurances,0,0,9,0
assure,30,0,39,7
assured,7,1,28,5
assuredly,0,0,0,1
assures,0,0,0,1
assuring,1,0,4,1
astern,0,1,0,0
asti,0,1,0,0
astir,0,0,0,1
astonish,0,0,2,0
astonished,8,0,14,2
astonishing,3,0,0,0
astonishment,9,0,30,10
astounded,2,0,0,0
astra,0,1,0,0
astrakhan,0,0,0,1
astride,0,2,0,0
astronomy,0,0,0,1
astute,1,0,0,1
astuteness,0,0,0,1
asylum,1,0,0,1
asylums,1,0,0,0
at,2064,501,784,769
ate,6,23,3,2
atheist,0,1,0,0
atheists,1,1,0,0
atkinson,0,0,0,1
atlantic,0,0,0,2
atmosphere,5,0,0,1
atone,1,0,2,1
atoned,0,0,1,0
atonement,1,0,2,0
atrocious,2,0,0,0
attach,1,0,3,0
attached,1,1,11,2
attachment,0,0,27,0
attachments,0,0,1,0
attack,5,34,4,1
attacked,5,0,1,3
attacking,6,2,0,0
attacks,3,0,3,0
attain,3,0,0,2
attained,1,0,1,1
attainments,0,0,0,1
attempt,11,0,22,10
attempted,4,0,5,3
attempting,3,0,4,1
attempts,0,0,0,5
attend,4,0,5,3
attendance,1,1,4,0
attendant,3,0,1,3
attendants,0,0,1,0
attended,1,0,24,1
attending,4,0,9,0
attends,1,0,0,0
attention,35,3,70,24
attentions,1,0,26,3
attentive,3,0,10,0
attentively,20,0,3,0
attested,1,0,0,0
attic,2,0,0,4
attica,0,0,0,1
attics,0,0,1,1
attire,5,0,0,0
attired,0,0,0,1
attitude,5,1,1,2
attorney,1,0,3,0
attract,3,1,0,1
attracted,9,0,3,5
attracting,2,1,0,0
attraction,2,0,2,0
attractions,2,0,5,1
attractive,4,4,0,0
attribute,1,0,4,0
attributed,3,0,5,0
attributing,0,0,1,0
auckland,0,0,0,1
audible,3,0,1,1
audibly,4,0,0,0
audience,2,0,2,0
augen,1,0,0,0
aught,0,0,1,0
augment,0,0,1,0
augmented,0,0,1,0
august,0,1,1,1
augustine,0,0,0,1
aunt,2,0,77,2
aunts,0,0,7,1
aureole,1,0,0,0
aus,3,0,0,0
austerity,0,0,1,0
australia,0,0,0,2
australian,0,0,0,3
australians,0,0,0,1
austria,0,7,0,0
austrian,1,18,0,0
austrians,0,34,0,0
authentic,1,0,0,0
authenticity,0,0,0,1
author,5,0,0,0
authoritative,0,0,2,1
authorities,2,0,0,3
authority,5,1,9,1
authorize,0,0,1,0
authorized,0,0,3,0
authorizing,0,0,1,0
authors,3,0,0,0
auto,0,2,0,0
automatic,0,1,0,0
autre,1,0,0,0
autumn,2,2,0,1
autumnal,0,0,0,2
avail,0,0,1,1
availed,0,0,1,0
avants,0,1,0,0
avarice,0,0,1,0
avdotya,115,0,0,0
ave,1,0,0,0
avenge,1,0,0,0
avenging,1,0,0,0
avenue,2,1,1,6
average,2,1,0,3
averse,0,0,0,5
aversion,6,0,0,2
avert,0,0,0,3
averted,1,0,0,1
aviators,0,2,0,0
avoid,17,1,18,3
avoidance,0,0,1,0
avoided,8,3,1,2
avoiding,3,0,2,1
avowal,0,0,3,0
avowed,0,0,3,0
await,2,0,0,1
awaited,3,0,1,1
awaiting,6,0,0,1
awake,8,14,2,4
awaken,2,0,0,0
awakened,0,0,4,3
awakening,1,0,0,0
aware,24,0,14,10
away,263,136,118,106
awe,1,0,3,0
awed,0,0,2,0
awful,31,7,2,3
awfully,16,30,0,0
awhile,0,8,0,0
awkward,5,0,10,3
awkwardly,3,0,0,0
awkwardness,1,0,3,0
awoke,0,1,1,1
awry,1,0,0,0
axe,58,0,0,0
axes,1,0,0,0
axiom,1,0,0,1
ay,0,0,6,2
aymo,0,56,0,0
aymos,0,3,0,0
azure,0,0,0,1
aïe,1,0,0,0
b,1,1,1,5
babbiting,0,1,0,0
babble,1,0,0,0
babbled,1,0,0,0
babbling,1,0,0,0
babe,1,1,0,0
babies,1,7,0,0
baboon,0,0,0,4
babushkins,2,0,0,0
baby,4,59,0,2
bacchus,1,8,0,0
bachelor,1,0,0,6
bachelors,0,0,0,1
back,190,272,41,139
backed,1,5,1,4
backgammon,0,0,2,1
background,0,1,0,1
backing,1,3,0,0
backs,1,4,0,0
backward,0,2,1,7
backwards,2,0,1,0
backwater,0,0,0,2
backwaters,0,0,0,1
bad,34,59,15,14
bade,2,0,0,2
badge,0,0,0,1
badly,13,18,0,2
baffled,0,0,0,3
bag,0,13,0,10
baggage,1,3,0,0
baggy,0,0,0,2
bags,2,17,0,1
bah,12,0,0,0
bail,0,2,0,0
bailer,0,1,0,0
bailing,0,1,0,0
bains,0,2,0,0
bainsizza,0,13,0,0
bait,0,1,0,0
baited,0,1,0,0
baiters,0,1,0,0
baiting,0,3,0,0
baits,0,0,0,1
bakaleyevs,8,0,0,0
baked,1,0,0,0
baker,0,0,0,42
bakers,0,0,0,2
bakewell,0,0,1,0
baking,1,1,0,0
balalaïka,1,0,0,0
balance,3,0,0,1
balanced,0,0,0,1
balancing,1,0,0,2
balconies,1,0,0,0
balcony,2,12,0,0
bald,1,1,0,2
baleful,0,0,0,1
ball,4,3,36,5
ballarat,0,0,0,6
balloon,4,0,0,0
balloons,0,1,0,0
balls,1,3,8,1
balm,0,0,1,0
balmoral,0,0,0,4
balustraded,0,0,0,1
balzac,0,0,0,1
band,0,0,1,13
bandage,1,3,0,1
bandaged,0,3,0,1
bandages,0,5,0,1
bandaging,0,1,0,0
bands,0,0,0,2
bandy,0,0,0,1
bang,0,0,0,2
banged,0,0,0,1
banging,3,0,0,0
banish,0,0,3,0
banished,0,0,3,0
banishment,1,0,0,0
bank,20,28,0,14
banker,0,0,0,10
bankers,0,0,0,3
banking,0,0,0,3
banknotes,1,0,0,0
bankrupt,1,0,0,0
banks,5,1,2,2
banquets,1,0,0,0
banter,1,0,0,0
bantering,1,0,0,0
baptized,0,1,0,0
bar,5,19,0,10
barbarians,0,1,0,0
barbaric,0,0,0,1
barbarous,0,0,1,0
barbarously,0,0,1,0
barber,0,6,0,1
barbera,0,4,0,0
barbers,1,0,0,0
barbusse,0,1,0,0
bare,11,22,1,4
bared,1,0,0,0
barefaced,0,0,1,0
barefoot,3,1,0,0
barefooted,1,0,0,0
bareheaded,2,0,0,0
barely,1,0,1,0
bargain,2,0,0,1
bargained,1,0,0,0
barge,2,0,0,0
bark,0,0,0,2
barking,1,0,0,0
barkley,0,41,0,0
barkleys,0,2,0,0
barmaid,0,1,0,3
barman,0,24,0,0
barmans,0,1,0,0
barmherzige,1,0,0,0
barn,1,9,0,0
barnet,0,0,2,0
barns,0,1,0,0
barometric,0,0,0,1
barouche,0,0,1,0
barque,0,0,0,3
barracks,2,0,0,0
barred,1,1,0,7
barrel,3,4,0,1
barrels,0,1,0,0
barricade,1,0,0,1
barricaded,0,0,0,1
barrier,1,1,0,0
barriers,2,0,0,0
barrow,0,0,0,1
barrows,1,0,0,0
bars,0,1,0,4
bartender,0,1,0,0
barter,2,0,0,0
barto,0,8,0,0
bartolomeo,0,6,0,0
barton,0,0,0,1
bartos,0,1,0,0
baryta,0,0,0,1
base,13,1,0,1
baseball,0,2,0,0
basely,1,0,0,0
basement,1,0,0,0
basements,1,0,0,0
baseness,2,0,0,0
baser,1,0,0,0
basest,1,0,0,0
bashful,3,0,1,1
bashfulness,2,0,0,0
basilicata,0,1,0,0
basin,4,8,0,2
basins,0,2,0,0
basis,1,0,1,1
basket,1,0,0,3
basketful,0,0,0,1
basque,1,0,0,0
bass,1,0,1,0
bassi,0,6,0,0
basso,0,1,0,0
bastards,0,2,0,0
bat,0,2,0,0
bath,2,1,1,2
bathe,1,0,0,0
bathed,1,0,0,0
bathing,2,0,2,0
bathroom,0,6,0,1
baths,1,1,0,0
bathtub,0,1,0,0
bats,0,3,0,0
battalion,0,1,0,0
battalions,0,1,0,0
battered,6,0,0,3
batteries,0,1,0,0
battery,1,4,0,0
battle,2,4,0,1
battled,0,0,1,0
bawdy,0,2,0,0
bawled,1,0,0,0
bawling,3,0,0,0
baxters,0,0,0,1
bay,2,1,0,0
baying,0,0,0,1
bayonet,0,1,0,0
bazaar,1,0,0,0
be,1121,458,1238,627
beaded,1,0,0,0
beads,2,0,0,1
beakers,0,1,0,0
beam,1,2,0,1
beamed,0,0,0,1
beams,0,2,0,0
bean,0,0,0,1
beans,0,2,0,0
bear,30,5,25,7
beard,7,16,0,3
bearded,0,3,0,1
beards,0,2,0,0
bearers,0,9,0,0
bearing,3,0,2,8
bearings,0,0,0,1
bears,0,1,2,4
beast,9,0,0,1
beastliness,1,0,0,0
beastly,0,1,0,0
beasts,0,0,0,1
beat,29,3,0,5
beaten,5,5,0,6
beating,27,3,0,3
beatings,0,0,1,0
beats,2,0,0,0
beauteous,0,0,1,0
beauties,0,0,4,1
beautiful,7,35,15,11
beautifully,0,4,0,4
beauty,7,0,27,8
beaux,0,0,1,0
became,31,3,16,31
because,153,82,62,23
becher,0,0,0,2
bechers,0,0,0,1
beckon,2,0,0,0
beckoned,0,0,0,1
beckoning,1,0,0,2
become,41,11,9,10
becomes,3,1,4,7
becoming,6,1,3,1
bed,59,142,6,39
bedclothes,2,0,0,0
bedded,0,0,0,2
bedecked,1,0,0,0
bedlam,1,0,0,0
bedpan,0,1,0,0
bedroom,9,3,0,18
bedrooms,0,0,0,3
beds,3,9,0,2
bedside,1,0,0,1
bedstead,4,0,0,0
bedtime,1,0,0,1
bee,0,0,0,1
beech,0,0,0,1
beeches,0,0,0,10
beef,5,0,0,3
been,576,185,515,393
beer,14,20,0,3
beetle,1,0,0,0
beetles,1,0,0,0
befall,0,0,2,2
befallen,1,0,0,1
befogged,1,0,0,0
before,314,78,227,164
beforehand,24,0,1,1
befriend,1,0,0,0
befriended,0,0,1,0
befriending,1,0,0,0
beg,29,3,17,12
began,265,8,59,25
beget,0,0,0,1
beggar,7,0,0,5
beggarly,2,0,0,0
beggarman,0,0,0,1
beggary,6,0,0,1
begged,16,0,8,3
begging,8,0,2,4
begin,49,2,13,6
beginning,37,6,12,6
beginnings,1,0,0,1
begins,4,0,4,1
begs,1,0,1,0
begun,29,0,2,4
behalf,0,0,4,0
behave,6,1,2,0
behaved,4,0,8,0
behaves,1,0,2,0
behavior,2,1,0,0
behaviour,11,0,55,0
beheld,0,0,2,0
behind,45,39,14,50
behold,3,0,0,0
beholding,0,0,3,0
beige,0,0,0,1
being,101,29,176,45
beings,1,0,0,1
belated,0,0,0,1
belauded,1,0,0,0
belfry,2,0,0,0
belief,2,0,15,6
beliefs,1,0,0,0
believe,165,54,88,35
believed,14,2,37,3
believer,1,0,0,0
believes,2,0,1,0
believest,1,0,0,0
believeth,2,0,0,0
believing,7,0,12,1
bell,25,9,6,25
bella,0,2,0,0
bellow,0,1,0,0
bellows,0,3,0,0
bells,3,0,0,0
belly,0,2,0,0
belong,2,0,3,0
belonged,7,3,3,2
belonging,2,0,1,2
belongings,1,0,0,0
belongs,3,0,2,3
beloved,2,0,2,1
below,12,23,5,5
belt,1,3,0,2
belts,0,2,0,0
bench,9,6,0,0
benches,0,8,1,0
bend,2,1,0,1
bending,9,3,0,3
bene,0,1,0,0
beneath,1,0,5,10
benefactor,6,0,0,3
benefactors,3,0,0,0
beneficence,0,0,1,0
beneficent,1,0,0,0
beneficial,2,0,1,0
benefit,14,1,5,0
benefited,0,0,4,0
benefiting,0,0,1,0
benefits,2,0,1,0
benevolence,4,0,3,0
benevolent,3,0,1,1
bengal,0,0,0,1
bennet,0,0,295,0
bennets,0,0,39,0
bent,20,11,3,14
bequeathed,1,0,1,1
bequest,0,0,1,1
bereaved,1,0,0,0
berg,2,0,0,0
berkshire,0,0,0,4
berlin,3,0,0,0
bermuda,0,0,0,1
bernois,0,1,0,0
bersaglieri,0,7,0,0
berth,0,0,0,1
berths,0,0,0,2
beryl,0,0,0,2
beryls,0,0,0,4
beseech,2,0,0,0
beseeching,2,0,0,0
beside,49,47,1,25
besides,60,9,11,13
besought,2,0,0,0
bespattered,1,0,0,0
best,26,16,42,31
bestow,0,0,7,0
bestowed,1,0,8,0
bestowing,0,0,1,0
bet,7,7,0,3
bethany,1,0,0,0
bethought,1,0,0,0
betray,12,0,3,1
betrayal,1,0,0,0
betrayed,6,0,4,1
betraying,1,0,0,1
betrays,1,0,0,0
betrothal,0,0,0,1
betrothed,17,0,0,0
bets,0,0,1,0
better,150,83,92,51
betting,2,1,0,0
between,48,38,63,60
bewailed,0,0,1,0
beware,2,1,0,0
bewildered,11,0,1,0
bewilderment,6,0,0,2
bewitched,0,0,1,0
bewitching,0,0,1,0
beyond,19,42,36,11
bezzemelny,1,0,0,0
bianca,0,1,0,0
biassed,0,0,0,1
bible,2,0,0,1
bicycle,0,2,0,0
bicycles,0,4,0,0
bicycling,0,0,0,1
bicyclists,0,1,0,0
bid,0,0,1,0
bidding,0,0,3,0
biding,1,0,0,0
bids,1,0,0,0
bien,0,1,0,0
biffis,0,2,0,0
big,31,83,0,5
bigger,3,3,0,1
biggest,0,1,0,0
bigotry,1,0,0,0
bijou,0,0,0,1
bile,0,2,0,1
bilious,1,0,0,0
bill,1,1,0,8
billet,0,0,0,2
billiard,3,4,1,0
billiards,3,5,0,0
billposters,0,1,0,0
bills,0,0,1,2
billycock,0,0,0,1
bind,0,0,0,1
binding,1,0,0,1
bingley,0,0,259,0
bingleys,0,0,53,0
biographies,0,0,0,1
biography,1,0,0,1
biologically,0,1,0,0
birchmoor,0,0,0,1
bird,5,1,0,22
birds,4,3,2,7
birmingham,0,0,1,0
birth,3,0,5,0
birthday,1,3,0,0
bisulphate,0,0,0,1
bit,27,8,3,6
bitch,0,5,0,0
bitches,0,2,0,0
bite,1,1,0,2
biting,4,1,1,0
bits,2,1,0,0
bitten,1,1,0,2
bitter,15,2,2,4
bitterest,0,0,1,0
bitterly,9,1,2,2
bitterness,4,1,5,1
bizarre,0,0,0,4
blab,1,0,0,0
blabby,0,1,0,0
black,33,18,1,50
blacked,0,1,0,0
blacken,0,0,1,0
blackened,2,0,0,0
blackest,0,0,0,1
blackguard,2,0,0,1
blackmailing,0,0,0,1
blacksmith,0,0,0,1
blade,2,1,0,0
blades,0,2,0,0
blame,27,1,16,3
blamed,6,1,1,0
blameless,0,0,2,0
blamelessness,0,0,1,0
blames,1,0,0,0
blaming,3,0,3,0
blanc,1,0,0,0
blanche,0,0,0,2
blanched,0,0,0,1
bland,0,0,0,1
blandly,0,0,0,3
blank,8,0,0,0
blanket,10,6,0,0
blankets,0,1,0,0
blankly,4,1,0,0
blankness,2,0,0,0
blaspheme,0,1,0,0
blasphemer,1,0,0,0
blaspheming,0,1,0,0
blast,1,1,0,0
blasted,0,1,1,1
blaze,0,0,0,2
blazing,0,0,0,2
bleak,0,0,0,1
bled,0,0,0,1
bleed,2,0,0,0
bleeding,4,2,0,2
blemish,0,0,1,0
blend,0,0,0,1
blenheim,0,0,1,0
bless,5,2,3,4
blessed,1,0,4,0
blessing,4,0,4,0
blessings,1,0,0,0
blew,2,10,0,2
blind,9,2,6,4
blinded,1,0,2,0
blinds,0,1,1,5
blinked,0,0,0,1
blinking,1,0,0,0
bliss,1,0,0,0
blister,0,1,0,0
blistered,0,1,0,0
bloated,1,0,0,0
bloc,0,0,0,1
block,4,3,0,4
blockaded,0,0,0,1
blocked,0,1,0,3
blockhead,3,0,0,0
blockheads,1,0,0,0
blocking,1,0,0,0
blocks,0,1,0,0
blonde,0,6,0,1
blood,65,10,0,15
blooded,0,0,0,2
bloodless,0,0,0,2
bloodshed,8,0,0,0
bloodshot,1,0,0,0
bloodstains,0,0,0,2
bloody,0,9,0,1
bloomsbury,0,0,0,1
blossoming,1,0,0,0
blot,0,0,0,1
blotched,0,0,0,1
blotches,0,0,0,2
blotchy,1,0,0,0
blots,0,0,1,0
blotted,0,0,0,1
blotting,0,0,0,2
blow,16,9,1,12
blowing,3,9,0,3
blown,0,5,1,1
blows,12,0,0,3
blowzy,0,0,1,0
blue,11,6,2,24
blued,0,1,0,0
bluff,0,0,0,1
blunder,3,0,0,0
blundering,1,0,0,1
blunders,1,0,0,1
blunt,2,1,0,4
bluntly,1,0,0,0
blur,1,0,0,1
blurs,1,0,0,1
blurt,1,0,0,0
blurted,11,0,0,0
blurting,1,0,0,0
blurts,1,0,0,0
blush,2,0,4,1
blushed,5,3,7,0
blushing,4,0,1,0
bluster,0,0,0,1
boa,0,0,0,1
board,0,7,1,3
boarding,7,0,0,2
boards,0,1,0,4
boast,1,0,11,0
boasted,0,0,2,0
boastful,1,0,0,0
boasting,0,0,1,1
boat,3,40,0,4
boats,1,3,0,0
bob,0,0,0,1
bobsled,0,1,0,0
bock,0,1,0,0
bodes,0,0,0,1
bodice,1,0,0,0
bodies,4,6,1,3
bodily,0,2,0,0
body,15,7,0,21
bodys,1,0,0,0
bohemia,0,0,0,10
bohemian,0,0,0,4
boiled,3,1,0,0
boiling,2,0,0,1
boils,1,1,0,0
boisterous,0,0,0,1
boisterously,0,0,1,0
bold,5,0,2,1
bolder,1,0,0,0
boldly,4,0,1,0
boldness,1,0,0,0
bolster,1,0,0,0
bolt,1,0,0,0
bolted,1,0,0,1
bolting,1,0,0,0
bombard,0,1,0,0
bombarding,1,0,0,0
bombardment,0,7,0,0
bombed,0,1,0,0
bombing,0,1,0,0
bombs,0,2,0,0
bond,1,0,0,1
bondage,4,0,0,0
bonds,2,5,0,0
bone,0,2,0,3
bonello,0,74,0,0
bonellos,0,1,0,0
bones,2,0,0,2
bonjour,1,0,0,0
bonne,1,0,0,0
bonnet,0,0,3,5
bonniest,0,0,0,1
bonny,0,0,0,1
bony,1,0,0,0
book,23,5,18,9
bookcase,1,0,0,0
bookish,1,0,0,0
books,16,3,14,10
bookseller,1,0,0,0
booksellers,1,0,0,0
boom,2,1,0,0
boomed,0,0,0,1
boone,0,0,0,8
boot,3,0,0,5
booted,0,0,0,1
booth,1,2,0,0
booths,2,1,0,0
boots,18,19,0,17
booty,1,0,0,0
boozed,1,0,0,0
boozer,0,1,0,0
bordeaux,0,0,0,1
border,0,2,0,3
bordered,0,0,2,2
bordering,1,0,3,0
borders,0,0,0,2
bore,4,4,9,5
bored,7,1,0,2
bores,0,1,0,0
borghese,0,1,0,0
boring,2,0,0,0
born,6,8,4,3
borne,1,0,5,4
borromées,0,2,0,0
borrow,5,1,2,1
borrowed,1,0,1,2
borrowing,2,0,0,0
boscombe,0,0,0,14
bosnians,0,1,0,0
bosom,8,0,1,2
bosoms,0,0,1,0
boston,0,2,0,0
boswell,0,0,0,1
botany,0,0,0,1
both,96,50,70,47
bother,6,1,0,0
bothered,1,3,0,0
bothering,1,0,0,0
bothers,0,1,0,0
bottle,8,46,2,1
bottles,4,26,0,2
bottom,11,4,1,8
bought,10,11,4,6
boulanger,0,0,1,0
boulders,0,1,0,0
boulevard,6,0,0,0
bounce,0,1,0,0
bound,23,1,1,7
boundary,0,0,2,1
bounded,1,1,0,1
boundless,0,0,1,0
bounds,1,0,1,1
bounty,1,0,1,0
bouquet,0,0,0,3
bourgeois,1,0,0,0
bourgh,0,0,35,0
bourghs,0,0,4,0
bout,2,0,0,0
bow,13,2,11,6
bowed,18,6,3,9
bower,0,1,0,0
bowing,3,0,1,2
bowl,0,2,1,0
bowled,1,0,0,0
bowling,0,1,0,0
bowls,0,1,0,1
bows,2,0,2,0
box,22,14,2,19
boxed,0,1,0,1
boxer,0,0,0,1
boxes,5,5,1,4
boxing,0,5,0,0
boy,35,60,3,20
boyish,1,0,0,1
boys,7,12,3,2
brace,0,1,0,1
braced,1,1,0,2
bracelets,1,0,1,1
bradshaw,0,0,0,2
bradstreet,0,0,0,12
brag,1,4,0,0
braggart,3,0,0,0
bragging,2,1,0,0
brain,19,0,2,4
brainless,1,0,0,0
brains,6,4,1,3
brake,0,1,0,0
brakes,0,1,0,0
bramble,0,0,0,1
branch,1,2,4,3
branched,0,1,0,0
branches,0,10,0,3
branded,3,0,0,1
brandished,2,0,0,0
brandishing,1,0,0,0
brandy,0,26,0,7
brass,0,5,0,4
brassy,0,0,0,1
brat,0,1,0,0
bravado,1,0,0,0
brave,1,20,0,5
braved,0,0,0,2
bravely,1,0,0,0
braving,0,0,0,1
bravo,2,0,0,0
brawls,0,0,0,1
brazen,0,0,0,1
brazier,0,0,0,2
breach,1,0,3,1
breaches,2,0,0,1
bread,15,7,0,1
breadth,1,0,0,1
break,14,10,2,13
breakfast,1,30,26,23
breakfasted,0,1,1,0
breakfasts,0,0,0,1
breaking,11,2,2,8
breaks,1,3,0,1
breast,8,2,2,5
breasted,0,0,0,1
breastpin,0,0,0,1
breath,33,6,2,7
breathe,7,3,0,1
breathed,4,7,1,1
breathing,9,7,1,6
breathless,7,0,2,0
breathlessly,1,0,0,1
breathlessness,1,0,0,0
breaths,2,0,0,0
breckinridge,0,0,0,7
bred,3,0,4,3
breeches,1,3,0,0
breeding,3,0,6,0
breeze,0,5,0,0
brescia,0,3,0,0
brevity,0,0,1,0
brew,1,0,0,0
brewer,0,0,0,1
briar,0,0,0,1
bribe,0,0,1,0
bribery,0,0,1,0
bribes,3,0,0,0
brick,4,5,0,2
brickish,0,0,0,1
bricks,3,0,0,5
brickyard,0,5,0,0
bridal,0,0,0,1
bride,5,0,3,6
bridegroom,0,0,1,7
brides,0,0,0,3
bridge,25,55,3,8
bridgehead,0,2,0,0
bridges,0,1,0,0
bridle,1,0,0,0
brief,13,0,0,1
briefly,3,0,4,2
brigade,0,7,0,0
brigand,1,0,0,0
brigands,1,0,0,0
brigata,0,3,0,0
bright,14,9,1,18
brightened,1,1,1,0
brightening,0,0,1,0
brighter,2,0,0,1
brightest,1,0,2,2
brightly,6,1,0,5
brightness,1,0,0,1
brighton,0,0,24,0
brilliance,1,0,0,0
brilliancy,0,0,2,0
brilliant,4,0,0,6
brilliantly,0,0,0,2
brim,0,0,0,1
brimless,1,0,0,0
brimmed,0,0,0,4
brims,0,0,0,1
brindisi,0,2,0,0
bring,51,38,18,23
bringing,14,2,12,6
brings,3,1,1,2
brink,0,0,2,0
brioche,0,2,0,0
briony,0,0,0,11
brisk,0,0,0,4
briskly,0,0,0,2
brissago,0,3,0,0
bristol,0,0,0,6
britain,0,0,1,1
britannica,0,0,0,2
british,0,20,1,4
britisher,0,1,0,0
britling,0,2,0,0
brittle,0,0,1,0
brittleness,0,1,0,0
brixton,0,0,0,6
broad,10,1,1,16
broadened,1,0,0,3
broader,3,0,0,1
broadest,0,0,0,1
broadly,1,0,0,0
brocade,2,0,0,0
broke,44,4,3,14
broken,39,15,6,12
brokenly,1,0,0,0
bromley,0,0,1,0
bronze,1,3,0,0
bronzes,0,1,0,0
brooch,1,0,0,1
brood,2,0,0,0
brooded,1,0,0,0
brooding,3,0,0,0
brooking,0,0,1,0
broom,2,1,0,0
brother,108,5,66,7
brotherly,0,0,2,0
brothers,17,5,15,1
brougham,0,0,0,4
brought,78,55,38,50
brow,2,0,1,6
brown,5,14,1,16
brownish,0,0,0,1
brows,4,0,0,3
bruise,1,0,0,1
bruised,1,0,0,0
bruises,1,1,0,0
brundi,0,1,0,0
brush,3,21,0,1
brushed,2,2,0,3
brushes,1,1,0,0
brushing,1,2,0,0
brutal,3,1,0,0
brutality,2,0,0,0
brutally,1,0,0,0
brute,4,0,0,3
brutes,1,0,0,0
brutish,1,0,0,0
bs,0,0,0,1
bubbles,1,0,0,0
buchs,1,0,0,0
bucket,2,4,0,0
buckled,0,3,0,0
buckles,0,0,0,1
bud,1,0,0,0
budge,0,0,0,1
buffalo,0,0,0,1
buffoon,2,0,0,0
build,2,1,1,1
builder,0,0,0,1
builders,1,0,0,0
building,7,3,3,13
buildings,1,3,0,1
builds,1,0,0,0
built,5,4,3,4
bulbs,0,1,0,0
bulgaria,0,2,0,0
bulge,0,0,0,1
bulged,1,1,0,0
bulges,0,1,0,0
bulky,0,0,0,4
bull,0,0,0,1
bulldog,1,0,0,2
bullet,3,2,0,1
bulletin,0,1,0,0
bullion,0,0,0,2
bullock,1,0,0,0
bump,0,8,0,0
bumping,0,0,0,1
bun,1,0,0,0
bunch,2,1,0,1
bundle,6,0,0,5
bundles,1,0,0,1
burden,10,0,0,1
burdensome,1,0,0,0
bureau,11,0,0,9
burglar,0,0,0,1
burglars,0,0,0,1
burgled,0,0,0,2
burgomeister,2,0,0,0
burial,1,0,0,0
buried,10,2,0,6
burly,0,0,0,1
burn,3,1,0,0
burned,0,0,0,5
burning,11,1,1,5
burnished,0,0,0,1
burnous,1,0,0,0
burns,0,1,0,0
burnt,5,1,1,0
burnwell,0,0,0,7
burrowing,0,0,0,2
burst,9,9,3,7
bursting,1,0,0,0
bury,1,1,0,0
burying,1,0,1,0
bush,4,1,0,1
bushes,6,3,0,5
bushy,0,0,0,3
busier,0,0,0,1
busily,1,0,3,0
business,87,9,45,73
businesslike,3,0,0,1
busted,0,1,0,0
bustle,1,0,1,0
bustled,0,0,0,1
bustling,0,0,0,1
busts,0,4,0,0
busy,16,9,1,7
busybody,1,0,0,1
but,1793,508,1003,649
butcher,0,1,0,0
butchered,1,0,0,0
butchers,1,1,1,1
butler,0,0,1,2
buts,1,0,0,0
butt,0,0,0,2
butted,0,0,0,1
butter,1,1,0,0
butterfly,2,0,0,0
button,0,6,0,0
buttoned,1,1,0,5
buttonhole,1,0,0,0
buttoning,0,0,0,2
buttons,1,2,0,3
buttresses,0,1,0,0
buxom,2,0,0,0
buy,7,10,4,7
buying,1,0,1,1
buys,1,0,0,0
buzz,2,1,0,1
buzzed,1,0,0,0
buzzing,0,0,0,1
bwoken,1,0,0,0
by,553,182,633,348
bye,55,0,5,6
béziers,0,1,0,0
c,0,0,0,5
cab,9,5,0,26
cabbage,2,1,0,0
cabby,0,0,0,1
cabin,3,0,0,0
cabinet,1,1,0,2
cabins,0,1,0,0
cable,0,1,0,1
cabman,3,0,0,5
cabs,1,0,0,2
cackled,2,0,0,0
cad,1,0,0,0
cadaverous,0,0,0,1
cadore,0,1,0,0
cadorna,0,1,0,0
café,1,15,0,0
cafés,0,2,0,0
cage,1,0,0,1
caged,0,0,0,1
caisson,0,1,0,0
cake,0,0,1,1
cakes,0,1,0,0
cal,0,0,0,1
calamities,2,0,0,0
calamity,1,0,0,1
calculate,0,0,1,0
calculated,5,0,3,0
calculating,1,0,0,0
calculation,1,0,1,0
calculations,2,0,0,0
calculus,1,0,0,0
calcutta,0,0,0,1
calf,0,1,0,1
calhoun,0,0,0,2
caliber,0,1,0,0
calico,0,0,1,0
california,0,0,0,3
californian,0,0,0,1
call,29,16,28,43
called,42,23,41,26
calling,4,2,15,6
callous,1,0,0,0
calls,2,1,1,2
calm,14,3,5,0
calmer,1,0,0,0
calmly,14,0,1,3
calmness,0,0,4,0
caltrops,0,0,0,1
calumny,2,0,0,0
calves,0,0,0,1
camberwell,0,0,0,2
cambric,2,0,1,0
cambridge,0,0,1,0
came,240,250,90,146
camels,1,0,0,0
camera,0,0,0,1
camion,0,3,0,0
camions,0,3,0,0
camp,0,2,3,5
campaign,0,0,0,2
campaigner,0,0,0,1
campanile,0,3,0,0
campany,1,0,0,0
camparis,0,1,0,0
campen,0,18,0,0
campens,0,1,0,0
campful,0,0,1,0
campoformio,0,1,0,0
camps,0,1,0,0
can,279,145,211,168
canada,0,1,0,0
canadian,0,1,0,0
canal,22,5,0,0
canals,0,2,0,0
canary,1,0,0,0
cancan,3,0,0,0
candelabraed,0,1,0,0
candid,6,0,1,1
candidate,0,0,0,1
candidly,2,0,0,0
candle,26,4,0,3
candles,1,4,0,0
candlestick,4,0,0,0
candour,1,0,3,0
cane,3,2,0,3
cannero,0,1,0,0
cannobio,0,2,0,0
cannon,1,0,0,1
cannot,33,19,112,51
cans,0,3,0,0
cant,127,85,2,12
canteen,0,5,0,0
canteens,0,2,0,0
canvas,1,18,1,1
canvassed,0,0,2,0
canyon,0,1,0,0
cap,33,21,0,7
capable,20,1,18,5
capacities,2,0,0,0
capacity,1,0,1,2
cape,4,15,0,0
capers,0,0,1,0
capes,0,5,0,0
capital,24,0,4,8
capitally,1,0,0,0
capitano,0,3,0,0
capitol,1,0,0,0
caporetto,0,4,0,0
capped,0,1,0,0
capracotta,0,2,0,0
capri,0,10,0,0
caprice,0,0,4,0
capricious,1,0,0,0
capriciously,1,0,0,0
caps,3,3,0,2
capsule,1,3,0,0
captain,9,42,4,2
captains,0,4,0,0
captivate,0,0,1,0
captivated,0,0,1,0
captivating,0,0,2,0
captivation,0,0,1,0
capture,2,0,0,1
captured,1,5,0,1
car,0,68,0,0
carabiniere,0,7,0,0
carabinieri,0,16,0,0
caraffe,0,0,0,1
caravan,1,0,0,0
carbines,0,3,0,0
carbolised,0,0,0,1
carbuncle,0,0,0,5
card,8,7,9,8
cardboard,0,1,0,2
cards,6,7,7,3
care,39,24,35,15
cared,4,0,7,3
career,11,0,0,1
careful,14,8,4,8
carefully,35,8,3,10
carefulness,1,0,0,0
careless,3,0,2,1
carelessly,3,0,0,3
carelessness,1,0,2,0
cares,3,0,2,1
caress,0,0,0,1
caressing,1,0,0,1
caressingly,1,0,0,0
careworn,1,0,0,0
cargo,0,0,0,1
caricature,1,0,0,0
caring,1,2,2,0
carlo,0,0,0,1
carlsbad,0,0,0,1
carnage,1,0,0,0
carolinas,0,0,0,1
caroline,0,0,14,0
carolines,0,0,3,0
carpathians,0,1,0,0
carpenter,0,0,0,1
carpenters,1,0,0,0
carpet,2,3,0,3
carpeted,1,1,0,0
carpets,0,1,1,1
carriage,10,34,44,22
carriages,2,2,6,0
carried,21,22,8,22
carries,1,0,0,3
carrot,1,0,0,0
carry,15,10,5,12
carrying,13,9,4,8
carrée,0,0,0,1
cars,0,55,0,0
carso,0,6,0,0
cart,20,2,0,7
carte,0,0,0,2
carter,0,0,4,0
cartload,2,0,0,0
cartridge,0,2,0,0
cartridges,0,4,0,0
carts,1,12,0,1
caruso,0,2,0,0
carved,1,0,1,1
casa,0,1,0,0
cascade,0,0,0,1
case,91,4,32,115
caseful,0,0,0,1
cases,20,1,6,24
cash,2,0,0,0
cashbox,0,0,0,1
cashes,0,1,0,0
cashier,0,0,0,2
cashing,0,1,0,0
cashmere,1,0,0,0
casket,0,0,0,1
casks,1,0,0,0
cassel,0,0,0,1
cassino,0,0,1,0
cast,5,2,2,5
castagnola,0,1,0,0
castigate,1,0,0,0
casting,0,0,0,1
castle,1,2,0,1
casual,2,0,1,0
casually,5,0,0,0
casuistry,2,0,0,0
casuists,1,0,0,0
cat,6,22,0,3
catastrophe,2,0,0,2
catch,25,6,4,8
catching,6,0,1,1
categories,2,0,0,0
category,5,0,0,1
cathedral,3,7,0,1
catherine,0,283,110,2
catherines,0,9,16,0
catholic,0,1,0,0
catlike,0,0,0,1
cattle,0,2,0,0
caught,34,7,11,20
cause,26,2,19,20
caused,12,0,1,15
causes,9,2,5,2
causing,1,0,0,3
causé,2,0,0,0
caution,2,0,3,1
cautioning,0,0,2,0
cautious,3,0,4,0
cautiously,8,1,0,0
cautiousness,0,0,1,0
cavalcanti,0,1,0,0
cavalry,2,3,0,0
cave,1,0,0,1
caved,0,0,0,1
cavour,0,2,0,0
cease,3,0,2,2
ceased,16,2,6,8
ceaseless,0,0,1,1
ceases,0,0,0,1
ceasing,1,0,0,0
cedars,0,0,0,3
ceiling,5,2,0,10
ceilings,1,0,0,0
celebrate,1,1,0,0
celebrated,0,0,2,2
celerity,0,0,1,0
cell,0,1,0,2
cellar,2,4,0,15
cellars,1,0,0,0
cells,0,0,0,2
cemetery,6,2,0,0
censor,0,1,0,0
censure,1,0,5,0
censured,0,0,2,0
censuring,0,0,1,0
cent,6,3,0,1
centered,1,0,0,0
central,1,0,0,4
centre,1,5,0,16
centred,0,0,0,1
centres,1,1,0,0
cents,0,0,1,0
centuries,0,0,0,1
century,2,0,0,1
ceremonies,1,0,1,0
ceremonious,1,0,3,0
ceremoniously,1,0,0,0
ceremony,7,0,5,5
certain,74,7,54,15
certainly,73,14,73,45
certainty,4,0,8,6
certificate,7,1,0,0
certificates,0,0,0,1
cesare,0,1,0,0
cessation,0,0,1,0
cesspool,2,0,0,0
cesspools,1,0,0,0
cest,1,0,0,2
chaff,0,0,0,1
chaffed,0,0,0,1
chaffering,0,0,0,1
chagrin,0,0,1,2
chagrined,0,0,0,1
chain,8,3,0,10
chained,0,1,0,0
chains,4,1,0,1
chair,54,20,6,62
chairman,0,0,0,2
chairs,10,6,0,3
chaise,0,0,11,0
chalet,0,1,0,0
chalk,3,1,0,3
chalky,0,1,0,0
challenge,3,0,1,0
challenged,1,0,0,0
challenging,2,0,0,0
chamber,0,0,1,16
chamberlayne,0,0,1,0
chambermaid,0,0,2,0
chambers,0,0,0,3
chamois,2,3,0,1
champagne,10,8,0,0
champion,2,2,0,0
chance,26,6,19,25
chanced,5,0,1,1
chances,0,1,0,2
chancres,0,1,0,0
chandelier,0,1,0,0
chandlers,1,0,0,0
change,22,6,24,16
changed,25,5,8,5
changes,2,1,1,1
changing,3,0,3,1
channel,0,1,0,0
channels,0,3,0,0
chantant,1,0,0,0
chanted,1,0,0,0
chaotic,1,0,0,0
chap,0,1,0,2
chapel,2,0,0,0
chaperon,0,0,1,0
chapter,1,0,0,1
character,34,0,64,20
characterises,0,0,0,1
characteristic,6,0,2,3
characteristics,2,0,0,3
characterize,0,0,1,0
characters,2,0,3,1
charcoal,0,0,0,2
charge,4,3,8,13
charged,1,0,1,3
charges,1,0,0,0
charing,0,0,0,2
chariot,0,1,0,0
charitable,2,0,0,0
charity,3,0,1,1
charlatanism,1,0,0,0
charles,0,0,7,1
charlotte,0,0,68,0
charlottes,0,0,17,0
charm,1,0,6,2
charmed,1,0,0,0
charmer,1,0,0,0
charming,5,1,20,5
charmingly,0,0,2,0
charms,0,0,4,0
charred,0,0,0,1
chart,0,2,0,0
charwoman,1,0,0,0
chase,1,0,0,5
chased,2,0,0,1
chaser,0,1,0,0
chasing,1,0,0,1
chaste,5,0,0,0
chastise,1,0,0,0
chastity,2,0,0,0
chat,1,0,0,2
chatsworth,0,0,1,0
chatted,0,0,0,1
chatter,8,0,0,0
chatterbox,1,0,0,0
chattered,4,0,0,0
chattering,2,0,0,0
chatting,1,0,0,1
chatty,0,0,1,0
cheap,4,2,1,1
cheapest,2,0,0,0
cheapside,0,0,2,0
cheat,1,0,1,0
cheating,0,0,1,1
check,0,1,4,3
checked,6,1,5,0
checking,1,0,2,0
checkmate,0,0,0,1
cheek,6,3,0,0
cheeked,2,0,0,0
cheeks,13,2,4,10
cheeky,0,1,0,0
cheer,3,3,0,1
cheered,0,2,0,0
cheerful,5,13,7,2
cheerfully,1,0,2,0
cheerfulness,0,0,7,0
cheerily,0,1,0,2
cheeriness,0,1,0,0
cheering,0,0,2,0
cheerless,0,0,0,1
cheery,0,2,0,2
cheese,0,25,0,0
cheeses,0,1,0,0
cheetah,0,0,0,6
chemical,0,2,0,4
chemise,2,0,0,0
chemistry,0,0,0,1
chemists,2,0,0,0
cheque,0,0,0,1
cher,1,0,0,0
cherish,1,0,1,0
cherished,3,0,4,0
cherishing,1,0,0,0
chernex,0,1,0,0
cherry,0,0,0,1
chess,0,4,0,0
chest,31,3,0,6
chesterfield,0,0,0,1
chestnut,0,5,0,2
chestnuts,0,1,1,0
chew,0,3,0,0
chewed,1,3,0,0
chewing,0,0,0,1
chianti,0,4,0,0
chicago,0,2,0,0
chicken,1,0,1,0
chickens,0,1,0,0
chief,18,0,16,2
chiefly,5,0,10,0
chiens,1,0,0,0
chiffon,0,0,0,1
chilblains,0,1,0,0
child,50,13,14,19
childbirth,0,2,0,0
childhood,6,0,1,0
childish,11,0,0,1
childishly,0,1,0,0
childishness,1,0,0,0
children,108,5,25,7
childrens,7,0,0,1
childs,5,0,0,2
chill,7,0,0,4
chilled,2,0,0,0
chimney,0,1,1,3
chimneys,0,1,0,2
chin,10,4,1,12
china,1,0,1,6
chinchilla,0,0,0,1
chinese,0,0,0,1
chink,0,0,0,2
chinks,1,0,0,0
chins,0,1,0,1
chintz,1,0,0,0
chips,0,2,0,0
chirruping,1,0,0,0
chisel,0,0,0,1
chiselled,1,0,0,0
chivalrous,0,0,0,1
chocolate,0,3,0,0
choice,2,1,15,0
choke,0,1,0,0
choked,4,4,0,4
chokes,1,0,0,0
choking,1,2,0,0
cholera,0,1,0,0
choose,5,0,19,3
chooses,0,0,8,0
choosing,1,0,1,1
chop,2,0,0,0
chopped,1,1,0,0
chopping,0,1,0,0
chord,1,0,0,0
chorus,3,0,0,0
chose,2,0,16,1
chosen,5,0,8,3
choucroute,0,6,0,0
christ,2,15,0,0
christened,1,0,0,0
christening,1,0,1,0
christian,2,2,2,0
christians,0,1,0,0
christmas,1,3,6,10
christs,1,1,0,1
chronic,0,0,0,1
chronicle,1,0,0,5
chronicler,0,0,0,1
chubb,0,0,0,1
chucked,0,0,0,1
chuckled,1,0,0,7
chuckling,1,0,0,1
chugged,0,1,0,0
chugging,0,2,0,0
chuh,0,4,0,0
chunk,1,0,0,0
chunks,1,1,0,0
church,9,3,11,14
churls,1,0,0,0
chute,0,2,0,0
château,0,2,0,0
ciaou,0,9,0,0
cigar,1,0,0,12
cigarette,13,5,0,4
cigarettes,3,2,0,1
cigars,1,0,0,5
cinder,0,0,0,1
cinq,6,0,0,0
cinzano,0,3,0,0
circle,4,0,7,9
circled,0,1,0,0
circles,4,2,1,2
circling,4,0,0,0
circuit,0,0,1,0
circulated,0,0,1,0
circulating,1,0,1,0
circulation,1,1,2,1
circumspect,0,0,1,1
circumspection,0,0,2,0
circumstance,9,0,19,0
circumstances,21,0,28,9
circumstantial,5,0,0,3
circumstantially,1,0,0,0
circus,0,1,0,0
citation,0,2,0,0
cities,0,1,0,0
citizen,7,0,0,0
citizens,0,1,0,2
city,2,2,1,20
cividale,0,2,0,0
civil,7,1,18,3
civilian,2,6,0,0
civilisation,0,0,0,1
civilised,1,0,0,1
civilities,0,0,7,0
civility,0,0,42,0
civilization,0,1,0,0
civilized,0,1,0,0
civilly,2,0,3,0
clad,0,0,0,7
claim,3,0,5,15
claimed,0,0,3,0
claiming,1,0,0,0
claims,0,0,6,0
clair,0,0,0,23
clairs,0,0,0,4
clambered,1,0,0,1
clammy,0,1,0,0
clamorous,0,0,1,0
clamour,1,0,0,0
clamouring,1,0,0,0
clamped,0,0,0,2
clang,0,0,0,4
clanging,0,0,0,2
clank,0,0,0,1
clanking,1,0,0,1
clanks,1,0,0,0
clap,3,1,0,0
clapham,0,0,4,0
clapped,0,0,0,4
clapping,1,0,0,0
clara,0,0,0,1
claret,0,0,0,1
clarionet,1,0,0,0
clark,0,0,0,1
clarkes,0,0,1,0
clashed,1,0,0,0
clasp,0,1,0,0
clasped,8,1,0,1
clasping,4,0,0,1
claspings,0,0,0,1
claspknife,1,0,0,0
class,20,5,2,2
classes,3,0,0,1
classical,0,1,0,0
clatter,0,0,0,2
clattered,0,0,0,2
claws,0,0,0,2
clay,0,1,0,14
clays,0,0,0,1
clean,22,22,0,8
cleaned,1,3,0,2
cleaner,0,1,0,0
cleaning,2,0,0,0
cleanliness,2,0,0,0
cleanly,0,1,0,1
cleanse,0,0,1,0
clear,61,27,9,44
cleared,9,3,2,16
clearer,3,0,1,3
clearest,1,0,0,0
clearing,2,4,1,8
clearly,41,6,3,14
clearness,1,0,0,0
clears,0,0,0,1
cleaver,0,0,0,2
cleft,4,0,0,0
clements,0,0,1,0
clenched,2,0,0,1
clenching,2,0,0,0
cleopatra,0,2,0,0
clergy,0,0,1,0
clergyman,0,0,8,7
clerical,0,0,1,0
clerk,56,0,1,1
clerks,12,0,0,3
clever,18,0,7,7
cleverer,2,0,0,0
cleverest,3,0,0,0
cleverly,3,0,0,0
cleverness,0,0,0,1
click,1,2,0,0
clicked,0,2,0,0
clicking,2,3,0,0
clickingly,0,1,0,0
client,0,0,0,30
clients,0,0,0,3
climate,2,2,0,1
climb,0,4,0,0
climbed,0,16,0,1
climbers,1,0,0,0
climbing,0,2,0,1
clinched,0,0,0,1
cling,3,0,0,0
clinging,3,0,0,0
clinic,0,1,0,0
clink,0,0,0,2
clinked,0,0,0,1
clip,0,2,0,0
clipped,0,1,0,0
clippings,0,1,0,0
clips,0,4,0,0
cloak,5,0,0,8
clock,7,7,1,5
cloistered,0,1,0,0
close,39,40,9,20
closed,20,13,6,22
closely,6,1,1,6
closeness,1,0,0,0
closer,6,7,1,0
closest,0,0,2,0
closet,0,1,0,0
closets,0,0,1,0
closing,5,0,0,6
closure,0,0,1,0
cloth,4,6,0,7
clothes,46,18,13,22
clothing,0,3,0,0
clotilde,0,0,0,1
clotted,1,0,0,0
cloud,2,3,0,5
clouded,3,2,1,1
clouding,0,1,0,0
cloudless,0,0,0,2
clouds,4,9,0,6
cloudy,0,2,0,0
clout,1,0,0,0
clove,1,0,0,0
clown,1,0,0,0
club,1,4,0,8
clubs,1,0,0,0
clue,5,0,1,13
clues,0,0,0,3
clump,0,0,1,3
clumps,0,0,0,1
clumsily,1,0,0,0
clumsiness,1,0,0,0
clumsy,6,0,0,1
cluster,0,0,1,1
clutch,3,1,0,0
clutched,7,1,0,4
clutches,0,0,0,2
clutching,2,0,0,1
co,0,0,0,4
coach,0,0,10,1
coachman,5,1,1,3
coachmans,0,0,1,0
coagulate,0,1,0,0
coagulates,0,1,0,0
coal,1,0,0,0
coarse,10,0,1,3
coarsely,2,0,0,1
coarsened,1,0,0,0
coarseness,0,0,2,0
coarser,2,0,0,0
coarsest,2,0,0,0
coast,0,1,0,0
coat,42,17,4,28
coated,1,0,0,0
coats,3,2,1,1
coaxed,1,0,1,0
coaxing,0,0,0,1
cobb,0,0,0,1
cobblers,0,1,0,1
cobbles,0,1,0,0
coburg,0,0,0,9
cobwebby,0,0,0,1
cocaine,0,0,0,3
cock,7,1,0,1
cockaded,1,0,0,0
cocked,3,1,0,5
cockeyed,0,1,0,0
cocking,0,0,0,1
cockroaches,0,0,0,1
cocksure,0,0,0,2
cocktail,0,1,0,1
cocktails,0,1,0,0
code,1,0,0,0
coffee,8,25,7,8
coffin,7,0,0,0
cogent,0,0,1,0
cognac,0,21,0,0
cogwheel,0,1,0,0
coherence,2,0,0,0
coherent,1,0,1,0
coiffeurs,0,1,0,0
coil,1,0,0,2
coiling,0,1,0,0
coin,1,0,0,1
coincide,0,0,1,0
coincided,0,0,1,0
coincidence,2,0,1,1
coincidences,1,0,0,1
coincident,0,0,0,1
coincides,1,0,0,0
coiners,1,0,0,1
coins,0,2,0,2
cold,45,41,18,22
colder,0,1,1,0
coldly,6,3,2,3
coldness,0,1,0,1
colds,0,0,1,0
collapse,0,0,0,1
collapsed,0,0,0,2
collapses,1,0,0,0
collar,2,6,0,7
collars,4,2,0,0
colleague,0,1,0,4
collect,5,0,2,0
collected,3,1,3,1
collecting,0,0,2,1
collection,0,0,4,1
collector,0,1,0,0
college,0,1,0,2
collins,0,0,156,0
collinses,0,0,6,0
collinss,0,0,23,0
colonel,5,9,65,28
colonello,0,2,0,0
colonels,2,0,1,1
colonies,0,0,0,2
colony,0,0,0,2
color,0,8,0,0
colored,0,1,0,0
colour,10,0,12,19
coloured,8,0,6,10
colouring,0,0,3,0
colourless,2,0,0,1
colours,4,0,0,0
column,0,16,0,9
columns,0,3,0,2
comb,1,0,0,0
combat,0,1,0,0
combated,0,0,1,0
combed,3,1,0,0
combination,0,2,0,1
combinations,1,0,0,1
combine,0,0,0,1
combined,0,0,0,1
combustion,1,0,0,0
come,479,213,94,161
comely,0,0,0,1
comer,2,0,0,0
comers,2,0,1,0
comes,19,20,16,15
cometh,1,0,0,0
comfort,22,1,31,1
comfortable,1,8,12,5
comfortably,3,1,2,1
comforted,6,2,1,1
comforting,2,1,0,0
comfortless,0,0,1,0
comforts,2,0,4,0
comfy,0,1,0,0
comic,3,1,0,1
comical,3,0,0,3
coming,80,69,60,28
command,4,2,7,4
commanded,0,1,2,0
commander,0,1,0,1
commanding,0,0,0,1
commands,2,0,0,2
comme,1,0,0,0
commence,0,1,0,4
commenced,1,11,0,0
commencement,0,0,2,2
commendable,0,0,1,0
commendation,0,0,7,0
commendations,0,0,2,0
commended,0,0,2,0
comment,0,0,0,1
commented,1,0,0,0
commenting,0,0,0,1
commerce,0,0,1,1
commercial,2,0,0,0
commiserating,1,0,0,0
commiseration,0,0,1,0
commissariat,8,0,0,0
commission,2,0,7,6
commissionaire,0,0,0,4
commissioned,0,0,1,0
commissioning,0,0,1,0
commissions,1,0,0,1
commit,6,1,0,1
commits,1,0,0,0
committed,4,0,0,7
committing,2,0,0,0
common,17,1,19,14
commonest,0,0,1,0
commonly,0,0,1,1
commonplace,5,0,0,8
commonplaces,1,0,0,2
commons,0,0,0,1
commotion,1,0,0,0
commune,2,0,0,0
communicate,0,1,3,5
communicated,0,0,3,2
communicating,1,0,0,0
communication,2,1,10,4
communications,0,0,2,0
communicative,1,0,1,1
communicativeness,0,0,1,0
communities,1,0,0,0
community,10,0,0,1
commuting,0,0,0,1
como,0,5,0,0
compact,0,1,0,0
companies,0,0,0,1
companion,6,0,16,30
companions,1,0,7,8
companionship,1,0,0,0
company,16,2,22,17
companys,0,0,0,1
comparative,0,0,3,0
comparatively,0,0,3,2
compare,0,0,1,0
compared,4,1,4,2
comparing,0,1,2,1
comparison,3,0,13,0
comparisons,0,0,1,0
compartment,0,7,0,0
compass,0,1,1,2
compasses,0,0,0,1
compassion,10,0,14,0
compassionate,1,0,2,0
compassionately,3,0,0,0
compatible,0,0,2,0
compatriots,0,1,0,0
compelled,4,0,0,6
compels,1,0,0,0
compensate,3,0,0,0
compensated,0,0,0,1
compensation,0,0,1,0
competence,0,0,0,1
competent,5,0,0,0
competition,0,0,3,1
complacency,0,0,5,0
complacent,1,0,0,0
complain,3,0,4,2
complained,1,0,1,2
complaining,3,0,1,0
complaint,2,0,1,2
complaints,2,0,4,0
complaisance,0,0,5,0
complaisant,0,0,1,0
complete,30,3,8,12
completed,2,0,2,4
completely,40,3,7,5
completeness,1,0,0,0
completing,0,1,0,0
completion,0,0,1,0
complex,1,0,0,2
complexion,0,0,7,1
compliance,0,0,1,1
complicated,0,2,0,0
complicates,0,0,0,1
complied,0,0,4,0
compliment,1,0,26,2
complimentary,0,0,0,1
complimented,0,0,3,1
complimenting,0,0,1,0
compliments,0,0,11,1
comply,0,0,3,1
complying,0,0,3,0
compose,0,0,3,1
composed,4,0,3,3
composedly,0,0,3,0
composer,0,0,0,1
composition,0,0,1,0
compositor,0,0,0,1
composure,3,0,16,0
comprehen,1,0,0,0
comprehend,1,0,19,0
comprehended,0,0,3,0
comprehends,0,0,1,0
comprehensible,2,0,0,0
comprehension,0,0,1,0
comprehensive,0,0,0,1
compress,0,0,0,2
compressed,3,0,0,2
comprise,0,0,1,0
comprised,0,0,2,0
compromise,0,0,0,1
compromised,1,0,1,1
compromises,1,0,0,0
compromising,0,0,0,2
compulsory,1,0,0,0
compunction,0,0,0,3
comrade,3,0,0,1
comrades,3,1,0,0
con,1,0,0,0
conceal,8,0,13,5
concealed,6,0,7,3
concealing,3,0,1,0
concealment,1,0,2,1
conceals,0,0,1,0
conceit,2,0,5,1
conceited,6,5,6,0
conceivable,0,0,0,1
conceive,0,0,3,2
conceived,3,0,0,0
conceives,0,0,0,1
conceiving,1,0,0,0
concentrate,1,1,0,1
concentrated,4,2,0,1
concentration,2,0,0,1
conception,2,0,1,2
concern,4,0,26,2
concerned,8,0,18,9
concerning,2,0,5,1
concerns,1,0,8,0
concert,0,0,0,1
concertina,2,0,0,0
concerto,0,0,1,0
concerts,0,0,0,1
concierge,0,2,0,0
concierges,0,1,0,0
conciliate,0,0,1,0
conciliating,0,0,1,0
conciliatory,0,0,1,0
concise,0,0,1,1
concisely,0,0,2,1
conclude,0,0,5,0
concluded,9,0,10,2
concluding,3,0,1,1
conclusion,14,0,8,8
conclusions,5,0,0,8
conclusive,4,0,0,2
conclusively,3,0,0,0
concrete,0,1,0,0
concubine,1,0,0,0
concurrence,0,0,2,0
condemn,2,0,3,0
condemned,6,0,2,1
condensed,0,1,0,0
condescend,0,0,1,2
condescended,2,0,5,0
condescending,3,0,0,0
condescendingly,0,0,1,0
condescends,0,0,1,0
condescension,1,0,7,0
condition,21,3,3,2
conditional,0,0,1,0
conditionally,0,0,2,0
conditions,1,0,1,4
condole,0,0,2,0
condolence,0,0,1,0
conduct,7,1,23,9
conducted,0,0,2,1
conducting,2,0,0,1
conductor,1,1,0,0
conegliano,0,1,0,0
confectioners,1,0,0,1
confederacy,0,0,1,0
confederate,0,0,0,4
confederates,0,0,0,1
conference,0,0,4,0
confess,29,0,16,16
confessed,11,0,4,4
confessing,3,0,0,0
confession,15,2,3,4
confessions,1,0,0,0
confessor,1,0,0,0
confidant,0,0,0,2
confidante,0,0,2,0
confide,1,0,1,2
confided,1,0,0,2
confidence,8,0,11,5
confident,2,0,3,0
confidential,0,0,1,2
confidently,3,0,1,0
confiding,0,0,2,0
confine,0,0,0,2
confined,2,0,5,4
confinement,0,0,1,0
confining,0,0,0,1
confirm,2,0,1,3
confirmation,0,0,4,0
confirmed,3,0,3,1
confirming,0,0,2,0
confirms,0,0,1,0
confiscated,0,1,0,0
conflagrations,1,0,0,0
conflict,3,0,0,0
confound,13,0,0,1
confounded,3,0,0,0
confront,1,0,0,0
confronted,2,0,0,1
confronting,1,0,0,0
confuse,1,3,0,0
confused,5,0,4,2
confusing,0,3,0,0
confusion,20,0,11,2
congealed,1,0,0,0
congenial,0,0,1,1
congratulate,2,1,7,4
congratulated,0,0,2,1
congratulation,0,0,1,0
congratulations,0,0,12,0
congratulatory,0,0,1,0
conjecture,4,0,7,5
conjectured,0,0,2,3
conjectures,0,0,4,0
conjecturing,0,0,2,0
conjugal,1,0,2,0
conjunction,1,0,1,1
connect,0,0,2,0
connected,1,1,14,7
connection,4,0,19,11
connections,9,0,19,0
connivance,0,0,1,1
connubial,0,0,1,0
conquer,0,0,2,0
conquered,0,1,1,0
conquest,0,0,3,0
conscience,20,1,5,2
conscientious,1,0,1,0
conscientiously,1,1,1,0
conscious,18,2,3,2
consciously,3,0,0,0
consciousness,13,1,2,4
consent,5,0,13,0
consented,4,0,2,1
consenting,2,0,1,0
consequence,13,0,31,1
consequences,2,0,2,1
consequent,0,0,1,0
consequential,0,0,1,1
consequently,1,0,10,0
conservative,2,0,0,0
consider,33,0,33,7
considerable,8,1,9,21
considerably,2,0,3,7
considerate,1,0,0,0
considerately,1,0,0,0
consideration,13,0,14,6
considerations,0,0,1,1
considered,9,0,23,2
considering,6,0,13,3
consign,0,0,1,0
consigned,0,0,1,0
consisted,4,0,2,2
consistency,0,0,1,0
consistent,1,0,3,0
consisting,3,0,0,0
consists,1,0,1,0
consolation,5,0,10,0
consolations,1,0,0,0
consolatory,1,0,1,0
console,1,0,9,0
consoled,1,0,2,1
consoling,1,0,3,0
conspicuous,5,1,0,1
conspirator,2,0,0,0
conspiring,0,0,0,1
constable,2,0,0,3
constables,0,0,0,3
constabulary,0,0,0,1
constancy,0,0,1,0
constant,0,0,12,0
constantly,5,1,3,0
consternation,1,0,1,1
constitute,0,0,1,0
constitutes,2,0,0,0
constitution,0,0,1,1
constrained,3,0,1,0
constraint,1,0,0,2
constructed,0,1,0,1
construction,1,0,1,1
construed,0,0,1,0
construing,0,0,1,0
consul,1,6,0,0
consult,2,0,3,8
consultation,2,1,0,0
consultations,0,0,0,1
consulted,1,0,2,2
consulting,0,0,2,3
consults,0,0,0,1
consumed,0,0,0,1
consuming,0,0,0,1
consumption,11,0,0,0
consumptive,8,0,0,0
contact,2,1,0,2
contain,0,0,6,1
contained,2,0,7,2
containing,1,1,2,1
contains,0,0,1,2
contemplated,1,0,0,0
contemplation,1,0,4,2
contemplative,0,0,0,1
contemporary,0,1,0,0
contempt,12,0,12,0
contemptible,16,0,0,0
contemptuous,8,0,0,1
contemptuously,9,1,1,0
contend,2,0,0,0
content,1,0,1,0
contented,1,1,4,0
contention,1,0,0,0
contentment,0,0,3,0
contents,2,0,9,4
continent,0,0,0,1
continental,0,0,0,1
continents,0,0,0,1
contingencies,1,0,0,0
continual,14,0,3,0
continually,26,0,6,5
continuance,0,0,3,0
continue,2,0,9,9
continued,23,0,52,14
continues,0,0,0,1
continuing,1,0,2,0
continuous,1,1,0,0
continuously,0,0,0,1
contorted,3,0,0,0
contortions,0,0,0,1
contract,3,0,0,0
contracted,1,0,3,0
contraction,0,0,0,3
contractors,1,0,0,0
contradict,3,0,2,1
contradicted,1,0,1,0
contradiction,1,0,0,0
contradictions,0,0,1,0
contradicts,1,0,0,0
contralto,1,0,0,1
contrariety,0,0,1,0
contrariwise,0,0,1,0
contrary,25,0,10,11
contrast,0,1,3,5
contrasted,0,1,1,0
contribute,2,0,2,0
contributed,1,0,1,1
contribution,1,0,0,0
contrition,0,0,0,1
contrivance,0,0,4,0
contrive,0,0,3,0
contrived,0,0,3,0
control,15,0,0,4
controlled,6,0,0,2
controlling,2,0,0,0
controls,0,1,0,0
controverted,0,0,1,0
conundrums,0,0,0,1
convalescent,0,4,0,0
convalescing,0,1,0,0
convenience,0,1,3,2
convenient,3,0,5,1
conveniently,1,0,0,1
convention,1,0,0,0
conventional,2,0,0,0
conventionalities,0,0,0,1
conventionally,1,0,0,0
conventions,0,0,0,1
converging,0,1,0,0
conversation,55,1,61,10
conversations,3,0,1,0
converse,1,0,4,1
conversed,0,0,1,0
conversible,0,0,1,0
conversing,0,0,3,0
convert,1,1,1,0
converting,0,0,1,0
convey,0,0,2,0
conveyance,1,0,0,0
conveyances,1,0,0,0
conveyed,2,0,2,6
conveying,0,0,1,0
convict,5,0,0,0
conviction,22,0,16,5
convictions,12,0,0,0
convicts,4,0,0,0
convince,3,0,4,1
convinced,29,0,40,10
convincing,3,0,0,3
convoy,0,1,0,1
convulse,0,0,0,1
convulsed,0,0,0,1
convulsion,1,0,0,1
convulsions,1,0,0,0
convulsive,1,0,0,1
convulsively,3,0,0,0
cooee,0,0,0,7
cook,5,0,1,1
cooked,1,15,0,0
cookery,0,0,1,0
cooking,1,0,0,1
cooks,2,0,1,0
cookshop,1,0,0,0
cool,5,16,3,2
cooler,1,2,0,0
coolest,0,0,0,1
cooling,0,1,0,0
coolly,1,0,4,0
coolness,2,0,0,1
cooped,0,0,0,1
copeck,3,0,0,0
copecks,36,0,0,0
copied,0,0,1,0
copier,0,0,0,1
copies,1,0,0,0
copper,10,2,0,11
coppers,5,1,0,2
coppice,0,0,1,0
copse,1,0,4,0
copy,2,3,0,2
copying,0,0,0,2
coquetry,0,0,1,0
coquettish,0,0,0,1
cord,0,6,0,5
cordial,0,1,3,0
cordiality,0,0,4,0
cordially,0,0,3,1
cork,0,5,0,0
corks,0,3,0,0
corkscrew,0,4,0,0
cormons,0,2,0,0
corn,1,1,0,0
corner,70,12,1,32
corners,6,0,0,2
cornwall,0,0,0,1
coroner,0,0,0,15
coroners,0,0,0,3
coronet,0,0,0,26
corporal,0,2,0,0
corps,0,3,6,0
corpse,1,1,0,0
corpses,1,0,0,0
corpulence,1,0,0,0
correct,4,0,2,10
corrected,1,0,0,0
correction,1,0,0,0
corrective,1,0,0,0
correctly,5,0,0,1
correspond,0,0,1,0
corresponded,0,0,0,1
correspondence,2,0,5,2
correspondent,0,0,2,2
correspondents,0,0,1,0
corresponds,0,0,0,2
corridor,10,12,0,10
corridors,0,0,0,1
corriere,0,2,0,0
corroborate,0,0,0,1
corroborated,0,0,1,0
corroboration,0,0,1,1
corruption,1,0,1,0
corsica,0,1,0,0
cortina,0,1,0,0
cosmopolitan,0,0,0,3
cost,7,3,4,3
costermongers,1,0,0,0
costers,0,0,0,1
costing,0,0,1,0
costs,4,1,0,0
costume,1,0,0,3
costumes,1,0,0,0
cosy,0,0,0,1
cot,0,1,0,0
cottage,1,0,0,0
cottagers,0,0,1,0
cotton,7,0,0,1
couch,0,0,0,5
cough,39,3,2,1
coughed,2,0,0,0
coughing,8,0,1,0
coughs,0,0,1,0
could,496,268,522,286
couldnt,46,23,0,1
councillor,1,0,0,0
councillors,1,0,0,0
counsel,1,0,0,1
counsellor,4,0,0,1
count,7,13,0,4
counted,5,2,1,0
countenance,5,0,30,0
counter,4,6,0,0
counteract,0,0,1,0
counteracted,0,0,2,0
counterbalance,0,0,1,0
counterpaned,0,0,0,1
counterpart,0,0,1,0
countess,1,0,0,8
counties,0,0,0,2
counting,5,0,1,0
country,24,44,41,35
countryman,0,0,0,1
countrymen,0,2,0,0
countryside,0,1,0,2
countrywomen,0,1,0,0
counts,0,0,0,1
county,0,0,6,6
coup,0,1,0,0
couple,11,9,8,11
coupled,0,0,0,1
couples,0,0,1,1
coupling,0,1,0,0
courage,4,2,12,1
courier,0,0,1,0
course,168,34,47,59
courses,1,0,3,0
court,11,3,4,19
courted,0,0,2,0
courteous,1,1,1,0
courteously,2,0,0,0
courtesied,0,0,1,0
courtesy,1,0,5,2
courtier,0,0,1,0
courting,0,0,1,0
courts,1,0,0,0
courtship,1,0,2,0
courtyard,4,6,0,0
courtyards,2,0,0,0
cousin,1,3,41,3
cousins,0,0,19,1
cova,0,6,0,0
covent,0,0,0,3
coventry,0,0,0,1
cover,2,0,1,5
covered,26,16,2,11
covering,2,0,2,0
coverlet,0,2,0,0
covers,1,1,0,0
coveys,0,0,1,0
cow,1,0,0,0
coward,4,2,0,0
cowardice,4,0,0,0
cowardly,3,0,0,0
cowards,1,1,0,0
cows,0,0,1,0
cowshed,1,0,0,0
coxcombs,1,0,0,0
crab,1,0,0,1
crabs,0,1,0,0
crack,12,12,0,3
cracked,4,1,0,3
crackers,0,1,0,0
cracking,3,0,0,0
crackled,0,1,0,0
crackling,0,0,0,3
cracks,0,0,0,2
cradle,0,1,0,0
cradles,0,0,1,0
crafty,2,0,0,0
craggy,0,0,0,1
crammed,0,0,1,0
cramp,1,0,0,0
cramped,4,0,0,0
cramping,1,0,0,0
cramps,0,1,0,0
crane,0,0,0,1
cranky,0,1,0,0
crash,1,0,0,2
crashing,1,0,0,0
crate,0,0,0,3
crates,0,0,0,1
cravat,2,0,0,2
cravats,0,0,0,1
craved,1,0,0,0
craving,3,0,0,0
crawl,0,0,0,2
crawled,0,3,0,1
crawling,1,0,0,0
crayons,0,0,1,0
crazed,1,0,0,0
crazy,12,25,0,0
creaking,0,0,0,1
cream,2,0,0,3
creases,0,0,0,3
create,0,1,0,0
created,3,1,5,1
creation,4,0,0,0
creative,0,0,1,0
creator,1,0,0,0
creature,23,0,14,11
creatures,2,0,3,1
credit,6,0,27,6
creditable,0,0,2,1
creditably,0,0,1,0
creditor,1,0,0,1
creditors,0,0,2,0
credulous,1,0,0,0
creed,1,0,0,0
creep,2,0,0,0
creeping,0,0,0,1
crept,3,0,0,0
crest,1,1,0,1
crestfallen,1,0,0,0
crevez,1,0,0,0
crew,0,1,0,0
crewe,0,0,0,1
crib,0,0,0,2
cried,241,8,91,68
criers,1,0,0,0
cries,4,0,0,1
crime,49,1,0,32
crimes,5,0,0,4
criminal,23,3,0,8
criminality,1,0,0,0
criminals,9,2,0,4
crimson,9,0,0,0
crimsoned,2,0,0,0
cringe,0,0,0,1
cringing,1,0,0,1
crinkled,0,0,0,1
crinoline,3,0,0,0
cripple,0,0,0,5
crippled,1,0,0,1
crisis,1,0,0,2
crisp,0,0,0,3
crisply,0,0,0,1
cristal,6,0,0,0
critical,0,0,1,0
criticise,1,0,1,0
criticised,1,0,0,0
criticism,4,0,0,0
criticisms,0,0,1,0
croak,1,0,0,0
croatians,0,1,0,0
croats,0,1,0,0
crockery,2,0,0,0
crocuses,0,0,0,1
crony,0,0,0,1
crooked,1,4,0,0
crop,2,1,0,9
crops,0,1,0,0
cross,29,20,4,10
crossed,18,23,5,4
crosses,5,1,0,0
crossing,13,10,2,0
crouched,2,2,0,1
crouching,0,1,0,0
crowbar,2,0,0,0
crowd,56,4,1,7
crowded,10,5,3,4
crowder,0,0,0,3
crowding,2,1,0,0
crowds,5,0,0,0
crowell,0,12,0,0
crowells,0,2,0,0
crowing,0,1,0,0
crown,2,1,1,6
crowned,2,0,1,0
crowns,0,0,0,1
crows,1,0,0,0
croyant,0,1,0,0
crucial,0,0,0,1
crucified,3,0,0,0
crucify,2,0,0,0
crude,2,0,0,1
crudest,1,0,0,1
cruel,9,0,4,3
cruelly,3,0,3,3
cruelty,1,0,4,2
crueltys,0,0,0,1
crumbly,0,0,0,1
crumpled,2,0,0,3
crush,6,0,0,0
crushed,19,1,0,3
crushing,2,0,1,1
crust,6,0,0,1
crusted,0,1,0,1
crutches,1,7,0,0
cry,27,10,1,28
crying,31,14,2,1
crystal,0,1,0,0
crystallised,0,0,0,1
crystals,0,1,0,1
cub,0,0,0,1
cubic,0,0,0,1
cuckoos,1,0,0,0
cucumber,2,0,1,0
cucumbers,1,0,0,0
cuddle,0,1,0,0
cudgelled,0,0,0,1
cue,1,0,0,0
cuff,0,0,0,2
cuffs,3,0,0,0
culprit,0,0,1,2
cultivated,4,0,0,0
cultivation,0,0,1,0
culture,3,1,0,0
cultured,0,0,0,1
cumbrous,0,0,0,1
cunning,15,0,1,7
cunningham,0,1,0,0
cup,9,8,1,6
cupboard,9,0,0,4
cupboards,1,0,0,0
cupola,2,0,0,0
cupped,0,1,0,0
cups,2,0,0,0
curb,0,1,0,1
cure,4,1,1,1
cured,1,0,0,1
curing,2,0,0,0
curiosities,0,0,1,0
curiosity,19,0,23,9
curious,11,0,5,11
curiously,6,0,0,0
curled,4,0,0,6
curling,0,0,0,3
curls,2,0,0,0
curly,3,0,0,1
current,3,5,0,1
currently,0,0,0,1
curricle,0,0,2,0
curse,4,0,0,1
cursed,4,0,0,1
curses,4,1,0,1
cursing,4,1,0,0
curt,0,0,0,2
curtailed,0,0,1,0
curtain,3,2,0,3
curtains,1,3,1,0
curtseys,1,0,0,0
curtsied,2,0,0,0
curtsy,2,0,0,0
curtsying,2,0,0,0
curve,1,2,0,2
curved,0,2,0,0
curves,0,0,0,1
curving,0,0,0,1
cusack,0,0,0,3
cushion,0,0,0,1
cushioned,0,1,0,1
cushions,0,0,0,1
custody,0,0,1,3
custom,0,6,2,5
customary,0,0,0,1
customer,0,0,0,1
customers,2,1,0,0
customs,0,2,0,0
cut,36,45,0,30
cuts,4,1,0,2
cutting,2,2,1,0
cuttings,0,0,0,1
cuvier,0,0,0,1
cyclists,0,1,0,0
cylinder,0,2,0,1
cylinders,0,1,0,2
cynic,3,0,0,0
cynical,2,0,0,1
cynicism,1,1,0,0
cypress,2,0,0,0
cypresses,0,1,0,0
cyprus,1,0,0,0
cyrus,1,0,0,0
czecho,0,1,0,0
cæsarean,0,6,0,0
célèbres,0,0,0,1
cœur,0,0,0,1
d,2,2,0,2
dad,0,0,0,6
dagestan,2,0,0,0
dago,0,1,0,0
daily,0,0,3,3
daintiest,0,0,0,1
daintily,1,0,0,0
dainty,1,0,0,0
damages,1,0,0,0
dame,1,0,0,0
dames,3,0,0,0
damn,21,5,0,0
damnable,2,0,0,0
damnation,2,0,0,0
damned,5,7,0,0
damning,0,0,0,2
damp,9,2,1,3
dampezzo,0,1,0,0
dampness,1,0,0,0
damsels,1,0,0,0
dance,12,0,32,0
danced,7,0,13,0
dances,1,0,11,0
dancing,5,1,21,0
dandling,1,0,0,0
dandy,5,0,0,0
dane,0,0,0,1
danger,11,12,19,21
dangerous,10,5,1,6
dangerously,0,0,0,1
dangers,0,0,0,2
dangling,0,0,0,3
dank,0,0,0,2
danke,1,0,0,0
danseuse,0,0,0,1
darcy,0,0,373,0
darcys,0,0,44,0
dare,43,0,38,3
dared,14,0,13,1
darent,2,0,0,0
dares,2,0,0,0
daresay,3,0,2,2
dargento,0,1,0,0
daring,10,0,2,5
dark,50,91,2,40
darkened,0,0,0,1
darkening,2,1,0,0
darker,3,0,0,2
darkness,13,1,0,14
darling,9,147,1,0
darlings,0,1,0,0
darlington,0,0,0,1
darn,1,0,0,0
darning,1,0,0,0
dart,1,0,0,0
darted,5,0,0,1
darting,0,0,1,1
darwinian,1,0,0,0
darya,4,0,0,0
dash,0,0,0,2
dashed,4,0,0,8
dashes,1,0,0,0
dashing,0,0,0,2
data,1,0,0,10
date,5,0,2,8
dated,1,0,2,4
dates,0,3,0,4
daubing,0,0,0,1
daughter,48,0,77,23
daughters,7,1,57,0
dawdled,0,0,1,0
dawdling,0,0,0,1
dawn,1,0,0,1
dawned,1,0,0,0
dawson,0,0,1,0
day,285,53,141,106
daybreak,6,0,0,0
daylight,7,14,0,2
days,75,18,35,42
daytime,1,2,0,1
dazed,1,0,0,3
dazzling,1,0,1,0
de,12,5,39,5
dead,46,33,5,19
deaden,0,0,1,0
deadliest,0,0,0,2
deadly,4,1,0,9
deaf,4,0,0,0
deal,57,5,34,15
dealer,1,0,0,0
dealers,0,0,0,2
dealing,2,2,0,1
dealings,1,0,0,1
dealt,3,0,0,0
dear,76,22,157,56
dearest,2,0,17,3
dearly,2,0,3,1
death,50,5,8,30
deathbeds,0,0,0,1
deathly,1,0,0,0
deaths,0,2,0,3
debate,2,0,0,0
debauchery,1,0,0,0
debt,12,0,4,3
debtors,2,0,0,0
debts,5,0,10,4
decamped,1,0,0,0
decamping,0,0,1,0
decanter,2,0,0,0
decay,1,0,0,0
decease,0,0,3,0
deceased,1,0,0,4
deceitful,1,0,2,0
deceive,9,0,4,1
deceived,8,0,14,2
deceives,0,0,1,0
deceiving,1,0,1,0
december,0,0,0,2
decency,0,0,2,0
decent,5,0,3,0
decently,2,0,0,0
deception,4,0,2,1
deceptive,0,0,0,1
decide,16,0,4,2
decided,36,6,11,1
decidedly,0,0,4,2
deciding,0,0,1,0
decision,14,0,0,1
decisions,3,0,1,0
decisive,5,0,2,0
decisively,1,0,0,0
deck,1,0,0,0
decked,1,0,1,0
decking,1,0,0,0
declaim,1,0,0,0
declaimed,1,0,0,0
declaration,3,0,5,0
declare,10,5,8,0
declared,23,3,15,3
declares,0,1,1,0
declaring,2,0,1,0
decline,0,0,2,3
declined,0,0,6,0
decorated,3,3,0,1
decoration,2,0,0,0
decorations,0,3,0,0
decorous,1,0,0,0
decorously,1,0,0,0
decorum,0,0,4,0
decorums,0,0,1,0
decoy,1,0,0,0
decoyed,0,0,0,3
decree,1,0,0,0
decrepit,3,0,0,1
decrepitude,0,0,0,1
deduce,0,0,0,13
deduced,1,0,1,5
deducted,1,0,0,0
deduction,2,0,0,6
deductions,0,0,0,4
deductive,0,0,0,1
deed,2,0,0,5
deeds,8,0,0,1
deemed,0,0,1,0
deep,24,11,7,26
deepened,0,1,0,0
deeper,0,3,3,4
deepest,3,0,2,5
deeply,7,4,5,12
default,0,0,1,0
defeat,0,5,0,0
defeated,0,1,0,1
defect,0,0,4,1
defection,0,0,1,0
defective,0,0,1,0
defects,1,1,5,1
defence,6,0,3,1
defenceless,3,0,0,0
defend,7,1,3,1
defended,1,0,1,0
defending,3,0,0,1
defense,0,2,0,0
defer,0,0,3,0
deference,1,0,6,2
deferred,0,0,2,0
defiance,2,0,3,0
defiant,5,0,0,0
defiantly,1,1,0,1
deficiencies,0,0,0,1
deficiency,0,0,2,0
deficient,0,0,5,0
defied,0,0,1,0
defiled,1,0,0,0
define,0,0,0,1
defined,1,1,2,2
definite,11,1,0,8
definitely,1,0,0,1
definition,1,0,1,0
deformed,1,0,0,0
defray,0,0,0,1
defy,0,0,4,0
degenerate,0,0,1,0
degenerating,0,0,0,1
degradation,1,0,1,0
degrade,1,0,0,0
degraded,1,0,0,1
degrading,3,0,0,0
degree,5,0,22,3
degrees,7,0,1,2
deigned,1,0,3,0
deigning,1,0,0,0
dejected,4,0,0,1
dejectedly,3,0,0,0
dejection,6,0,3,0
delay,5,1,6,4
delayed,2,0,6,1
delcredo,0,1,0,0
deliberate,2,0,0,0
deliberated,0,0,1,0
deliberately,7,0,2,0
deliberating,2,0,0,0
deliberation,2,0,4,0
delicacy,4,2,11,5
delicate,7,4,6,7
delicately,2,2,0,1
delicious,1,0,1,0
delight,2,0,25,3
delighted,22,0,23,4
delightful,4,2,19,0
delightfully,0,0,4,0
delighting,0,0,1,0
delights,0,0,2,0
delirious,29,0,0,2
delirium,31,0,0,2
deliver,0,1,0,0
deliverance,3,0,0,0
delivered,2,0,4,0
delivering,0,0,1,0
delivery,0,7,0,0
della,0,2,0,0
deluded,0,0,0,1
delusion,0,0,0,1
delusions,1,0,0,0
demand,2,0,3,1
demanded,1,0,0,0
demanding,0,0,1,0
demands,3,0,1,0
demean,0,0,1,0
demeanour,0,0,0,1
dementyev,1,0,0,0
demi,0,4,0,0
demon,0,0,0,1
demoralisation,1,0,0,0
demurely,0,0,0,1
den,4,0,0,14
denial,0,0,6,1
denied,2,2,3,3
denny,0,0,12,0
denominated,0,0,1,0
denoted,0,0,2,0
denounce,0,1,0,0
dens,1,0,0,0
dense,1,0,0,4
denser,2,0,0,0
dent,1,2,0,0
deny,10,2,8,1
denying,3,0,1,1
depart,2,0,4,0
departed,1,0,2,2
departing,1,0,0,0
department,4,2,0,0
departure,8,0,6,2
depend,4,1,23,7
depended,4,1,4,1
dependence,0,0,7,0
dependent,3,0,3,1
depending,1,1,2,0
depends,7,3,0,2
depicted,0,0,0,1
deportment,0,0,1,1
depose,1,0,0,1
deposed,0,0,0,1
deposes,0,0,0,1
deposit,0,0,0,4
depositing,1,0,0,0
deposition,1,0,0,1
depositors,0,0,0,1
depot,0,0,0,1
depraved,5,0,0,0
depravity,5,0,1,0
deprecatingly,0,1,0,0
depreciate,0,0,1,0
depressed,4,2,2,1
depressing,0,0,0,1
depression,1,0,0,1
deprive,0,0,1,0
deprived,1,0,3,2
depriving,1,0,0,0
depth,1,1,0,0
depths,3,0,0,0
deputies,3,0,0,0
der,1,0,0,0
deranged,3,0,1,1
derangement,4,0,0,0
derbies,0,0,0,1
derbyshire,0,0,24,0
derision,0,0,2,0
derive,1,0,2,0
derived,0,0,1,2
derives,0,0,1,1
des,0,1,0,0
descend,2,0,0,1
descended,1,0,3,2
descending,2,0,2,3
descends,0,0,0,1
descent,0,0,3,1
describe,6,2,7,5
described,7,0,5,6
describes,0,0,0,1
describing,5,0,2,0
description,2,0,7,8
descriptive,1,0,0,0
desert,3,0,1,0
deserted,9,5,1,6
deserting,2,1,0,1
desertion,0,0,1,0
deserts,0,0,2,2
deserve,6,0,9,1
deserved,0,2,7,3
deservedly,0,0,1,0
deserves,1,0,4,0
deserving,2,0,2,0
design,10,0,23,0
designed,1,0,5,1
designedly,0,0,1,0
designing,0,0,1,0
designs,6,0,4,0
desirable,0,0,11,0
desire,30,0,22,6
desired,2,0,6,2
desires,3,0,0,2
desiring,0,0,2,0
desirous,2,0,7,1
desk,0,7,0,4
despair,39,0,1,7
despaired,0,0,3,1
despairing,3,0,0,1
despairingly,2,0,0,0
despatched,1,0,4,0
desperate,9,0,3,3
desperately,1,0,0,0
desperation,2,0,1,1
despicable,6,0,1,0
despicably,1,0,1,0
despise,2,0,3,0
despised,4,0,3,0
despises,2,0,1,0
despising,1,0,2,0
desponding,0,0,1,0
despot,1,0,0,0
despotism,2,0,0,0
dessert,0,2,0,0
destined,2,0,4,1
destinies,1,0,0,0
destiny,4,0,0,2
destitute,5,0,1,1
destitution,2,0,0,0
destroy,1,1,0,1
destroyed,4,0,2,4
destroyers,2,0,0,0
destruction,4,1,0,1
destructive,0,0,1,0
desultory,0,0,0,1
detached,0,0,2,0
detaching,0,0,1,0
detachment,0,2,0,0
detail,16,1,1,5
detailed,0,1,1,1
detailing,0,0,0,1
details,14,0,0,19
detain,1,0,2,1
detained,3,0,3,1
detaining,0,0,2,0
detect,0,1,1,0
detected,2,0,2,1
detection,0,0,2,0
detective,1,0,0,7
deter,0,0,1,0
deteriorated,1,0,0,0
determination,9,0,3,1
determine,1,0,13,4
determined,8,0,32,16
determining,1,0,2,0
deterred,1,0,0,0
detest,1,0,3,0
detestable,0,0,1,0
detested,0,0,1,0
detour,0,0,0,1
detract,1,0,0,0
detracted,0,0,0,1
deuce,1,0,0,1
develop,0,0,0,1
develope,0,0,1,0
developed,2,0,0,2
developing,4,0,0,0
development,6,0,2,0
developments,0,0,0,1
develops,1,0,0,0
device,1,0,1,1
devices,1,0,0,0
devil,18,0,0,7
devilish,0,0,0,1
devils,0,0,0,2
devised,0,0,0,2
devoid,0,0,1,2
devonshire,0,0,0,1
devote,4,0,1,2
devoted,7,0,3,4
devotedly,0,0,0,2
devoting,0,0,1,0
devotion,3,1,0,0
devour,1,0,0,0
devoured,1,0,0,1
devouring,1,0,0,2
devout,0,6,0,0
dew,0,2,0,1
di,0,4,0,0
diabetes,0,0,0,1
diadem,0,0,0,1
diagnosed,1,0,0,0
dial,0,8,0,0
dialect,0,4,0,0
dialogue,0,0,2,0
diamanten,1,0,0,0
diamond,1,0,0,2
diamonds,1,0,0,0
diary,0,0,0,2
dictate,1,0,1,0
dictated,0,0,1,0
dictates,0,0,1,0
dictating,1,1,1,0
dictation,1,0,0,0
dictatorial,0,0,1,0
dictionary,1,0,0,0
did,497,273,273,153
didnt,94,44,0,15
die,24,56,4,2
died,30,8,3,14
dies,2,2,0,1
differ,0,3,1,0
difference,7,16,10,3
differences,1,0,1,0
different,46,13,36,13
differential,0,3,0,0
differently,7,0,7,1
difficult,23,4,11,14
difficulties,5,0,0,3
difficulty,10,1,8,8
diffidence,0,0,5,0
diffident,1,0,1,0
diffuse,0,0,1,0
diffused,0,0,1,0
diffuseness,0,0,1,0
dig,0,2,0,1
digest,2,0,0,0
digesting,0,0,0,1
digging,1,1,0,0
diggings,0,0,0,2
dignified,3,0,3,0
dignity,21,1,5,4
digressions,0,0,1,0
digs,0,0,0,1
dilate,0,0,0,1
dilatory,0,0,2,0
diligence,0,0,1,1
diligently,0,0,0,1
dim,4,2,0,5
dimensions,1,0,1,0
diminution,0,0,1,0
diminutive,1,0,0,0
dimly,6,0,0,6
din,1,0,0,0
dine,2,0,16,1
dined,2,0,8,0
dines,0,0,1,0
dingy,0,0,0,1
dining,4,5,18,3
dinner,37,17,31,4
dinners,2,0,2,0
dinnertime,0,0,4,0
dint,0,0,0,1
dio,0,2,0,0
dip,0,2,0,0
diplomatic,0,1,0,0
dipped,0,5,0,1
dipping,0,0,0,1
direct,12,0,7,4
directed,2,0,9,4
directing,0,1,2,0
direction,14,1,10,19
directions,6,0,7,2
directly,29,2,23,1
director,0,0,0,3
directors,0,0,0,3
directress,1,0,0,0
dirt,6,2,2,1
dirty,24,14,4,7
disable,0,2,0,0
disadvantage,0,0,5,1
disadvantages,0,0,2,1
disagreeable,0,0,14,2
disagreeably,0,0,1,0
disagreement,0,0,1,0
disagreements,0,0,0,1
disappearance,0,0,0,10
disappeared,3,0,0,9
disappearing,0,0,0,1
disappoint,0,0,2,1
disappointed,0,3,12,3
disappointing,0,0,3,0
disappointment,1,0,17,5
disappointments,0,0,1,0
disapprobation,0,0,7,0
disapproval,2,0,0,0
disapprove,0,0,1,0
disapprovingly,0,1,0,0
disarm,3,0,1,0
disarmed,1,0,0,0
disarming,2,0,0,0
disaster,1,1,0,0
disavowal,1,0,0,0
disbelieved,1,0,0,0
disbelieving,1,0,1,0
disc,0,0,0,1
discern,0,0,2,0
discernible,0,0,1,0
discerning,0,0,1,0
discernment,0,0,2,0
discharge,0,0,2,0
discharged,3,0,3,0
discharging,0,0,2,0
discipline,0,2,0,0
disclaim,0,0,1,0
disclaimed,0,0,1,0
disclose,0,0,1,0
disclosed,0,0,1,0
discloses,0,0,0,1
disclosure,0,0,1,0
discolored,0,1,0,0
discoloured,1,0,0,5
discomfort,1,0,0,0
discompose,0,0,1,0
discomposed,0,0,2,0
discomposure,0,0,3,0
disconcert,1,0,0,0
disconcerted,11,0,3,0
disconnected,1,0,0,1
discontent,0,0,0,1
discontented,0,0,2,0
discontentedly,1,0,0,0
discontentedness,0,0,1,0
discontinuance,0,0,1,0
discord,1,0,0,0
discourage,0,2,2,1
discouraged,0,0,2,0
discourse,2,0,7,0
discourses,0,0,1,0
discourteous,2,0,0,0
discover,1,0,8,3
discovered,6,0,7,8
discoveries,2,0,0,0
discovering,1,0,1,3
discovery,0,0,7,3
discredit,0,0,2,0
discreditable,0,0,1,0
discreet,0,0,0,2
discrepancy,0,0,0,1
discretion,0,0,5,3
discriminate,0,0,0,1
discrimination,0,0,1,0
discuss,9,1,2,5
discussed,0,1,3,0
discusses,1,0,0,0
discussing,3,1,0,0
discussion,6,0,5,0
discussions,1,0,0,0
disdain,2,0,6,0
disdained,1,0,3,0
disdainfully,1,0,0,0
disdaining,1,0,0,0
disease,8,1,0,3
diseases,2,0,0,0
disengaged,0,0,3,0
disentangled,0,0,0,1
disfigured,1,0,0,1
disgrace,12,1,11,2
disgraced,0,1,1,0
disgraceful,4,2,5,2
disgracing,0,0,2,0
disguise,2,0,4,5
disguised,1,0,0,1
disguises,0,0,0,1
disgust,14,1,5,2
disgusted,2,0,3,0
disgusting,4,1,1,0
disgustingly,2,0,0,0
dish,3,3,5,0
disheartened,0,0,1,0
disheartening,1,0,0,0
dished,1,0,0,0
dishes,4,0,1,0
dishevelled,1,0,0,0
dishonest,2,0,1,0
dishonesty,0,0,1,0
dishonour,2,0,0,0
dishonourable,1,0,2,1
dishonoured,0,0,0,3
disillusion,1,0,0,0
disillusioned,2,0,0,0
disinclination,0,0,2,0
disinclined,2,0,1,0
disinterested,0,0,3,0
disinterestedly,2,0,0,0
disinterestedness,0,0,1,0
disjecta,0,0,0,1
disks,0,1,0,0
dislike,11,0,23,2
disliked,5,2,4,1
dislikes,1,0,1,0
disliking,0,0,1,0
dislocated,1,0,0,0
dismal,0,2,0,0
dismantled,0,0,0,1
dismay,14,0,1,1
dismiss,3,0,0,0
dismissal,1,0,0,0
dismissed,2,0,3,1
dismission,0,0,1,0
dismount,0,1,0,0
disobedient,1,0,0,0
disobeyed,1,0,0,0
disobliging,0,0,1,0
disorder,3,1,0,0
disordered,2,0,0,0
disorderly,3,0,0,0
disown,0,0,0,1
dispatched,0,0,0,1
dispel,0,0,0,1
dispelling,0,0,1,0
dispense,0,0,1,0
dispirited,0,0,1,0
display,3,0,4,0
displayed,1,0,3,2
displaying,0,0,2,0
displease,0,0,1,0
displeased,2,0,4,0
displeasure,3,0,6,0
disposal,1,0,2,2
dispose,1,0,1,1
disposed,9,0,15,0
disposing,0,0,1,0
disposition,2,0,25,6
dispositions,0,0,1,0
disproportionate,1,0,0,0
disproportionately,1,0,0,1
disputable,0,0,1,0
disputatious,0,0,0,1
dispute,8,1,2,0
disputes,0,0,1,0
disputing,1,0,0,0
disqualify,0,0,0,1
disquiet,0,0,1,0
disregard,0,0,0,1
disregarded,5,0,1,1
disregarding,2,0,0,2
disreputable,1,0,0,3
disrespect,3,0,2,0
disrespectful,1,0,1,0
dissatisfied,0,0,4,3
dissemble,0,0,1,0
dissembler,1,0,0,0
dissension,2,0,0,0
dissenter,2,0,0,0
disservice,0,0,1,0
dissipation,0,0,1,0
dissolute,1,0,0,1
dissolved,0,0,1,1
dissuade,0,0,1,0
dissuaded,0,0,1,0
distaff,0,0,0,1
distance,15,3,16,8
distant,4,0,5,1
distantly,1,0,0,0
distaste,0,1,0,0
distasteful,2,0,0,0
distinct,4,0,0,6
distinction,0,0,5,1
distinctive,0,0,0,1
distinctly,13,0,0,6
distinguish,5,0,2,4
distinguished,4,0,6,0
distinguishing,1,0,2,0
distinguons,1,0,0,0
distort,1,1,0,0
distorted,6,0,0,1
distortion,1,0,0,0
distract,3,0,0,0
distracted,3,0,2,0
distractedly,2,0,1,0
distracting,0,0,0,1
distraction,3,0,1,0
distraught,1,0,0,0
distress,11,0,16,0
distressed,12,0,13,0
distressing,1,0,6,0
distribute,0,0,1,0
distributing,0,1,0,0
district,11,0,0,3
distrust,2,0,3,0
distrusted,0,0,1,1
distrustfully,3,0,0,0
disturb,6,2,1,4
disturbance,3,0,1,4
disturbed,1,1,2,4
disturbers,0,0,1,0
disturbing,5,0,0,1
ditalia,0,1,0,0
ditch,0,6,0,0
ditches,0,3,0,0
divan,0,0,0,1
dived,0,0,0,1
diversified,0,0,1,0
diversion,0,0,3,0
diversity,0,0,0,1
divert,2,0,1,0
diverted,2,0,3,1
divide,0,0,3,0
divided,5,1,4,0
dividing,2,0,1,0
divine,3,0,0,0
divined,2,0,0,2
diving,0,0,0,1
divinity,1,0,0,0
division,1,4,0,3
divisions,2,4,0,0
divorced,1,0,0,0
dizzier,1,0,0,0
dizziness,0,0,0,1
dizzy,2,1,0,0
dmitri,48,0,0,0
dmitris,1,0,0,0
do,584,352,344,286
dock,0,0,0,3
docketing,0,0,0,1
docks,0,0,0,1
dockyard,0,0,0,1
doctor,39,99,0,35
doctors,2,17,0,8
doctrine,2,0,0,0
doctrines,1,0,0,0
document,5,0,0,1
documentary,1,0,0,0
documents,1,0,0,0
doddering,0,0,0,1
does,102,36,85,39
doesnt,25,32,0,1
dog,7,5,0,16
dogfish,0,1,0,0
doggedly,1,0,0,0
dogging,1,0,0,0
dogs,1,1,0,0
doing,78,19,26,21
doings,1,0,2,2
dolce,0,2,0,0
doleful,0,0,1,0
dollars,0,3,0,1
dolls,0,1,0,0
domain,2,0,0,0
dome,0,1,0,0
domestic,2,0,7,0
domestics,0,0,1,0
dominated,0,1,0,0
domineering,0,1,0,0
don,0,2,0,0
dona,0,1,0,0
donation,1,0,0,0
done,88,24,92,67
donna,0,0,0,1
dont,465,378,6,30
door,227,96,35,144
doorkeeper,1,0,0,0
doormans,0,1,0,0
doors,12,9,8,7
doorway,30,4,1,1
dooties,0,0,0,1
dopey,0,1,0,0
doran,0,0,0,10
dorans,0,0,0,2
dormer,0,1,0,0
dormouse,1,0,0,0
dose,0,0,1,0
dost,1,0,0,0
dottles,0,0,0,1
double,1,3,2,16
doubled,0,0,1,1
doubly,0,0,1,1
doubt,51,1,37,64
doubted,1,0,8,2
doubtful,3,2,2,0
doubtfully,1,1,0,0
doubting,0,0,2,1
doubtingly,0,0,1,0
doubtless,2,0,2,4
doubts,5,0,2,5
douches,1,0,0,0
dounia,302,0,0,0
dounias,23,0,0,0
dove,0,1,0,0
dovedale,0,0,2,0
down,301,356,77,229
downcast,1,0,0,0
downhearted,1,0,0,0
downhill,0,1,0,0
downright,1,0,0,0
downs,1,0,1,0
downstairs,20,12,2,7
downward,0,0,0,2
downwards,3,0,0,0
dowry,1,0,0,3
dozed,1,0,0,0
dozen,7,2,2,11
dozens,4,0,0,0
dozing,1,0,0,0
dr,2,4,0,29
drab,0,0,0,1
draft,0,5,0,0
drafts,0,3,0,0
drag,4,0,0,0
dragged,7,1,0,5
dragging,0,0,0,1
draggletails,3,0,0,0
drained,1,0,0,0
dram,3,0,0,0
drama,0,0,0,1
dramatic,0,0,0,3
drank,10,38,0,2
drap,3,0,0,0
draught,1,0,0,3
draughts,0,0,2,1
draw,6,2,6,12
drawback,1,0,0,2
drawer,3,0,0,6
drawers,9,0,0,3
drawing,10,1,21,11
drawings,0,0,1,0
drawled,1,0,0,1
drawling,1,0,0,0
drawn,7,4,8,22
draws,0,0,0,1
dray,1,0,0,0
dread,6,0,4,2
dreaded,6,0,7,0
dreadful,2,6,11,17
dreadfully,5,2,2,2
dreading,0,0,1,0
dream,28,2,0,6
dreamed,4,0,0,0
dreamer,1,0,0,0
dreamily,7,0,0,0
dreaminess,2,0,0,0
dreaming,10,0,0,1
dreams,22,0,0,2
dreamt,5,0,0,0
dreamy,5,0,0,1
dreary,2,0,0,1
dregs,1,0,0,1
drenched,3,0,0,2
dress,32,5,5,27
dressed,42,13,6,26
dresser,0,2,0,0
dressers,0,1,0,0
dresses,3,0,1,0
dressing,9,25,9,16
dressings,0,6,0,0
dressmaker,2,0,0,0
drew,38,7,19,17
dried,1,6,0,7
drier,0,1,0,0
drifted,0,1,0,2
drifting,0,0,0,2
drily,2,0,2,0
drink,56,89,7,6
drinkers,1,0,0,0
drinking,30,6,1,1
drinks,1,4,0,0
drip,1,1,0,0
dripped,0,1,0,0
dripping,0,5,0,0
drive,19,13,4,21
driven,8,1,5,8
driver,2,27,0,5
drivers,1,19,0,0
drives,1,0,0,2
driveway,0,10,0,0
driving,6,5,4,7
drizzle,0,2,0,0
droite,1,0,0,0
droning,0,0,0,1
drooping,0,0,1,3
drop,16,9,3,8
dropped,26,10,6,16
dropping,11,2,0,2
drops,8,3,0,2
drove,10,23,11,26
drown,2,3,0,0
drowned,3,3,0,1
drowning,6,0,0,0
drowsiness,5,0,0,1
drowsy,2,0,0,0
drubbing,1,0,0,0
drudge,1,0,0,0
drug,0,0,0,5
drum,3,0,0,0
drumming,0,1,0,0
drunk,76,27,0,4
drunkard,8,0,0,1
drunkards,2,0,0,1
drunken,32,0,0,4
drunkenness,1,0,0,0
dry,8,16,0,2
drying,1,0,0,0
dryly,5,0,0,1
dryness,1,1,0,0
du,4,3,0,0
dual,0,0,0,1
dubious,0,0,0,1
duchess,0,1,1,2
ducked,0,3,0,0
ducks,0,1,1,0
duclida,2,0,0,0
ductility,0,0,1,0
due,11,1,11,5
duel,0,0,1,0
duets,0,0,1,0
dug,1,8,0,1
dugout,0,10,0,0
dugouts,0,2,0,0
duke,0,1,0,7
dull,3,12,4,7
dullards,2,0,0,0
dullest,1,0,1,0
dulls,0,1,0,0
dully,1,0,0,0
dulness,0,0,1,0
duly,0,0,0,1
dumb,8,1,0,0
dumbfounded,2,0,0,0
dumbfoundered,1,0,0,0
dummy,0,0,0,3
dumpy,0,1,0,0
dun,0,0,0,1
duncan,0,0,0,7
dundas,0,0,0,1
dundee,0,0,0,5
dung,0,1,0,0
dupe,0,0,1,0
duped,0,0,1,0
duping,1,0,0,0
duplicate,0,0,0,1
duplicates,0,0,0,1
duplicity,0,0,2,0
duration,0,0,2,0
during,23,3,27,38
dushkin,4,0,0,0
dushkins,4,0,0,0
dusk,4,4,0,2
dussauts,1,0,0,0
dust,14,11,0,5
dustcoat,0,0,0,1
dustier,1,0,0,0
dusty,5,6,0,2
duties,8,0,2,6
dutifully,0,0,2,0
duty,22,15,15,10
dwell,0,0,2,2
dweller,0,0,0,1
dwelling,1,0,7,1
dwelt,0,0,5,0
dyed,0,1,0,0
dying,13,3,3,9
dyou,3,0,0,3
dénouement,0,0,0,1
e,2,1,1,2
each,61,41,63,32
eager,8,0,13,6
eagerly,13,0,14,4
eagerness,3,0,8,2
ear,20,2,1,9
earl,0,0,1,0
earlier,6,1,3,1
earliest,0,0,6,1
earls,0,0,1,0
early,9,22,28,14
earn,8,0,0,7
earned,3,0,0,1
earnest,10,0,15,1
earnestly,11,0,11,5
earnestness,2,0,2,0
earning,0,0,0,2
earnings,4,0,0,0
earrings,0,0,0,2
ears,9,3,0,10
earshot,0,1,0,1
earth,23,5,1,20
earthenware,2,0,0,0
earthly,2,0,1,0
ease,6,0,17,2
eased,0,1,0,0
easier,13,5,0,5
easiest,1,0,0,0
easily,15,10,27,10
easiness,0,0,3,0
east,0,0,0,7
eastbourne,0,0,1,0
easter,2,0,3,0
easterly,0,0,0,1
eastern,0,0,0,3
eastward,0,0,0,1
easy,8,9,24,25
eat,15,42,5,3
eaten,4,5,0,2
eater,1,1,0,0
eaters,0,1,0,0
eating,11,12,2,0
eats,0,1,0,0
eaves,0,0,0,1
eavesdroppers,0,0,0,1
ebb,1,0,0,0
ebbing,0,0,0,1
eccentric,6,0,1,2
eccentricity,0,0,0,2
ech,1,0,0,0
echo,0,0,1,1
echoed,2,0,0,0
echoes,0,0,0,1
eclipse,1,0,0,0
eclipsed,0,0,1,1
eclipses,0,0,0,1
economic,4,0,0,0
economically,0,0,1,0
economy,2,0,5,0
ecstasies,1,0,0,0
ecstasy,10,0,2,0
ecstatic,2,0,0,0
ecstatically,1,0,0,0
ed,0,2,0,0
eddy,0,2,0,1
edgar,0,2,0,0
edge,10,15,2,13
edged,1,1,2,2
edges,2,2,0,3
edgeware,0,0,0,2
edging,2,0,0,0
edifying,1,1,0,0
editions,0,0,0,1
editor,1,0,0,1
edouardo,0,1,0,0
educated,10,0,3,0
education,22,3,11,3
edw,0,0,1,0
edward,0,0,1,2
eerie,0,0,0,1
efface,1,0,0,0
effect,19,0,17,19
effected,0,0,0,1
effective,1,1,0,1
effects,1,1,4,3
effectual,0,0,1,0
effectually,0,0,3,0
efficacy,0,0,1,0
efficiency,0,1,0,0
efficient,0,1,0,0
effort,22,1,5,5
efforts,11,0,2,3
effusion,0,0,2,0
effusions,2,0,2,0
effusive,0,0,0,1
eg,0,0,0,1
egg,4,1,0,4
eggs,0,11,0,1
eggshells,1,0,0,0
eglonitz,0,0,0,1
eglow,0,0,0,1
egoist,2,0,0,0
egotism,0,0,0,1
egria,0,0,0,1
egypt,3,1,0,0
egyptian,3,0,0,0
eh,34,0,0,2
eight,24,4,9,14
eighteen,4,1,0,1
eightpence,0,0,0,1
eighty,2,0,0,0
either,41,9,62,33
ejaculated,4,0,0,4
ejaculation,0,0,0,3
ejaculations,1,0,0,0
ejected,0,0,0,1
ekaterininsky,1,0,0,0
elaborate,1,1,0,2
elapse,1,0,0,0
elapsed,0,0,2,3
elastic,0,1,0,4
elated,0,1,1,0
elbow,8,0,0,3
elbowed,0,0,0,1
elbows,10,1,0,2
elder,11,2,10,1
elderly,1,3,1,4
eldest,3,0,22,0
elect,1,0,0,0
elected,1,0,0,0
electric,0,3,0,3
electrically,0,1,0,0
elegance,0,0,9,0
elegant,2,0,14,0
element,6,0,0,1
elemental,0,0,0,1
elementary,1,0,0,1
elements,1,0,0,1
elevate,0,0,1,0
elevated,0,0,2,0
elevating,0,0,1,0
elevation,0,1,1,0
elevator,0,22,0,0
eleven,10,4,1,7
eleventh,2,0,0,0
eleys,0,0,0,1
elias,0,0,0,3
eligibility,0,0,1,0
eligible,0,0,7,2
eliminate,2,0,0,0
eliminated,0,0,0,1
elise,0,0,0,1
eliza,0,0,23,0
elizabeth,0,0,596,0
elizabeths,0,0,38,0
elle,1,0,0,0
elope,1,0,1,0
eloped,0,0,1,0
elopement,0,0,9,0
eloping,0,0,1,0
eloquence,1,0,1,0
eloquent,0,0,2,0
else,51,35,42,32
elses,1,2,0,0
elsewhere,1,0,5,1
eluded,1,0,1,0
emaciated,2,0,0,0
emaciation,0,0,0,1
emancipation,1,0,0,0
embankment,1,18,0,1
embargo,0,0,1,0
embarrassed,13,3,7,1
embarrassedly,0,2,0,0
embarrassing,3,1,0,0
embarrassment,9,1,10,0
embassy,1,0,0,0
embellish,0,0,0,2
ember,1,0,0,0
embrace,6,0,0,0
embraced,6,1,2,0
embracing,4,0,2,0
embroidered,1,0,0,0
embroiders,1,0,0,0
embryo,1,0,0,0
emerald,0,0,0,1
emerge,0,0,0,2
emerged,0,0,0,8
emergency,1,1,1,0
emery,0,1,0,0
emigrant,0,0,0,1
emigrate,1,0,0,0
emigrated,0,0,0,1
emilio,0,2,0,0
eminence,0,0,1,0
eminent,0,0,1,0
emmanuele,0,1,0,0
emotion,9,0,5,5
emotional,1,0,0,0
emotions,0,0,1,1
emphasis,3,0,1,0
emphasise,1,0,0,0
emphasising,1,0,0,0
emphatic,2,0,1,0
emphatically,6,0,1,0
empire,0,0,0,1
employ,0,0,2,2
employed,2,0,8,3
employer,0,0,0,3
employers,0,0,0,2
employing,0,0,1,2
employment,1,2,6,1
employments,0,0,4,0
employs,0,0,0,1
employé,0,0,0,2
emptied,2,2,0,1
emptily,0,2,0,0
emptiness,0,0,1,0
empty,30,33,1,10
en,3,0,0,1
enable,1,0,1,2
enabled,0,0,2,1
enables,0,0,0,1
enabling,0,0,1,0
enamel,0,1,0,0
enamelled,1,0,0,0
encamp,0,0,0,1
encamped,0,0,1,0
enchanted,1,0,0,0
encircled,0,0,0,1
enclosed,0,1,0,0
enclosure,0,0,0,3
encompass,0,0,0,1
encore,0,1,0,0
encounter,0,1,4,0
encourage,2,0,6,1
encouraged,2,0,8,0
encouragement,0,1,10,0
encouraging,0,0,4,1
encroaching,0,0,1,0
encumbrance,0,0,1,0
encyclopædia,0,0,0,5
encyclopædias,0,0,0,1
encyst,0,2,0,0
encysted,0,2,0,0
end,81,31,29,57
endeared,0,0,1,0
endeavor,0,0,1,0
endeavour,0,0,20,1
endeavoured,1,0,10,9
endeavouring,0,0,5,6
endeavours,0,0,7,0
ended,13,1,4,4
endell,0,0,0,1
ending,3,1,0,2
endless,1,0,2,2
endowed,1,0,0,0
ends,5,3,0,2
endurable,0,0,1,0
endurance,1,0,0,0
endure,9,0,1,0
endured,3,0,4,1
enduring,0,0,1,0
enemies,3,0,1,2
enemy,3,4,1,3
enemys,0,1,0,2
energetic,0,0,1,4
energies,2,0,0,0
energy,4,0,5,7
enforced,0,0,1,0
engadine,0,1,0,0
engage,2,0,5,1
engaged,7,1,38,15
engagement,2,0,20,4
engagements,0,0,12,0
engaging,2,0,6,2
engine,0,9,0,2
engineer,0,1,0,7
engineers,0,3,0,1
engines,0,0,0,1
england,1,4,5,20
english,4,47,0,9
englishman,0,4,0,3
englishmen,1,0,0,0
englishwoman,0,1,0,0
engraved,1,0,0,1
engross,0,0,1,0
engrossed,0,0,5,0
engrossing,0,0,1,0
enhance,0,0,1,0
enigmatic,4,0,0,0
enigmatical,0,0,0,1
enigmatically,1,0,0,0
enjoy,2,2,8,1
enjoyed,4,3,0,1
enjoying,0,0,4,0
enjoyment,7,0,13,0
enjoyments,0,0,1,0
enlarge,2,0,0,0
enlarged,1,0,0,1
enlarging,1,0,1,0
enlightened,1,0,0,0
enlightenment,2,0,0,0
ennobled,1,0,0,0
ennui,0,0,0,1
enormity,0,0,1,0
enormous,0,1,0,4
enormously,1,1,0,0
enough,79,33,107,58
enrage,1,0,0,0
enraged,3,1,1,0
enrico,0,5,0,0
enry,0,1,0,0
ensign,0,0,1,0
ensigncy,0,0,1,0
ensue,0,0,1,1
ensued,0,0,2,1
ensuing,0,0,1,0
ensure,1,0,0,0
entail,0,0,8,0
entailed,0,0,6,1
entailing,0,0,1,0
entangled,0,0,0,2
enter,14,1,12,5
entered,10,1,36,33
entering,6,0,9,4
enterprise,3,0,0,1
enters,0,0,0,1
entertain,3,0,5,0
entertained,1,0,7,0
entertaining,1,0,0,2
entertainment,1,0,6,0
enthusiasm,7,0,0,3
enthusiastic,0,0,0,2
enthusiastically,1,0,0,0
entire,0,0,0,1
entirely,16,0,25,19
entitled,0,0,4,0
entitles,0,1,0,1
entrails,1,0,0,0
entrance,24,7,14,2
entrances,1,0,0,0
entreat,2,0,6,0
entreated,0,0,2,1
entreaties,3,0,4,2
entreating,2,0,1,0
entreaty,1,0,7,0
entries,0,0,0,2
entrusted,2,0,0,0
entry,9,1,0,1
entrée,1,0,0,0
enumerating,0,0,5,0
enumeration,0,0,1,0
envelope,0,2,3,14
envelopes,0,3,0,0
envied,0,0,2,0
envious,2,0,0,0
environment,10,0,0,0
environs,0,1,1,0
envy,0,0,3,0
envying,0,0,1,0
enwrapped,0,0,0,1
ephemeral,2,0,0,0
epicurean,0,0,0,1
epileptic,1,0,0,0
episode,0,0,0,1
episodes,1,0,0,1
epistle,0,0,0,3
epithet,1,1,1,0
epsom,0,0,3,0
equal,10,0,30,3
equality,2,0,0,1
equalled,0,0,1,1
equally,0,0,20,6
equals,0,0,1,0
equinoctial,0,0,0,2
equipage,0,0,1,0
equipment,0,2,0,0
equipped,0,1,0,0
equivalent,1,0,1,0
equivocal,0,0,1,0
eradicate,1,0,0,0
ere,0,0,2,1
erect,0,0,0,2
erected,0,0,0,2
err,1,0,3,0
errand,1,0,1,4
errands,0,1,0,0
erred,0,0,0,2
erroneous,0,0,0,1
error,3,0,6,4
errors,0,0,3,0
es,0,0,0,1
escapade,0,0,0,1
escape,34,1,10,6
escaped,2,0,5,5
escaping,2,0,1,1
escort,4,0,0,2
escorted,0,0,0,2
escorting,1,0,0,0
especial,1,0,0,0
especially,58,7,22,4
esq,0,0,1,2
essays,1,0,0,0
essence,1,0,1,1
essential,10,0,2,7
essentially,3,0,0,0
essentials,1,0,2,0
est,1,0,0,0
establish,1,0,2,2
established,2,0,7,2
establishing,2,0,0,0
establishment,2,0,6,1
establishments,3,0,0,0
estate,3,0,20,9
estates,0,0,4,1
esteem,3,0,11,0
esteemed,0,0,7,0
esteeming,1,0,0,0
esteems,3,0,0,0
estephe,0,2,0,0
estimable,2,0,2,0
estimate,0,0,0,1
estimated,0,0,1,0
estimation,0,0,5,0
estrange,1,0,0,0
et,2,0,0,0
etc,5,0,13,2
eternal,3,0,0,0
eternity,5,0,0,0
ether,0,1,0,0
etherege,0,0,0,1
etiquette,2,0,2,0
eton,0,0,0,1
ettore,0,27,0,0
europe,1,0,0,6
european,1,0,0,1
eustace,0,0,0,1
evacuate,0,1,0,0
evacuated,0,2,0,0
evade,0,0,1,0
evasiveness,1,0,0,0
eve,2,0,0,0
even,338,41,82,70
evening,56,20,72,38
evenings,5,0,6,2
evenness,0,0,2,0
event,1,1,22,4
events,5,0,5,16
eventually,0,2,0,6
ever,66,47,133,70
everlasting,6,0,0,0
everlastingly,2,0,0,0
every,120,42,182,81
everybody,7,21,37,2
everybodys,0,2,2,0
everyday,2,0,0,1
everyone,73,0,5,5
everyones,0,0,1,0
everything,168,36,60,20
everywhere,10,7,2,1
evidence,40,0,0,17
evident,24,1,18,6
evidently,20,3,5,14
evil,10,0,14,11
evils,1,0,8,0
evolve,0,0,0,1
evolved,0,0,0,1
evviva,0,1,0,0
ex,0,0,0,2
exact,3,0,3,4
exacted,0,0,0,2
exacting,0,0,0,1
exactitude,1,0,0,0
exactly,31,6,30,8
exactness,1,0,0,1
exaggerate,1,1,1,0
exaggerated,11,0,0,2
exaggerating,2,0,0,0
exaggeration,0,0,1,0
exalted,1,1,0,3
examination,3,4,3,11
examinations,1,0,0,0
examine,6,0,2,6
examined,5,4,4,16
examining,16,0,4,6
example,3,1,5,13
examples,4,1,0,0
exasperate,0,0,2,0
exasperated,3,0,0,0
exasperation,2,0,0,0
excavating,0,0,0,1
exceed,1,0,2,0
exceeded,0,0,2,1
exceeding,0,0,1,1
exceedingly,18,0,28,11
exceeds,1,0,0,0
excel,0,0,2,0
excellence,0,0,3,0
excellency,9,0,0,0
excellent,6,7,20,19
except,29,32,22,7
excepting,0,0,3,0
exception,2,0,1,2
exceptionable,0,0,1,0
exceptional,6,0,0,4
exceptionally,4,0,0,2
exceptionalness,1,0,0,0
excess,0,0,2,0
excessive,5,0,4,1
excessively,2,0,10,0
exchange,4,0,0,2
exchanged,4,0,1,2
exchanging,2,0,0,1
excitable,0,1,0,1
excite,4,1,3,0
excited,25,7,11,4
excitedly,0,0,0,1
excitement,19,1,0,6
excites,2,0,0,0
exciting,1,6,1,1
exclaim,0,0,1,0
exclaimed,5,0,8,3
exclaiming,3,0,4,0
exclamation,1,0,2,2
exclamations,9,0,3,0
exclude,0,0,1,1
excluded,1,0,0,1
exclusion,0,0,1,1
exclusively,4,0,0,0
excursion,0,0,0,1
excusable,1,0,0,0
excuse,45,0,16,15
excused,0,1,2,0
excuses,3,0,2,1
executed,1,0,1,0
executing,1,1,0,0
execution,1,0,4,1
executors,0,0,1,0
exemplary,1,0,0,0
exempt,1,0,0,0
exercise,1,2,6,2
exercises,0,2,0,0
exercising,0,0,2,1
exert,1,0,2,1
exerted,0,0,2,0
exerting,0,0,1,0
exertion,0,0,9,0
exertions,2,0,0,0
exhausted,13,1,1,0
exhaustion,5,0,0,0
exhibit,1,1,1,0
exhibited,1,0,0,1
exhibiting,0,0,1,0
exhibition,0,0,2,0
exhilarated,3,0,0,0
exhilarating,0,0,0,1
exhilaration,0,2,0,0
exhortations,1,0,0,0
exigence,0,0,1,0
exiles,1,0,0,0
exist,10,1,1,0
existed,1,0,3,0
existence,5,0,3,5
existing,1,0,2,1
exists,4,0,0,0
exit,0,0,0,1
expand,1,0,0,0
expect,18,1,35,8
expectancies,0,0,0,1
expectancy,0,0,0,1
expectation,4,0,19,0
expectations,1,0,7,0
expected,25,12,42,13
expecting,16,2,5,1
expects,2,0,1,0
expedient,0,0,2,0
expedite,0,0,1,0
expedition,2,0,0,5
expeditiously,0,0,2,0
expenditure,0,0,0,1
expense,3,0,8,5
expenses,7,0,3,3
expensive,1,1,0,4
experience,10,2,2,20
experienced,5,2,4,1
experiences,1,0,0,2
experiencing,0,1,0,0
experiment,4,0,0,0
experiments,1,0,0,0
expiate,1,0,0,0
expiating,2,0,0,0
expiation,1,0,0,0
expired,0,0,0,1
expiring,0,0,0,1
explain,35,2,6,16
explained,27,4,9,9
explaining,4,0,3,2
explains,0,0,0,1
explanation,27,3,8,9
explanations,4,1,2,2
explanatory,0,0,1,0
explicit,0,0,2,0
explicitly,0,0,1,0
exploded,0,1,0,0
exploit,2,0,0,0
explore,0,0,1,1
explosion,1,2,0,0
explosive,10,3,0,0
export,0,1,0,0
expose,1,0,7,0
exposed,0,1,2,3
exposing,0,0,5,0
expostulating,1,0,0,1
expostulation,0,0,1,0
exposure,1,0,1,4
expound,1,0,0,1
expounding,3,0,0,0
express,10,0,24,0
expressed,13,1,26,2
expresses,1,0,0,0
expressing,3,0,8,0
expression,31,1,22,8
expressions,3,0,12,1
expressive,4,0,2,2
expressively,1,0,2,0
expressly,2,0,1,1
exquisite,1,0,1,1
extend,0,1,0,1
extended,1,1,3,4
extending,0,0,0,1
extensive,0,0,4,0
extent,2,1,7,2
extenuating,1,0,1,0
exterior,1,0,0,0
external,4,0,0,0
externally,1,0,0,0
extinguished,1,0,1,1
extinguishes,0,0,0,1
extort,0,0,1,0
extorted,0,0,1,0
extra,0,2,0,2
extractions,0,0,1,0
extracts,1,0,2,1
extraordinarily,6,0,0,0
extraordinary,26,0,16,19
extravagance,0,0,4,0
extravagant,0,1,4,0
extreme,9,1,4,9
extremely,17,1,14,7
extremes,1,0,0,0
extremity,1,0,0,1
exuberance,0,0,1,0
exuberant,0,0,1,0
exultation,0,0,1,0
eye,12,1,15,24
eyeballs,0,1,0,0
eyebrows,4,0,0,3
eyed,4,0,0,2
eyeglasses,0,0,0,1
eyeing,0,0,1,0
eyelashes,4,0,1,0
eyelids,2,0,0,0
eyes,246,27,52,87
eyford,0,0,0,9
ezekiah,0,0,0,2
f,0,0,5,1
fabrication,0,0,0,1
face,250,61,27,127
faced,1,6,1,13
faces,18,5,3,2
facet,0,0,0,1
facilitate,1,0,0,1
facilities,0,1,0,0
facility,0,0,0,1
facing,23,2,0,1
fact,99,1,14,25
factor,0,0,0,3
factories,0,1,0,1
factory,0,0,0,1
facts,31,1,1,35
faculties,8,0,1,2
faculty,2,0,0,0
fad,0,0,0,1
faddy,0,0,0,2
fade,0,0,0,1
faded,1,0,0,3
fading,1,0,0,0
fads,0,0,0,2
fagged,0,0,0,1
fail,11,1,6,6
failed,13,1,3,6
failing,3,0,2,2
failings,1,0,0,0
fails,4,0,0,0
failure,6,0,1,0
failures,1,0,0,0
fain,0,0,0,1
faint,11,3,1,3
fainted,7,0,0,6
fainter,0,0,2,0
faintest,3,0,0,0
fainting,8,0,0,3
faintly,12,0,1,1
faintness,1,0,0,0
fair,8,0,22,7
fairbank,0,0,0,2
fairer,0,0,0,1
fairest,1,0,1,0
fairly,16,2,2,7
fairy,1,0,0,0
fait,0,0,0,1
faith,19,3,0,3
faithful,3,2,3,0
faithfully,1,0,1,3
fake,0,1,0,0
fall,19,24,9,11
fallacy,0,1,0,0
fallen,15,2,3,10
falling,8,18,3,2
falls,1,2,2,1
false,12,3,12,4
falsehood,2,0,7,0
falsely,0,0,1,0
falsetto,1,0,0,0
falsity,1,0,0,0
faltered,5,0,0,0
faltering,3,0,0,0
falteringly,1,0,0,0
fame,0,0,1,0
familiar,18,0,3,9
familiarised,1,0,0,0
familiarity,4,0,2,0
familiarly,0,0,2,0
families,2,2,7,5
family,46,15,152,30
familys,1,0,0,0
famine,1,0,0,0
famished,0,0,0,1
famous,1,1,0,2
fanaticism,3,0,0,0
fancied,33,0,7,0
fancier,0,0,0,1
fancies,9,0,0,5
fanciful,2,0,0,1
fancy,50,0,19,15
fancying,6,0,4,0
fangs,0,0,0,2
fanlight,0,0,0,1
fantastic,15,0,0,7
fantasy,4,0,0,0
far,77,39,59,55
farce,1,0,0,0
fare,1,0,2,3
fared,1,0,0,0
fareham,0,0,0,1
fares,1,0,0,0
farewell,2,0,3,1
farintosh,0,0,0,2
farm,0,1,3,8
farmhouse,0,11,0,1
farmhouses,0,2,0,0
farms,0,2,0,1
farmyard,0,1,0,0
farrington,0,0,0,1
farther,1,2,14,10
farthest,0,0,0,2
farthing,7,0,1,1
farthings,3,0,0,0
fascinate,1,0,0,0
fascinated,4,0,0,0
fascinating,5,0,0,3
fascination,1,0,0,1
fashion,12,0,7,20
fashionable,6,0,1,2
fashionably,2,0,0,0
fashioned,5,1,0,2
fashions,0,0,2,0
fast,11,23,7,2
fasten,2,0,0,1
fastened,8,3,1,10
fasteners,0,0,0,1
fastening,4,0,0,1
faster,0,2,0,2
fastest,1,0,0,0
fastidious,0,0,2,0
fastidiousness,1,0,0,0
fasting,1,0,0,0
fat,15,6,1,6
fatal,6,0,0,4
fatally,0,0,0,1
fate,15,0,2,9
fateful,2,0,0,0
father,69,27,116,73
fatherhood,0,1,0,0
fatherland,0,1,0,0
fatherless,1,0,0,0
fathers,18,0,19,10
fathom,0,0,0,2
fathomed,0,0,0,1
fatigue,6,0,4,0
fatigued,1,0,4,1
fatiguing,1,0,0,0
fatness,1,0,0,0
fattened,0,0,0,2
fattest,0,0,0,1
fattish,1,0,0,0
fatuity,1,0,0,0
fault,11,2,7,5
faultless,0,0,1,0
faults,0,1,4,2
faulty,0,0,3,0
favor,0,1,0,0
favorably,0,1,0,0
favour,9,0,22,9
favourable,5,0,12,1
favourably,0,0,2,2
favoured,0,0,1,2
favourite,4,0,21,0
favourites,0,0,3,0
favours,0,0,2,0
fawn,1,0,0,0
fawned,1,0,0,0
fawning,1,0,0,0
fear,28,1,23,28
feared,3,0,11,7
fearful,12,0,5,0
fearfully,11,0,0,0
fearing,1,0,3,0
fearless,0,0,1,1
fears,1,0,10,5
feasible,0,0,0,2
feast,1,0,0,0
feat,0,0,0,1
feather,10,2,1,3
feathers,0,0,1,1
feature,1,0,2,5
featureless,0,0,0,2
features,4,0,8,14
february,0,1,1,2
fed,1,1,0,1
federico,0,6,0,0
fedosya,1,0,0,0
fedyaevs,1,0,0,0
fee,2,0,0,5
feeble,3,0,0,1
feebler,1,0,0,0
feebly,1,0,0,0
feed,1,1,0,1
feeding,1,0,0,0
feel,67,72,39,17
feeling,77,27,36,17
feelingly,0,0,1,0
feelings,25,2,88,1
feels,4,3,4,0
fees,1,0,0,0
feet,27,17,1,28
feign,1,0,0,0
feigned,1,1,0,1
felicitations,0,1,1,0
felicitous,1,0,0,0
felicity,0,0,18,0
fell,51,11,2,18
fellow,63,7,8,34
fellows,7,1,3,1
fellowship,1,0,0,0
felony,0,0,0,3
felstein,0,0,0,1
felt,172,71,100,33
female,3,0,8,0
females,0,0,2,0
feminine,2,1,0,1
fence,1,4,0,0
fenced,1,0,0,0
fences,1,1,0,0
fenchurch,0,0,0,2
fender,0,0,1,0
ferguson,0,42,0,4
fergy,0,15,0,0
feriti,0,2,0,0
fermenting,1,0,0,0
ferocious,1,0,0,1
ferociously,1,0,0,0
ferocity,1,0,0,0
ferret,0,0,0,1
fervent,1,0,1,0
fervently,1,0,1,0
fervour,1,0,0,0
fess,0,0,0,1
festive,2,0,0,0
festivities,0,0,0,1
festivity,2,0,0,0
fetch,7,0,3,1
fetched,3,0,1,0
fetching,4,0,0,0
fetters,2,0,0,0
feu,0,1,0,0
fever,29,2,0,1
feverish,20,0,2,0
feverishly,3,0,0,0
few,51,22,71,76
fewer,0,1,1,2
fewness,0,1,0,0
fezzes,0,1,0,0
fiancé,7,0,0,1
fiancée,1,0,0,0
fiasco,0,1,0,0
fiat,0,2,0,0
fibbing,1,0,0,0
fiction,0,0,0,1
fidelity,1,0,0,1
fidget,1,0,1,0
fidgeted,1,0,0,1
fidgeting,1,0,0,0
fidgets,0,0,1,0
fidgety,0,0,1,0
fie,1,0,0,0
field,1,24,3,9
fields,0,19,1,6
fiend,2,0,0,0
fiendish,1,0,0,0
fierce,0,2,0,6
fiercely,2,2,0,2
fiery,0,0,0,2
fifteen,23,7,4,2
fifteenth,1,0,0,0
fifth,6,1,1,1
fifthly,1,0,0,0
fifty,17,10,6,12
fight,6,10,2,3
fighting,14,24,1,1
figure,16,2,8,19
figured,0,0,0,1
figures,3,0,1,4
filberts,0,1,0,0
filed,0,0,0,1
files,0,0,0,1
filial,0,0,2,1
filigree,1,0,0,0
filka,2,0,0,0
fill,3,5,1,4
filled,18,14,1,7
filling,2,0,1,1
fillipo,0,2,0,0
fillippo,0,1,0,0
fills,0,0,0,1
filtering,0,1,0,0
filth,2,0,0,0
filthiness,2,0,0,0
filthy,8,2,0,1
final,8,0,1,2
finally,14,20,7,19
finances,0,0,1,0
financial,1,1,0,0
financier,0,0,0,2
finanza,0,2,0,0
find,98,33,59,80
finder,0,0,0,1
finding,15,2,13,9
finds,3,0,1,4
fine,15,105,32,11
finely,0,0,0,1
finer,0,1,5,2
finery,2,0,2,0
finest,0,0,2,1
finger,17,13,0,19
fingering,0,0,1,0
fingers,14,10,3,11
fingertips,0,0,0,2
finish,7,8,4,1
finished,16,18,11,9
finishing,3,1,1,0
finn,1,0,0,0
finnish,2,0,0,0
finns,0,0,0,1
fire,20,24,5,45
fired,3,10,0,0
firelight,0,0,0,1
firemen,0,0,0,1
firenze,0,1,0,0
fireplace,0,0,2,4
fires,4,0,0,0
fireweed,0,1,0,0
firing,0,11,0,0
firm,10,1,3,12
firmer,1,0,0,0
firmest,0,0,2,0
firmly,20,1,1,2
firmness,1,0,1,1
first,230,71,146,86
fish,4,4,5,2
fished,0,0,0,1
fishermans,0,2,0,0
fishermen,0,1,0,0
fishes,1,0,0,2
fishing,0,5,5,0
fist,13,0,0,0
fists,3,0,0,4
fit,21,2,4,9
fits,2,0,0,2
fitted,3,2,6,5
fitting,2,1,0,1
fitzwilliam,0,0,32,0
fitzwilliams,0,0,5,0
five,84,29,33,38
fiver,0,0,0,2
fives,0,1,0,0
fix,5,4,3,1
fixed,35,1,22,11
fixedly,2,0,0,0
fixing,1,0,2,0
fixtures,0,1,0,0
flabby,1,0,0,0
flag,1,1,0,1
flagged,0,0,0,2
flagging,1,0,0,0
flagrant,1,0,0,0
flags,0,1,0,1
flake,0,1,0,0
flakes,0,1,0,0
flame,4,0,0,2
flames,1,0,0,2
flaming,0,0,1,2
flanders,0,1,0,0
flank,0,1,0,0
flannel,2,0,0,0
flap,0,2,0,3
flapped,0,0,0,2
flapping,1,0,0,0
flare,0,0,0,1
flaring,1,0,0,1
flash,17,7,0,2
flashed,21,1,0,3
flashes,1,3,0,0
flashing,6,1,0,1
flask,0,2,0,0
flasks,0,2,0,0
flat,77,20,1,2
flatly,1,0,0,0
flatness,0,1,0,0
flats,6,0,0,0
flatten,0,1,0,0
flattened,0,3,0,2
flattening,0,1,0,1
flatter,2,4,10,1
flattered,2,0,7,3
flatterers,1,0,0,0
flattering,4,0,4,0
flattery,8,0,0,0
flaubert,0,0,0,1
flavor,0,1,0,0
flaw,1,0,0,2
flaxen,6,0,0,0
fleas,0,1,0,0
flecked,1,0,0,1
fled,0,0,0,3
fleecy,0,0,0,2
fleeing,0,1,0,0
fleet,0,0,0,2
fleeting,1,0,0,1
fleetingly,1,0,0,0
flesh,1,1,0,2
fleshless,0,0,0,2
fleshly,1,0,0,0
fleshy,1,0,0,0
flew,22,2,2,4
flicked,0,0,0,1
flickering,2,0,0,1
flicking,0,0,0,1
flies,2,3,0,1
flight,3,0,3,8
flights,2,0,0,0
flighty,1,0,0,0
flinch,1,0,0,0
flinching,1,0,0,0
fling,6,0,0,0
flinging,4,0,0,0
flint,1,1,0,0
flirt,0,0,4,0
flirtation,0,0,2,0
flirting,0,0,2,1
flitted,0,0,0,1
float,1,1,0,0
floated,11,2,0,0
floating,3,2,0,2
flock,0,0,0,1
flocks,1,1,0,0
flog,1,0,0,0
flogged,0,0,1,0
flood,2,3,0,1
flooded,2,1,0,0
flooding,1,0,0,0
floor,36,40,0,29
flooring,0,0,0,2
floors,4,4,0,0
floorwalker,0,1,0,0
floorwalkers,0,2,0,0
flop,1,1,0,0
flopping,0,1,0,0
floppy,0,1,0,0
flora,0,0,0,8
florence,0,1,0,0
florid,0,0,0,1
florida,0,0,0,3
flour,1,1,0,0
flourished,0,0,0,1
flow,3,0,4,0
flowed,4,2,1,0
flower,5,0,0,0
flowers,7,1,0,2
flowing,2,2,1,2
flown,2,0,1,0
flows,2,0,0,0
fluctuating,0,0,1,0
fluent,0,1,0,0
fluently,1,0,1,0
fluffles,1,0,0,0
fluffy,0,0,0,3
fluid,0,2,0,0
flung,31,0,0,3
flunkey,1,0,0,0
flurried,0,0,0,1
flush,9,0,0,4
flushed,18,0,0,4
flushes,1,0,0,0
flushing,2,0,0,2
flustered,1,0,0,0
flute,0,3,0,0
flutter,2,1,3,0
fluttered,2,1,1,2
flutterings,0,0,1,0
fly,9,0,0,8
flying,6,4,2,3
foam,1,0,0,0
focus,0,0,0,1
fog,1,5,0,2
fogeys,1,0,0,0
foggy,0,1,0,0
fogs,0,0,0,1
foie,0,0,0,1
foil,0,0,0,1
fold,2,0,0,2
folded,10,6,1,5
folding,1,0,0,1
foliage,1,0,0,1
folios,0,0,1,0
folk,1,0,0,9
folks,4,0,0,1
follies,0,0,4,0
follow,14,1,11,14
followed,37,13,25,25
following,10,1,23,12
follows,4,0,8,2
folly,4,0,11,1
fomitch,23,0,0,0
fomitchs,1,0,0,0
fond,22,3,16,4
fonder,0,0,2,1
fondly,2,0,0,0
fondness,0,0,0,1
fontanivent,0,1,0,0
foo,12,0,0,0
food,14,8,1,1
fool,41,10,2,3
fooled,0,1,0,0
foolish,13,0,8,4
foolishly,1,0,0,1
foolishness,4,2,0,0
fools,12,3,1,1
foolscap,0,0,0,2
foot,16,19,1,15
football,0,1,0,0
footboard,0,1,0,0
footed,0,2,0,0
footfall,0,0,0,2
footfalls,0,0,0,2
footing,4,0,2,3
footman,2,0,1,1
footmarks,0,0,0,3
footmen,0,0,0,1
footpath,0,0,0,1
footpaths,0,0,0,2
footsteps,7,0,0,2
footstool,0,0,1,0
foppish,1,0,0,0
foppishness,0,0,0,1
for,1657,406,1062,726
forasmuch,2,0,0,0
forbade,0,0,1,0
forbearance,0,0,6,0
forbearing,0,0,1,0
forbid,3,0,4,1
forbidden,3,2,0,1
forbidding,0,0,1,2
forbore,0,0,1,0
force,9,0,8,15
forced,17,0,20,7
forcep,0,1,0,0
forceps,0,6,0,1
forces,0,0,0,1
forcibly,2,0,4,0
forcing,3,0,1,0
fordham,0,0,0,2
fordyces,0,0,1,0
fore,1,0,0,0
forearm,0,0,0,1
foreboding,2,0,0,0
forebodings,0,0,0,1
forecastle,0,0,0,1
forefinger,0,3,0,4
forefingers,0,0,0,1
forego,0,0,1,0
forehead,11,7,0,7
foreheads,0,1,0,0
foreign,4,5,0,3
foreigner,2,3,0,1
foreigners,2,1,0,0
foreman,0,0,0,2
foremost,2,0,0,1
forenoon,0,1,0,0
forenoons,0,1,0,0
foresaw,2,0,1,2
foresee,2,0,1,3
foreseeing,2,0,0,0
foreseen,3,0,2,2
foresight,0,0,0,6
forest,1,12,0,0
forestalling,0,0,0,1
forests,1,0,0,0
foretaste,3,0,0,0
foretold,1,0,1,1
forever,0,4,0,7
forfeit,1,0,1,1
forfeited,0,0,1,0
forgave,0,0,1,0
forge,3,0,0,0
forger,0,0,0,1
forgery,0,0,0,2
forget,15,12,17,5
forgetful,2,0,0,0
forgetfulness,4,0,1,1
forgets,3,0,1,0
forgetting,9,0,2,0
forging,1,0,0,0
forgive,32,2,10,3
forgiven,10,0,1,1
forgiveness,12,0,2,2
forgiving,0,0,1,0
forgo,0,0,0,1
forgot,16,3,5,3
forgotten,33,2,12,4
fork,0,1,0,0
forks,1,1,0,0
forlorn,0,0,1,0
form,20,2,13,9
formal,1,0,8,0
formalities,2,2,0,1
formality,4,0,3,0
formally,1,0,0,0
formation,0,0,1,0
formed,3,1,16,11
former,12,1,38,3
formerly,5,0,8,4
formidable,1,0,4,7
forming,3,0,4,4
forms,5,1,2,0
forsaken,2,0,0,0
forster,0,0,38,0
forsters,0,0,2,0
forth,8,3,4,4
fortifying,0,1,0,0
fortitude,1,0,1,0
fortnight,7,0,21,2
fortnights,0,0,2,1
fortress,3,1,0,0
forts,0,0,0,1
fortunate,1,1,15,8
fortunately,4,0,2,2
fortune,12,0,39,11
fortunes,2,0,1,3
forty,15,3,1,5
forward,28,20,28,31
forwarded,0,0,2,1
forwarder,0,0,1,0
forwarding,0,0,1,0
forwards,1,0,1,0
fought,3,3,0,1
foul,0,2,1,6
found,76,24,66,108
foundation,5,0,4,0
foundations,2,0,1,0
founded,2,0,3,6
founder,0,0,0,1
fount,1,0,0,0
fountain,0,3,0,1
fountains,2,0,0,0
four,28,26,35,38
fourier,1,0,0,0
fourteen,6,0,0,4
fourteenth,0,0,0,1
fourth,19,3,2,5
fourthly,1,0,1,0
fowl,0,0,0,1
fowler,0,0,0,5
fowls,0,0,0,3
fox,0,2,0,0
foxes,0,1,0,0
foxhounds,0,0,1,0
fraction,1,0,0,0
fracture,0,4,0,0
fractured,1,0,0,0
fragile,0,2,0,0
fragment,0,0,0,2
fragments,3,5,0,0
fragrant,3,0,0,0
frail,1,0,0,0
frailty,0,0,1,0
frame,3,1,1,2
framed,0,0,0,2
frames,2,0,0,0
framework,1,0,0,1
franc,0,1,0,0
france,1,6,0,7
franchise,0,0,0,1
francis,0,0,0,2
francisco,0,4,0,2
franco,0,1,0,1
francs,0,1,0,0
frank,0,0,0,19
frankest,1,0,0,0
frankly,6,0,1,3
frankness,4,0,4,0
franks,0,0,0,1
frantic,9,0,0,1
frantically,3,0,0,2
frantsovna,3,0,0,0
frantsovnas,1,0,0,0
franz,0,1,0,0
français,1,0,0,0
fraud,0,0,0,1
fray,1,0,0,0
frayed,4,0,0,1
freak,0,0,0,1
freckled,0,0,1,1
fred,0,3,0,0
frederic,0,1,0,0
frederico,0,1,0,0
fredi,0,1,0,0
free,27,3,7,11
freebody,0,0,0,1
freed,1,0,0,1
freedom,11,0,4,2
freely,11,1,4,6
freemason,0,0,0,1
freemasonry,0,0,0,2
freight,0,5,0,0
french,10,9,1,5
frenchman,1,2,0,1
frenchmen,0,1,0,0
frenzied,2,0,0,0
frenzy,25,0,0,2
frequent,0,0,13,2
frequented,1,0,0,0
frequently,3,1,23,10
fresa,0,2,0,0
frescoes,0,3,0,0
fresh,23,4,9,20
freshen,1,0,0,0
fresher,1,0,1,0
freshly,1,4,0,0
freshness,2,0,0,0
fresno,0,0,0,2
fret,0,0,3,0
fretfully,0,0,2,0
fretfulness,0,0,2,0
fretted,1,0,0,0
fretting,3,0,0,0
friday,0,2,1,5
fried,0,1,0,0
friend,42,22,104,69
friendless,0,0,1,0
friendlier,0,0,1,0
friendliness,1,0,0,0
friendly,20,3,7,4
friends,27,13,63,24
friendship,4,0,9,1
fright,8,0,0,1
frighten,8,0,1,2
frightened,57,4,8,14
frightening,1,0,0,0
frightens,4,1,0,0
frightful,1,0,0,1
frill,1,0,0,1
fringe,2,0,0,4
fringed,0,0,0,1
frisco,0,1,0,4
frisks,0,0,1,0
fritz,0,0,0,2
frivolous,1,0,3,0
fro,10,0,0,3
frock,2,0,0,8
frogged,0,0,0,1
from,734,232,495,497
front,22,78,5,50
fronted,0,0,2,0
frontier,0,4,0,0
fronts,1,0,0,1
frost,1,5,1,3
frostbites,0,1,0,0
frosted,0,0,0,1
frosty,0,0,0,1
frown,1,0,0,0
frowned,5,0,0,0
frowning,16,0,0,1
froze,1,1,0,0
frozen,0,4,0,0
fruit,0,1,1,0
fruitless,0,0,0,1
fruits,3,1,2,1
frying,2,0,0,0
ft,0,0,0,1
fuel,2,0,0,0
fugitives,0,0,1,1
fulfil,3,0,1,1
fulfilled,0,0,0,1
fulfilment,1,0,0,1
full,54,22,19,16
fullers,0,0,0,7
fullest,1,0,1,0
fullness,1,0,0,0
fully,17,1,5,4
fumbled,3,0,0,1
fumbling,2,0,0,0
fumes,3,0,0,1
fuming,2,0,0,0
fun,6,15,8,0
functioning,0,1,0,0
fund,0,0,0,2
fundamental,3,0,0,0
fundamentally,1,0,0,0
funds,1,0,0,1
funeral,32,0,0,0
funk,2,0,0,0
funniest,2,0,0,1
funny,8,13,0,7
funèbre,1,0,0,0
fur,3,0,0,2
furious,8,3,0,0
furiously,5,0,0,2
furnace,0,1,0,0
furnish,0,0,4,1
furnished,3,1,1,8
furnishes,0,0,0,1
furnishing,1,0,0,0
furnishings,0,1,0,0
furniture,13,1,10,9
furrowed,0,1,0,0
further,30,9,22,10
furthest,7,0,0,0
furtive,0,0,0,1
fury,22,0,0,1
fuse,0,1,0,0
fuss,2,0,1,2
fussily,2,0,0,0
future,43,0,15,9
fyodorovna,3,0,0,0
g,0,0,0,3
gabbled,1,0,0,0
gables,0,0,0,1
gabriele,0,10,0,0
gage,0,24,0,0
gaieties,0,0,2,0
gaiety,0,0,2,0
gaily,8,0,2,0
gain,12,0,2,6
gained,5,0,11,9
gainer,0,0,0,1
gaining,2,0,3,1
gait,1,0,0,0
gaiters,0,0,0,4
gale,0,0,0,4
gales,0,0,0,2
gallant,0,0,1,0
gallantry,0,0,8,0
gallarate,0,1,0,0
galleria,0,7,0,0
gallery,1,3,5,0
galling,1,0,0,0
gallon,0,1,0,0
gallop,10,1,0,1
galloping,1,0,0,0
gallows,0,0,0,2
galvanised,0,0,0,1
gambler,3,0,0,2
gambrinus,1,0,0,0
game,8,11,7,8
games,0,4,0,1
gamester,0,0,1,0
gaming,0,0,1,0
gang,3,1,0,7
ganz,1,0,0,0
gaol,0,0,0,3
gap,0,1,0,1
gape,1,0,0,0
gaped,0,0,1,2
gaping,2,0,0,2
gaps,0,1,0,0
garage,0,3,0,0
garden,21,16,12,18
gardener,0,0,1,0
gardeners,0,0,1,0
gardens,2,5,0,0
gardiner,0,0,84,0
gardiners,0,0,19,0
garibaldi,0,1,0,0
garlic,0,2,0,0
garment,1,0,0,1
garments,2,0,0,4
garret,10,0,0,0
gas,0,11,0,8
gasfitters,0,0,0,2
gash,0,0,0,1
gashed,1,0,0,0
gaslight,0,0,0,1
gasogene,0,0,0,1
gasoline,0,1,0,0
gasp,2,0,0,0
gasped,1,0,0,6
gasping,11,0,0,0
gasps,1,0,0,0
gate,15,5,6,7
gates,6,0,2,2
gateway,18,0,0,0
gather,1,0,0,7
gathered,6,0,2,3
gathering,3,0,1,2
gatherings,1,0,0,0
gaudy,2,0,1,0
gaunt,0,2,0,2
gaunter,0,0,0,1
gauze,0,1,0,0
gave,111,32,54,46
gavuzzi,0,7,0,0
gawky,1,0,0,0
gay,3,0,2,0
gayer,0,0,1,0
gaze,3,0,1,4
gazed,43,0,0,5
gazette,0,0,0,1
gazetteer,0,0,0,1
gazing,19,0,0,6
gear,0,3,0,1
geese,0,0,0,17
gelding,0,1,0,0
gem,0,0,0,2
gems,0,0,0,13
general,27,4,51,9
generale,0,1,0,0
generality,0,0,2,0
generally,7,0,16,5
generals,4,2,0,0
generation,7,0,1,1
generations,0,0,1,2
generosity,2,0,0,0
generous,14,0,12,1
generously,1,0,1,0
genial,1,0,0,2
geniality,0,0,0,1
genially,1,0,0,0
genii,0,0,0,1
genius,8,0,2,0
geniuses,2,0,0,0
genoa,0,1,0,0
genteel,6,0,3,1
genteelly,1,0,0,0
gentility,1,0,0,0
gentle,8,5,5,6
gentlefolk,1,0,0,0
gentleman,42,2,32,41
gentlemanlike,0,0,8,0
gentlemanly,3,0,0,1
gentlemans,1,0,8,3
gentlemen,14,2,35,6
gentlemens,0,0,3,0
gentleness,2,0,4,0
gentler,0,2,0,0
gentlest,0,0,1,0
gentlewoman,1,0,1,0
gently,6,3,0,7
genuine,11,0,2,0
genuinely,4,0,0,0
geography,1,0,0,0
geology,0,0,0,1
george,0,7,8,10
georges,0,0,0,4
georgetti,0,1,0,0
georgia,0,1,0,2
georgiana,0,0,12,0
georgianas,0,0,3,0
geraniums,2,0,0,0
german,27,11,0,15
germans,3,25,0,1
germany,0,2,0,0
gesellschaft,0,0,0,1
gesticulating,1,0,0,1
gesticulations,1,0,0,0
gesture,9,1,0,5
gestures,3,0,0,0
get,207,267,52,62
gets,13,3,1,3
getting,65,22,7,8
ghastly,0,1,0,2
ghost,0,1,0,1
ghostly,1,0,0,0
ghosts,7,0,0,0
giant,2,1,0,2
giants,0,1,0,0
gibe,0,0,0,1
gibing,1,0,0,0
giddiness,5,0,1,0
giddy,3,0,0,0
gift,2,0,1,1
gifts,1,0,0,0
gig,0,0,1,0
gigantic,1,1,0,4
giggle,2,0,0,0
giggled,0,1,0,0
giggles,1,0,0,0
giggling,0,1,0,0
gilt,0,0,0,1
gin,0,0,0,1
gingerbread,1,0,0,0
gingerly,0,1,0,0
gino,0,12,0,0
giovanni,0,2,0,0
gipsies,0,0,0,7
gipsy,0,0,0,1
girl,98,64,38,23
girls,15,56,45,5
girt,0,0,0,1
give,131,55,123,60
given,55,5,55,32
gives,3,0,9,8
giving,19,2,25,5
glad,53,34,36,18
glade,0,0,0,1
gladly,0,0,1,0
gladstone,0,0,0,2
glamour,0,0,0,1
glance,25,0,7,17
glanced,14,0,0,22
glances,4,0,0,4
glancing,14,0,4,23
glands,0,0,0,1
glare,0,0,0,3
glared,0,1,0,2
glaring,1,0,0,1
glass,37,59,2,14
glasses,4,17,0,8
glassful,2,0,0,0
glazed,0,2,0,0
glazing,0,0,1,0
gleam,6,0,0,2
gleamed,5,0,0,0
gleaming,0,0,0,1
glee,1,0,0,0
gleefully,3,0,0,0
glen,0,0,1,0
gli,0,1,0,0
glided,0,0,0,2
glimmer,0,0,0,2
glimmered,0,0,0,3
glimpse,1,0,2,7
glimpses,0,0,0,1
glint,0,0,0,1
glints,0,0,0,1
glissez,2,0,0,0
glisten,0,0,0,1
glistened,1,0,0,0
glitter,0,0,0,2
glittered,4,0,0,0
glittering,4,0,0,0
gloated,1,0,0,0
gloating,3,0,0,0
globe,1,0,0,1
gloom,0,0,3,8
gloomily,11,0,0,1
gloomy,25,0,2,1
gloried,0,0,1,0
glories,0,0,1,0
glorious,0,2,0,0
glory,2,2,1,0
gloss,0,0,0,1
glossy,0,0,0,2
glove,0,1,1,4
gloves,5,4,0,3
glow,1,0,3,1
glowed,4,0,0,0
glowing,10,0,1,2
glutton,1,0,0,0
glühwein,0,1,0,0
gnawing,1,0,0,0
go,368,400,104,99
goading,0,0,0,1
goal,4,0,0,0
goat,0,2,0,0
goats,0,1,0,0
goatskin,3,0,0,0
god,106,35,3,26
goddam,0,3,0,0
goddess,0,2,0,0
goddesses,0,1,0,0
godfather,0,0,1,0
godfrey,0,0,0,5
godless,3,0,0,0
gods,8,0,1,3
godson,0,0,2,0
goes,9,8,2,9
gogol,3,0,0,0
going,185,159,57,32
gold,18,3,0,18
golden,1,2,0,5
golgotha,1,0,0,0
gondola,0,1,0,0
gondolas,0,1,0,0
gone,81,64,62,45
gong,0,0,0,1
gonorrhea,0,3,0,0
good,279,265,203,137
goodge,0,0,0,2
goodness,20,0,10,9
goods,3,2,0,0
goodwill,1,0,0,1
goodwins,0,0,0,1
goose,1,0,0,27
gordini,0,14,0,0
gordinis,0,1,0,0
gordon,0,0,0,2
gorge,0,1,0,0
gorgeous,2,0,0,0
gorizia,0,10,0,0
gospel,3,0,0,1
gossip,9,0,0,2
gossiping,1,0,1,1
gossips,0,0,0,1
got,151,112,25,53
gott,1,0,0,0
gotten,0,13,0,0
gottsreich,0,0,0,1
goulding,0,0,1,0
gouldings,0,0,2,0
gourmand,1,0,0,0
gout,0,2,0,0
governed,0,0,2,0
governess,6,0,8,3
governesses,0,0,0,2
government,15,1,0,2
governor,9,0,0,0
governorship,1,0,0,0
gown,3,5,7,6
gowns,1,0,2,0
grab,0,3,0,0
grabbed,0,2,0,0
grabs,0,0,0,1
grace,1,0,1,3
gracechurch,0,0,9,0
graceful,2,0,1,1
gracefully,0,0,1,0
graces,0,0,1,0
gracious,3,0,8,2
graciously,1,0,1,0
graciousness,0,0,1,0
gradations,0,1,0,0
grade,0,2,0,0
grades,2,0,0,0
gradual,2,0,1,0
gradually,9,0,6,2
graduate,0,1,0,0
grain,2,0,1,1
grammar,1,1,0,0
gran,0,5,0,0
granatieri,0,3,0,0
grand,1,26,2,2
grandeur,0,0,4,0
grandfather,0,3,0,2
grandfathers,0,0,1,0
grandiloquent,1,0,0,0
grandmother,1,1,0,0
grandmothers,2,0,0,0
grandson,0,1,0,0
granite,1,0,0,0
grant,5,0,0,0
granted,7,0,0,1
granting,0,0,0,1
grantleys,0,0,1,0
grape,0,1,0,0
grapes,0,1,1,0
grappa,0,9,0,0
gras,0,0,0,1
grasp,1,0,1,6
grasped,3,0,0,5
grasping,1,0,0,1
grass,3,3,0,9
grate,0,0,0,2
grateful,4,0,13,1
gratefully,0,0,3,0
gratification,0,0,1,0
gratified,2,0,14,0
gratify,1,0,2,0
gratifying,0,0,6,0
grating,1,0,0,2
gratitude,6,0,24,1
gratuitously,0,1,0,0
gratulation,0,0,2,0
grave,8,0,9,4
graveclothes,1,0,0,0
gravel,0,4,3,4
gravely,3,1,4,6
graver,1,0,0,1
graves,0,1,0,0
gravesend,0,0,0,4
gravest,1,0,0,0
graveyard,5,0,0,0
gravity,3,0,4,3
gravy,0,1,0,0
gray,0,27,0,0
grazed,2,0,0,0
grease,1,2,0,0
greasy,5,0,0,2
great,161,46,142,60
greatcoat,3,0,0,1
greater,8,1,25,6
greatest,8,0,21,6
greatly,18,2,14,0
greatness,0,0,2,0
greats,1,0,0,0
grebes,0,1,0,0
greedily,4,0,0,0
greediness,1,0,0,0
greek,1,0,0,0
green,16,11,3,5
greengrocer,0,0,0,1
greenish,1,0,0,0
greenness,1,0,0,0
greenwich,0,0,0,1
greet,2,0,0,1
greeted,1,0,0,0
greeting,3,0,0,4
greetings,3,1,0,0
greffi,0,12,0,0
grenade,0,1,0,0
grenadiers,0,1,0,0
gretna,0,0,2,0
grew,18,4,6,12
grey,17,0,0,24
greyish,1,0,0,2
grice,0,0,0,1
grief,9,0,2,7
griefs,0,0,1,0
grievance,0,0,0,1
grievances,0,0,2,0
grieve,1,0,3,0
grieved,5,0,12,1
grieving,1,0,1,0
grievous,0,0,3,1
grievously,0,0,1,0
grigorievitch,2,0,0,0
grill,0,1,0,0
grim,0,1,0,2
grime,1,0,0,1
grimesby,0,0,0,8
grimly,4,0,0,1
grimy,2,0,0,0
grin,4,0,0,2
grind,0,0,0,1
grinder,3,0,0,2
grinders,2,0,0,0
grinding,6,1,0,0
grinned,1,2,0,1
grinning,0,0,0,2
grip,1,1,0,6
gripped,3,0,0,0
gripping,1,0,0,1
grit,0,0,0,1
gritting,1,0,0,0
gritty,0,0,0,1
grizzled,2,0,0,6
groan,1,0,0,2
groaned,2,0,0,3
groaning,3,0,0,0
groggy,0,3,0,0
groin,0,1,0,0
groom,0,0,0,5
groomed,0,0,0,1
grooms,0,2,0,0
groping,0,0,0,2
gross,1,0,2,2
grossest,0,0,1,0
grossly,1,0,0,0
grosvenor,0,0,2,2
grotesque,5,0,0,1
ground,26,11,12,23
groundlessness,1,0,0,0
grounds,6,2,5,10
groundwork,0,0,1,0
group,2,5,2,3
grouped,0,0,1,0
groups,3,0,0,0
grouse,1,0,0,0
grove,0,0,3,1
grovelling,1,0,0,0
grow,4,10,4,2
growing,15,1,3,2
grown,13,0,5,3
grows,1,0,0,0
growth,0,0,1,0
grudged,1,0,0,0
grudgingly,0,1,0,0
gruff,0,0,0,1
gruffly,1,0,0,0
grumbled,1,0,0,0
grummets,0,1,0,0
grunted,0,1,0,0
guard,13,10,7,6
guarded,0,1,9,0
guardia,0,3,0,0
guardian,1,0,2,0
guardianship,0,0,3,1
guards,0,6,0,0
guardsmen,0,0,0,3
guerra,0,1,0,0
guerre,4,0,0,0
guess,13,7,5,5
guessed,11,0,3,2
guessing,2,0,0,0
guest,3,0,5,0
guests,5,0,1,0
guffaw,5,0,0,0
guffawed,1,0,0,0
guffawing,1,0,0,0
guidance,1,0,2,1
guide,0,0,2,4
guided,0,0,2,0
guiding,1,0,1,0
guilt,3,0,3,4
guilty,15,0,2,3
guinea,0,0,1,4
guineas,0,0,0,3
guitar,2,0,0,0
gulf,1,0,1,0
gullet,0,0,0,1
gulls,0,1,0,0
gulp,0,0,0,1
gulped,1,0,0,0
gulping,1,0,0,0
gulps,1,0,0,0
gum,0,0,0,1
gummed,0,0,0,1
gun,0,9,0,6
gunman,0,1,0,0
gunner,0,8,0,0
gunners,0,1,0,0
guns,0,27,0,0
gunwale,0,1,0,0
gunwales,0,2,0,0
gurgling,1,0,0,0
gush,0,0,0,1
gushed,1,0,0,0
gushes,0,0,0,1
gustave,0,0,0,1
gusts,0,2,0,0
gutter,5,1,0,0
guttering,0,0,0,1
guttingen,0,7,0,0
guttingens,0,2,0,0
guttural,1,0,0,0
guys,0,1,0,0
guzzling,1,0,0,0
gym,0,1,0,0
gymnasium,3,2,0,0
gyps,0,1,0,0
h,1,0,0,5
ha,67,4,0,22
habit,11,0,7,8
habits,7,0,3,9
habitual,3,0,1,0
hack,1,0,1,0
hacked,0,0,0,1
hackney,0,0,3,0
hackneyed,0,0,1,0
had,1578,550,1172,830
hadnt,17,5,0,3
hadst,2,0,0,0
hafiz,0,0,0,1
hag,3,0,0,0
haggard,0,0,0,2
haggerston,0,0,2,0
hags,1,0,0,0
hague,0,0,0,1
hail,1,1,0,1
hailed,0,1,0,1
hair,46,30,3,45
hairdresser,0,1,0,0
hairdressers,1,0,0,0
haired,3,3,0,1
hairs,0,1,0,0
half,100,19,70,61
halfpenny,3,0,0,0
halfway,1,0,0,2
halifax,0,0,0,1
hall,1,55,12,19
hallow,0,1,0,0
halls,0,1,0,0
hallucination,2,0,0,0
hallway,0,6,0,0
halt,1,2,0,0
halted,1,0,0,0
ham,0,8,1,0
hamburger,0,1,0,0
hamlet,1,0,0,0
hammered,0,0,0,1
hammering,3,0,0,0
hampshire,0,0,0,4
hand,167,73,26,120
handbag,0,1,0,0
handcuffs,0,0,0,1
handed,7,19,3,11
handedness,0,0,0,1
handful,1,1,0,0
handicap,0,3,0,0
handing,2,0,0,1
handkerchief,9,1,1,9
handkerchiefs,1,0,0,1
handle,5,8,0,2
handled,0,0,0,1
handling,0,0,0,2
hands,150,33,7,73
handsome,9,1,37,4
handsomely,0,1,2,0
handsomer,0,0,3,0
handsomest,0,0,4,0
handwriting,4,0,0,2
handy,0,0,0,2
hang,24,4,1,2
hanged,3,0,0,3
hanging,15,3,1,7
hangings,1,0,0,0
hangs,0,0,0,2
hankeys,0,0,0,1
hanover,0,0,0,2
hansom,0,0,0,6
hansoms,0,0,0,1
hapless,1,0,0,0
happen,28,10,12,3
happened,66,17,24,23
happening,8,5,2,1
happens,5,5,4,2
happier,3,1,3,0
happiest,1,0,10,0
happily,2,6,5,2
happiness,19,1,72,3
happy,31,38,83,18
harangue,1,0,0,0
harassed,1,0,0,0
harassing,1,0,0,0
harbour,1,0,0,0
harboured,0,0,1,0
hard,22,47,12,29
harden,1,1,0,0
hardened,1,1,1,4
harder,1,1,0,0
hardest,2,0,1,1
hardihood,0,0,0,1
hardly,48,7,46,50
hardness,0,1,0,0
hardship,1,0,1,0
hardships,2,0,1,0
hardworking,1,0,0,0
hardy,0,0,0,2
hare,1,1,0,1
hares,1,0,0,0
hareskin,1,0,0,0
harkov,1,0,0,0
harlamovs,3,0,0,0
harley,0,0,0,1
harlot,3,0,0,0
harlotry,0,1,0,0
harlots,0,1,0,0
harm,10,0,4,8
harmful,1,0,0,0
harmless,1,0,0,0
harmoniously,1,0,0,0
harmonium,0,0,0,1
harmony,2,0,1,1
harness,0,0,0,2
harnessed,1,0,0,0
harp,0,0,1,0
harping,1,0,0,0
harpy,1,0,0,0
harriet,0,0,2,0
harringtons,0,0,1,0
harris,0,0,0,1
harrow,0,0,0,3
harsh,4,0,0,1
harshly,3,0,1,1
hartz,0,2,0,0
harvest,0,0,0,1
has,383,42,226,284
hash,1,0,0,0
hasnt,10,3,0,0
hasp,0,0,0,1
hast,5,0,0,0
haste,52,0,9,2
hasten,2,0,1,0
hastened,17,0,4,3
hastening,3,0,2,2
hastily,8,0,9,1
hasty,3,0,5,0
hat,37,15,2,50
hatched,1,0,0,0
hatching,1,0,0,0
hate,12,6,9,1
hated,5,4,4,1
hateful,6,0,0,0
hatefully,0,0,1,0
hates,0,1,2,0
hatfield,0,0,1,0
hath,1,0,0,0
hatherley,0,0,0,17
hatherleys,0,0,0,1
hating,0,0,1,0
hatred,15,0,1,0
hats,3,6,0,1
hatted,0,1,0,0
hatter,1,0,0,0
hatty,0,0,0,3
haughtily,3,0,0,0
haughtiness,3,0,0,0
haughty,11,1,3,0
hauled,1,4,0,0
hauling,0,4,0,1
haunch,0,0,1,0
haunches,1,1,0,0
haunt,1,0,1,0
haunted,7,0,0,0
haunts,1,0,0,0
hauteur,0,0,2,0
have,1146,487,846,924
haven,1,0,0,0
havent,38,39,0,0
haversack,0,1,0,0
having,60,18,94,68
hawaii,0,2,0,0
hawk,0,0,0,1
hawks,0,1,0,0
hay,26,17,0,1
haye,0,0,1,0
hayfever,0,1,0,0
hayling,0,0,0,1
hazarded,0,0,1,1
haze,0,0,0,1
he,4779,855,1335,1467
head,191,75,33,68
headache,0,0,2,1
headdress,1,0,0,0
headed,8,0,1,22
headgear,1,0,0,1
heading,0,0,0,3
headings,0,0,0,1
headland,0,1,0,0
headlights,0,1,0,0
headlines,0,1,0,0
headlong,1,0,0,0
heads,6,5,1,9
headstrong,1,0,4,1
headwaiter,0,2,0,0
heal,0,0,1,0
healed,0,1,0,0
health,7,2,18,5
healthful,0,0,1,0
healthfulness,0,0,1,0
healthy,2,7,1,1
heap,5,0,0,1
heaped,1,0,0,1
hear,83,29,70,32
heard,158,63,86,113
hearers,0,0,1,0
hearest,1,0,0,0
hearing,15,2,24,3
hears,1,0,1,2
heart,132,3,45,25
hearted,12,1,1,3
heartedness,0,0,1,0
heartening,0,0,1,0
heartfelt,1,0,1,0
hearth,0,1,1,0
heartily,4,1,10,7
heartless,3,0,0,1
heartrending,1,0,0,0
hearts,4,2,0,3
hearty,0,0,2,5
heat,18,4,0,0
heated,0,1,0,1
heather,0,0,0,1
heaved,1,0,0,0
heaven,9,0,10,3
heavenly,1,0,0,0
heavens,32,0,3,9
heavier,0,0,1,2
heavily,10,6,0,13
heaving,2,0,0,1
heavy,19,11,4,30
hebrew,0,0,0,1
hectic,3,0,0,0
hed,12,0,0,1
hedge,0,8,1,2
hedges,0,2,0,2
heed,0,0,0,1
heeding,1,0,0,0
heedless,2,0,1,0
heedlessly,1,0,0,0
heedlessness,1,0,0,0
heel,0,1,0,2
heelless,0,0,0,1
heels,7,2,0,6
heh,0,0,0,2
height,5,0,3,5
heighten,0,0,1,0
heightened,0,0,8,0
heinous,0,0,1,1
heiress,0,0,1,2
heirs,0,0,1,1
held,44,64,5,26
helen,0,3,0,4
hell,22,35,0,2
hellish,0,0,0,2
hello,0,10,0,0
helmet,1,4,0,0
helmets,0,11,0,0
help,81,15,41,47
helped,8,6,0,3
helper,0,0,0,2
helping,6,1,0,1
helpless,7,0,0,3
helplessly,4,0,0,0
helplessness,5,0,0,0
helps,1,1,0,1
helvetia,0,1,0,0
hem,1,0,0,0
hemlock,0,1,0,0
hemmed,1,0,0,0
hemorrhage,0,4,0,0
hempen,1,0,0,0
hen,1,0,0,0
hence,2,0,1,5
henceforth,0,0,1,0
henriette,1,0,0,0
henry,0,17,0,10
hens,2,0,0,0
her,1829,306,2228,430
herald,0,0,0,1
hercules,0,0,0,1
herd,0,0,0,1
here,353,154,69,134
hereabouts,0,0,2,0
hereafter,0,0,3,0
hereditary,0,0,0,4
hereford,0,0,0,2
herefordshire,0,0,0,2
heres,13,3,1,5
heretofore,0,0,1,0
hereupon,1,0,0,0
herewith,2,0,0,0
hermit,1,0,0,0
hermitage,0,0,1,0
hernia,0,2,0,0
hero,0,2,0,0
heroes,0,2,0,0
heroic,3,3,0,1
heroism,1,0,0,0
herrings,1,0,0,0
hers,6,2,8,2
herself,124,3,227,10
hertfordshire,0,0,41,0
heruvimov,3,0,0,0
hes,61,50,0,13
hesitate,2,0,3,1
hesitated,4,0,3,3
hesitating,9,0,1,2
hesitatingly,2,0,0,0
hesitation,10,0,3,2
hey,15,3,0,0
hi,1,1,0,0
hid,11,0,0,1
hidden,21,0,0,1
hide,13,1,2,2
hideous,15,0,0,4
hideously,2,0,0,0
hideousness,2,0,0,0
hiders,0,1,0,0
hides,1,1,0,0
hiding,15,0,0,0
high,30,32,18,26
higher,7,1,4,3
highest,3,2,9,7
highly,7,0,28,4
highness,0,0,0,1
highroad,0,1,0,0
highway,0,2,0,2
hill,1,12,10,2
hills,0,11,3,2
hillside,0,3,0,0
hilt,0,1,0,0
him,1587,254,764,434
himself,338,9,127,73
hinder,3,0,0,0
hindered,2,0,0,0
hindering,1,0,0,0
hinders,0,0,0,1
hindrance,1,0,0,1
hinges,0,0,0,2
hint,9,0,12,2
hinted,5,0,1,1
hinting,1,0,0,1
hints,1,0,4,0
hips,2,2,0,0
hire,0,0,1,0
hired,1,0,1,1
his,2093,287,1271,1158
hiss,0,0,0,1
historical,1,0,0,0
histories,1,0,1,0
history,6,0,4,3
hit,6,18,0,3
hitch,1,0,0,0
hither,0,0,3,0
hitherto,7,0,2,1
hitter,0,2,0,0
hitting,3,1,0,0
hm,37,0,0,0
ho,1,21,0,0
hoard,0,0,0,1
hoarding,3,0,0,0
hoarse,5,0,0,2
hoarsely,0,0,0,1
hoax,0,0,0,1
hobbies,0,0,0,1
hobby,0,0,0,1
hobnailed,0,1,0,0
hof,1,0,0,0
hog,0,2,0,0
holborn,0,0,0,2
hold,38,31,7,8
holder,0,0,0,23
holding,22,28,2,6
holds,1,0,0,0
hole,15,3,0,5
holes,3,7,0,2
holiday,2,0,0,2
holidays,2,0,0,0
holland,0,0,0,2
hollow,6,3,0,4
hollowed,0,0,0,1
holmes,0,0,0,461
holstein,1,0,0,0
holster,0,8,0,0
holy,6,3,0,0
homage,3,0,0,0
home,106,33,67,48
homecoming,0,1,0,0
homely,0,0,0,4
homesteads,0,0,0,1
homeward,0,0,0,3
homewards,2,0,0,0
homicidal,2,0,0,0
honest,15,2,1,1
honestly,1,0,4,0
honesty,3,0,0,0
honey,1,0,0,0
honeymoon,0,0,0,2
honked,0,1,0,0
honor,0,3,0,0
honored,0,3,0,0
honoria,0,0,0,1
honour,33,0,42,12
honourable,23,0,7,1
honoured,21,0,9,0
honours,1,0,2,0
hood,1,1,0,1
hoof,1,0,0,0
hoofs,1,1,0,2
hook,9,3,0,2
hooked,1,1,0,0
hooking,0,1,0,0
hooks,1,0,0,0
hop,0,1,0,0
hope,33,23,121,31
hoped,6,11,19,4
hopeful,0,0,0,1
hopefully,2,1,0,0
hopeless,8,2,7,2
hopelessly,10,0,0,0
hopelessness,1,0,0,0
hopes,16,1,23,7
hoping,7,1,4,1
hopkins,0,0,0,2
horace,0,0,0,1
horizon,1,0,0,0
horizontally,1,0,0,0
horn,1,0,0,0
horner,0,0,0,13
horrible,7,0,1,13
horribly,4,0,0,1
horrid,3,0,3,3
horrified,2,0,0,0
horrify,0,0,0,2
horror,26,0,5,12
horrors,1,0,0,1
horse,8,17,3,8
horseback,1,0,2,0
horses,11,20,8,7
horsewoman,0,0,1,0
horsey,0,0,0,2
horsham,0,0,0,10
hosmer,0,0,0,23
hospital,17,77,0,1
hospitality,3,0,3,1
hospitals,1,10,0,0
host,1,0,0,1
hostile,3,1,0,0
hostility,2,0,0,0
hot,14,29,3,11
hotel,5,46,1,14
hotels,0,5,1,2
hotly,9,0,0,0
hotter,0,1,0,0
hound,0,0,0,2
hour,70,10,34,32
hours,19,10,31,23
house,121,42,106,120
household,2,1,1,8
housekeeper,0,0,15,2
housekeepers,0,0,1,1
housekeeping,0,0,3,0
housemaid,0,0,2,1
housemaids,0,0,1,0
houses,16,22,4,13
hover,0,0,0,1
hovering,1,0,0,0
how,530,179,230,141
however,45,3,134,107
howl,0,0,0,1
howled,2,0,0,0
howling,3,0,0,1
hows,1,4,0,0
howsoever,0,0,1,0
hoyle,0,1,0,0
hubbub,0,0,0,2
hubs,0,1,0,0
huckster,5,0,0,0
hucksters,1,0,0,0
huddled,1,1,0,3
hudson,0,0,0,4
huffed,0,0,0,1
huffily,2,0,0,0
hug,3,0,1,0
huge,14,0,0,11
hugged,2,0,0,1
hugging,1,0,0,0
hugh,0,0,0,4
hugos,0,1,0,0
hugs,1,0,0,0
hullo,1,0,0,4
hulloa,1,0,0,0
hum,0,0,0,9
human,15,1,6,12
humane,4,0,0,0
humanity,15,0,2,1
humanum,1,0,0,0
humble,4,0,9,2
humbled,3,0,4,0
humbler,0,0,0,1
humbling,0,0,1,0
humbly,3,0,0,0
humbugging,1,0,0,0
humdrum,0,0,0,1
humiliate,1,0,0,0
humiliated,5,0,0,0
humiliating,6,0,2,0
humiliation,1,0,2,2
humility,1,0,5,0
humming,1,0,0,2
humour,7,0,25,1
humoured,7,0,7,1
humouredly,2,0,0,0
humours,0,0,0,1
hun,0,3,0,0
hunchback,1,0,0,0
hundred,52,26,6,19
hundreds,6,0,0,2
hundredth,3,1,0,0
hundredweight,1,0,0,0
hung,10,12,0,8
hungarian,0,1,0,0
hunger,3,0,0,0
hungering,1,0,0,0
hungrily,0,0,0,1
hungry,9,21,0,2
hunsford,0,0,25,0
hunt,0,1,0,2
hunted,2,2,0,1
hunter,0,2,0,21
hunters,1,1,0,1
hunting,2,4,1,5
hurled,0,0,0,3
hurling,0,0,0,2
hurrah,2,0,0,0
hurricane,2,0,0,0
hurried,15,4,10,22
hurriedly,31,0,0,5
hurry,32,9,11,9
hurrying,7,5,3,4
hurst,0,0,32,0
hursts,0,0,2,0
hurt,5,24,6,5
hurting,2,0,0,0
hurts,3,2,1,2
husband,37,4,42,22
husbands,7,1,12,6
hush,12,2,0,2
hushed,1,0,1,0
hushing,1,0,0,1
huskily,1,0,0,0
husky,2,0,0,0
hussar,1,0,0,0
hussy,2,0,0,0
hyde,0,0,0,1
hydraulic,0,0,0,10
hydraulics,0,0,0,1
hydrochloric,0,0,0,1
hypochondria,3,0,0,0
hypochondriac,2,0,0,0
hypochondriacal,1,0,0,0
hypocrisy,1,0,1,0
hypocritical,0,0,2,0
hypothesis,1,0,0,4
hysterical,7,0,0,2
hysterically,1,0,0,0
hysterics,2,0,1,0
hôtel,0,1,0,0
i,3957,3370,2068,2998
ice,1,13,0,1
iced,0,1,0,0
ich,1,0,0,0
icicle,0,1,0,0
icing,0,1,0,0
icy,1,3,0,0
id,39,41,0,4
idea,100,6,49,23
ideal,0,1,0,2
idealism,1,0,0,0
idealist,1,0,0,0
ideals,2,0,0,0
ideas,37,0,13,2
identical,0,0,0,1
identified,0,1,0,2
identify,0,0,0,1
identity,0,0,0,2
idiocy,4,0,0,0
idiot,6,0,0,1
idiotic,3,0,0,0
idiotically,1,0,0,0
idiots,1,0,0,0
idle,2,0,8,1
idleness,1,0,2,0
idler,0,0,0,1
idly,1,0,0,0
if,584,265,348,260
ignominy,1,0,0,0
ignorance,1,0,8,3
ignorant,2,3,16,3
ignore,0,1,0,0
ignored,0,2,0,0
ignotum,0,0,0,1
ikon,4,0,0,0
ikons,2,0,0,0
il,0,1,0,0
ill,243,181,76,31
illegal,0,0,0,1
illegally,0,0,0,1
illiberal,0,0,1,0
illiterate,0,0,1,0
illness,42,0,2,1
illnesses,1,0,0,0
illuminated,0,0,0,1
illustrate,0,0,0,1
illustrated,0,1,0,0
illustration,0,0,1,0
illustrious,0,0,1,1
ilya,33,0,0,0
im,59,229,1,4
image,11,0,0,0
images,5,0,0,0
imaginable,0,0,2,0
imaginary,1,0,5,0
imagination,8,0,4,3
imaginations,0,0,1,0
imagine,31,3,27,29
imagined,7,1,5,0
imagines,2,0,0,0
imagining,2,0,0,0
imbecile,1,0,0,3
imbecility,1,0,0,1
imbedded,0,0,0,1
imbibed,1,0,0,0
imitate,0,0,1,1
imitated,0,0,1,1
imitation,0,0,1,0
imitations,0,0,1,0
immeasurable,2,0,0,0
immeasurably,1,0,0,0
immediate,4,0,12,1
immediately,30,0,61,7
immemorial,1,0,0,0
immense,7,0,0,10
immensely,0,0,0,3
imminent,3,0,0,1
immoderate,1,0,0,0
immoral,0,0,1,0
immovable,5,0,2,0
immovably,1,0,0,0
imola,0,1,0,0
imparted,0,0,1,0
impartial,0,0,3,0
impartiality,0,0,1,0
impartially,3,1,0,0
impassable,0,0,1,1
impatience,16,0,10,2
impatient,9,0,8,2
impatiently,6,0,5,3
impelled,2,0,1,0
impending,0,0,0,1
impenetrably,0,0,2,0
imperative,1,0,0,0
imperfection,0,0,1,0
imperfectly,0,0,1,0
imperial,0,0,0,1
imperilled,0,0,0,1
imperious,1,0,0,0
imperiously,1,0,0,0
impersonal,0,0,0,1
impertinence,2,0,8,0
impertinent,1,0,6,2
imperturbably,0,0,0,1
impetuous,0,0,1,1
impetuously,1,0,0,0
implacability,0,0,1,0
implacable,0,0,1,1
implicate,0,0,0,2
implicated,0,0,0,1
implicates,0,0,0,1
implicating,0,0,0,1
implicit,1,0,1,1
implicitness,0,0,1,0
implied,1,0,1,0
implies,0,0,1,1
implore,0,0,0,2
implored,3,0,0,2
imploring,3,0,0,1
imploringly,1,0,0,0
imply,0,0,1,1
impolite,0,1,0,0
impolitic,0,0,1,0
import,0,1,0,0
importance,10,0,27,16
important,25,2,10,21
importers,0,0,0,1
importing,0,0,1,0
importune,0,0,1,0
importuned,0,0,1,0
impose,2,0,2,0
imposed,1,0,4,0
imposing,1,0,1,1
impossibility,3,0,0,1
impossible,20,8,44,14
impotence,5,0,0,0
impractical,0,1,0,0
impracticality,1,0,0,0
impress,1,0,0,0
impressed,6,4,1,6
impresses,1,0,0,0
impressing,0,0,1,0
impression,21,4,7,16
impressionable,1,0,0,0
impressions,2,0,0,3
impressive,3,2,1,1
impressively,4,0,0,0
imprisoned,0,0,0,1
imprisonment,1,0,0,3
improbabilities,0,0,0,1
improbable,0,0,7,2
impromptu,1,0,0,0
improper,0,0,2,0
improprieties,0,0,1,0
impropriety,0,0,5,0
improve,1,0,3,0
improved,1,1,6,2
improvement,2,0,9,0
improvements,1,0,1,0
improves,0,0,2,0
improving,0,0,0,1
improvisations,0,0,0,1
imprudence,0,0,10,2
imprudent,0,0,11,0
imprudently,1,0,0,1
imps,1,0,0,0
impudence,1,0,2,0
impudent,5,0,1,0
impudently,1,0,0,0
impulse,5,0,3,2
impulses,1,1,1,0
impulsive,0,0,0,1
impulsively,0,0,0,1
impulsiveness,1,0,0,0
impunity,1,0,1,3
impurities,0,0,1,0
impute,0,0,1,0
imputed,0,0,4,0
imputing,0,0,1,0
in,3173,1348,1875,1764
inaccurate,0,1,0,0
inadequate,0,0,1,1
inappropriately,1,0,0,0
inarticulate,0,0,0,1
inarticulately,1,0,0,0
inartistic,1,0,0,0
inattention,1,0,2,0
inattentive,2,0,2,0
inaudibly,1,0,0,0
incalculable,0,0,0,1
incapable,9,0,8,2
incarnate,0,0,0,1
incautious,1,0,0,0
incautiously,1,0,1,0
incense,1,0,0,0
incensed,1,0,2,0
inception,0,0,0,1
incessant,1,0,1,0
incessantly,2,0,2,0
inch,2,0,0,0
inches,3,1,1,2
incident,8,1,0,9
incidentally,1,0,0,0
incidents,1,0,0,5
incision,0,1,0,0
incisive,0,0,0,3
incitement,1,0,0,0
incites,0,0,0,1
incivility,0,0,3,0
inclination,2,0,21,0
inclinations,0,0,2,0
inclined,2,0,10,6
include,0,0,1,0
included,0,0,2,1
including,3,0,2,0
incognito,1,0,0,1
incoherence,1,0,0,0
incoherent,4,0,0,1
incoherently,4,0,0,0
income,0,0,11,6
incomparably,2,0,0,0
incompatible,2,0,0,0
incomplete,1,0,0,1
incomprehensible,0,0,2,0
inconceivable,1,0,1,0
incongruity,1,0,0,0
incongruous,5,0,0,0
inconsequential,0,0,0,1
inconsiderable,0,0,1,0
inconsistencies,0,0,1,0
inconsistency,0,0,2,0
inconstancies,0,0,1,0
incontestably,1,0,0,0
inconvenience,2,0,6,4
inconveniences,0,0,2,0
inconvenient,1,0,4,0
incorrect,1,0,0,0
incorrigible,0,0,0,1
incorruptible,1,0,0,0
increase,1,0,6,0
increased,5,0,11,4
increases,0,0,1,0
increasing,3,0,10,1
incredible,2,0,3,1
incredibly,3,0,0,0
incredulity,1,0,3,2
incredulous,2,0,3,0
incriminate,0,0,0,1
incumbent,0,0,4,0
incur,0,0,1,0
incurred,0,1,1,0
indebted,2,0,8,3
indecision,1,0,1,0
indecorous,2,0,0,0
indecorously,1,0,0,0
indecorum,0,0,1,0
indeed,136,0,96,62
indefinite,0,0,1,0
indefinitely,1,1,0,0
indelible,1,0,0,0
indelicacy,0,0,2,0
indelicate,1,0,1,0
indentations,0,1,0,0
independence,6,0,6,0
independent,3,0,2,3
independently,1,0,0,0
indescribable,6,0,0,0
index,0,0,0,2
indexing,0,0,0,1
india,2,0,0,5
indian,0,0,0,5
indians,0,0,0,1
indicate,0,0,0,2
indicated,0,0,1,6
indicating,2,0,0,0
indication,0,0,0,1
indications,1,0,0,2
indifference,3,0,17,0
indifferent,4,0,16,1
indifferently,3,0,0,0
indignant,4,0,2,0
indignantly,3,0,0,0
indignation,13,0,8,2
indignity,0,0,2,0
indirect,0,0,2,1
indirectly,1,0,0,2
indiscreet,0,0,1,0
indiscreetly,0,0,0,1
indiscretion,1,0,0,1
indiscriminately,1,0,0,0
indispensable,3,0,0,0
indispensably,0,0,1,0
indisposed,0,0,2,0
indisposition,0,0,0,1
indistinct,1,0,0,0
indistinctly,2,0,1,0
indistinguishable,1,0,0,1
individual,2,0,2,2
individualism,1,0,0,0
individuality,0,0,0,2
individually,0,0,1,0
indolence,0,0,2,0
indolent,0,0,1,0
indoor,2,0,0,0
indoors,0,0,0,3
induce,3,0,3,2
induced,3,0,2,0
inducement,0,0,5,0
inducements,1,0,1,0
indulge,0,0,5,2
indulged,0,0,2,1
indulgence,1,0,6,0
indulgent,0,0,1,0
indulgently,0,0,0,1
indulging,0,0,1,0
industrial,0,2,0,0
industrious,2,0,0,0
industriously,0,0,1,0
ineffectual,0,0,1,0
ineptitude,1,0,0,0
inequality,1,0,0,0
ineradicable,1,0,0,0
inevitable,10,0,3,0
inevitably,1,0,1,0
inexhaustible,0,0,1,0
inexorable,0,0,0,2
inexperience,1,1,0,0
inexperienced,2,1,0,0
inexplicable,4,0,0,2
inexpressible,0,0,1,0
inexpressibly,1,0,1,0
inextricable,0,0,0,1
infallible,1,0,0,0
infamies,1,0,0,0
infamous,3,0,4,0
infamy,2,0,4,0
infancy,0,0,2,0
infantry,1,4,0,0
infatuation,2,0,1,0
infect,0,1,0,0
infected,1,0,0,0
infection,1,1,0,0
infectious,2,0,0,0
infer,0,0,0,2
inference,0,0,0,1
inferences,0,0,1,4
inferior,3,0,5,0
inferiority,1,0,3,0
infernal,0,0,0,1
inferred,0,0,0,1
infidel,2,0,0,0
infidelity,1,0,0,0
infidels,1,0,0,0
infield,0,2,0,0
infinite,7,0,2,1
infinitely,3,0,4,2
infinitesimal,1,0,0,0
infirmity,0,0,0,1
inflamed,1,0,0,1
inflammation,1,2,0,0
inflated,1,0,0,0
inflexibly,0,0,1,0
inflict,0,0,2,0
inflicted,1,6,1,2
infliction,0,0,1,0
influence,14,0,14,11
influenced,1,0,1,0
influences,8,0,0,0
influencing,1,0,1,0
inform,8,0,7,2
informality,0,0,1,1
information,8,2,27,8
informative,0,1,0,0
informed,9,0,12,4
informing,0,0,2,1
informs,0,0,1,0
infrequent,1,0,0,0
infrequently,1,0,0,0
infuriated,1,0,0,0
ing,0,5,0,0
ingenious,1,1,2,2
ingenuity,0,0,2,1
ingenuously,1,0,0,0
ingratitude,2,0,1,0
inhabitants,0,2,3,0
inhabited,1,0,0,3
inhaled,0,1,0,0
inherit,0,0,1,1
inheritance,0,0,0,1
inherited,0,0,1,0
inheriting,1,0,2,0
inhumanity,0,0,1,0
inhumanly,1,0,0,0
inimitably,0,0,0,1
iniquitous,0,0,1,0
iniquity,1,0,0,0
initial,1,1,0,0
initials,0,0,0,7
initiation,1,0,0,0
injections,0,0,0,1
injunction,0,0,1,1
injunctions,0,0,1,0
injure,1,0,2,0
injured,11,0,4,7
injuries,0,0,1,5
injuring,0,0,1,2
injurious,1,0,2,0
injury,1,0,1,3
injustice,0,1,4,1
injustices,0,1,0,0
ink,0,0,0,9
inkling,2,0,0,0
inkpot,1,0,0,0
inmate,0,0,1,0
inmates,1,0,0,0
inn,0,4,7,7
innate,1,0,0,0
inner,10,0,0,5
innkeeper,4,0,0,0
innocence,4,0,0,5
innocent,13,1,2,17
innocently,0,0,1,0
inns,0,0,1,0
innumerable,4,0,0,0
inoffensive,0,0,1,0
inquest,1,0,0,4
inquire,4,0,10,3
inquired,5,0,8,3
inquirer,0,0,0,1
inquiries,10,0,23,7
inquiring,6,0,5,1
inquiringly,10,0,0,0
inquiry,7,0,10,12
inquisition,0,1,0,0
inquisitive,2,0,0,0
inquisitively,8,0,0,0
ins,2,0,0,0
insane,7,0,0,1
insanely,0,0,0,1
insanity,5,0,0,0
insatiable,1,0,0,0
inscribed,1,0,0,0
inscrutable,0,0,0,1
insect,1,0,0,0
insects,0,0,0,1
insensibility,1,0,5,1
insensible,0,0,4,0
insensibly,0,0,0,1
inside,12,44,0,13
insight,0,0,0,3
insignificance,1,0,3,0
insignificant,2,0,1,0
insincere,0,0,2,0
insinuating,2,0,1,2
insinuation,2,0,0,0
insinuations,1,0,0,0
insipid,0,0,1,0
insipidity,0,0,1,0
insist,8,0,8,2
insisted,13,0,1,2
insistence,3,0,0,0
insistent,1,0,0,0
insistently,4,0,0,0
insists,0,0,1,1
insolence,5,0,1,1
insolent,5,0,5,0
insolently,1,0,0,0
inspect,0,0,0,1
inspection,0,0,2,3
inspector,0,0,0,29
inspire,0,0,1,0
inspired,2,0,2,0
inspires,0,0,1,0
inspiring,0,0,1,1
inst,0,0,0,2
instability,0,0,1,0
installed,0,1,0,0
instalment,2,0,0,0
instance,40,0,7,5
instances,1,0,4,0
instant,46,0,6,31
instantaneous,0,0,1,0
instantaneously,1,0,0,0
instantly,16,3,31,17
instead,20,8,21,8
instep,0,0,0,1
instigation,2,0,0,0
instigator,1,0,0,0
instinct,3,0,0,3
instinctive,1,0,0,0
instinctively,2,0,2,0
instincts,0,0,0,3
instituted,0,0,1,2
institution,3,0,0,0
institutions,1,0,0,0
instruct,1,0,1,0
instructed,0,0,1,0
instructing,0,0,1,0
instruction,1,0,2,1
instructions,6,2,3,2
instructive,0,0,0,3
instrument,0,0,11,2
instruments,0,1,0,0
insufferable,5,0,1,0
insufferably,1,0,1,0
insufficient,0,0,10,2
insult,13,0,0,2
insulted,11,2,1,0
insulting,6,1,1,0
insults,2,0,0,0
insupportable,0,0,3,0
insurance,0,1,0,0
insure,0,0,2,0
insured,1,0,0,0
insurmountable,1,0,0,0
integral,1,0,0,0
integrity,0,0,3,0
intellect,4,0,0,0
intellectual,3,0,0,3
intellectually,1,0,0,0
intelligence,8,0,19,1
intelligent,11,2,4,1
intelligible,2,0,4,0
intend,7,0,2,1
intended,9,0,22,1
intending,5,0,7,0
intense,19,0,0,2
intensely,2,0,0,0
intensified,0,0,0,1
intensity,3,0,0,1
intent,4,1,0,0
intention,3,0,16,10
intentional,1,0,0,0
intentionally,4,0,2,0
intentioned,1,0,0,0
intentions,6,0,4,1
intently,39,0,2,1
inter,0,0,1,0
intercourse,0,0,6,0
interest,39,4,26,38
interested,20,2,8,12
interestedly,0,1,0,0
interesting,25,1,14,21
interests,8,0,0,4
interfere,1,0,1,4
interfered,2,0,0,0
interference,0,0,13,0
interfering,0,0,1,0
interim,0,0,0,1
interiors,0,1,0,0
interjected,0,0,0,1
intermediate,0,0,1,0
intermission,0,0,3,0
intern,0,1,0,0
interpose,1,0,1,0
interposed,8,0,0,1
interpret,3,0,0,0
interpretation,2,0,1,0
interpreted,1,0,0,0
interrogated,1,0,0,0
interrogations,1,0,0,0
interrogator,1,0,0,0
interrupt,2,0,5,1
interrupted,33,1,9,1
interrupting,4,0,2,0
interruption,0,0,10,1
interruptions,1,0,1,0
interspersing,1,0,0,0
interval,2,2,4,0
intervals,1,0,3,2
intervene,0,0,1,0
intervened,1,0,0,0
intervening,1,0,0,0
interview,21,0,3,6
interviews,4,0,0,0
intestine,0,1,0,0
intimacy,1,0,10,1
intimate,3,0,13,5
intimately,0,0,2,0
intimates,0,0,1,0
intimation,0,0,1,0
intimidate,0,0,1,0
intimidated,2,0,1,0
into,403,139,141,275
intolerable,4,0,3,0
intonation,2,0,0,0
intra,0,1,0,0
intrepidity,0,0,1,0
intricate,0,0,2,1
intrigue,1,0,0,1
intrigues,0,0,1,0
intriguing,1,0,0,0
introduce,6,0,11,4
introduced,3,0,9,2
introduces,1,0,0,0
introducing,3,0,4,2
introduction,1,0,11,2
introspect,0,0,0,1
introspective,0,0,0,3
intrude,1,0,2,0
intruder,0,0,1,1
intruding,0,0,2,1
intrusion,0,0,3,2
intrusions,0,0,0,1
intrusive,1,0,0,0
intrusted,0,0,0,2
intuition,0,0,0,2
intuitions,0,0,0,1
inured,0,0,1,0
invaders,0,0,0,1
invalid,7,0,1,0
invaluable,1,0,3,3
invariable,0,0,1,1
invariably,2,0,2,3
invectives,0,0,1,0
invent,1,0,1,4
invented,5,0,0,0
inventing,0,0,1,0
invention,2,0,1,1
invents,1,0,0,0
invested,0,0,0,1
investigate,1,0,0,1
investigated,1,0,0,1
investigating,1,0,0,0
investigation,3,0,0,12
investigations,2,0,1,3
investigators,1,0,0,0
investment,0,0,0,1
investments,0,0,0,2
inveterate,2,0,0,0
invigorating,0,1,0,0
inviolate,0,0,0,1
invisible,0,0,0,2
invitation,6,0,34,0
invitations,0,0,1,0
invite,6,0,6,0
invited,23,0,11,2
inviting,2,0,3,0
involuntarily,5,0,2,0
involuntary,1,0,1,0
involve,0,0,2,0
involved,1,1,3,1
involves,0,0,1,0
involving,1,0,2,0
inward,4,0,0,2
inwardly,4,0,0,0
iodoform,0,0,0,1
iota,0,0,0,1
iou,1,0,0,0
ireland,0,4,0,0
irene,0,0,0,16
irenes,0,0,0,1
irish,0,0,1,1
irksome,1,0,2,0
iron,6,10,0,12
ironical,8,0,0,0
ironically,2,0,0,0
ironwork,0,1,0,0
irony,3,0,0,0
irrational,1,0,0,0
irrefutable,2,0,0,0
irregular,5,0,0,0
irregularity,1,0,1,0
irregularly,0,1,0,0
irrelevant,8,0,0,0
irreligious,0,0,1,0
irremediable,0,0,1,0
irreproachable,1,0,1,0
irresistible,2,0,0,1
irresistibly,2,0,0,0
irresponsible,2,0,0,0
irretrievable,0,0,1,0
irrevocable,1,0,0,0
irrevocably,4,0,1,0
irrigation,0,1,0,0
irritability,6,0,0,0
irritable,15,0,2,0
irritably,15,0,0,0
irritate,5,0,0,0
irritated,15,0,1,0
irritating,5,0,0,0
irritation,8,0,3,0
irtish,1,0,0,0
is,1430,433,857,1124
isa,0,0,0,4
island,4,7,0,2
islands,4,1,0,0
isle,0,0,0,1
isles,0,2,0,0
isnt,44,47,0,4
isola,0,3,0,0
isolated,1,0,0,1
isolation,1,0,0,1
isonzo,0,2,0,0
issue,0,0,0,2
issued,1,0,0,0
issues,0,0,0,2
issuing,1,0,0,0
it,2993,1451,1533,1701
italia,0,3,0,0
italian,0,57,1,1
italiani,0,1,0,0
italians,0,30,0,0
italy,0,15,0,0
itch,0,2,0,0
itched,0,1,0,0
itching,0,1,0,0
item,1,0,0,2
items,1,0,0,1
itll,1,0,0,1
its,502,195,104,118
itself,15,4,9,18
ivan,5,0,0,0
ivanitch,1,0,0,0
ivanitchs,1,0,0,0
ivanovitch,17,0,0,0
ivanovitchs,1,0,0,0
ivanovna,269,0,0,0
ivanovnas,35,0,0,0
ive,178,47,0,8
ivory,1,0,0,1
j,0,0,0,1
jabez,0,0,0,9
jack,1,0,0,4
jacket,2,1,0,7
jackets,0,2,0,0
jacksons,0,0,0,1
jagged,0,1,0,1
jai,1,0,0,0
jail,0,5,0,0
jam,1,6,0,0
jamaica,1,0,0,0
jaman,0,1,0,0
james,0,0,0,18
jamess,0,0,6,3
jane,0,0,264,1
janes,0,0,28,0
january,1,2,2,4
japalac,0,4,0,0
japan,0,2,0,0
japanese,0,3,0,0
jar,1,1,0,0
jargon,2,0,0,0
jaundice,1,13,0,0
jauntily,1,0,0,0
jaunty,4,0,0,0
jaw,0,1,0,2
jawed,0,1,0,0
jealous,6,4,3,0
jealously,1,0,0,1
jealousy,1,0,4,2
jeer,5,0,0,0
jeered,4,0,0,0
jeering,5,0,0,0
jeeringly,1,0,0,0
jelly,1,0,0,0
jem,0,0,0,3
jems,0,0,0,1
jenkinson,0,0,8,0
jenkinsons,0,0,1,0
jephro,0,0,0,2
jeremiah,0,0,0,1
jerk,0,2,0,0
jerked,1,2,0,2
jerkily,1,0,0,1
jerking,0,1,0,1
jerks,0,1,0,0
jerky,1,1,0,0
jersey,0,0,0,1
jerusalem,3,0,0,0
jest,1,0,0,2
jesting,0,0,0,1
jestingly,0,0,1,0
jesuitical,1,0,0,0
jesus,13,5,0,0
jet,0,0,0,3
jew,3,0,0,0
jewel,7,0,1,9
jewelers,1,0,0,0
jewellers,1,0,0,1
jewellery,1,0,0,1
jewels,3,0,1,2
jewish,1,0,0,0
jews,6,0,0,0
jezail,0,0,0,1
jilt,0,0,1,0
jingling,2,0,0,0
job,10,4,0,3
jobs,1,0,0,0
jockey,0,3,0,0
jockeys,0,2,0,0
jog,1,0,0,0
johann,1,0,0,0
john,1,0,2,25
johns,0,0,0,1
join,2,4,19,3
joined,5,2,28,3
joining,0,0,5,0
joint,0,0,0,1
joints,0,1,1,0
joke,5,13,3,3
joker,0,1,0,0
jokes,4,0,1,1
joking,4,2,1,4
jollification,0,0,0,1
jolly,2,0,0,0
jolt,0,1,0,0
jolted,0,0,0,1
jones,0,0,3,11
joness,0,0,2,0
joseph,0,1,0,1
jostled,1,0,0,0
jostling,1,0,0,1
jot,0,0,1,1
jour,0,1,0,0
journal,1,0,0,0
journalist,1,0,0,0
journey,15,2,21,9
journeyed,0,0,0,1
journeyman,1,0,0,0
journeys,0,0,1,1
jove,6,0,0,2
jovial,1,0,0,2
jowl,0,0,0,1
joy,14,0,12,5
joyful,4,0,2,0
joyfully,0,0,1,0
judge,21,0,12,4
judged,2,0,7,1
judges,2,0,0,0
judging,7,0,3,0
judgment,7,1,14,3
judicial,0,0,0,1
judy,1,0,0,0
jug,3,3,0,1
julia,0,0,0,3
july,1,0,1,0
jumbled,0,0,1,0
jump,3,1,0,6
jumped,22,3,1,3
jumper,0,1,0,0
jumping,8,0,1,2
jumps,0,0,1,0
junction,0,1,0,0
june,0,0,3,3
junior,0,0,1,1
junk,0,1,0,0
juries,1,0,0,0
jury,0,0,0,7
juryman,0,0,0,1
just,282,113,72,126
juster,2,0,0,0
justice,10,1,15,6
justifiable,2,0,0,0
justification,2,0,1,0
justified,2,0,5,1
justify,5,0,6,0
justifying,0,0,1,0
justly,2,0,3,0
jutted,0,0,0,1
jutting,0,0,0,1
juxtaposition,1,0,0,0
k,3,0,0,21
kammerjunker,1,0,0,0
kapernaumov,8,0,0,0
kapernaumovs,7,0,0,0
karl,6,0,0,0
kate,0,0,0,4
katerina,216,0,0,0
katia,6,0,0,0
kazan,1,0,0,0
keen,6,0,0,12
keener,0,0,1,1
keenest,0,0,3,3
keenly,1,0,0,9
keep,77,32,26,27
keeper,3,0,0,11
keepers,1,0,0,0
keeping,28,7,4,4
keeps,10,3,3,3
keepsake,1,0,0,0
kempt,0,0,0,1
kempton,0,1,0,0
kenilworth,0,0,1,0
kensington,0,0,0,1
kent,0,0,14,3
kepler,1,0,0,0
kept,67,31,17,12
kerchief,7,0,0,0
kettle,0,1,0,1
key,17,3,0,16
keyhole,1,0,0,1
keys,10,3,0,5
kick,3,1,0,0
kicked,0,1,0,1
kicking,4,3,0,0
kicks,0,0,0,1
kid,0,1,0,0
kilburn,0,0,0,3
kill,27,9,1,1
killed,42,30,4,3
killer,1,0,0,0
killing,5,2,0,1
kills,0,3,0,0
kiln,2,0,0,0
kilns,1,0,0,0
kilometres,0,3,0,0
kilos,0,1,0,0
kind,40,10,63,21
kinder,1,0,2,0
kindest,0,0,1,0
kindle,1,0,0,0
kindled,1,0,0,1
kindliness,1,0,0,1
kindly,18,0,7,16
kindness,6,0,29,5
kindred,0,0,1,0
kinds,2,1,0,0
king,0,5,8,25
kingdom,4,0,4,2
kings,0,2,0,2
kirsch,0,1,0,0
kiss,15,11,1,0
kissed,19,23,2,1
kisses,3,0,0,0
kissing,14,0,0,0
kit,0,1,0,0
kitchen,23,9,1,6
kitchens,2,0,0,0
kitty,0,0,69,0
kittys,0,0,2,0
klan,0,0,0,2
klopstock,1,0,0,0
klux,0,0,0,2
knacks,1,0,0,0
knapsack,0,1,0,0
knave,1,0,0,0
knaves,1,0,0,0
knee,4,29,0,7
kneecap,0,1,0,0
kneel,3,0,0,0
kneeling,2,0,0,1
knees,22,1,1,10
knelt,6,1,0,1
knew,130,70,57,57
knick,1,0,0,0
knife,3,4,0,4
knighthood,0,0,2,0
knits,1,0,0,0
knitted,3,0,0,2
knitting,2,0,0,0
knives,1,0,0,0
knobs,0,1,0,0
knock,7,1,0,4
knocked,10,10,0,3
knocking,9,0,0,0
knocks,1,0,0,0
knopps,1,0,0,0
knot,1,0,0,3
knots,0,0,0,2
knotted,1,0,0,0
knotting,0,1,0,0
know,529,222,239,170
knowing,24,2,27,7
knowledge,4,2,20,13
known,34,6,57,29
knows,50,9,9,12
kobelev,1,0,0,0
kobilatnikovs,1,0,0,0
koch,21,0,0,0
kolomensky,2,0,0,0
kolya,16,0,0,0
kozel,2,0,0,0
kozels,3,0,0,0
kramm,0,0,0,2
krestovsky,2,0,0,0
kriegsrath,1,0,0,0
kryukov,1,0,0,0
ku,0,0,0,2
kuk,0,1,0,0
kympton,0,0,1,0
kümmel,0,4,0,0
l,0,0,0,1
la,7,3,3,1
label,0,0,0,1
labels,0,1,0,0
labor,0,4,0,0
labour,2,0,1,4
labyrinth,0,0,0,3
lace,1,0,1,2
laced,0,1,0,0
lacerations,0,1,0,0
lachrymose,1,0,0,0
lack,4,0,0,1
laconic,0,0,1,0
lad,0,0,1,11
ladder,0,2,0,3
laden,1,0,0,1
ladies,32,0,74,9
ladled,0,1,0,0
lads,1,0,0,0
lady,37,13,182,72
ladys,2,0,8,8
ladyship,0,0,30,0
ladyships,0,0,12,1
lagged,0,0,2,0
lagging,1,0,0,0
lago,0,1,0,0
laid,31,7,8,32
lain,0,1,0,1
laity,0,0,1,0
lajdak,1,0,0,0
lake,0,64,0,3
lakes,0,1,6,0
lalliaz,0,2,0,0
lambs,1,0,0,0
lambton,0,0,10,0
lame,4,0,0,1
lameness,0,0,0,1
lament,0,0,3,0
lamentations,0,0,3,0
lamented,0,0,1,0
lamenting,1,0,1,0
lamp,3,4,0,28
lamplight,1,0,0,0
lamps,1,0,0,2
lancaster,0,0,0,2
lance,0,1,0,0
lancet,0,2,0,0
land,3,1,1,9
landau,0,0,0,4
landed,0,3,0,1
landing,6,0,1,3
landlady,55,0,0,3
landladys,15,0,0,1
landlord,2,0,2,5
landowner,3,0,0,1
landowners,0,0,0,1
landscape,2,0,0,1
lane,0,0,10,23
lanes,0,0,1,1
langham,0,0,0,1
language,5,4,5,1
languages,1,0,1,0
languid,1,0,0,2
languidly,1,0,0,0
languor,0,0,1,2
lank,0,0,0,1
lanky,1,0,0,0
lantern,2,0,0,10
lanterns,0,0,0,1
lanyard,0,1,0,0
lap,0,1,0,5
lapels,0,1,0,0
lapse,0,0,0,1
larder,0,0,1,0
large,19,5,23,41
larger,2,2,6,7
largest,0,0,1,4
larks,0,2,0,0
lascar,0,0,0,12
lash,3,0,0,4
lashed,2,0,0,2
lashing,0,1,0,0
lassitude,0,0,0,1
last,279,17,118,95
lasted,15,2,3,0
lasting,0,0,2,1
lastly,0,0,1,0
lasts,1,0,0,0
latch,9,0,0,1
latched,2,0,0,0
late,59,18,19,28
lately,9,0,12,7
lateness,0,0,0,1
later,69,23,3,15
lateral,0,0,0,1
latest,1,0,1,0
lathered,0,1,0,0
laths,0,1,0,0
latin,0,3,0,0
latisana,0,1,0,0
latrine,0,1,0,0
latrines,0,1,0,0
latter,33,0,22,10
latterly,0,0,1,0
latters,2,0,0,0
laudable,0,0,1,0
laudanum,0,0,0,1
laugh,37,3,18,7
laughed,48,26,11,20
laughing,63,8,11,18
laughingly,0,0,2,0
laughs,1,0,0,0
laughter,37,1,2,5
launched,1,0,0,0
laundry,1,0,0,0
laurel,0,0,1,2
lausanne,0,4,0,0
lavender,1,0,0,0
lavish,1,0,0,0
lavished,2,0,0,0
law,29,4,16,12
lawful,1,0,0,0
lawfully,0,0,1,0
lawgiver,1,0,0,0
lawn,0,0,6,12
laws,1,0,1,0
lawyer,10,0,0,7
lawyers,5,0,0,0
lay,66,49,6,42
layers,0,0,0,1
laying,9,0,2,7
lays,0,0,0,1
lazarus,7,0,0,0
lazily,4,0,0,2
laziness,1,0,0,0
lazy,3,0,0,0
le,1,1,0,0
lead,10,2,7,10
leaden,2,0,0,0
leadenhall,0,0,0,5
leader,0,0,0,1
leaders,2,1,0,0
leading,18,5,5,3
leads,6,1,2,3
leaf,4,0,0,2
leafy,0,1,0,0
league,0,2,0,15
leagues,0,1,0,0
leakage,0,0,0,1
leaked,0,1,0,0
leaking,0,0,0,1
lean,0,0,0,2
leaned,11,9,0,5
leaning,3,2,1,7
leap,2,0,0,0
leaped,2,0,0,1
leaping,1,0,0,0
leaps,0,0,0,1
leapt,4,0,0,0
learn,6,10,10,11
learned,12,5,3,10
learning,3,1,1,1
learns,1,0,0,0
learnt,20,0,14,0
lease,0,0,1,0
least,85,3,65,36
leather,10,14,0,6
leatherhead,0,0,0,4
leathers,0,1,0,0
leave,70,54,62,48
leaves,3,12,2,6
leaving,24,5,18,9
lebanon,0,0,0,1
lebeziatnikov,72,0,0,0
lebeziatnikovs,4,0,0,0
lecture,0,0,0,1
lecturer,2,1,0,0
lectures,1,0,0,1
led,14,14,18,25
ledge,1,1,0,0
ledger,0,0,0,3
ledgers,0,0,0,1
lee,0,0,0,7
left,137,62,65,91
leg,8,24,0,7
legacy,1,0,1,0
legal,26,0,1,4
legality,1,0,0,0
legally,4,0,1,0
legend,1,0,0,0
legged,0,0,0,4
leggings,0,0,0,1
legible,0,0,0,1
legibly,1,0,0,0
legion,1,0,0,0
legislators,1,0,0,0
legitimate,1,3,0,0
legs,20,26,0,7
leisure,0,0,13,0
leisurely,0,0,1,0
lemon,1,1,0,1
lend,2,1,1,0
length,4,2,32,4
lengthen,0,0,0,1
lengthened,0,0,0,2
lengths,0,1,0,1
lengthy,0,0,0,1
lenient,0,0,0,1
lens,0,0,0,12
lenses,0,0,0,1
lent,6,0,0,1
les,1,1,0,0
lesercito,0,1,0,0
less,25,7,78,38
lessen,1,1,4,0
lessened,0,1,1,0
lessening,1,0,1,0
lesser,1,0,0,0
lesson,11,0,2,0
lessons,18,0,0,0
lest,0,0,8,3
lestrade,0,0,0,37
lestrades,0,0,0,1
let,197,78,75,69
lethargy,1,0,0,1
lets,10,35,0,2
lett,1,0,0,0
letter,63,5,116,30
letters,13,5,15,27
letting,5,1,5,0
letto,0,1,0,0
lettres,1,0,0,0
lettuce,0,1,0,0
level,10,7,0,4
levelled,0,0,1,0
levers,0,0,0,3
levées,1,0,0,0
lewes,1,0,0,0
lewis,0,0,3,0
lheure,0,1,0,0
lhomme,0,0,0,1
liable,2,2,2,0
liaison,0,1,0,0
liar,1,0,0,1
libel,2,0,0,0
liberal,2,0,5,0
liberalism,1,0,0,0
liberality,1,0,2,0
liberally,0,0,2,0
liberated,0,0,0,1
liberties,0,0,1,1
liberty,2,0,7,4
libraries,0,0,0,1
library,0,1,23,2
libya,0,1,0,0
lice,1,0,0,0
licence,1,0,2,0
license,2,0,0,2
licentiousness,0,0,1,0
lichen,0,0,0,2
licking,1,0,0,0
lid,1,0,0,3
lida,22,0,0,0
lidded,0,0,0,1
lids,1,0,0,4
lie,34,15,1,9
lied,1,3,0,0
lies,11,0,1,9
lieu,0,0,2,0
lieutenant,9,27,0,0
lieutenants,0,1,1,0
life,135,21,56,48
lifeless,2,0,0,1
lifetime,2,0,1,0
lift,5,5,4,0
lifted,17,15,2,2
lifting,4,3,0,0
light,60,61,17,75
lighted,15,6,1,1
lighten,0,0,0,1
lightened,1,0,0,1
lighter,2,4,0,1
lightest,1,0,0,0
lightheaded,1,0,0,0
lighthearted,1,0,0,0
lighthouse,0,0,0,1
lighting,3,0,0,3
lightly,1,1,0,0
lightness,0,1,1,0
lightning,6,1,0,1
lights,1,24,0,3
like,455,223,77,97
liked,22,15,27,2
likelihood,0,0,5,0
likely,27,2,38,24
likeness,0,0,3,0
likes,5,1,9,0
likewise,1,0,17,0
liking,3,0,2,1
lilac,1,0,0,0
limb,1,0,0,2
limbs,1,0,0,7
lime,0,0,0,3
limit,3,0,0,1
limited,0,0,0,1
limits,1,0,1,3
limp,0,1,0,3
limped,0,1,0,1
limping,0,1,0,1
limps,0,0,0,1
line,13,53,8,19
lined,2,7,0,6
linen,24,0,0,4
lines,9,8,9,6
linger,1,0,0,0
lingered,3,0,0,0
lingering,2,0,1,1
lining,2,0,0,4
link,0,0,0,4
linked,0,0,0,1
links,0,0,0,1
linoleum,0,0,0,1
lip,8,0,0,10
lipped,0,0,0,1
lippevechsel,4,0,0,0
lippevechsels,4,0,0,0
lips,56,6,9,18
liqueur,0,1,0,0
liquid,0,1,0,0
liquor,1,0,0,0
lira,0,7,0,0
lire,0,22,0,0
lisbon,1,0,0,0
lisp,1,0,0,0
list,0,2,3,4
listed,0,1,0,0
listen,58,9,12,7
listened,34,9,21,18
listener,3,0,3,0
listeners,3,0,0,0
listening,34,2,10,3
listens,2,0,0,0
listless,2,0,0,2
listlessly,2,0,0,0
listlessness,1,0,0,0
lit,0,2,0,16
literally,9,2,0,0
literary,8,0,0,1
literature,3,0,0,2
lithe,0,0,0,1
litigation,1,0,0,0
litter,0,0,0,1
littered,1,0,0,0
little,289,161,189,269
live,62,23,21,15
lived,20,17,14,12
liveliest,0,0,3,0
livelihood,1,0,0,0
liveliness,1,0,4,0
lively,7,0,15,0
liver,0,3,0,1
liverpool,0,0,1,0
livers,0,1,0,0
livery,0,0,2,0
lives,14,0,4,8
liveth,1,0,0,0
livid,0,0,0,1
living,45,3,24,9
livings,0,0,1,0
livingstones,1,0,0,0
lizaveta,53,0,0,0
lizavetas,7,0,0,0
lizzie,0,0,2,0
lizzy,0,0,93,0
lizzys,0,0,2,0
lloyds,0,0,0,1
load,4,5,0,0
loaded,1,8,0,0
loading,0,1,0,1
loads,0,1,0,0
loaf,3,0,0,1
loafer,0,1,0,3
loafing,0,0,0,1
loan,1,2,0,0
loaned,0,1,0,0
loans,0,0,0,1
loathe,1,0,0,0
loathed,1,0,0,1
loathing,6,0,0,1
loathsome,13,0,0,1
loathsomeness,1,0,0,0
lobby,0,0,1,0
lobe,0,1,0,0
lobster,1,0,0,1
local,0,3,1,5
locality,1,0,0,1
locarno,0,11,0,0
locate,0,1,0,0
lock,18,0,1,16
locked,25,6,0,18
locker,0,1,0,0
locket,0,0,0,2
locking,1,0,0,0
locks,2,0,0,0
locksmiths,1,0,0,0
locus,0,0,0,1
lodge,5,2,8,19
lodged,5,0,0,0
lodger,1,0,0,2
lodgers,20,0,0,0
lodges,2,0,2,0
lodging,39,0,0,1
lodgings,28,0,5,8
loftily,2,0,0,1
lofty,2,0,1,0
log,3,4,0,0
logic,3,0,0,2
logical,8,1,0,3
logically,2,0,0,0
logician,0,0,0,1
logs,1,3,0,0
loitering,0,0,0,1
lom,0,1,0,0
lombard,0,1,0,0
london,0,0,53,41
londoners,0,0,0,1
lone,0,0,0,6
lonelier,1,0,0,1
loneliness,0,1,0,0
lonely,0,7,0,6
lonesome,0,1,0,0
long,181,129,115,87
longbourn,0,0,88,0
longed,12,0,9,1
longer,13,6,44,10
longing,4,0,2,0
loo,0,0,2,0
look,191,58,56,73
looked,293,232,75,51
looking,215,74,33,54
lookout,0,0,0,1
looks,14,4,13,12
loomed,0,0,0,2
looming,0,0,0,1
loop,1,0,0,3
loophole,0,0,0,1
loose,8,5,1,6
loosed,0,0,0,1
loosely,0,1,0,0
loosen,0,1,0,0
loosened,0,1,0,1
lootenant,0,1,0,0
lord,16,4,12,41
lords,1,0,0,1
lordship,0,0,0,1
lose,22,5,11,10
loser,0,0,1,0
loses,0,2,0,0
losing,9,6,1,3
loss,4,0,17,10
losses,0,0,1,0
lost,65,18,29,28
lot,19,12,2,5
lothman,0,0,0,1
lots,5,4,0,0
lottery,3,0,3,0
loud,17,5,2,3
louder,5,0,1,3
loudly,13,1,2,6
loudness,1,0,0,0
louisa,0,0,6,0
louisiana,0,0,0,1
lounged,0,0,0,3
loungers,0,0,0,2
lounging,1,0,0,5
louse,14,0,0,0
louvain,1,0,0,0
love,74,75,92,18
loved,22,14,10,5
loveliest,0,0,1,0
loveliness,0,0,2,0
lovely,0,68,3,5
lover,3,0,5,7
lovers,0,0,4,1
loves,12,4,2,4
loving,2,5,2,3
low,16,16,8,18
lower,10,2,4,7
lowered,3,3,0,1
lowering,0,1,0,0
lowest,0,0,1,2
lowliest,0,0,0,1
lowness,0,0,1,0
lucas,0,0,65,0
lucases,0,0,14,0
lucass,0,0,5,0
lucid,0,0,0,1
luck,6,15,4,2
luckiest,0,0,1,0
luckily,1,0,4,0
luckless,3,0,1,0
lucky,2,5,6,3
lucrative,0,0,0,1
lucy,0,0,0,3
ludwigovna,10,0,0,0
luge,0,8,0,0
luggage,1,2,0,1
luigi,0,2,0,0
luino,0,4,0,0
luise,9,0,0,0
lullaby,1,0,0,0
lumber,0,0,0,3
lump,1,0,0,0
lumps,1,0,0,0
lunatic,1,0,0,1
lunch,5,22,0,6
luncheon,0,0,1,1
lungs,1,1,0,0
lurched,2,1,0,1
lure,0,0,0,1
lured,0,0,0,1
lurid,0,0,0,2
lurking,0,0,1,1
lust,0,1,0,3
lustre,0,0,1,1
lustreless,1,0,0,0
lustrous,0,0,0,1
lusts,1,0,0,0
luxuriant,0,0,0,1
luxuries,1,0,0,1
luxurious,2,1,0,1
luxury,2,1,0,0
luzhin,103,0,0,0
luzhins,10,0,0,0
lycurgus,2,0,0,0
lydia,0,0,133,0
lydias,0,0,38,0
lying,68,23,1,14
lymph,1,0,0,0
lyon,0,0,0,1
lyrico,0,1,0,0
lysander,0,0,0,7
lysol,0,1,0,0
lœuvre,0,0,0,1
m,0,1,1,1
maam,0,1,8,0
mac,0,5,0,0
macaroni,0,4,0,0
macedonias,0,1,0,0
machine,0,19,0,16
machinery,0,0,0,2
machines,0,1,0,0
mack,1,0,0,0
mad,46,2,0,16
madam,12,0,20,12
madame,15,7,0,1
maddened,1,0,0,0
maddening,0,0,0,2
madder,1,0,0,0
made,230,62,127,109
madeira,2,0,0,0
mademoiselle,3,0,0,0
mademoiselles,0,0,0,1
madhouse,2,0,0,0
madly,0,0,0,1
madman,14,0,0,1
madmen,3,0,0,0
madness,3,1,0,1
madonna,2,0,0,0
madonnas,2,0,0,0
madre,0,1,0,0
madwoman,2,0,0,0
magazine,3,1,0,0
magazines,1,3,0,0
magenta,0,1,0,0
maggie,0,0,0,2
maggiore,0,12,0,0
magician,0,0,0,1
magistrate,0,0,1,2
magistrates,0,0,0,1
magnanimity,1,0,0,0
magnanimous,2,0,0,0
magnificent,5,2,0,2
magnifico,0,0,0,1
magnifying,0,0,0,3
magnitude,0,0,1,0
magyars,0,1,0,0
mahogany,0,1,0,1
mahomet,3,0,0,0
maid,1,2,3,22
maiden,1,0,1,4
maidish,1,0,0,0
maids,0,0,0,3
maidservants,1,0,0,0
mail,2,0,0,2
main,2,21,0,7
mainland,1,0,0,0
maintain,6,0,1,0
maintained,11,0,2,0
maintaining,0,0,1,0
maintenance,0,0,0,1
majestic,1,0,0,0
majesty,1,0,0,16
majestys,0,0,0,2
major,4,69,0,6
majority,1,0,0,0
majors,0,5,0,0
make,200,76,167,73
maker,1,0,0,1
makers,0,0,0,1
makes,24,17,7,9
making,54,13,36,17
makings,0,0,0,1
malaria,0,3,0,0
malay,0,0,0,1
malaya,1,0,0,0
male,1,0,1,3
malice,3,0,2,0
malicious,5,0,2,0
maliciously,4,0,0,0
malignance,1,0,0,0
malignant,7,0,0,1
malignantly,3,0,0,0
mall,0,0,0,1
mama,0,8,0,0
mamma,17,0,11,0
mammas,3,0,0,0
mammy,2,0,0,0
man,459,80,145,289
manage,7,2,3,3
managed,12,0,1,10
management,0,0,4,2
manager,0,7,1,7
manageress,0,0,0,1
managing,1,0,0,1
manera,0,17,0,0
manes,1,0,0,0
mangled,0,0,0,1
mangot,1,0,0,0
mangy,1,0,0,0
mania,1,0,0,1
maniac,2,0,0,0
maniacs,1,0,0,0
manifestations,1,0,0,1
manifested,0,0,0,1
manifold,0,0,1,1
mankind,8,0,1,1
manly,1,0,0,0
manner,13,2,96,28
mannered,1,1,0,0
manners,9,3,46,2
manoeuvre,1,0,0,0
manor,0,0,2,3
mans,18,3,5,14
mansion,0,0,2,1
mansions,0,0,0,1
mantegna,0,1,0,0
mantel,0,0,3,0
mantelpiece,0,0,0,6
mantle,2,0,0,0
manual,0,0,0,2
manuals,2,0,0,0
manufactory,0,0,0,1
manuscript,1,0,0,0
manuscripts,1,0,0,0
many,75,89,119,42
manzoni,0,3,0,0
manœuvre,0,0,1,0
map,0,0,0,3
maps,0,1,0,0
marbank,0,0,0,2
marble,2,7,0,1
marbles,0,1,0,0
marc,0,1,0,0
march,2,3,2,6
marched,0,2,0,0
marching,0,5,0,0
mare,15,0,0,0
marfa,78,0,0,0
margaux,0,1,0,0
margin,0,0,0,1
margins,0,0,0,1
maria,1,2,18,0
marias,0,0,2,0
marines,0,0,0,1
mark,4,2,4,10
marked,14,3,14,10
marker,0,1,0,0
market,27,2,2,9
marking,1,0,0,0
marks,1,1,2,10
marlborough,2,0,0,0
marm,0,0,0,1
marmeladov,37,0,0,0
marmeladovs,5,0,0,0
marriage,31,0,67,27
marriages,1,0,0,0
married,23,41,59,25
marries,0,0,1,0
marron,0,1,0,0
marry,15,10,43,7
marrying,7,0,23,2
mars,1,0,0,0
marsala,0,2,0,0
marseilles,0,1,0,1
marsh,0,2,0,0
marshals,1,0,0,0
marshes,0,3,0,0
marshy,0,0,0,1
martha,5,0,0,0
martialled,0,2,0,0
martini,0,3,0,0
martinis,0,1,0,0
martyrdom,1,0,0,1
marvell,0,1,0,0
marvelled,3,0,0,0
mary,4,4,38,22
marys,0,0,1,0
masculine,0,1,0,1
mashers,0,3,0,0
mask,2,22,0,5
masked,0,0,0,1
masks,0,1,0,0
masonry,0,0,0,1
masons,0,2,0,0
masquerader,0,1,0,0
mass,5,1,0,2
massacre,1,0,0,0
massage,0,1,0,0
masses,2,0,0,1
massive,2,0,0,6
master,3,1,25,13
mastered,3,0,0,0
masterful,1,0,0,0
masterly,2,0,1,1
masters,0,0,5,1
mastery,2,0,0,1
mastiff,0,0,0,2
mat,0,0,0,2
match,8,0,24,6
matched,0,1,0,0
matches,2,0,0,4
material,12,1,9,4
materially,0,0,5,0
materials,2,0,0,0
maternal,0,0,2,0
maternity,0,1,0,0
mates,6,0,0,1
mathematical,2,0,0,0
mathematically,1,0,0,0
mathematics,2,0,0,0
matheson,0,0,0,1
matlock,0,0,2,0
matrimonial,0,0,1,0
matrimoniale,0,1,0,0
matrimony,0,0,6,0
matron,0,3,0,0
matronly,0,3,0,0
mats,0,1,0,0
mattarone,0,1,0,0
matter,100,35,29,125
matters,15,0,8,20
matting,0,5,0,0
mattings,0,1,0,0
mattress,0,1,0,0
mattresses,0,1,0,0
mature,0,0,1,1
matured,1,0,0,0
maturer,1,0,0,0
maturity,1,0,0,0
matvey,1,0,0,0
maudsley,0,0,0,1
mauritius,0,0,0,1
mauvais,1,0,0,0
mawkish,1,0,0,0
maxim,0,0,0,1
may,192,19,193,197
maybe,32,54,0,2
maynt,2,0,0,0
mayoralty,0,0,1,0
mazurka,1,0,0,0
maître,1,0,0,0
mcadams,0,2,0,0
mccarthy,0,0,0,33
mccarthys,0,0,0,7
mccauley,0,0,0,2
mcfarlanes,0,0,0,1
mcquires,0,0,0,1
me,1069,611,450,635
meadow,0,0,0,1
meadows,1,3,1,2
meal,1,9,0,3
meals,1,1,0,0
mean,90,23,33,20
meanest,0,0,1,0
meaning,15,2,14,5
meaningless,2,0,0,0
meanly,0,0,3,1
meanness,5,0,1,0
means,50,2,57,19
meant,36,9,28,6
meantime,2,1,2,3
meanwhile,23,0,5,1
measure,3,1,5,1
measured,2,0,0,3
measurement,0,1,0,0
measures,3,0,3,2
measuring,3,0,0,0
meat,4,9,4,0
mechanic,0,1,0,0
mechanical,0,1,0,0
mechanically,14,0,1,0
mechanics,1,7,0,0
mechano,0,2,0,0
medaglia,0,1,0,0
medal,3,6,0,0
medals,0,4,0,0
meddle,1,0,0,1
meddler,0,0,0,1
meddling,1,0,0,0
mediation,1,0,0,0
medical,1,10,0,9
medically,0,1,0,0
medicine,4,1,0,0
mediocre,0,1,0,0
mediocrity,0,0,1,0
meditate,1,0,2,0
meditated,0,0,2,0
meditating,3,0,3,0
meditation,2,0,1,1
meditations,0,0,1,0
meditative,0,0,0,1
meditatively,1,0,0,0
medium,2,1,0,0
meek,3,0,0,0
meekly,2,0,0,0
meekness,1,0,0,0
meet,30,7,30,17
meeting,29,1,22,1
meetings,3,0,2,2
meets,1,0,2,1
mehr,2,0,0,0
melancholy,8,0,5,0
melbourne,0,0,0,1
mell,1,0,0,0
melodramatic,1,0,0,0
melon,0,0,0,1
melted,0,1,0,0
melteth,1,0,0,0
melting,2,0,0,0
member,3,0,1,5
members,1,1,0,0
membra,0,0,0,1
memoir,0,0,0,1
memoranda,0,0,0,1
memorial,4,0,0,0
memories,0,0,2,0
memory,13,0,8,10
memorys,1,0,0,0
men,94,55,34,38
menaced,0,0,0,1
menacing,4,0,0,0
menage,1,0,0,0
mend,1,0,5,0
mended,2,0,0,0
mendicant,0,0,0,1
mendicants,0,0,0,1
mending,2,2,0,0
meningen,0,0,0,1
mens,0,0,0,2
mental,4,0,0,1
mentally,1,0,0,0
mention,8,3,30,2
mentioned,9,1,28,4
mentioning,5,0,7,0
mentions,0,1,0,0
menu,0,2,0,0
mercenary,0,0,5,0
merchant,3,0,0,1
merchants,2,0,0,0
merciful,8,0,0,0
mercifully,0,0,0,1
merciless,1,0,0,0
mercilessly,2,0,0,0
mercurial,0,1,0,0
mercury,0,1,0,0
mercy,15,0,0,2
mercys,1,0,0,0
mere,9,0,5,10
meredith,0,0,0,1
merely,11,1,33,10
merest,2,0,0,3
merged,0,1,0,0
merit,4,1,6,2
merited,0,0,2,0
merits,0,0,2,0
merriment,2,0,0,0
merry,1,0,3,3
merryweather,0,0,0,12
meryton,0,0,57,0
meshes,0,0,0,1
mesopotamia,0,1,0,0
mess,2,24,1,1
message,6,0,3,2
messages,0,0,1,0
messenger,5,0,0,1
messes,0,1,0,0
messiah,0,1,0,0
messina,0,1,0,0
mestre,0,7,0,0
met,46,16,39,40
metal,1,11,0,10
metallic,0,1,0,5
metaphysical,1,0,0,0
metcalfes,0,0,1,0
meter,0,1,0,0
method,4,0,5,5
methods,1,0,0,9
metres,0,1,0,0
metropole,0,1,0,0
metropolis,0,0,0,3
metropolitan,0,0,0,1
metternich,0,1,0,0
mews,0,0,0,3
mexico,0,0,0,1
meyers,0,26,0,0
mia,0,7,0,0
mice,1,0,0,1
michaelmas,0,0,2,0
michigan,0,1,0,0
microbes,2,0,0,0
midday,2,0,0,1
middle,32,6,3,13
middlesex,0,0,0,1
midi,0,1,0,0
midnight,3,4,0,5
midst,4,0,0,3
midway,0,0,0,1
midwives,2,0,0,0
mien,0,0,1,0
might,164,42,199,126
mightnt,0,1,0,0
mighty,1,0,0,0
mihailovitch,1,0,0,0
mihailovsky,1,0,0,0
mikolka,16,0,0,0
mikolkas,1,0,0,0
milan,0,30,0,0
milano,0,3,0,0
mild,1,0,1,0
mildly,0,0,1,0
mildness,0,0,2,0
mile,2,7,6,4
miles,2,2,16,17
militarist,0,1,0,0
military,5,7,1,1
militia,0,0,6,0
milk,0,3,0,5
milkman,1,0,0,0
milksop,2,0,0,0
milky,1,0,0,0
mill,0,1,0,0
millar,0,0,0,5
millers,0,0,1,0
milliner,0,0,1,0
milliners,0,0,1,0
million,3,1,0,1
millionaire,1,0,0,2
millions,6,1,0,1
millionth,1,0,0,0
mills,0,0,0,1
mince,0,0,1,0
mincing,1,0,0,0
mind,151,30,57,58
minded,2,0,2,1
mindedly,1,0,0,0
mindful,0,0,1,0
minds,1,2,4,3
mine,24,10,15,26
mined,0,2,0,0
mineral,0,2,0,0
miners,0,0,0,2
mines,0,0,0,2
mingle,1,0,0,0
mingled,0,0,1,2
mingling,0,0,1,0
miniature,0,0,0,1
miniatures,0,0,3,0
mining,0,0,0,2
minister,0,0,0,1
ministry,1,0,0,0
minnenwerfer,0,1,0,0
minnesota,0,2,0,0
minor,1,0,0,3
minute,114,16,9,6
minutely,1,0,3,3
minuteness,1,0,1,0
minutes,56,5,37,46
minutest,1,0,1,0
miracle,7,0,0,0
miraculous,0,0,2,0
mirage,1,0,0,0
mire,1,0,0,0
mirror,1,5,0,3
mirrors,0,9,0,0
mirth,5,0,2,0
mirthful,1,0,0,0
mis,0,0,2,0
mischance,1,0,1,1
mischief,3,0,3,1
mischievously,0,0,1,0
misconduct,0,0,2,0
misdeed,1,0,0,0
miserable,13,0,6,4
miserably,2,0,1,0
miseries,0,0,1,0
miserly,0,0,1,0
misery,16,0,15,0
misfortune,6,0,8,6
misfortunes,2,0,5,0
misgivings,1,0,0,2
misjudged,0,0,0,1
mislead,2,0,1,0
misleading,0,0,1,0
misleads,0,0,1,0
misled,0,0,1,0
mismanagement,0,0,1,0
misrepresent,2,0,0,0
misrepresentation,0,0,1,0
misrepresented,0,0,2,0
misrepresenting,1,0,0,0
miss,4,82,283,88
missed,5,5,3,7
misses,0,1,0,1
missing,4,0,1,13
mission,0,0,0,3
missish,0,0,1,0
missy,5,0,0,0
mist,3,8,0,0
mistake,24,4,8,5
mistaken,19,0,22,8
mistakenly,1,0,0,0
mistakes,5,0,2,0
mister,0,0,0,2
mistiness,1,0,0,0
mistook,0,1,1,0
mistral,0,1,0,0
mistress,6,0,9,4
mistrust,3,0,0,0
mistrustful,1,0,0,0
mistrustfully,6,0,0,0
mistrusting,3,0,0,0
mists,0,1,0,0
misty,0,1,0,0
misunderstand,3,2,3,0
misunderstanding,3,0,0,0
misunderstandings,0,1,0,0
misunderstood,0,0,3,0
mitigation,2,0,0,0
mitka,8,0,0,0
mitrofanievsky,1,0,0,0
mix,0,0,1,0
mixed,5,3,2,3
mixing,1,1,1,0
mixture,0,0,5,2
mm,0,1,0,0
moan,3,0,0,0
moaned,1,1,0,0
moaning,2,2,0,0
moans,1,0,0,0
mobile,1,1,0,0
mobility,0,1,0,0
mock,1,0,0,0
mocked,1,0,0,0
mockery,3,0,0,0
mocking,7,0,0,0
mockingly,1,0,0,0
mode,0,0,5,0
model,0,0,2,0
modena,0,1,0,0
moderate,3,0,2,0
moderately,0,3,0,0
moderation,2,1,2,0
modern,6,0,2,2
modest,1,1,2,1
modestly,2,0,0,0
modesty,3,0,6,0
mohair,1,0,0,0
moi,1,0,0,0
moist,0,1,0,3
moistened,0,0,0,1
moisture,0,0,0,3
mole,1,0,0,2
moment,195,7,64,34
momentary,3,0,3,2
moments,21,1,17,6
momentum,0,1,0,0
mon,1,0,0,0
monarch,0,0,0,1
monastery,4,0,0,0
monday,0,0,9,14
money,166,32,27,44
monfalcone,0,1,0,0
monger,0,0,0,1
monica,0,0,0,3
monk,1,0,0,0
monkey,0,2,0,0
monogram,0,0,0,2
monograph,0,0,0,3
monologues,2,0,0,0
monomania,2,0,0,0
monomaniac,2,0,0,1
monomaniacs,2,0,0,0
monosyllable,0,0,1,1
monosyllables,0,0,0,1
monotonous,0,0,1,3
monotony,0,0,0,1
monsieur,0,3,0,0
monster,8,0,0,0
monstrous,6,0,0,0
monstrously,1,0,0,0
mont,1,0,0,0
montague,0,0,0,1
montana,0,0,0,1
monte,0,3,0,0
monter,1,0,0,0
month,33,2,8,7
monthly,0,0,1,0
months,30,18,23,13
montreux,0,23,0,0
monumental,3,0,0,0
monuments,1,0,0,0
mood,9,0,0,3
moodily,0,0,0,1
moods,0,0,0,1
moody,1,0,0,1
moon,4,9,0,2
moonless,0,0,0,1
moonlight,3,1,0,3
moonshine,0,0,0,3
moored,1,0,0,0
mopping,0,0,0,1
moral,14,1,3,2
morality,2,0,1,0
moralize,0,0,1,0
morally,1,0,0,0
morals,1,0,0,0
moran,0,0,0,13
morbid,12,0,0,0
morbidly,2,0,0,0
morcar,0,0,0,2
morcars,0,0,0,2
more,413,97,321,174
moreover,21,0,11,0
moretti,0,1,0,0
morgenfrüh,1,0,0,0
morning,61,50,76,102
mornings,0,2,5,2
morocco,0,0,0,2
morose,4,0,0,3
morosely,1,0,0,0
morris,0,0,1,2
morrow,50,19,20,18
morsel,1,0,0,0
mortal,1,0,2,1
mortals,0,0,0,1
mortar,2,5,0,1
mortgage,0,0,0,1
mortification,0,0,6,0
mortifications,0,0,1,0
mortified,1,0,5,0
mortifies,0,0,1,0
mortifying,0,0,6,0
mortimers,0,0,0,1
moscow,7,0,0,0
mosquito,0,3,0,0
moss,0,0,0,2
most,130,16,185,89
mostly,1,4,1,3
mother,194,10,112,20
mothers,30,1,25,3
motion,0,0,1,4
motioned,3,4,0,1
motioning,1,0,0,0
motionless,4,0,0,1
motive,12,0,18,4
motives,1,0,6,3
motor,0,16,0,0
motorman,0,1,0,0
mottled,0,0,0,1
mould,0,0,0,2
moulton,0,0,0,3
mount,1,0,2,0
mountain,2,39,0,0
mountains,0,62,2,1
mounted,6,3,0,0
mounting,7,0,1,0
mournful,7,0,0,0
mournfully,3,0,0,0
mourning,7,0,0,0
mouse,6,0,0,0
mousseline,0,0,0,1
moustache,2,0,0,2
moustached,0,0,0,1
moustaches,2,0,0,0
mouth,20,10,1,10
mouthed,1,1,0,1
mouthful,0,2,0,0
mouths,2,1,2,1
movables,1,0,0,0
move,12,21,3,4
moved,37,19,9,4
movement,12,4,0,3
movements,5,0,0,0
moves,0,2,0,1
movies,0,1,0,0
moving,27,19,6,4
mr,86,21,780,275
mrs,0,18,343,44
much,180,129,328,120
mud,3,12,1,5
muddle,4,0,0,0
muddled,8,0,0,0
muddles,1,0,0,0
muddy,1,13,0,0
muff,0,0,0,1
muffin,0,0,1,0
mufti,0,1,0,0
mug,1,1,0,0
mugs,0,1,0,0
mulberry,0,4,0,0
mule,0,1,0,0
mules,0,5,0,0
multiple,0,1,0,0
multiply,0,0,0,1
multitude,0,0,1,0
mumbled,4,0,0,2
mumbling,0,0,0,2
munich,1,1,0,1
munificent,0,0,0,1
munro,0,0,0,2
murder,50,0,0,8
murdered,24,0,0,4
murderer,33,0,0,5
murderers,2,0,0,1
murdering,2,0,0,1
murderous,0,0,0,3
murders,2,0,0,1
murky,0,0,0,1
murmur,3,0,0,0
murmured,3,0,0,6
murmurs,1,0,1,0
muscles,0,0,0,1
mused,1,0,0,0
musette,0,1,0,0
musettes,0,5,0,0
museum,0,0,0,3
mushrooms,1,0,0,0
music,2,0,12,4
musical,1,0,1,0
musician,1,0,0,1
musing,4,0,0,0
muslin,3,0,3,0
muslins,0,0,1,0
musnt,1,0,0,0
muss,1,0,0,0
must,293,63,308,161
mustache,0,7,0,0
mustaches,0,6,0,0
mustard,1,0,0,1
muster,0,0,0,1
mustnt,13,13,0,0
mute,1,0,0,0
mutilated,1,0,0,0
mutinied,0,1,0,0
mutter,2,0,0,0
muttered,68,0,0,4
muttering,4,0,0,2
mutton,2,0,0,0
mutual,3,2,5,0
mutually,0,0,1,0
muzzle,0,0,0,2
muzzles,0,1,0,0
my,791,384,722,1005
myself,160,32,95,77
mysteries,0,0,0,3
mysterious,12,2,0,5
mysteriously,2,0,0,0
mystery,6,0,1,20
mystic,1,0,0,0
mystification,1,0,0,0
mystified,1,0,0,0
mystify,1,0,0,0
myth,0,0,0,1
mädchen,1,0,0,0
métier,0,0,0,1
mürren,0,2,0,0
n,8,0,0,0
nag,4,0,0,0
nags,1,0,0,0
nail,3,1,0,1
nailed,1,1,0,0
nails,6,2,0,2
naked,1,0,0,1
name,49,23,33,62
named,2,5,1,5
names,3,5,6,5
naming,0,0,1,0
nap,1,0,0,0
nape,1,0,0,0
napkin,3,0,0,0
naples,1,3,0,0
napoleon,11,6,0,0
napoleons,2,0,0,2
napoli,0,1,0,0
narcissus,1,0,0,0
narrated,0,0,0,1
narrative,0,0,1,12
narratives,0,0,0,2
narrow,7,21,2,11
narrowed,0,0,0,1
narrower,0,1,0,0
narrowest,0,0,1,0
narrowly,0,0,2,2
nastasya,84,0,0,0
nastasyas,5,0,0,0
nastiness,2,0,0,0
nasty,4,2,1,0
natalya,1,0,0,0
nation,0,2,0,1
national,1,2,0,2
nationality,0,1,0,0
nations,0,4,0,0
native,2,1,0,2
natural,23,1,22,9
naturally,3,1,12,9
naturalness,1,0,0,0
nature,30,1,24,24
natured,10,0,11,2
naturedly,0,0,1,0
naughty,1,0,0,0
nauseated,0,1,0,0
nautical,0,0,0,1
naval,0,1,0,0
navel,1,0,0,0
navy,0,2,0,0
navys,0,1,0,0
nay,0,0,10,1
naïve,4,0,0,0
naïvely,3,0,0,0
ne,1,0,0,0
near,35,20,38,31
nearer,6,2,5,3
nearest,3,1,5,2
nearing,0,0,0,2
nearly,27,21,8,13
nearness,0,0,1,0
neat,0,0,1,5
neatly,2,1,0,3
neatness,0,0,2,1
necessarily,0,0,4,0
necessary,19,6,31,5
necessitate,0,0,0,1
necessity,5,0,11,1
neck,17,18,0,9
necked,1,1,0,0
necks,0,2,0,0
necktie,0,0,0,1
nectarines,0,0,1,0
ned,0,0,0,1
need,65,23,19,21
needed,12,7,3,5
needful,1,0,0,0
needle,2,0,0,1
needless,0,0,3,0
needlessly,0,0,1,0
needlework,0,0,1,0
neednt,3,0,0,0
needs,5,0,0,2
negative,2,0,3,0
negatived,0,0,1,0
neglect,2,0,11,0
neglected,1,0,2,0
neglecting,0,0,2,0
negligence,0,0,1,0
negligent,0,0,1,0
negro,0,0,0,1
negroes,0,0,0,1
neighbour,6,0,8,1
neighbourhood,4,0,29,11
neighbourhoods,0,0,1,0
neighbouring,1,0,2,3
neighbours,5,0,11,4
neither,6,2,38,16
nephew,0,0,20,0
nephews,1,0,4,0
nerve,2,0,0,3
nerves,13,1,4,6
nervous,22,0,4,9
nervously,4,0,0,1
nest,1,0,0,1
nestled,1,0,0,0
net,0,0,1,1
netherfield,0,0,73,0
nets,0,2,0,0
netting,0,2,1,0
nettled,0,0,1,0
network,0,1,0,0
neutral,0,0,0,3
neva,15,0,0,0
never,165,111,221,108
nevertheless,2,0,0,0
neville,0,0,0,19
nevsky,2,0,0,0
new,108,32,25,30
newcastle,0,0,4,0
newcomer,0,0,0,2
newcomers,0,1,0,2
newer,0,0,0,1
newest,0,0,1,0
newly,2,0,1,5
news,13,12,32,18
newspaper,3,2,1,5
newspapers,2,0,0,4
newton,3,0,0,0
next,64,30,72,24
nez,0,0,0,2
nezhin,1,0,0,0
niagara,0,1,0,0
nice,12,48,5,7
nicely,4,0,1,6
niceness,0,1,0,0
nicest,0,0,1,0
nicety,1,0,0,0
nicher,1,0,0,0
nicholls,0,0,1,0
nichols,0,0,1,0
nick,2,0,0,0
nickel,0,0,0,1
nickels,0,1,0,0
nickname,1,0,0,0
niece,1,2,20,6
nieces,0,0,12,0
nigger,1,1,0,0
nigh,0,0,0,1
night,94,154,35,114
nightcap,0,0,1,0
nightgown,0,7,0,0
nightingale,1,0,0,0
nightmare,1,0,0,0
nights,10,13,0,9
nihil,2,0,0,0
nihilist,1,0,0,0
nihilists,2,0,0,0
nikiforovna,2,0,0,0
nikodim,24,0,0,0
nikolaevsky,1,0,0,0
nikolay,59,0,0,0
nikolayd,1,0,0,0
nikolays,5,0,0,0
nil,1,0,0,0
nind,0,0,3,0
nine,12,2,2,14
nines,1,0,0,0
nineteen,1,0,0,0
nineteenth,1,0,0,0
ninety,2,3,0,0
nip,0,0,0,1
nipper,0,0,0,1
nitrate,0,0,0,1
nix,0,1,0,0
no,693,380,491,390
noahs,1,0,0,0
nobility,2,0,0,0
noble,10,3,11,12
nobleman,1,0,0,2
noblemen,1,0,0,0
nobler,2,0,1,0
noblest,0,0,1,2
nobly,1,0,0,0
nobody,8,13,17,1
nobodys,0,0,1,0
nocturnal,0,0,0,2
nod,0,0,0,1
nodded,7,8,0,4
nodding,4,0,0,2
nods,0,0,1,0
nog,0,1,0,0
noise,11,8,3,4
noised,0,0,0,1
noiseless,2,0,0,2
noiselessly,7,0,0,2
noisily,2,0,0,0
noisy,1,2,3,0
nomads,1,0,0,0
nominal,0,0,0,3
nominally,0,0,1,0
nonchalance,2,0,0,0
nonchalant,1,0,0,0
nonconformist,0,0,0,1
none,6,10,19,34
nonentity,1,0,0,1
nonsense,72,9,8,2
nonsensical,1,0,3,0
noon,0,5,2,0
noose,13,0,0,1
nor,28,5,73,18
normal,8,3,0,1
normally,2,0,0,0
north,1,26,6,7
northern,0,0,3,0
northumberland,0,0,0,1
northward,0,0,2,0
norton,0,0,0,7
nose,9,10,1,8
nosed,1,1,0,1
nosegays,1,0,0,0
noses,3,0,0,0
nosing,0,1,0,0
nostrils,0,0,0,2
not,1754,648,1427,636
notable,0,0,0,1
notably,0,0,0,1
notched,1,1,0,0
notches,2,0,0,0
note,51,11,8,36
notebook,3,1,0,0
notebooks,1,0,0,0
noted,5,0,0,2
notepaper,0,0,0,1
notes,17,1,1,9
noteworthy,2,0,0,0
nothing,285,86,177,108
nothingness,0,0,1,0
nothings,0,1,1,0
notice,46,5,21,8
noticeable,8,0,0,0
noticeably,1,0,0,0
noticed,68,6,8,7
notices,0,0,0,2
noticing,20,0,1,0
noting,0,0,0,2
notion,10,0,8,1
notions,1,0,3,0
notorious,5,0,0,1
notoriously,1,0,0,0
notre,1,0,0,0
nou,1,0,0,0
nourishes,0,0,1,0
nous,0,0,0,1
nova,0,0,0,1
novel,3,0,0,4
novels,1,0,1,0
novelties,1,0,0,0
novelty,0,0,5,0
november,0,4,5,0
novice,2,0,0,0
novices,1,0,0,0
now,565,213,211,234
nowadays,10,1,0,0
nowhere,8,2,1,0
noxious,1,0,0,0
nucleus,0,0,0,1
nudging,1,0,0,0
nuisance,1,2,0,0
numb,4,0,0,0
numbed,1,1,0,0
number,12,10,5,12
numbers,4,5,0,2
numeral,0,1,0,0
numerous,7,0,2,1
nun,1,0,0,0
nunnery,1,0,0,0
nuptials,0,0,3,0
nurse,1,52,0,1
nursery,0,0,0,2
nurses,0,25,0,0
nursing,1,1,1,0
nurtured,0,0,0,1
nut,0,1,0,1
nuts,2,0,0,0
nutshell,0,0,0,1
née,0,0,0,1
nêtes,1,0,0,0
o,18,1,2,2
oak,0,2,0,3
oakham,0,0,1,0
oaks,0,0,1,0
oakshott,0,0,0,7
oar,0,7,0,0
oarlocks,0,1,0,0
oars,0,13,0,0
oasis,1,0,0,0
oath,4,0,0,1
oaths,3,0,0,1
obedience,1,0,0,1
obedient,1,0,0,0
obediently,1,0,0,0
obeisance,0,0,1,0
oberland,0,1,0,0
obese,0,0,0,1
obey,6,0,1,2
obeyed,2,0,3,2
obeying,1,0,0,0
object,47,1,48,15
objected,0,0,1,0
objecting,0,0,3,0
objection,0,0,15,3
objectionable,0,0,3,0
objections,1,0,11,3
objectless,1,0,0,0
objects,4,0,7,0
obligated,0,1,0,0
obligation,0,2,6,0
obligations,4,1,3,2
oblige,0,0,6,0
obliged,8,0,29,6
obliging,0,0,5,1
obligingly,0,0,1,0
oblivion,2,0,0,0
oblivious,2,0,0,0
oblong,0,1,0,0
obscene,0,1,0,0
obscure,1,0,0,0
obscures,1,0,0,0
obsequious,1,0,1,0
obsequiousness,0,0,1,0
observances,0,0,1,0
observant,1,0,0,2
observation,8,1,14,6
observations,2,0,3,0
observe,9,0,10,19
observed,55,0,27,22
observer,0,0,2,4
observes,1,0,0,0
observing,3,0,12,4
obsession,1,0,0,0
obstacle,0,0,0,2
obstacles,9,1,2,0
obstinacy,1,0,2,1
obstinate,1,0,4,2
obstinately,5,0,0,0
obstructing,1,0,0,0
obtain,4,0,3,0
obtainable,0,1,0,0
obtained,6,0,4,1
obtaining,2,0,0,1
obtruded,0,0,2,1
obtuse,1,0,0,0
obvious,8,0,1,29
obviously,27,2,0,5
occasion,9,0,37,5
occasional,1,1,6,4
occasionally,2,2,12,10
occasioned,0,0,4,0
occasions,3,0,9,0
occipital,0,0,0,1
occupant,0,0,0,4
occupants,1,0,0,0
occupation,3,1,1,4
occupations,0,0,0,1
occupied,11,1,6,1
occupies,0,0,1,0
occupy,1,0,2,1
occur,5,0,4,7
occurred,11,1,14,22
occurrence,1,0,0,1
occurrences,0,0,4,1
occurring,0,0,1,0
occurs,1,0,1,0
ocean,2,1,0,0
och,1,0,0,0
ochs,0,1,0,0
oclock,42,15,5,33
oct,0,0,0,1
octagon,0,1,0,0
octavo,0,0,0,1
october,0,5,1,1
odd,4,2,5,3
oddities,1,0,1,0
oddity,0,0,1,0
oddly,3,0,1,0
odds,0,1,0,0
odessa,0,0,0,1
odious,0,0,3,0
odour,0,0,0,1
odours,1,0,0,0
of,3774,1129,3617,2637
off,207,144,60,75
offence,4,0,5,1
offences,0,0,3,0
offend,1,1,3,0
offended,17,0,9,2
offending,1,0,3,0
offensive,5,12,2,1
offer,14,1,27,3
offered,12,4,10,9
offering,2,0,3,1
offers,1,0,5,1
offhand,0,0,0,1
office,49,4,6,26
officer,19,25,8,0
officers,7,41,31,1
offices,3,0,0,6
official,17,16,0,12
officially,3,0,0,0
officials,3,1,0,1
officious,0,0,3,0
officiousness,0,0,1,0
offshore,0,1,0,0
often,41,10,90,12
oftener,1,0,3,0
oh,158,82,93,90
oho,1,0,0,0
oil,3,5,0,3
oiled,0,2,0,0
oily,0,0,0,1
ointment,1,0,0,0
old,208,63,13,72
older,6,9,2,6
oldest,0,0,0,1
olive,0,0,3,0
olives,0,1,0,0
omen,2,0,1,0
ominous,0,0,0,3
omit,2,0,1,0
omitted,2,0,1,0
omitting,1,0,0,0
omne,0,0,0,1
omniscient,1,0,0,0
on,1473,791,721,380
once,348,37,58,86
one,612,322,267,374
ones,51,14,9,11
oneself,9,0,0,0
onion,1,0,0,0
onions,0,1,0,0
only,455,101,217,160
onto,0,23,0,6
oozed,1,0,0,0
opal,0,0,0,1
open,94,48,17,64
opened,70,42,18,36
opening,8,4,13,11
openings,0,1,0,1
openly,16,0,8,2
openness,1,0,3,1
openshaw,0,0,0,15
openshaws,0,0,0,1
opera,0,2,0,1
operate,0,5,0,0
operated,0,5,1,0
operatic,0,0,0,1
operating,0,5,0,0
operation,1,6,0,3
operations,0,0,0,1
opinion,28,3,67,20
opinions,3,0,8,0
opium,0,0,0,12
opponent,2,0,0,2
opportunities,0,0,1,0
opportunity,8,0,29,2
oppose,2,0,3,0
opposed,2,0,5,1
opposing,1,0,0,2
opposite,19,14,11,3
opposition,0,0,3,1
oppress,2,0,0,0
oppressed,2,0,2,1
oppression,1,0,0,0
oppressive,5,0,0,0
oppressively,0,0,1,1
opulence,0,0,0,1
or,428,99,298,198
oracle,1,0,0,0
oraison,1,0,0,0
orange,0,2,0,9
orator,2,1,0,0
orchard,0,1,0,0
orchards,0,1,0,0
ordained,0,0,1,0
ordeal,1,0,0,0
order,29,12,7,21
ordered,8,4,8,10
ordering,1,0,0,1
orderly,0,25,1,0
orders,6,5,7,3
ordinary,19,1,3,6
ordination,0,0,1,0
ordnance,0,0,0,1
organ,13,0,0,0
organisation,3,0,0,2
organise,1,0,0,0
organised,3,0,0,0
organism,2,0,0,0
organization,0,1,0,0
organized,0,3,0,0
organizing,0,1,0,0
orgies,0,0,0,1
origin,1,0,0,1
original,6,0,5,3
originality,1,0,0,1
originally,0,0,2,0
originate,0,0,1,0
originated,1,0,2,0
ormstein,0,0,0,2
ornament,1,0,1,1
ornaments,0,0,2,1
orphan,4,0,0,2
orphanage,0,0,0,1
orphans,10,0,0,0
oscillated,0,0,0,1
oscillates,0,0,0,1
oscillation,0,0,0,1
ospedale,0,5,0,0
ostentation,0,0,1,0
ostentatious,0,0,1,0
ostlers,0,0,0,2
ostrich,2,0,0,1
ostrov,5,0,0,0
othello,0,2,0,0
other,187,144,210,147
others,44,32,55,19
otherwise,5,1,16,5
ouch,0,1,0,0
ouchy,0,1,0,0
oughf,0,1,0,0
ought,58,35,45,6
oughtnt,2,0,0,0
ounce,0,0,0,2
ounces,1,0,0,0
our,139,75,73,208
ours,1,2,2,1
ourselves,13,2,8,20
out,682,455,134,322
outbreak,1,0,0,1
outbreaks,0,0,0,1
outburst,1,0,0,0
outbursts,0,0,0,1
outcries,1,0,0,0
outcry,3,0,0,1
outdone,0,0,1,0
outdoor,0,0,0,1
outdoors,0,1,0,0
outer,5,0,0,2
outfit,1,1,0,0
outgrown,1,0,0,0
outhouse,0,0,0,1
outlet,1,0,0,0
outline,0,0,0,1
outlined,0,0,0,2
outlines,1,1,0,0
outlived,0,1,1,0
outrage,3,0,0,0
outraged,1,0,0,0
outrages,0,0,0,2
outrun,0,0,1,0
outré,0,0,0,2
outs,2,0,0,0
outset,0,0,0,1
outside,11,90,0,24
outsider,1,0,0,0
outsiders,1,0,0,0
outsides,0,0,0,1
outskirts,0,0,0,2
outspoken,1,0,0,0
outspread,1,1,0,0
outstanding,0,0,0,2
outstretched,1,0,0,2
outstrip,0,0,1,0
outstripped,0,0,1,0
outward,0,1,0,1
outwards,1,0,0,0
outweigh,1,0,0,1
oval,1,0,0,0
ovens,0,1,0,0
over,248,204,91,183
overawe,1,0,0,0
overbalancing,1,0,0,0
overbearing,1,0,1,0
overburdened,1,0,0,0
overcame,2,0,3,0
overcoat,11,1,0,4
overcome,14,0,10,1
overcoming,0,0,1,0
overdid,0,0,0,1
overdo,2,0,0,0
overdriven,1,0,0,0
overflowed,1,0,0,0
overflowing,2,0,1,0
overflows,0,0,1,0
overgrown,1,1,0,0
overhauled,0,0,0,1
overhead,0,2,0,1
overhear,1,0,2,1
overheard,2,0,3,0
overhearing,0,0,0,1
overhearings,0,0,1,0
overjoyed,2,0,1,1
overlook,3,0,3,1
overlooked,1,0,3,0
overlooking,1,0,0,0
overpower,0,0,1,0
overpowered,0,0,3,0
overpowering,0,0,1,3
overrated,0,0,1,0
overseen,0,0,0,1
overset,0,0,1,0
overshoes,0,1,0,0
oversight,0,0,0,1
oversleep,0,1,0,0
overslept,1,0,0,0
overspread,0,0,3,0
overspreading,0,0,1,0
overstep,8,0,0,0
overstepped,2,0,0,0
overstepping,1,0,0,0
overstrained,6,0,0,0
overstrung,0,0,0,1
overtake,3,0,0,0
overtaken,3,0,1,1
overtakes,1,0,0,0
overthrow,0,0,1,0
overthrowing,0,0,1,0
overthrown,0,0,3,0
overtook,5,0,1,2
overtopped,0,0,0,1
overtures,0,0,1,0
overturned,1,0,0,0
overweening,1,0,0,0
overwhelmed,11,0,0,1
overwhelming,7,0,0,0
overworked,0,1,0,0
overwrought,2,0,0,0
owe,3,0,5,7
owed,3,0,6,0
owes,0,0,2,0
owing,11,0,4,0
owl,5,0,0,0
own,177,12,188,101
owned,0,0,3,0
owner,4,0,4,2
owning,1,0,0,0
owns,0,0,1,0
oxford,0,0,1,3
oxfordshire,0,0,0,1
p,1,0,1,2
pa,0,0,0,9
pace,2,4,1,0
paced,4,0,0,7
paces,29,1,0,3
pacific,0,1,0,1
pacing,2,0,0,3
pack,3,5,2,3
package,0,8,0,0
packages,0,2,0,0
packed,2,9,1,2
packet,0,0,0,2
packing,2,0,1,0
packs,0,2,0,0
pad,0,2,0,0
paddington,0,0,0,7
paddock,0,3,3,0
padlock,0,1,0,0
padlocked,0,0,0,1
page,2,0,2,9
pages,3,0,1,0
pagoda,0,1,0,0
paid,18,15,19,9
pail,1,2,0,0
pailfuls,1,0,0,0
pain,6,10,29,8
pained,0,0,0,1
painful,14,3,14,7
painfully,9,0,2,1
paining,0,0,1,0
pains,1,8,4,3
paint,6,1,1,3
painted,6,2,0,1
painter,10,0,1,0
painters,7,0,0,0
painting,5,1,0,0
paintings,0,0,1,0
paints,1,0,0,0
pair,3,1,2,12
pajama,0,1,0,0
pajamas,0,2,0,0
pal,0,0,0,3
palace,2,1,0,0
palais,6,0,0,0
palatable,0,0,1,0
palate,2,0,0,0
palates,2,0,0,0
pale,71,3,4,16
paleness,1,0,0,1
paler,3,0,1,0
palermo,0,1,0,0
pales,0,0,2,0
paling,0,0,2,0
pall,0,0,0,1
pallanza,0,9,0,0
pallet,0,0,0,1
palliation,0,0,1,0
pallor,2,0,0,1
palm,0,0,0,5
palmer,0,0,0,1
palmerston,2,0,0,0
palms,1,0,0,0
palpitating,0,0,0,2
pals,0,0,0,1
paltry,1,0,2,0
pamphlets,1,0,0,0
pan,5,1,0,0
pancake,1,0,0,0
pancakes,4,0,0,0
pancras,0,0,0,1
pane,2,0,0,0
panegyric,0,0,2,0
panel,0,0,0,5
panelled,0,0,0,1
panelling,0,0,0,1
panes,1,2,0,0
pang,7,0,1,0
pani,1,0,0,0
panic,5,1,0,0
panoply,0,0,0,1
panted,1,0,0,1
panting,7,0,1,0
pantingly,0,1,0,0
pants,0,2,0,0
papa,5,0,5,0
papas,1,0,0,0
paper,44,28,6,44
papering,1,0,0,0
papers,16,54,1,45
papier,0,0,0,1
parabola,1,0,0,0
parade,0,0,2,0
parades,1,0,0,0
parading,0,0,1,0
paradol,0,0,0,1
paradoxical,0,0,0,1
paragraph,0,0,0,3
paragraphs,0,0,0,1
parallel,1,1,0,3
paralysed,1,0,0,0
paralysis,1,0,0,0
paramore,0,0,0,2
paramount,0,0,0,1
parapet,1,0,0,1
parasha,3,0,0,0
parasol,4,0,2,0
parcel,4,0,0,1
parcels,1,0,2,0
parched,5,0,0,1
pardon,3,3,16,2
pardonable,1,0,0,0
pardoned,1,0,0,0
pared,0,1,0,0
parent,1,0,0,0
parental,0,0,1,0
parenthesis,2,0,0,0
parents,3,0,8,3
pari,0,1,0,0
parietal,0,0,0,1
paris,3,2,0,1
parish,0,0,9,2
parishioners,0,0,1,0
park,3,7,22,9
parked,0,1,0,0
parlance,0,0,0,1
parley,0,0,0,1
parlez,1,0,0,0
parlor,0,2,0,0
parlour,2,0,11,0
paroxysm,1,0,0,0
paroxysms,1,0,0,0
parr,0,0,0,2
parried,1,0,0,0
parsimony,1,0,0,0
parsonage,0,0,18,1
part,53,6,53,29
partake,0,0,2,0
parted,11,1,14,6
parti,2,0,0,0
partial,3,1,10,0
partiality,0,0,13,0
partially,0,0,0,1
participated,0,1,0,0
participation,0,0,1,0
particular,9,0,27,5
particularly,38,2,33,6
particulars,1,0,19,5
partie,0,0,0,1
parties,0,3,12,1
parting,9,0,7,0
partitioned,2,0,0,0
partly,17,1,2,1
partner,5,1,17,4
partners,0,0,3,0
partnership,3,0,0,0
partridges,0,0,1,0
parts,4,3,6,4
party,13,0,57,7
pas,2,1,0,0
pashenka,12,0,0,0
pass,42,11,15,14
passage,25,0,2,23
passages,2,0,2,1
passed,76,32,60,41
passenger,0,0,0,1
passengers,1,0,0,1
passer,1,0,0,0
passers,7,0,0,3
passing,15,12,11,12
passini,0,22,0,0
passinis,0,1,0,0
passion,9,1,2,8
passionate,4,0,0,1
passionately,1,0,0,2
passions,0,0,1,1
passively,1,0,0,0
passport,4,4,0,0
passports,1,7,0,0
past,37,25,10,28
pasta,0,2,0,0
pasted,0,2,0,0
pasty,0,0,0,1
patch,0,3,0,1
patched,1,0,1,0
patches,0,1,0,1
patchwork,1,0,0,0
patent,0,0,0,2
patentee,0,0,0,1
paternal,0,0,0,1
patersons,0,0,0,1
path,8,6,4,9
pathetic,0,0,1,0
paths,1,4,0,0
pathway,0,1,0,1
patience,7,0,9,3
patient,15,9,1,8
patiently,1,0,0,0
patients,6,5,0,2
patriarchal,1,0,0,0
patriot,0,4,0,0
patriotic,0,2,0,0
patriots,0,1,0,0
patron,0,0,3,1
patronage,1,0,4,0
patroness,1,0,7,0
patronising,1,0,0,0
patrons,1,0,0,0
patted,1,11,0,2
pattered,2,1,0,2
pattern,2,0,0,0
patterns,1,0,0,0
patting,1,0,0,1
paul,0,4,0,0
pauls,0,0,0,2
pauper,0,0,0,1
pause,17,0,18,2
paused,13,1,3,3
pauses,0,0,2,0
pausing,0,0,2,1
paved,0,1,0,0
pavement,23,2,1,10
paving,0,1,0,0
pavlitch,1,0,0,0
pavlovitch,1,0,0,0
pavlovna,7,0,0,0
pavlovnas,2,0,0,0
pawn,7,0,0,0
pawnbroker,14,0,0,2
pawnbrokers,0,0,0,4
pawned,3,0,0,0
paws,1,1,0,0
pay,38,14,11,17
paying,7,1,4,4
payment,7,1,1,1
pays,1,0,0,1
pea,0,0,0,3
peace,15,2,7,5
peaceably,1,0,0,0
peaceful,1,0,0,1
peacefully,1,0,0,0
peaches,0,0,1,0
peak,0,0,1,0
peaked,0,0,0,1
pear,0,1,0,0
pearl,0,0,0,1
pearls,1,0,0,0
peas,1,0,0,0
peasant,19,1,0,1
peasants,15,9,0,0
pebbles,0,2,0,0
pebbly,0,1,0,0
pecking,1,0,0,0
peculiar,23,0,6,20
peculiarities,1,0,1,1
peculiarity,1,0,1,0
peculiarly,4,0,3,1
pecuniary,2,0,2,0
pedantic,0,0,1,0
pedestal,1,0,0,0
pedestrians,0,0,0,1
pedlar,3,0,0,0
pedlars,1,0,0,0
peduzzi,0,2,0,0
peeked,0,1,0,0
peel,0,1,0,0
peeled,0,0,0,1
peeling,1,0,0,1
peep,3,0,1,1
peeped,8,0,0,5
peeping,2,0,0,1
peeress,0,0,0,1
peering,1,0,0,4
peevish,1,0,2,0
peevishly,1,0,0,0
peg,0,1,0,0
pelisse,1,0,0,0
pell,1,0,0,0
pemberley,0,0,53,0
pen,8,0,3,10
penal,3,0,0,1
penance,0,0,1,0
pence,0,0,0,2
pencil,2,1,0,3
pencilled,1,0,0,0
pencils,0,0,0,1
pending,0,0,0,1
penetrate,1,0,0,0
penetrated,2,0,0,0
penetrating,2,0,0,3
penetration,1,0,2,0
penitence,1,0,0,0
penitent,1,0,1,0
penitentiary,0,1,0,0
pennant,0,1,0,0
penned,1,0,0,0
pennies,0,0,0,5
pennsylvania,0,0,0,1
penny,7,2,0,1
pens,1,0,1,1
pension,15,0,0,0
pensioners,0,0,0,1
pensive,1,0,0,0
pentonville,0,0,0,1
peony,1,0,0,0
people,164,72,46,25
peoples,5,1,4,0
pepper,1,0,0,0
per,5,3,3,1
perceive,4,0,8,4
perceived,1,0,12,1
perceiving,0,0,4,0
percent,1,0,0,0
percentage,4,0,0,0
perceptible,2,0,1,0
perceptibly,2,0,0,0
perceptions,1,0,0,0
perch,0,0,0,2
perched,0,1,0,2
percy,0,0,0,1
peremptorily,1,0,0,0
peremptory,1,0,0,0
perfect,17,1,17,7
perfection,1,0,0,1
perfections,0,0,2,0
perfectly,29,3,48,12
perforce,0,0,1,0
perform,2,0,4,3
performance,1,0,6,2
performances,0,1,0,0
performed,2,0,6,1
performer,1,0,1,1
performers,0,0,2,0
performing,3,0,0,0
performs,0,0,1,0
perhaps,209,22,77,63
perils,0,0,0,2
period,5,0,15,0
periodical,4,0,0,0
periods,0,0,1,0
perlen,1,0,0,0
permanence,1,0,0,0
permanent,4,2,1,1
permanently,1,0,0,0
permissable,1,0,0,0
permissible,4,0,0,0
permission,5,4,6,5
permit,0,1,1,1
permitted,3,0,1,0
pernicious,2,0,0,0
perpetrated,0,0,0,1
perpetration,2,0,0,0
perpetrators,0,0,0,1
perpetual,1,0,1,2
perpetually,0,0,3,0
perpetuity,1,0,0,0
perplexed,5,0,0,1
perplexing,0,0,0,1
perplexities,2,0,0,0
perplexity,10,0,2,3
persecute,1,0,0,0
persecuted,1,0,0,0
persecuting,2,0,0,0
persecution,1,0,0,1
perseverance,0,0,3,0
persevere,1,0,0,0
persevered,0,0,1,0
persevering,0,0,1,1
perseveringly,0,0,1,0
persia,1,0,0,0
persian,0,0,0,1
persist,1,0,2,0
persisted,8,0,2,0
persistence,0,0,0,2
persistent,6,0,0,0
persistently,6,0,0,1
persisting,0,0,1,0
persists,0,0,1,0
person,48,2,49,22
personage,4,0,1,0
personages,4,0,1,0
personal,14,1,2,5
personality,0,0,0,1
personally,7,1,0,4
personate,0,0,0,1
personnel,0,1,0,0
persons,19,0,11,2
perspiration,5,0,0,0
perspired,1,0,0,1
persuade,7,0,18,3
persuaded,4,0,25,2
persuading,2,0,0,0
persuasion,0,0,8,0
persuasions,0,0,1,1
perturbation,1,0,2,0
perturbed,1,0,1,2
perusal,0,0,4,0
perusing,0,0,1,0
perverse,0,0,1,0
perverseness,0,0,6,0
peski,2,0,0,0
pessimism,0,1,0,0
pester,1,0,0,0
pestered,1,0,0,1
pestering,2,0,0,1
pestryakov,10,0,0,0
pet,0,0,0,2
petals,2,0,0,0
petcock,0,1,0,0
peter,0,1,0,1
petered,0,0,0,1
petersburg,52,0,0,0
petersfield,0,0,0,1
peterson,0,0,0,10
petersons,0,0,0,1
petition,1,0,1,0
petitioned,0,0,1,0
petrarch,0,0,0,1
petrified,1,0,1,1
petrovitch,272,0,0,0
petrovitchs,15,0,0,0
petrovna,73,0,0,0
petrovnas,6,0,0,0
petrovsky,5,0,0,0
pets,0,0,0,1
petticoat,0,0,3,0
petticoats,1,0,0,0
pettifogging,1,0,0,0
pettishly,1,0,0,0
petty,4,0,0,2
petulance,0,0,1,1
pew,0,0,0,7
pfoo,4,0,0,0
phaeton,0,0,4,0
phalanstery,3,0,0,0
phantom,5,0,0,0
phantoms,1,0,0,0
pheasant,0,1,0,1
phenomenal,1,0,0,0
phenomenally,1,0,0,0
phenomenon,2,0,0,0
phew,1,0,0,0
philadelphia,0,0,0,2
philanthropist,0,0,0,1
philip,7,0,0,0
philips,1,0,27,0
philipses,0,0,2,0
philipss,0,0,6,0
philosopher,1,0,1,0
philosophers,2,0,0,0
philosophic,0,0,1,0
philosophy,1,0,5,1
phone,0,2,0,0
phonograph,0,3,0,0
photograph,0,0,0,25
photographer,1,0,0,0
photography,0,0,0,3
phrase,5,0,0,0
phrases,10,0,0,0
physical,9,0,0,0
physically,2,0,0,0
physicians,0,0,1,0
physiology,1,0,0,0
piacenza,0,2,0,0
piacenzas,0,1,0,0
piani,0,76,0,0
pianis,0,4,0,0
piano,3,5,0,0
pianoforte,1,0,5,0
piave,0,2,0,0
pick,7,5,0,4
picked,19,15,0,10
pickers,1,0,0,0
picking,3,1,0,2
pickpocket,1,0,0,0
picks,2,0,0,0
picture,8,3,14,3
pictured,0,0,1,1
pictures,4,1,1,3
picturesque,2,2,1,0
picturing,1,0,0,0
piderits,1,0,0,0
pidgin,0,2,0,0
pie,3,0,0,1
piece,23,9,9,12
pieces,7,12,2,1
pier,0,1,0,0
pierce,0,0,0,1
pierced,3,0,0,4
piercing,3,0,0,0
pies,2,0,1,0
pig,9,1,0,0
pigments,0,0,0,1
pigs,0,0,1,0
pikestaff,1,0,0,1
pile,0,3,0,4
piled,0,3,0,1
piles,0,1,0,0
piling,0,0,1,1
pill,1,0,0,0
pillars,0,2,0,0
pillow,23,6,0,3
pillows,4,1,0,2
pilot,0,0,0,1
pimple,0,1,0,0
pin,2,1,1,1
pince,0,0,0,2
pincers,1,0,0,0
pinch,0,0,0,2
pinched,2,2,0,1
pine,1,4,0,0
pink,2,0,0,5
pinnacles,0,0,0,1
pinned,0,2,0,0
pins,1,3,0,0
pint,2,0,0,0
pipe,4,2,0,19
pipes,2,1,0,3
piping,1,0,0,1
pips,0,0,0,10
piquant,0,0,0,1
pique,2,0,0,0
piqued,1,0,1,0
piquet,0,0,1,0
pirates,0,0,0,1
pisa,0,1,0,0
piste,0,1,0,0
pistol,1,18,0,9
pistols,0,2,0,0
piston,0,0,0,1
pit,0,0,0,3
pitch,4,0,0,5
pitched,5,2,1,0
pitcher,0,3,0,0
pitchers,0,1,0,0
piteous,2,0,0,2
piteously,2,0,0,0
pith,0,1,0,0
pitiable,0,0,3,4
pitied,5,0,3,0
pitiful,3,0,2,1
pitilessly,1,0,0,0
pits,0,0,0,1
pittance,0,0,0,1
pittsburg,0,2,0,0
pity,19,2,9,8
pitying,0,1,0,0
pitys,0,0,0,1
place,117,76,74,54
placed,2,2,9,19
places,5,10,5,7
placing,0,0,3,1
plagiarists,1,0,0,0
plague,2,0,3,0
plaid,0,0,0,1
plain,13,24,11,11
plainer,0,0,1,1
plainly,6,2,6,8
plainness,1,0,0,0
plains,0,1,0,0
plaintive,2,0,0,0
plaintively,1,0,0,0
plaire,1,0,0,0
plaisir,1,0,0,0
plaited,1,0,0,0
plan,14,1,14,3
plane,0,1,0,0
planed,1,0,0,0
planes,0,3,0,0
planet,0,0,0,1
plank,2,0,0,0
planked,0,0,0,1
planking,0,1,0,1
planks,1,0,0,1
planned,2,1,3,1
planning,2,0,2,2
plannings,0,0,0,1
plans,12,0,2,7
plant,0,0,1,0
plantagenet,0,0,0,1
plantation,1,0,1,4
planted,0,1,0,1
planter,0,0,0,1
plants,1,0,0,0
plaster,1,2,0,2
plat,0,1,0,0
plate,4,7,1,3
plateau,0,8,0,0
plates,2,6,0,0
platform,0,3,0,4
platitudes,0,0,0,1
platoon,0,1,0,0
platoons,0,1,0,0
plausible,1,0,0,1
plausibly,1,0,0,0
plava,0,8,0,0
play,4,20,18,10
played,3,6,1,1
player,0,2,0,1
players,0,0,2,0
playful,7,0,2,0
playfulness,1,0,2,0
playing,10,8,6,5
plays,0,0,1,2
plaything,2,0,0,0
plead,0,0,2,0
pleaded,0,0,1,0
pleading,0,0,0,1
pleasant,10,18,18,7
pleasanter,0,0,4,0
pleasantest,0,0,2,0
pleasantly,1,0,4,0
pleasantness,0,0,3,0
pleasantry,0,0,2,0
please,56,73,14,8
pleased,17,5,39,3
pleases,0,0,2,0
pleasing,0,0,22,0
pleasure,21,6,93,9
pleasures,1,1,6,0
pledge,15,0,0,3
pledged,1,0,2,2
pledges,12,0,0,0
plentiful,0,0,1,1
plenty,7,15,1,4
pliancy,0,0,1,0
plied,0,0,0,1
plot,0,0,0,3
plotted,1,0,0,0
ploughed,0,0,0,1
plovers,0,0,0,1
pluck,0,0,0,2
plucked,0,0,0,2
plucking,0,0,0,1
plugs,0,0,0,1
plumber,0,0,0,4
plumbers,0,0,0,1
plume,0,1,0,0
plumes,0,1,0,0
plump,1,3,0,0
plumped,0,0,0,1
plunder,1,0,0,0
plunge,0,0,0,1
plunged,4,0,0,2
plunging,0,0,0,1
plush,0,4,0,3
plying,1,0,0,0
pneumonia,0,1,0,0
pock,1,0,0,0
pocket,58,17,3,23
pockets,14,2,0,8
poem,0,1,0,0
poems,1,0,0,0
poetic,0,0,0,1
poetry,0,1,2,1
poets,1,0,0,0
poignant,6,0,0,0
point,81,17,46,45
pointed,17,12,5,11
pointedly,0,0,1,0
pointing,9,2,5,7
points,9,5,4,21
poison,3,0,0,6
poisoned,2,0,0,0
poisoner,0,0,0,1
poisoning,0,0,0,1
poked,2,0,0,0
poker,0,0,0,3
pokers,0,0,0,1
poking,2,0,0,0
pokorev,1,0,0,0
poky,0,0,0,1
pole,9,0,0,0
polenka,45,0,0,0
poles,5,0,0,0
police,78,9,0,52
policeman,27,0,0,4
policemans,1,0,0,0
policemen,4,0,0,0
policy,2,0,1,2
polish,2,0,0,0
polished,3,1,2,0
polite,6,4,5,0
politely,3,2,3,0
politeness,5,1,17,0
political,5,0,0,2
politicians,0,0,0,1
politics,0,0,0,2
polluted,0,0,1,0
pollution,0,0,1,0
polya,1,0,0,0
pomaded,2,0,0,0
pomatum,3,0,0,0
pomposity,0,0,0,1
pompous,1,0,3,1
pon,0,0,0,2
pondered,7,0,0,1
pondering,3,0,0,0
ponderous,0,0,0,1
pondicherry,0,0,0,5
ponies,0,0,3,0
pontoon,0,4,0,0
poof,7,0,0,0
pooh,1,1,0,3
pool,3,0,1,19
pooled,0,1,0,0
pools,0,2,1,0
poor,60,17,38,23
poorer,0,0,0,1
poorest,3,0,0,0
poorly,4,0,3,0
pop,0,1,0,0
pope,0,1,1,0
popes,0,0,0,3
popped,1,0,0,0
poppet,4,0,0,0
popular,0,0,1,2
popularity,0,0,1,0
population,1,0,0,0
populous,0,0,0,1
porcelain,0,1,0,0
porch,1,2,0,1
pordenone,0,7,0,0
porfiry,193,0,0,0
porfirys,13,0,0,0
pork,1,0,0,0
porridge,0,0,1,0
port,0,0,1,2
porta,0,3,0,0
porter,47,40,0,2
porters,21,2,0,0
portion,0,1,3,4
portly,1,0,0,2
portogruaro,0,1,0,0
portrait,4,0,1,0
portraits,0,0,2,0
portsdown,0,0,0,1
pose,1,0,0,0
posed,1,0,0,0
poses,1,0,0,1
posing,1,1,0,0
position,57,2,1,22
positions,0,2,1,1
positive,15,1,3,5
positively,35,0,2,1
positiveness,0,1,0,0
possess,0,0,5,3
possessed,2,0,2,2
possesses,0,0,1,0
possessing,0,0,1,0
possession,12,0,9,7
possessions,0,0,0,1
possessor,0,0,2,0
possibilities,5,0,1,0
possibility,7,0,13,4
possible,56,6,57,50
possibly,18,2,8,12
post,9,20,4,11
posted,1,1,0,3
posterior,0,0,0,1
posterity,0,0,1,0
postilions,0,0,1,0
postman,1,0,0,0
postmark,0,0,0,4
postmarks,0,0,0,1
postmaster,1,0,0,0
postpone,0,0,0,2
postponed,0,0,1,0
posts,2,6,0,0
postscript,0,0,3,0
pot,9,0,0,0
potanchikov,1,0,0,0
potato,0,5,0,0
potatoes,2,4,0,0
potchinkovs,5,0,0,0
pothouse,2,0,0,0
pots,3,1,0,0
poultry,0,0,3,1
pounce,1,0,0,0
pounced,6,0,0,0
pound,1,0,0,2
pounded,0,1,0,0
pounds,1,0,24,6
pour,6,2,1,0
poured,2,17,1,3
pouring,3,1,1,2
pouting,1,0,0,0
poverty,20,0,2,0
powder,4,0,0,0
powdered,0,1,0,0
powdering,0,0,1,0
powdery,0,1,0,0
power,25,2,42,13
powerful,6,0,3,3
powers,1,0,6,6
practical,9,2,0,6
practicality,5,0,0,0
practically,4,1,0,2
practice,2,1,4,12
practise,2,0,1,0
practised,3,2,1,0
practises,0,0,2,0
practising,0,2,1,0
prague,0,0,0,1
praise,2,0,22,0
praised,1,0,2,0
praises,3,0,2,0
praiseworthy,1,0,0,0
prank,0,0,0,2
pranks,5,0,0,0
praskovya,9,0,0,0
pratt,0,0,2,0
pray,17,3,26,42
prayed,8,2,0,0
prayer,5,0,0,0
prayers,8,2,0,0
pre,0,0,1,1
preach,1,0,0,1
preached,1,0,0,0
preaching,0,0,3,0
precaution,3,0,0,5
precautions,0,0,0,1
preceded,0,0,1,1
precedence,1,0,0,0
precedent,1,0,0,0
preceding,5,0,4,2
precious,11,1,2,12
precipice,1,0,0,0
precipitance,0,0,2,1
precipitate,0,0,2,0
precise,4,1,0,3
precisely,11,0,1,14
precision,2,0,1,0
precluding,0,0,1,0
preconceived,1,0,0,0
precursor,0,0,0,1
predestined,1,0,0,0
predict,0,0,1,0
predicted,1,0,0,0
prediction,0,0,0,1
predictions,0,1,0,0
predisposition,1,0,0,0
predominance,0,0,1,0
predominate,0,0,1,0
predominated,1,0,0,1
predominates,0,0,0,1
preening,1,0,0,0
prefaced,0,0,1,0
prefer,3,0,6,7
preference,0,0,10,1
preferment,0,0,3,0
preferred,5,0,3,0
prefers,0,2,0,1
pregnancy,0,1,0,0
pregnant,0,1,0,0
prejudice,3,0,5,1
prejudiced,1,1,1,0
prejudices,7,0,2,0
preliminary,3,0,0,2
premature,0,0,0,1
prematurely,2,0,0,0
premeditated,0,0,1,0
premeditation,0,0,1,0
premises,0,0,1,6
prendergast,0,0,0,2
preoccupation,1,0,0,0
preoccupations,1,0,0,0
preoccupied,5,0,0,1
preordained,1,0,0,0
preparation,1,0,1,0
preparations,7,2,2,2
preparatory,1,0,0,0
prepare,2,1,6,1
prepared,14,0,10,2
preparing,4,0,6,1
preponderance,1,0,0,0
prepossessing,4,0,0,0
prepossession,0,0,2,0
preposterous,0,0,0,4
prescribes,0,1,0,0
presence,24,0,6,14
present,59,2,68,27
presentable,1,0,0,0
presentation,0,0,5,0
presented,6,0,2,7
presentiment,5,0,0,0
presentiments,1,0,0,0
presenting,1,0,0,0
presently,1,0,2,9
presents,8,1,3,2
preservation,0,0,2,0
preservative,0,0,2,0
preserve,3,0,4,5
preserved,3,0,4,1
preserver,0,0,0,1
preserves,0,0,0,1
preserving,2,0,0,1
preside,1,0,1,0
presided,0,0,1,0
president,0,2,0,0
presiding,1,0,0,0
press,3,0,4,10
pressed,8,2,3,3
presses,0,0,0,1
pressing,12,0,5,6
pressingly,0,0,1,0
pressure,2,2,0,3
presumably,0,0,0,3
presume,2,0,2,11
presumed,1,0,1,0
presuming,0,0,2,1
presumption,1,0,3,3
presupposes,1,0,0,0
pretence,0,0,2,1
pretend,1,4,7,0
pretended,4,2,2,1
pretending,11,0,3,0
pretends,0,0,0,1
pretension,0,0,1,0
pretensions,1,0,5,0
pretentious,1,0,0,0
preternatural,2,0,0,0
pretext,4,0,0,1
prettier,0,0,2,0
prettiest,0,0,1,0
pretty,20,25,24,12
prettyish,0,0,1,0
pretzels,0,2,0,0
prevail,0,0,2,0
prevailed,0,0,15,0
prevailing,0,0,2,0
prevaricate,1,0,0,0
prevent,7,1,16,9
prevented,5,0,23,0
preventing,0,0,0,2
prevents,0,0,1,0
previous,21,0,3,6
previously,0,0,2,0
prey,1,0,2,2
price,4,2,2,5
prices,0,1,0,3
prick,6,0,0,1
pricked,0,1,0,0
pride,20,0,47,5
prided,0,0,1,0
priest,19,90,0,0
priests,2,1,0,0
prilukovs,1,0,0,0
prima,0,0,0,1
primarily,1,0,0,0
prime,0,0,0,1
primeval,1,0,0,0
prince,4,0,0,1
princess,1,0,0,1
princesses,1,0,0,0
principal,3,0,14,5
principally,1,0,5,1
principle,8,0,5,1
principles,6,0,1,1
prinking,1,0,0,0
print,3,0,0,2
printed,3,0,0,5
printing,1,0,0,0
prints,1,0,0,1
prior,0,0,2,1
prison,34,0,0,5
prisoner,5,5,0,10
prisoners,7,1,0,1
prisons,1,0,0,0
pritchard,0,0,0,1
privacy,1,0,0,1
private,6,1,11,14
privately,1,2,3,0
privation,1,0,0,0
privations,1,0,0,0
privilege,1,0,3,0
privileged,1,1,3,0
privy,1,0,0,0
prize,2,0,0,1
prized,1,0,1,0
prizes,0,0,1,1
pro,1,0,0,1
probabilities,0,0,1,0
probability,1,0,10,3
probable,3,0,12,10
probably,32,33,24,15
probe,0,2,0,0
probed,0,1,0,2
probing,2,1,0,1
probity,0,0,1,0
problem,3,0,0,20
problems,1,1,0,8
procedure,0,1,0,0
proceed,2,1,5,5
proceeded,3,0,10,2
proceeding,1,1,6,0
proceedings,2,0,1,3
process,9,0,1,5
processes,0,0,0,1
procession,1,0,0,0
proclaim,1,0,1,0
proclaimed,0,0,0,1
proclamations,0,2,0,0
procure,0,0,1,0
procured,0,0,4,0
procuring,0,0,3,0
prodded,0,1,0,0
prodigious,0,0,1,0
prodigiously,0,0,3,1
produce,7,0,5,3
produced,3,0,11,2
producing,0,1,0,1
product,1,2,0,2
productive,0,0,1,0
profess,0,0,1,0
professed,0,0,4,0
professing,0,0,1,0
profession,2,0,7,10
professional,2,0,0,14
professionally,0,0,0,1
professions,0,0,6,0
professor,1,2,0,0
professorship,1,0,0,0
proffered,1,0,0,0
proficiency,0,0,1,0
proficient,0,0,1,1
profile,1,0,0,0
profiles,0,1,0,0
profit,6,0,1,0
profitable,1,0,0,0
profited,0,0,0,1
profligacy,0,0,1,0
profligate,2,0,1,0
profound,3,1,0,2
profoundest,1,0,0,0
profoundly,0,0,0,1
profuse,0,0,1,0
profusion,0,0,1,0
prognostics,0,0,1,0
programme,0,3,0,1
programmes,0,1,0,0
progress,6,2,5,1
progressive,5,0,0,0
progressively,1,0,0,0
progressives,2,0,0,0
prohibited,0,0,1,0
prohibition,1,0,0,0
project,6,0,1,0
projected,1,1,1,0
projectile,0,2,0,0
projecting,1,1,0,2
prokofitch,24,0,0,0
prolong,0,0,0,1
prolonged,3,0,0,2
prominence,0,0,0,1
prominent,1,0,0,0
promise,13,2,17,14
promised,12,1,21,5
promises,2,0,3,4
promising,1,0,4,1
promote,1,0,4,0
promoted,0,2,1,0
promotes,1,0,0,0
promoting,1,0,0,0
prompt,0,0,1,6
prompted,0,0,1,1
prompting,3,0,0,0
promptly,4,0,0,1
prone,0,0,2,0
pronounce,0,2,3,2
pronounced,10,0,10,0
pronouncing,0,0,1,0
proof,14,0,7,8
proofs,4,0,0,2
proosia,0,0,0,1
propaganda,6,0,0,0
propagation,0,0,0,1
propensities,0,0,1,0
propensity,2,0,1,0
proper,5,0,21,1
properly,6,2,8,0
property,13,1,8,6
prophet,4,0,0,0
propitious,0,0,1,0
proportion,1,0,4,1
proportionate,0,0,1,0
proportionately,1,0,0,0
proportioned,1,0,1,0
proportions,1,0,1,0
proposal,1,0,10,1
proposals,3,0,9,0
propose,1,0,3,2
proposed,5,1,5,1
proposing,2,0,0,0
proposition,4,1,0,1
propositions,1,0,0,0
propound,0,0,0,1
propounds,2,0,0,0
propped,0,1,0,0
propping,1,0,0,0
proprietor,0,2,3,3
propriety,0,0,8,2
prosecute,4,0,0,0
prosecuted,0,0,0,1
prosecution,1,0,0,2
prosecutor,1,0,0,0
prospect,9,0,14,1
prospecting,0,0,0,1
prospective,1,0,0,0
prospects,0,0,4,0
prosper,0,0,0,1
prosperity,0,0,3,1
prosperous,1,1,2,1
prostrate,1,0,0,0
protect,10,3,0,2
protected,1,4,0,0
protecting,2,0,0,0
protection,0,0,2,1
protector,0,1,0,0
protectors,1,0,0,0
protest,14,1,1,0
protestation,0,0,0,1
protested,5,0,8,2
protesting,2,0,4,1
protests,1,0,0,0
protracted,0,3,0,0
protruded,1,0,0,3
protruding,0,0,0,5
proud,22,7,22,1
proudest,0,0,1,0
proudly,1,0,1,0
prove,13,2,8,9
proved,9,1,17,4
proverb,2,0,1,0
proves,4,0,0,2
provide,5,0,4,1
provided,6,0,7,4
providence,9,0,0,0
providential,2,0,0,0
providing,0,0,1,1
province,7,0,0,2
provinces,4,0,0,1
provincial,1,0,0,1
proving,3,0,1,1
provision,0,0,2,1
provisional,0,1,0,0
provisions,1,0,0,0
provocations,0,0,1,0
provocative,1,0,0,0
provoke,0,0,5,0
provoked,0,0,3,2
provoking,2,0,3,0
proximity,1,0,0,0
proxy,0,0,1,0
prudence,4,0,4,0
prudent,1,0,4,0
prudential,0,0,1,0
prudently,0,0,1,0
pruning,1,0,0,0
prussian,2,0,0,1
pry,0,1,0,0
prying,0,0,0,1
pshaw,0,0,0,2
psychological,7,0,0,0
psychologically,5,0,0,0
psychologist,1,0,0,0
psychology,12,0,0,0
pub,0,1,0,0
public,11,0,12,21
publications,1,0,0,0
publicity,1,0,0,2
publicly,0,0,3,1
publish,1,0,1,0
published,1,0,0,0
publisher,2,0,0,0
publishers,4,0,0,0
publishing,4,0,0,0
puckered,0,1,0,1
pudding,2,2,0,0
puddle,2,0,0,0
puddles,0,0,1,0
puffed,0,0,1,2
puffing,2,1,0,4
puffs,0,2,0,0
puffy,1,0,0,0
pulcheria,124,0,0,0
pull,11,4,1,7
pulled,36,44,0,17
pulling,9,3,0,4
pulls,2,0,0,0
pulp,0,0,0,1
pulpy,0,1,0,0
pulse,3,0,0,0
pulsing,0,1,0,0
punch,3,0,1,0
punchinello,1,0,0,0
punching,1,0,0,0
punctiliousness,1,0,0,0
punctual,0,0,3,0
punctuality,0,0,2,0
punctually,3,0,3,0
puncture,0,1,0,0
punctures,0,0,0,1
pungent,0,0,0,1
punish,4,0,3,1
punished,1,0,0,0
punishing,1,0,0,0
punishment,2,0,5,3
puny,0,0,0,1
pupils,0,0,0,1
puppy,1,1,0,0
purchase,1,0,6,1
purchased,1,0,3,0
purchases,1,0,2,0
purchasing,1,0,0,1
pure,5,3,2,2
purely,3,0,0,4
purer,0,1,0,0
purest,0,1,0,1
purify,1,0,0,0
purissimo,0,1,0,0
purity,5,0,0,1
purple,1,1,0,3
purplish,1,1,0,0
purport,0,0,2,2
purpose,33,5,18,11
purposely,4,0,6,0
purposes,1,0,0,4
purr,0,1,0,0
purse,20,0,1,2
purses,0,0,1,1
pursue,0,0,6,1
pursued,1,0,2,3
pursuers,0,0,0,1
pursuing,3,0,3,0
pursuit,4,0,6,0
pursuits,0,0,1,0
purveyor,0,0,0,1
purvis,0,0,1,0
purée,0,1,0,0
pus,0,1,0,0
push,2,5,0,2
pushed,9,15,0,14
pushing,7,0,0,3
pushkin,3,0,0,0
put,187,134,31,69
puts,4,1,0,0
puttee,0,2,0,0
puttees,0,6,0,0
putting,28,4,5,10
putty,0,0,0,2
puzzle,0,0,2,2
puzzled,3,2,1,5
puzzling,0,0,0,1
pyotr,173,0,0,0
pyramid,1,0,0,0
pyramids,1,0,1,0
pâté,0,0,0,1
quadrangle,1,0,0,0
quadrangular,1,0,0,0
quadrilateral,0,1,0,0
quadrille,0,0,4,0
quaking,1,0,0,0
qualifications,0,0,2,1
qualified,0,0,4,0
qualities,7,0,6,1
quality,2,2,2,1
quand,1,0,0,0
quantities,1,0,0,0
quantity,1,0,1,0
quarrel,6,1,5,5
quarrelled,9,1,1,0
quarrelling,5,0,3,2
quarrels,0,0,0,2
quarrelsome,1,0,1,0
quart,1,0,0,0
quarter,17,6,9,11
quartered,0,0,3,0
quartering,0,0,0,1
quarters,7,2,3,5
quavering,0,0,0,1
quay,0,4,0,0
queen,4,2,0,2
queer,16,0,0,1
queerness,1,0,0,0
quench,0,0,0,1
quenching,1,0,0,0
querulous,0,0,1,0
quest,0,0,7,6
question,124,9,23,35
questionable,0,0,0,2
questioned,1,9,3,0
questioner,1,0,0,0
questioners,0,2,0,0
questioning,5,8,0,11
questions,30,2,16,5
quick,8,3,10,25
quicken,1,0,0,0
quicker,6,0,0,1
quickly,47,11,4,5
quickness,0,0,3,0
quiet,14,19,7,21
quieted,0,0,2,0
quieter,0,4,1,0
quietest,0,1,0,0
quieting,0,1,0,0
quietly,22,1,9,20
quill,0,0,0,2
quilt,5,0,0,0
quinceys,0,0,0,1
quinsy,0,0,0,1
quit,0,0,10,0
quite,186,34,95,107
quitted,0,0,9,1
quitting,0,0,8,0
quiver,3,0,0,0
quivered,2,0,0,1
quivering,12,0,0,1
quote,0,1,0,2
quoted,2,1,0,0
quotes,0,1,0,1
r,2,0,0,1
rabbi,0,0,0,1
rabbit,0,2,0,2
rabbits,1,0,0,1
race,3,7,1,2
races,1,5,0,0
racing,0,8,0,0
rack,2,3,0,4
racked,0,0,1,0
racking,1,0,0,0
racks,0,2,0,0
radiance,1,0,0,2
radiant,3,0,0,0
radiator,0,3,0,0
radical,1,0,0,0
radish,2,0,0,0
radishchev,1,0,0,0
radius,0,0,0,2
raff,1,0,0,0
rafts,1,0,0,0
rag,6,0,0,0
rage,12,0,2,3
raged,2,0,0,0
ragged,14,0,0,1
raging,1,0,0,0
ragout,0,0,1,0
rags,31,0,0,0
rail,1,2,1,0
railed,0,0,0,1
railing,5,0,0,0
railings,0,0,0,1
railroad,0,3,0,0
rails,0,6,0,1
railway,4,18,0,3
railways,1,0,0,0
rain,16,108,4,9
rainbow,1,0,0,0
rained,0,8,1,0
raining,0,22,0,0
rains,0,3,0,0
rainy,1,0,1,0
raise,10,2,0,13
raised,33,2,6,12
raising,15,0,3,3
raisins,1,0,0,0
rake,0,0,0,1
rakishly,1,0,0,0
rallied,0,0,2,0
ralph,0,1,0,0
ramble,0,0,2,0
rambled,0,0,1,0
rambling,0,0,0,1
ramblings,0,0,0,1
ramsgate,0,0,3,0
ran,85,20,13,30
random,2,0,0,1
rang,14,10,1,4
range,2,1,2,0
ranged,0,1,0,0
ranges,0,2,0,0
rank,7,9,12,1
ranks,2,0,0,0
ransack,1,0,0,0
ransacked,1,0,0,2
ransacking,1,0,0,0
rant,0,0,1,0
rapacity,0,0,1,0
raphael,1,0,0,0
raphaels,2,0,0,0
rapid,11,0,3,1
rapidity,4,0,4,1
rapidly,7,3,2,5
rapping,2,0,0,0
rapt,0,0,0,1
rapture,4,0,2,0
raptures,0,0,7,0
rapturous,0,0,2,0
rapturously,0,0,1,0
rare,4,0,0,3
rarely,4,2,0,0
rascal,1,0,0,0
rascally,1,0,0,1
rash,1,1,0,0
rashers,0,0,0,1
rashness,0,0,1,1
raskolnikov,724,0,0,0
raskolnikovs,60,0,0,0
raspberries,1,0,0,0
raspberry,2,0,0,0
rat,0,0,0,8
rate,10,2,5,6
rated,0,0,1,0
rather,84,12,55,64
rational,5,0,10,0
rationally,0,0,3,0
rats,2,0,0,0
rattan,0,1,0,0
rattle,1,1,2,4
rattled,0,0,0,5
rattling,0,0,0,2
rave,5,0,0,0
raved,0,0,0,1
raving,5,0,0,0
ravne,0,1,0,0
raw,0,1,0,0
rawness,0,1,0,0
ray,1,4,0,1
rays,1,1,0,0
razor,1,2,0,0
razors,1,1,0,0
razsudkin,1,0,0,0
razumihin,324,0,0,0
razumihins,24,0,0,0
re,2,3,4,2
reabsorbed,0,0,0,1
reach,7,3,8,12
reached,37,15,18,19
reaches,0,0,0,2
reaching,12,0,3,2
reaction,2,0,0,4
reactionaries,1,0,0,0
reactionary,1,0,0,0
read,71,41,41,36
reader,0,0,3,0
readers,0,0,0,1
readily,1,0,18,6
readiness,4,0,4,0
reading,30,8,14,14
ready,53,16,20,24
real,32,9,31,12
realise,11,0,0,3
realised,17,0,0,2
realising,7,0,0,3
realism,0,0,0,1
realistic,0,0,0,1
realities,1,0,1,0
reality,7,0,0,0
realize,0,11,0,0
realized,0,8,1,0
really,131,75,89,51
reap,1,0,1,0
reaped,0,0,0,1
reappear,0,0,1,0
rear,0,4,0,0
reared,0,0,0,1
rearing,0,0,0,1
rearranging,0,0,0,2
reason,51,8,51,26
reasonable,0,4,14,1
reasonableness,0,0,1,0
reasonably,0,0,4,0
reasoned,0,0,0,2
reasoner,0,0,0,6
reasoning,5,0,1,11
reasons,11,0,5,8
reassure,3,0,0,0
reassured,5,0,0,0
reaumur,1,0,0,0
rebellious,1,0,0,0
rebounding,1,0,0,0
rebuke,0,0,1,0
recall,7,0,2,5
recalled,15,0,2,3
recalling,6,0,0,0
recantation,1,0,0,0
recede,0,0,1,0
receded,0,0,0,1
receipt,0,0,2,1
receipts,1,0,0,1
receive,11,0,28,6
received,27,2,61,14
receiver,1,0,0,1
receiving,5,0,20,1
recent,12,0,5,6
recently,1,0,0,2
reception,1,2,9,1
recess,0,0,0,1
recesses,0,0,0,1
recital,0,0,3,0
reckless,2,0,0,2
recklessly,1,0,0,0
recklessness,1,0,0,0
reckon,13,0,1,0
reckoned,7,0,1,0
reckoning,16,1,0,0
reclaim,0,0,0,1
recognise,9,0,0,4
recognised,18,0,0,5
recognising,4,0,0,1
recognition,1,0,0,0
recognize,0,3,0,0
recognized,0,1,1,0
recognizing,0,0,1,0
recoil,0,0,0,1
recoiled,1,0,0,1
recollect,6,0,6,2
recollected,8,0,13,0
recollecting,2,0,5,0
recollection,6,0,12,0
recollections,2,0,8,0
recommence,0,0,0,1
recommenced,0,0,1,0
recommend,1,4,12,2
recommendation,1,0,4,0
recommendations,0,0,1,0
recommended,1,1,9,2
recommending,0,0,2,0
recompense,0,0,0,3
reconcile,0,0,1,0
reconciled,5,0,2,0
reconciliation,2,0,2,0
reconciling,0,0,1,0
reconsider,0,0,0,1
reconsidered,0,0,0,2
reconsidering,0,0,1,0
reconstruction,0,0,0,1
record,0,0,0,6
recorded,0,0,0,2
records,0,2,0,7
recounted,1,0,0,0
recourse,3,0,0,1
recover,3,0,6,2
recovered,9,0,6,9
recovering,4,0,5,2
recovery,9,0,3,0
recreation,0,0,1,0
rectify,0,0,0,1
rectitude,0,0,1,0
rector,0,0,3,0
rectory,0,0,1,0
recurring,2,0,2,0
red,35,25,3,49
redder,0,0,0,1
reddish,2,0,0,0
redecorated,2,0,0,0
redeem,3,0,0,0
redeemed,1,0,0,0
redeemer,1,0,0,0
redoubled,6,0,0,0
redress,0,0,1,0
reduce,2,0,0,0
reduced,4,0,4,1
reducing,1,0,0,0
reed,0,0,0,1
reeds,0,0,0,3
reeked,1,0,0,0
reeking,1,0,0,0
reel,0,0,2,0
reeled,1,0,0,0
refer,1,0,0,1
reference,1,0,2,7
referred,3,0,1,7
referring,2,0,0,0
refers,0,0,0,2
refined,5,1,0,1
refinement,0,0,0,1
refinements,0,0,1,0
reflect,6,0,5,0
reflected,13,1,3,0
reflecting,10,0,1,0
reflection,8,0,10,0
reflections,1,0,9,0
reflects,1,0,0,0
reflex,0,1,0,0
reform,1,0,0,0
reforms,1,0,0,0
refrain,3,0,3,1
refrained,1,1,1,0
refreshed,1,0,0,1
refreshing,2,0,2,0
refreshingly,0,0,0,1
refreshment,0,0,5,0
refuge,0,0,1,0
refund,0,0,0,1
refusal,0,0,7,3
refusals,0,0,1,0
refuse,21,3,9,6
refused,6,1,6,7
refusing,3,0,7,0
refute,1,0,1,0
regain,1,0,1,1
regained,3,0,1,2
regaining,3,0,0,0
regard,17,0,49,2
regarded,5,0,3,0
regarding,0,0,1,0
regardless,1,0,2,0
regards,3,0,0,2
regency,0,0,0,1
regeneration,1,0,0,0
regent,0,0,0,2
regiment,2,12,19,0
regimental,1,0,0,0
regimentals,0,0,3,0
regiments,0,2,3,0
region,0,0,0,1
register,0,0,0,2
registers,0,0,0,1
registry,0,0,0,1
regret,9,2,19,1
regretfully,0,1,0,0
regrets,0,0,3,0
regretted,2,0,1,4
regretting,3,0,2,0
regular,20,1,3,3
regularity,2,0,0,0
regularly,2,5,1,0
regulars,0,0,2,0
regulate,0,0,1,0
regulated,0,0,1,0
regulation,0,1,1,0
regulations,0,0,0,1
regurgitation,0,0,0,1
rehearsal,1,0,0,0
rehearse,1,0,0,0
reign,1,0,0,0
reigned,2,0,0,0
reigning,1,0,0,3
reinforced,1,0,0,0
reins,1,2,0,0
reinstating,1,0,0,0
reject,2,0,4,0
rejected,1,0,4,1
rejecting,0,0,2,0
rejection,0,0,2,0
rejoice,2,0,7,0
rejoiced,1,0,9,1
rejoicing,0,0,4,0
rejoin,0,0,0,1
rejoined,0,0,1,0
rekindled,0,0,1,0
relapse,1,0,0,0
relapsed,2,0,0,1
relapsing,1,0,0,1
relate,0,0,11,1
related,1,0,16,0
relates,0,0,3,0
relating,0,0,5,0
relation,10,1,11,3
relations,8,0,25,3
relationship,2,0,11,0
relative,8,0,3,2
relatives,0,2,0,3
relaxed,0,2,0,1
release,0,0,1,0
released,2,0,0,1
relentless,0,0,0,2
relevant,0,0,0,1
reliability,0,0,0,1
reliable,1,0,0,0
reliance,1,0,3,1
reliant,1,0,0,0
relic,0,0,0,1
relics,0,0,0,1
relied,3,0,1,0
relief,6,1,13,2
relies,2,0,0,0
relieve,2,0,2,1
relieved,4,1,8,0
relieves,1,0,0,0
religion,1,6,0,0
religious,4,3,0,0
religiously,1,0,0,0
relinquish,0,0,1,0
relish,6,0,0,1
relished,1,0,1,0
reload,0,1,0,0
reluctance,2,0,1,0
reluctant,1,0,2,0
reluctantly,7,0,0,0
rely,2,0,1,5
relying,2,0,0,0
remain,17,1,10,8
remainder,0,0,1,2
remained,31,0,23,18
remaining,3,0,8,2
remains,3,0,5,7
remanded,0,0,0,1
remark,4,0,3,11
remarkable,3,0,7,21
remarkably,3,0,10,3
remarked,3,0,1,64
remarkedly,1,0,0,0
remarking,1,0,0,2
remarks,6,0,8,6
remedied,0,0,0,1
remedy,0,0,2,0
remember,103,19,22,27
remembered,46,8,9,6
remembering,13,0,2,0
remembers,2,0,0,0
remembrance,0,0,3,1
remind,3,3,3,0
reminded,6,0,6,0
reminding,2,0,1,0
remit,1,0,0,0
remittance,2,0,0,0
remnants,1,0,0,0
remonstrance,0,0,1,1
remorse,3,2,1,0
remorseless,0,0,0,1
remote,3,0,0,0
remoteness,1,0,0,0
removal,0,1,7,0
remove,1,3,2,5
removed,5,1,17,5
removing,1,2,3,1
remunerative,0,0,0,1
rend,1,0,0,0
render,0,0,3,0
rendered,1,0,11,0
rendering,0,0,1,0
rendezvous,0,1,0,0
rending,1,0,0,2
renew,2,0,0,1
renewal,1,0,7,0
renewed,4,0,6,1
renewing,0,0,2,0
renews,1,0,0,0
renounce,2,0,0,0
renounced,1,0,0,0
rent,4,0,0,3
reopened,0,0,0,1
reopening,0,0,0,1
repaid,0,0,2,1
repair,0,0,0,1
repaired,0,1,4,0
repairs,1,0,0,3
reparation,0,0,0,1
repartee,0,0,0,1
repay,6,0,0,2
repaying,1,0,0,0
repeat,11,0,5,1
repeated,52,3,21,5
repeatedly,1,0,9,1
repeating,4,0,6,0
repel,2,0,1,0
repelled,0,0,1,1
repellent,1,0,0,0
repelling,1,0,0,0
repent,1,0,1,0
repentance,4,0,1,0
repented,1,0,1,1
repetition,1,0,3,0
repine,0,0,4,0
repining,0,0,2,0
repinings,0,0,1,0
replace,0,0,0,3
replaced,1,0,0,1
replete,0,0,1,0
replied,13,0,103,3
replies,0,0,1,0
reply,18,0,25,6
replying,2,0,3,0
report,5,10,17,1
reported,1,0,0,4
reporter,0,0,0,1
reporting,1,0,1,1
reports,1,2,1,1
repose,0,0,1,0
reprehensible,0,0,3,0
represent,1,0,3,2
representation,0,0,4,0
representative,0,0,0,1
represented,0,0,7,2
representing,1,0,2,0
represents,0,0,0,1
repress,1,0,1,0
repressed,0,0,2,0
repressing,0,0,1,0
reproach,6,0,8,1
reproached,2,0,2,0
reproaches,5,0,1,0
reproachfully,1,0,0,1
reproduce,1,0,0,0
reproduced,1,0,0,0
reproducing,1,0,0,0
reproof,1,0,4,0
reproofs,0,0,2,0
reptiles,0,0,0,1
republican,0,0,0,2
repugnance,4,0,1,0
repugnant,0,0,1,1
repulse,1,0,0,0
repulsed,0,0,1,0
repulsion,9,0,0,1
repulsive,3,0,1,2
reputable,1,0,0,0
reputation,7,0,3,3
repute,0,0,0,2
reputed,1,0,2,0
request,15,0,12,4
requested,0,1,2,1
requester,0,0,1,0
requesting,0,0,2,0
requests,0,0,0,1
requiem,3,0,0,0
require,0,0,3,0
required,2,1,11,2
requirement,0,0,0,1
requires,0,1,0,0
requiring,1,0,5,0
requisite,0,0,1,0
requited,0,0,1,0
rescue,1,0,1,1
rescued,1,1,0,0
rescuing,1,0,0,0
research,1,0,1,1
researches,0,0,0,2
resemblance,0,0,7,2
resembled,1,0,0,0
resembling,1,0,0,1
resent,1,0,4,0
resented,1,0,3,0
resentful,1,0,2,0
resentfully,1,0,2,0
resentment,0,0,17,1
resentments,0,0,1,0
reserve,2,0,6,3
reserved,2,0,7,0
reserves,0,0,3,0
resided,0,0,0,2
residence,0,0,4,3
resides,0,0,1,0
residing,0,0,1,2
resign,0,0,1,0
resignation,0,0,2,0
resigned,0,0,6,0
resigning,0,0,1,0
resist,8,0,4,2
resistance,3,0,2,1
resisted,1,0,1,0
resisting,0,0,1,0
resistless,0,0,0,1
resists,0,2,0,0
resolute,4,0,1,3
resolutely,12,0,3,0
resolution,5,0,19,3
resolutions,1,0,0,1
resolve,0,0,2,2
resolved,13,0,31,1
resolving,0,0,7,0
resort,1,0,0,1
resorted,1,0,0,0
resounded,1,0,0,1
resounding,0,0,1,0
resource,2,0,1,2
resourcefulness,1,0,0,0
resources,2,0,0,2
respect,31,1,30,5
respectability,2,0,5,0
respectable,12,0,14,5
respected,9,3,3,0
respectful,4,0,1,0
respectfully,4,2,0,0
respecting,0,0,3,0
respective,0,0,1,0
respects,5,0,6,3
respirator,0,1,0,0
respond,1,0,0,1
responded,0,0,0,3
responds,1,0,0,0
response,2,0,0,0
responses,0,0,0,1
responsibility,1,1,0,1
responsible,4,0,0,2
responsive,1,0,0,0
resslich,7,0,0,0
resslichs,4,0,0,0
rest,44,11,40,19
restaurant,9,2,0,1
restaurants,1,2,0,0
rested,9,5,1,3
restful,2,1,0,0
resting,5,2,0,1
restive,1,0,0,1
restless,2,1,1,1
restlessness,3,0,0,0
restoration,0,0,3,0
restore,6,0,0,1
restored,3,0,2,1
restoring,0,0,1,0
restrain,14,0,2,1
restrained,3,0,1,0
restraining,1,0,0,0
restraint,1,0,5,2
rests,2,0,0,1
result,3,1,5,14
results,1,0,0,12
resume,0,1,1,0
resumed,2,0,0,0
resuming,1,0,1,0
resurrection,4,0,0,0
retail,0,0,1,0
retailing,0,0,1,0
retain,3,0,1,3
retained,2,0,2,7
retaining,1,0,2,0
retains,0,0,1,0
retaliate,0,0,1,0
retire,0,0,0,3
retired,6,1,3,7
retirement,0,0,2,0
retiring,2,0,0,2
retort,3,0,1,1
retorted,2,0,0,1
retract,1,0,0,0
retreat,3,26,0,1
retreated,2,0,1,0
retreating,1,0,1,0
retrograde,1,0,0,0
retrogression,0,0,0,2
retrospections,0,0,1,0
retrospective,0,0,1,0
return,21,7,51,19
returned,21,5,45,36
returning,4,1,11,11
returns,0,0,2,3
reveal,1,0,0,2
revealed,1,0,2,3
revealing,0,0,1,1
revellers,1,0,0,1
revenge,2,0,2,2
revenging,1,0,1,0
revenue,1,0,0,0
revered,0,0,1,0
reverence,2,0,0,0
reverently,2,0,0,0
reverie,1,0,1,1
reverse,0,1,1,1
reverting,1,0,1,0
reviendra,1,0,0,0
review,5,0,3,0
reviling,1,0,0,0
revival,0,0,1,0
revive,1,0,1,0
revived,1,0,3,0
revolt,2,0,1,0
revolted,0,0,1,0
revolting,8,0,0,0
revolution,2,0,1,0
revolved,0,0,0,1
revolver,17,0,0,7
revolving,0,1,1,0
revulsion,3,0,0,0
reward,2,0,0,9
rewarded,0,0,3,0
reynolds,0,0,10,0
rhone,0,3,0,0
rhymes,1,0,0,0
rhythmically,1,0,0,0
rib,0,1,0,0
ribbed,0,0,0,1
ribbons,4,1,0,0
ribs,2,1,0,0
rice,3,0,0,0
rich,13,2,12,11
richard,0,0,1,0
richer,0,0,0,4
richest,0,0,0,2
richly,0,0,1,0
richness,0,0,0,1
rickety,1,0,0,1
rid,13,3,5,5
riddle,1,0,0,0
riddles,1,0,0,0
ride,0,16,3,0
rides,0,1,0,0
ridge,0,10,1,0
ridges,0,1,0,0
ridicule,2,0,5,0
ridiculing,0,0,1,0
ridiculous,12,1,4,0
ridiculously,0,0,0,1
ridiculousness,0,1,0,0
riding,0,8,1,0
rien,0,0,0,1
riff,1,0,0,0
rifle,0,8,0,1
rifled,0,0,0,2
rifles,0,7,0,0
rift,0,0,0,1
rifts,0,0,0,1
rig,2,0,0,0
rigamarole,1,0,0,0
right,218,224,43,98
righteous,3,0,0,0
righteousness,2,0,0,0
rightful,0,0,1,0
rightly,0,0,2,1
rights,2,1,0,3
rigid,1,0,0,2
rigidity,1,0,0,0
rigueur,1,0,0,0
rim,1,0,0,0
rimmed,0,1,0,0
rinaldi,0,96,0,0
rinaldis,0,2,0,0
rinaldo,0,6,0,0
ring,16,4,5,17
ringing,12,0,0,2
ringleaders,1,0,0,0
rings,20,3,1,3
rinin,0,3,0,0
rinse,0,2,0,0
rinsing,1,1,0,0
rioting,0,1,0,0
riotous,1,0,0,0
riots,0,1,0,0
rip,0,2,0,0
riparto,0,1,0,0
ripped,0,2,0,0
rise,4,2,2,5
risen,3,0,1,4
riser,0,0,0,1
risers,0,0,0,1
rises,0,0,1,0
rising,8,6,7,9
risk,8,0,5,3
risked,3,0,0,0
risks,0,0,0,1
risky,1,0,0,0
rite,1,0,0,0
rites,0,0,1,0
rival,0,0,1,1
rivals,0,0,1,0
rivederci,0,1,0,0
rivederla,0,1,0,0
river,7,68,6,7
rivers,0,1,1,0
riverside,0,0,0,2
riveted,2,0,0,1
ro,2,0,0,0
road,18,177,14,36
roadbed,0,1,0,0
roads,6,21,1,4
roadside,0,1,0,0
roadway,0,0,0,1
roam,0,1,0,0
roar,2,1,0,2
roared,7,2,0,2
roaring,2,1,0,0
roasted,0,1,1,0
roasting,0,0,0,1
rob,7,0,2,0
robbed,5,0,0,0
robber,1,0,0,1
robberies,0,0,0,2
robbery,4,0,0,8
robbing,2,0,0,0
robert,0,0,0,7
robinson,0,0,2,1
robinsons,0,0,1,0
rocca,0,3,0,0
rock,4,4,0,0
rocked,0,1,0,1
rocket,0,0,0,4
rockets,0,3,0,0
rockies,0,0,0,1
rocks,0,2,1,0
rocky,0,1,0,0
rod,0,0,0,1
rode,0,6,2,0
rodgers,0,1,0,0
rodion,97,0,0,0
rodionovitch,1,0,0,0
rods,0,3,0,0
rodya,124,0,0,0
rodyas,3,0,0,0
rogue,5,0,0,2
role,0,0,0,1
roll,1,2,0,1
rolled,2,2,0,6
rolling,3,0,0,1
rolls,1,5,0,0
roma,0,2,0,0
romanovitch,86,0,0,0
romanovna,109,0,0,0
romanovnas,6,0,0,0
romantic,4,0,1,0
rome,0,15,0,0
romeo,3,0,0,0
romper,0,0,0,1
romulus,0,1,0,0
roof,1,8,0,9
roofed,0,0,0,1
roofs,0,10,0,3
room,284,148,150,171
roommate,0,1,0,0
rooms,39,5,10,29
roosters,0,1,0,0
root,1,0,0,0
rooted,5,0,1,0
roots,1,0,0,3
rope,0,2,0,9
roped,0,1,0,0
ropes,0,0,0,1
rose,22,7,7,26
roses,2,0,1,0
rosings,0,0,49,0
ross,0,0,0,13
rossa,0,3,0,0
rosy,3,0,0,0
rot,1,0,0,0
rotten,1,11,0,0
rotterdam,0,0,0,1
rouble,34,0,0,0
roubles,95,0,0,0
rough,1,8,1,4
roughly,6,0,0,2
roughs,0,0,0,3
round,117,5,17,81
roundabout,1,0,0,0
rounded,0,1,0,1
rounder,0,1,0,0
rounds,0,0,0,1
rouse,4,0,0,1
roused,13,0,7,3
rousing,4,0,0,0
rousseau,1,0,0,0
route,0,0,3,0
routine,1,0,0,3
row,3,18,0,5
rowed,0,17,0,0
rowing,0,10,0,0
rows,1,3,0,0
royal,0,0,0,4
royally,0,1,0,0
roylott,0,0,0,14
roylotts,0,0,0,9
rs,0,0,0,1
rubbed,4,3,0,3
rubber,2,6,0,4
rubbing,4,0,0,4
rubbish,6,0,0,0
rubbishly,1,0,0,0
rubble,0,3,0,0
rubens,0,1,0,0
rubinstein,1,0,0,0
ruby,0,0,0,1
rucastle,0,0,0,34
rucastles,0,0,0,8
rucksack,0,8,0,0
ruddy,0,1,0,1
rude,9,3,3,2
rudely,6,0,0,0
rudeness,5,0,2,0
ruder,1,0,0,0
rudest,2,0,0,0
rueful,0,0,0,1
ruefully,0,0,0,3
ruffian,1,0,0,1
ruffians,0,0,0,1
ruffled,1,0,0,0
rug,1,0,0,3
rugs,1,0,0,0
ruin,10,3,5,7
ruined,0,1,2,2
ruining,1,0,1,0
ruins,1,1,0,0
rule,4,0,2,6
ruled,0,1,1,0
rules,2,2,0,1
rum,2,1,0,0
rumble,0,0,0,1
rummaged,1,0,0,3
rummaging,3,0,0,0
rumour,0,0,0,1
rumours,6,0,0,3
run,65,9,11,14
rung,2,0,0,0
runners,0,1,0,0
running,32,11,10,13
runs,0,0,1,5
runway,0,1,0,0
rupture,7,3,0,0
rural,0,0,0,1
ruse,0,0,0,1
rush,10,3,0,7
rushed,49,0,1,33
rushes,0,0,0,1
rushing,7,2,0,5
russells,0,0,0,1
russia,5,2,0,0
russian,11,0,0,1
russians,2,1,0,0
rustic,0,0,0,1
rustle,5,0,0,0
rustled,0,1,0,0
rusty,1,1,0,2
rut,3,0,0,0
ruth,0,1,0,0
ruthless,0,0,0,1
ruthlessly,1,0,0,0
ruts,0,4,0,0
ryazan,1,0,0,0
ryder,0,0,0,11
ryders,0,0,0,1
répertoire,0,0,0,1
rôle,3,0,0,0
rôles,1,0,0,0
s,1,0,2,4
sable,0,0,0,1
sabre,1,2,0,0
sack,2,1,0,0
sacking,1,0,0,0
sacks,1,0,0,0
sacrament,2,0,0,0
sacred,3,5,0,0
sacrifice,10,2,8,2
sacrificed,0,0,1,1
sacrifices,1,1,0,0
sacrificing,4,0,0,1
sacrilegious,0,1,0,0
sad,10,1,4,6
saddest,0,0,0,1
saddle,0,2,0,0
saddles,0,1,0,1
sadly,2,1,2,1
sadness,2,0,0,0
sadovy,2,0,0,0
safe,2,6,8,20
safeguard,0,0,0,1
safely,0,1,3,4
safer,0,1,0,2
safes,0,0,0,1
safest,0,0,1,0
safety,4,1,1,5
sagacity,0,0,1,0
sage,1,0,0,0
said,518,1226,402,486
sail,0,2,0,0
sailed,0,2,0,1
sailing,0,0,0,4
sailor,0,0,0,1
sails,0,1,0,0
saint,1,12,0,0
sait,1,0,0,0
saith,5,0,0,0
sake,36,5,23,11
sakes,1,0,2,0
salad,0,1,1,0
salary,7,0,0,6
salesman,0,1,0,9
sallied,0,0,1,0
sallies,0,0,0,1
sallow,0,0,0,5
sally,2,0,1,1
saloon,5,0,2,0
salt,4,1,0,1
salted,0,2,0,0
salty,0,1,0,0
salutation,0,0,4,0
salute,0,2,0,0
saluted,0,6,0,1
salvarsan,0,1,0,0
salve,0,2,0,0
same,178,28,68,56
sameness,0,0,1,0
samovar,5,0,0,0
samovars,2,0,0,0
sample,0,0,0,2
san,0,19,0,2
sanction,5,0,1,0
sanctioned,0,0,2,0
sand,2,1,0,1
sandbags,0,2,0,0
sandwich,0,0,0,1
sandwiched,0,0,0,2
sandwiches,0,7,0,0
sang,2,2,1,0
sanguine,0,0,2,0
sanitary,0,1,0,0
sank,46,0,0,6
sarah,0,0,1,0
sarasate,0,0,0,1
sarcasm,2,0,0,0
sarcastic,1,0,1,0
sarcastically,5,1,0,0
sardonic,0,0,0,1
sash,1,0,1,0
sasso,0,1,0,0
sat,106,96,38,54
satin,2,3,2,1
satire,1,0,0,0
satirical,0,0,1,0
satisfaction,11,0,27,5
satisfactions,0,0,1,0
satisfactorily,1,0,0,0
satisfactory,3,1,7,1
satisfied,5,1,34,5
satisfy,1,0,11,3
satisfying,0,0,1,1
saturated,0,0,0,1
saturday,1,0,17,5
saturdays,0,0,0,1
sauce,0,2,0,0
saucer,3,1,0,3
saucers,0,1,0,0
saucy,0,0,1,0
sauerkraut,0,1,0,0
saunders,0,5,0,0
sausage,3,4,0,0
savage,3,0,1,2
savagely,0,0,0,2
savannah,0,0,0,5
save,13,3,3,37
saved,13,4,3,9
saving,3,1,3,2
savings,2,0,0,0
saviour,1,0,0,1
saviours,0,0,0,1
savoia,0,2,0,0
savouries,2,0,0,0
savours,0,0,1,0
savoury,1,0,0,0
saw,154,135,102,89
saxe,0,0,0,7
saxon,0,2,0,1
say,297,88,158,94
saying,50,3,35,10
says,31,7,15,15
scaffold,1,0,0,0
scaffolding,1,0,0,1
scala,0,7,0,1
scale,1,0,1,1
scales,0,0,0,1
scallops,1,0,0,0
scalp,0,3,0,0
scalpel,0,1,0,0
scamp,1,0,0,0
scampering,0,0,1,0
scandal,14,0,0,11
scandalising,1,0,0,0
scandalous,1,0,3,0
scandals,1,0,0,1
scandinavia,0,0,0,2
scanned,4,0,0,0
scanning,4,0,0,0
scantiness,1,0,0,0
scar,0,6,0,4
scarborough,0,0,1,0
scarce,0,1,1,0
scarcely,42,0,45,0
scarcity,0,0,1,0
scare,1,4,0,0
scared,5,7,0,2
scarf,1,0,0,0
scaring,0,1,0,0
scarlet,0,0,2,3
scattered,0,0,2,7
scattering,1,0,0,0
scene,21,0,16,14
scenery,0,0,0,2
scenes,3,0,3,1
scent,6,0,0,6
scented,1,0,0,0
sceptic,1,0,0,1
sceptical,2,0,0,0
sceptics,1,0,0,0
schegolskoy,1,0,0,0
scheme,0,0,18,0
schemer,0,0,0,1
schemes,0,0,7,0
scheming,0,0,1,1
schiller,6,0,0,0
schilleresque,1,0,0,0
schleswig,1,0,0,0
school,16,1,2,4
schoolboy,2,0,0,0
schoolhouse,0,1,0,0
schoolmaster,0,0,0,2
schools,0,0,0,1
schutzen,0,1,0,0
schwach,1,0,0,0
schönsten,1,0,0,0
science,7,0,1,2
scientific,5,0,0,0
scientifically,0,1,0,0
scintillating,0,0,0,1
scissors,0,0,0,3
scoffers,1,0,0,0
scold,0,0,1,0
scolded,1,0,1,0
scolding,4,0,2,0
scope,0,0,1,0
scorches,1,0,0,0
score,5,0,4,0
scored,0,0,0,2
scores,0,0,1,1
scorn,0,0,1,1
scorned,0,0,1,0
scornful,1,1,0,0
scornfully,1,0,0,0
scotch,0,6,2,2
scotia,0,0,0,1
scotland,0,3,8,11
scott,0,0,0,1
scoundrel,15,0,0,5
scoundrelly,2,0,0,0
scoundrels,6,0,0,0
scowl,2,0,0,0
scowled,3,0,0,0
scowling,4,0,0,0
scrape,0,1,1,0
scraped,1,0,0,2
scraping,0,0,0,1
scraps,2,0,0,0
scratch,0,1,0,1
scratched,1,0,0,0
scratching,1,0,0,1
scrawl,1,0,0,1
scrawled,0,0,0,3
scream,10,0,0,5
screamed,10,2,0,6
screaming,6,1,0,2
screams,1,0,0,1
screeched,1,0,0,0
screen,3,5,2,1
screened,0,4,0,0
screening,1,1,0,2
screens,0,1,1,0
screwed,6,0,0,0
screwing,1,0,0,0
screws,0,1,0,0
scribble,1,0,0,1
scribbled,1,0,0,1
scripture,1,0,0,0
scrofulous,1,0,0,0
scrotum,0,2,0,0
scrubbed,1,0,0,0
scrubbing,1,0,0,0
scrubs,1,0,0,0
scruple,0,0,4,0
scrupled,0,0,2,0
scruples,0,0,4,1
scrupulous,0,0,1,1
scrupulously,1,0,0,0
scrutinised,5,0,0,0
scrutinising,4,0,0,0
scrutinizing,0,1,0,0
scrutiny,1,0,1,0
scuffle,0,0,0,3
scuffling,2,0,0,0
sculpture,0,1,0,0
scum,0,2,0,0
scummed,0,0,0,1
scuttling,1,0,0,0
se,1,0,0,0
sea,2,5,1,4
seal,1,0,0,2
sealed,2,0,0,3
sealing,0,1,0,0
seaman,0,0,0,1
seamed,0,0,0,1
seaports,0,0,0,1
search,16,4,2,11
searched,3,0,0,4
searching,6,0,1,3
searchlight,0,1,0,0
seared,0,0,0,2
season,0,2,4,4
seasonable,0,0,1,1
seasons,1,0,0,0
seat,22,29,6,11
seated,5,0,15,6
seating,1,0,0,0
seats,1,0,2,2
secluded,1,0,1,1
seclusion,0,0,1,0
second,55,21,25,25
secondary,1,2,0,0
seconded,1,0,1,0
secondhand,0,1,0,0
seconding,0,0,1,0
secondly,13,0,3,0
seconds,10,0,0,3
secrecy,0,0,10,7
secret,27,0,6,20
secretary,3,0,0,3
secreted,0,0,0,1
secreting,0,0,0,1
secretive,0,0,0,1
secretly,4,0,3,1
secrets,8,0,1,1
sections,0,1,0,0
sector,0,1,0,0
secure,5,0,12,10
secured,0,0,4,3
securer,0,0,0,2
securing,0,0,0,1
securities,1,0,0,0
security,4,0,3,6
sedate,1,0,1,0
sedately,1,0,0,0
sedateness,0,0,1,0
sedentary,1,0,0,1
seduced,2,0,0,0
seducers,0,1,0,0
seduction,0,0,1,0
seductive,2,0,0,0
seductively,1,0,0,0
see,383,272,147,229
seed,3,0,0,0
seeds,0,0,0,1
seedy,0,1,0,2
seeing,48,13,59,22
seek,7,2,8,4
seeking,9,0,7,1
seem,39,5,16,17
seemed,184,35,66,69
seeming,12,0,3,0
seemingly,1,0,0,0
seems,36,3,22,28
seen,105,24,76,72
sees,10,1,6,2
sein,2,0,0,0
seize,2,0,1,1
seized,18,0,2,10
seizing,8,0,1,0
seldom,0,0,10,6
select,0,0,0,3
selected,0,1,3,0
selecting,0,0,1,0
selection,0,0,0,1
selections,0,0,0,1
self,17,9,24,13
selfish,1,0,7,1
selfishness,1,0,1,1
sell,11,4,1,5
selling,5,1,0,0
selves,0,0,1,0
semblance,2,0,0,0
semi,1,0,0,0
semicircle,0,0,0,1
seminaries,0,0,1,0
seminarists,1,0,0,0
semyon,12,0,0,0
semyonovas,1,0,0,0
semyonovitch,24,0,0,0
semyonovna,65,0,0,0
semyonovnas,6,0,0,0
sen,2,0,0,0
senate,4,0,0,0
send,28,29,24,13
senders,0,0,0,1
sending,5,2,1,1
sends,2,0,1,1
senility,0,0,0,1
senior,0,0,0,2
seniority,0,0,1,0
sennight,0,0,2,0
sensation,28,2,3,1
sensational,0,0,0,3
sensationalism,0,0,0,2
sensations,5,1,3,1
sense,26,1,36,9
senseless,8,0,0,3
senses,14,0,4,2
sensibility,0,0,2,0
sensible,19,3,32,1
sensibly,5,0,2,0
sensitive,1,1,0,1
sensitiveness,1,0,0,0
sensual,1,0,0,0
sensualist,1,0,0,0
sensuality,1,0,0,0
sent,51,22,22,20
sentence,11,1,12,4
sentenced,3,0,0,0
sentences,1,0,1,0
sententiously,2,0,0,0
sentiment,0,1,8,0
sentimental,6,1,0,1
sentimentality,2,0,0,0
sentiments,2,0,10,0
sentinel,1,0,1,1
sentry,1,1,0,0
separate,1,2,6,4
separated,2,5,3,2
separately,0,1,1,0
separates,0,0,1,0
separating,0,0,1,0
separation,4,0,8,1
sept,0,0,1,0
september,0,1,1,1
sequel,0,0,1,1
sequence,0,0,0,2
sera,0,2,0,0
serenaded,0,1,0,0
serenely,0,0,0,2
serenity,1,0,3,0
serf,3,0,0,0
serfdom,1,0,0,0
serfs,1,0,0,0
sergeant,0,16,0,0
sergeants,0,13,0,0
series,0,0,0,8
serious,26,8,24,18
seriously,19,1,13,5
seriousness,1,0,0,0
sermon,0,0,2,0
sermons,0,0,3,0
serpent,0,0,0,1
serpentine,0,0,0,8
servant,11,0,16,6
servants,6,1,15,8
serve,3,2,2,3
served,8,4,0,6
server,1,0,0,0
serves,4,0,0,2
service,35,3,7,4
serviceable,1,0,1,0
services,4,1,1,4
servile,1,0,0,0
servility,0,0,1,0
serving,1,1,1,2
servitude,3,0,0,1
set,65,7,31,43
sets,2,0,0,0
settee,0,0,0,1
setter,0,0,0,1
setting,17,0,2,1
settle,6,1,7,7
settled,17,5,48,8
settlement,0,0,2,0
settlements,0,0,1,0
settles,0,0,0,2
settling,4,0,3,2
sevastopol,2,0,0,0
seven,38,6,3,32
sevens,0,1,0,0
seventeen,3,0,0,1
seventh,1,1,0,0
seventy,2,1,0,1
several,35,18,23,30
severe,4,0,8,3
severed,0,0,0,1
severely,5,0,0,2
severest,0,0,1,0
severing,0,1,0,0
severity,4,0,1,0
severn,0,0,0,1
sew,1,1,0,0
sewed,1,1,0,0
sewing,3,2,0,1
sewn,0,0,0,1
sex,2,0,7,1
sexes,1,0,0,0
sh,0,2,0,0
shabbily,0,0,0,1
shabbiness,1,0,0,0
shabby,7,0,0,2
shade,6,0,2,8
shaded,1,0,0,0
shades,0,1,1,1
shading,0,0,0,1
shadow,3,9,0,10
shadows,0,2,0,1
shady,0,1,0,0
shaft,5,0,0,0
shafts,1,1,0,0
shag,0,0,0,4
shake,4,1,2,5
shaken,5,0,3,4
shakes,1,0,0,0
shaking,35,0,2,9
shall,194,2,163,169
shallow,1,2,0,0
shallows,0,1,0,0
shambles,0,1,0,0
shame,12,5,10,0
shamefaced,3,0,0,1
shameful,11,0,2,0
shamefully,0,0,0,2
shameless,4,0,1,0
shamelessly,1,0,0,0
shant,11,0,3,1
shanties,1,0,0,0
shape,3,0,2,7
shaped,1,4,0,2
shapeless,0,0,0,2
shapes,1,0,0,0
share,6,0,14,5
shared,3,1,4,1
sharers,0,0,1,0
shares,4,0,0,0
sharing,1,0,2,2
sharmers,1,0,0,0
sharp,9,7,2,16
sharpened,0,0,2,1
sharper,5,0,0,0
sharpers,1,0,0,0
sharpest,1,0,0,0
sharply,14,4,0,4
shattered,5,1,0,6
shave,1,0,0,2
shaved,2,2,0,0
shaven,6,0,0,3
shaving,0,1,0,1
shawl,15,2,0,1
shawls,4,1,0,0
she,1644,454,1709,426
sheaf,0,1,0,0
shed,22,3,1,1
shedding,2,0,0,0
sheds,1,1,0,0
sheen,0,1,0,0
sheep,0,0,0,1
sheepish,1,0,0,0
sheer,1,0,0,2
sheet,6,7,3,12
sheeting,0,1,0,0
sheets,5,8,1,3
shelf,0,0,0,5
shell,15,19,0,0
shelled,0,2,0,0
shelling,0,6,0,0
shells,1,4,0,0
shelopaev,1,0,0,0
shelter,1,5,0,1
sheltered,0,2,2,0
shelves,0,0,1,2
shepherds,0,0,0,1
sherlock,0,0,0,96
sherry,0,1,0,2
shes,29,25,0,0
shh,1,0,0,0
shield,0,0,1,0
shift,0,1,1,1
shifting,1,0,1,0
shilling,0,0,0,1
shillings,0,0,1,3
shils,1,0,0,0
shimmering,0,0,0,1
shin,0,1,0,0
shine,3,0,1,0
shines,0,1,0,0
shining,3,4,0,12
shins,0,1,0,0
shiny,0,3,0,4
ship,0,2,0,10
shipping,0,0,0,1
ships,0,0,0,2
shipwreck,0,0,0,1
shire,0,0,12,0
shirking,1,0,0,0
shirt,15,10,0,5
shirts,3,2,0,0
shiver,8,0,0,1
shivered,1,1,0,0
shivering,12,0,0,1
shivers,1,0,0,0
shock,6,1,2,6
shocked,1,0,8,2
shocking,5,0,6,0
shocks,1,0,0,0
shod,1,0,0,0
shoe,1,3,1,1
shoes,10,5,1,6
sholto,0,0,0,1
sholtos,0,0,0,1
shone,7,8,0,6
shook,19,35,11,16
shoot,7,18,3,0
shooting,2,2,1,2
shoots,0,1,0,1
shop,15,13,5,5
shopboy,0,0,1,0
shopkeeper,1,0,0,0
shopmen,2,0,0,0
shopping,0,0,1,1
shops,6,6,1,1
shopworn,0,1,0,0
shore,1,32,0,0
short,51,19,43,22
shortcoming,1,0,0,0
shortcomings,0,0,0,1
shorten,0,0,1,0
shortened,1,0,0,0
shorter,2,0,1,2
shortest,1,0,0,0
shortly,3,0,12,9
shortness,0,0,1,0
shot,5,27,0,14
shots,0,7,0,1
should,217,91,251,210
shoulder,15,22,0,14
shoulders,16,11,1,16
shouldest,1,0,0,0
shouldnt,13,9,0,1
shout,9,2,0,0
shouted,89,11,0,9
shouting,22,1,0,3
shouts,5,0,0,1
shove,2,0,0,0
shoved,0,5,0,0
shoves,0,0,0,1
shoving,0,0,0,1
show,55,16,8,16
showed,33,11,8,20
shower,3,3,0,0
showered,3,0,0,0
showing,10,2,4,7
shown,19,0,6,20
shows,3,1,4,4
shrapnel,0,4,0,0
shreds,3,0,0,0
shrewish,0,0,1,0
shriek,2,2,0,4
shrieked,3,0,0,6
shrieking,4,0,0,0
shrieks,1,0,0,0
shrill,2,0,0,0
shrilly,2,0,0,1
shrimp,0,0,0,1
shrine,1,0,0,0
shrink,2,0,1,0
shrinking,2,0,0,0
shroud,1,0,0,0
shrubbery,0,0,4,0
shrug,0,0,1,1
shrugged,2,1,0,8
shrunk,0,0,0,2
shudder,8,0,0,1
shuddered,12,0,0,1
shuddering,4,0,0,0
shuffled,0,0,0,1
shut,14,24,5,6
shuts,0,1,0,0
shutter,0,0,0,4
shuttered,0,0,0,2
shutters,1,5,0,10
shutting,0,0,0,1
shy,3,1,2,1
shyness,4,0,2,0
si,1,0,0,0
siberia,15,0,0,0
sicily,0,1,0,0
sick,45,22,6,2
sickening,3,0,0,0
sickly,7,0,4,0
sickness,0,1,0,2
side,78,109,54,87
sideboard,0,0,1,6
sided,0,0,0,2
sidelights,0,0,0,1
sidelong,1,0,0,1
sides,15,12,5,3
sidetracked,0,1,0,0
sidewalk,0,3,0,0
sideways,2,2,0,1
sidled,0,0,0,1
siege,2,0,0,0
sigh,3,1,2,1
sighed,5,0,1,0
sighing,4,0,0,1
sighs,1,0,0,0
sight,31,28,17,21
sighted,2,2,1,0
sightedly,0,1,0,0
sigismond,0,0,0,1
sign,21,4,2,19
signal,1,1,2,7
signalled,0,1,0,1
signalling,1,0,0,0
signature,3,0,0,5
signatures,2,0,0,0
signboards,0,1,0,0
signed,6,0,0,3
signet,0,0,0,1
significance,8,0,0,0
significant,3,0,3,1
significantly,3,0,0,0
signify,0,0,3,0
signing,3,0,0,0
signor,0,11,0,0
signorino,0,3,0,0
signs,12,2,1,13
silence,65,0,34,24
silenced,0,0,1,0
silent,46,1,26,19
silently,3,0,3,3
silhouette,0,0,0,1
silhouetted,0,1,0,0
silhouettes,0,4,0,0
silk,8,0,0,5
silky,1,0,0,0
sill,2,0,0,6
sillies,1,0,0,0
silliest,1,0,1,0
sills,1,0,0,0
silly,12,17,12,1
silver,19,11,0,3
silvered,0,0,0,1
silversmiths,1,0,0,0
sim,0,3,0,0
similar,2,1,5,5
similarity,0,0,2,0
simmons,0,13,0,0
simon,0,0,0,39
simons,0,0,0,1
simpered,0,0,1,0
simpers,0,0,1,0
simple,17,8,1,19
simpler,3,3,0,2
simplest,2,0,0,1
simpleton,3,0,4,0
simpletons,3,0,0,0
simplicity,7,0,0,1
simplifies,0,0,0,1
simplify,0,0,0,1
simply,137,4,1,3
sims,0,2,0,0
sin,10,0,0,1
since,72,5,59,39
sincere,4,0,10,0
sincerely,12,0,9,0
sincerest,1,0,0,0
sincerity,2,0,4,0
sinewy,0,0,0,1
sinful,2,1,0,0
sing,16,15,5,0
singer,1,0,0,0
singers,4,1,0,0
singing,20,6,3,0
single,10,0,12,19
singled,0,0,2,0
singling,0,0,1,0
sings,2,0,1,2
singular,1,0,2,33
singularity,0,0,0,1
singularly,0,0,0,1
sinister,6,0,0,10
sink,10,0,3,2
sinker,0,1,0,0
sinking,4,0,3,3
sinks,1,0,0,0
sinless,1,0,0,0
sinned,2,1,0,1
sinner,1,0,0,0
sins,3,0,0,2
sip,1,0,0,0
sipped,2,0,0,0
sipping,3,1,0,0
sir,58,11,79,78
siro,0,2,0,0
sister,123,10,180,26
sisterly,0,0,3,0
sisters,11,3,114,8
sistine,1,0,0,0
sit,73,16,15,17
site,0,0,0,1
sits,5,0,0,2
sitting,57,35,21,33
situated,0,0,4,2
situation,6,0,38,13
six,39,15,10,29
sixpence,0,0,1,0
sixteen,6,2,7,1
sixth,2,0,1,0
sixthly,1,0,0,0
sixty,5,0,0,1
size,3,3,4,7
sized,1,1,1,3
sketch,0,0,2,2
sketched,0,0,0,1
sketchily,1,0,0,0
ski,0,9,0,0
skiing,0,2,0,0
skilful,0,1,0,0
skilfully,0,1,0,0
skill,1,0,3,7
skimmed,0,1,0,0
skin,4,3,0,3
skinned,2,3,0,2
skinny,1,0,0,0
skip,1,0,0,0
skipped,2,0,0,0
skipping,2,1,0,0
skirmishes,0,0,0,1
skirt,4,0,0,2
skirted,1,1,0,0
skirts,1,0,0,1
skoda,0,1,0,0
skulk,0,1,0,0
skull,6,1,0,1
sky,3,10,0,4
skylight,0,0,0,4
slab,0,0,0,1
slabs,0,1,0,2
slack,1,0,0,0
slacken,0,0,1,0
slackened,0,2,0,0
slackers,0,2,0,0
slacking,0,1,0,0
slam,1,0,0,2
slammed,1,0,0,3
slander,7,0,0,0
slandered,1,0,0,0
slanderer,2,0,0,0
slandering,1,0,0,0
slang,0,0,0,2
slanted,0,1,0,0
slanting,1,1,0,0
slapped,1,9,0,1
slapping,1,0,0,0
slaps,1,0,0,0
slashed,0,0,0,1
slate,0,0,0,2
slave,4,0,2,1
slavey,0,0,0,1
slavish,1,0,0,0
slavishly,2,0,0,0
slay,1,0,0,0
sled,0,2,0,0
sledges,0,1,0,0
sleds,0,1,0,0
sleep,33,65,3,11
sleeper,0,0,0,3
sleepers,0,0,0,2
sleepily,0,1,0,1
sleeping,3,7,1,3
sleepless,1,0,1,1
sleeps,3,1,0,2
sleepy,2,14,0,3
sleeve,1,7,0,5
sleeved,0,1,0,0
sleeves,0,4,1,5
slept,10,11,1,5
sleuth,0,0,0,1
slice,0,1,0,1
sliced,1,1,0,0
slicked,0,1,0,0
slid,0,2,0,0
slide,0,1,0,1
sliding,0,0,0,2
slight,7,1,19,15
slighted,1,0,3,1
slighter,0,0,0,1
slightest,15,1,3,0
slightingly,0,0,1,0
slightly,7,0,4,2
slim,3,0,0,2
sling,1,0,0,0
slings,0,1,0,0
slink,0,0,0,1
slip,21,1,0,8
slipped,18,1,0,13
slipper,0,0,0,1
slippers,2,0,0,3
slippery,1,2,0,1
slipping,5,2,0,3
slips,0,1,0,0
slit,0,1,1,3
slits,0,0,0,1
slitting,0,0,0,1
slop,0,0,0,1
slope,0,2,0,2
sloped,0,1,0,0
slopes,0,2,0,1
sloping,2,0,1,1
slopping,0,1,0,0
sloppy,2,1,0,0
slots,0,1,0,0
slovaks,0,1,0,0
sloven,1,0,0,0
slovenly,0,0,0,1
slow,6,3,2,6
slowed,0,1,0,0
slower,0,2,0,0
slowly,33,19,4,19
sluggishly,0,0,0,1
slumber,0,0,0,1
slums,0,0,0,1
slung,0,3,0,1
slurred,0,0,0,1
slurring,0,0,0,1
slush,0,4,0,0
slushy,0,1,0,0
slut,1,0,0,1
sly,13,0,4,2
slyly,1,0,0,0
slyness,3,0,2,0
smack,0,0,0,3
small,23,42,23,79
smaller,2,1,0,2
smallest,3,0,11,2
smallness,1,0,0,0
smart,5,1,2,2
smartened,1,0,0,0
smarter,0,0,0,1
smartest,0,0,0,1
smarting,0,0,0,1
smartly,3,0,0,0
smartness,8,0,0,0
smashed,1,9,0,1
smasher,0,0,0,1
smashing,1,0,0,0
smear,0,0,0,1
smeared,5,0,0,0
smearing,2,0,0,2
smell,6,9,0,8
smelled,0,10,0,0
smelling,2,1,0,2
smells,1,3,0,0
smelt,3,1,0,0
smile,85,3,29,7
smiled,35,47,18,6
smiles,2,1,10,1
smiling,18,2,10,16
smilingly,0,0,2,0
smirched,1,0,0,0
smirks,0,0,1,0
smistimento,0,1,0,0
smiting,1,0,0,0
smitten,2,0,0,0
smoke,5,8,0,14
smoked,0,3,0,4
smokeless,0,0,0,1
smokes,0,0,0,2
smoking,4,7,0,4
smoky,0,1,0,0
smoldering,1,0,0,0
smooth,2,14,0,3
smoothed,4,0,0,1
smoother,1,1,0,0
smoothing,0,0,0,1
smoothly,2,7,1,0
smoothness,0,0,0,1
smote,1,0,0,0
smudge,0,0,0,1
smutty,1,0,0,0
snake,1,5,0,5
snakish,0,0,0,1
snap,1,1,0,2
snapped,4,3,0,2
snapping,1,0,0,1
snare,1,0,0,0
snarl,0,0,0,2
snarled,0,0,0,2
snatch,3,0,0,0
snatched,13,0,0,2
snatches,0,0,0,1
snatching,5,0,0,0
sneak,0,2,0,0
sneakiness,0,2,0,0
sneaking,0,2,0,0
sneaky,0,3,0,0
sneer,1,0,1,5
sneering,3,0,1,0
sneeze,1,0,0,0
sneezing,1,0,0,0
sniffed,1,0,0,0
snigger,1,0,0,1
sniggered,1,0,0,0
sniggering,3,0,0,0
snipers,0,1,0,0
snipped,0,1,0,0
snipping,0,1,0,0
snooty,0,1,0,0
snoring,1,0,0,1
snow,1,44,0,11
snowing,0,4,0,0
snowy,0,1,0,0
snub,2,0,0,0
snuff,0,0,0,4
snuffbox,0,0,0,1
snug,2,0,1,1
so,905,246,594,449
soaked,6,1,0,1
soaking,2,0,0,0
soap,3,1,0,0
soars,1,0,0,0
sob,0,1,0,2
sobbed,3,5,0,2
sobbing,4,0,0,1
sobbingly,0,1,0,0
sober,3,0,0,1
sobered,0,0,0,1
sobering,1,0,0,0
soberly,2,0,0,0
sobs,2,0,0,0
social,11,1,1,3
socialist,1,2,0,0
socialists,1,5,0,0
societies,0,0,2,0
society,28,0,32,14
societys,0,0,0,1
sock,11,0,0,0
socket,0,1,0,1
sockets,1,0,0,0
socks,3,1,0,1
soda,0,10,0,2
sodden,0,0,0,2
sofa,77,0,0,9
sofas,0,1,1,0
soft,10,7,0,4
soften,2,0,0,0
softened,6,1,6,1
softer,1,0,0,1
softly,25,7,0,3
softness,2,0,1,0
sofya,76,0,0,0
soggy,0,1,0,0
soie,0,0,0,1
soil,0,2,0,0
sojourning,1,0,0,0
solace,0,0,1,0
solaced,0,0,1,0
sold,9,3,0,7
solder,0,0,0,1
soldier,3,28,0,1
soldiering,0,1,0,0
soldierly,1,0,0,0
soldiers,2,11,1,1
sole,1,0,4,4
soled,0,0,0,1
solely,9,0,4,1
solemn,0,1,5,2
solemnity,2,0,5,0
solemnly,2,0,0,4
soles,1,3,0,1
solicit,0,0,1,0
solicitation,0,0,1,0
soliciting,0,0,2,0
solicitor,0,0,0,1
solicitude,2,0,8,0
solid,3,4,1,5
solidity,0,0,2,0
solitary,7,0,4,0
solitude,5,0,3,1
solon,1,0,0,0
solution,4,0,0,10
solve,0,0,0,6
solved,1,0,0,10
sombre,4,0,0,4
some,401,189,208,244
somebody,6,13,8,0
somebodys,1,1,0,0
somehow,29,2,2,1
someone,62,0,0,19
someones,2,0,1,0
something,292,99,73,65
sometime,1,0,0,0
sometimes,76,51,36,12
someway,1,0,0,0
somewhat,25,2,8,8
somewhere,44,8,4,7
somme,0,2,0,0
son,16,11,22,46
song,11,0,5,0
songs,1,0,1,1
sonia,370,0,0,0
sonias,32,0,0,0
sonnet,0,0,1,0
sons,3,2,2,6
soon,103,28,217,39
sooner,10,3,13,4
soothe,2,0,1,0
soothed,1,0,1,1
soothing,1,0,0,4
soothingly,0,0,0,1
sophy,0,0,0,1
sorcery,1,0,0,0
sore,1,4,1,1
sorella,0,1,0,0
sorely,0,0,1,1
sorrel,2,0,0,0
sorrow,3,0,4,3
sorrowful,3,0,0,0
sorry,27,20,35,10
sort,105,11,37,23
sorted,0,1,0,0
sorts,24,2,0,0
soto,0,3,0,0
sots,0,0,0,1
sottish,0,0,0,1
soufflet,0,1,0,0
soufflé,0,1,0,0
sought,4,0,5,1
soul,32,3,2,10
souls,0,0,0,1
sound,23,5,8,31
sounded,5,3,0,2
sounding,0,0,0,1
soundly,3,0,0,0
sounds,14,4,1,4
soup,19,10,2,0
sour,1,0,1,1
source,0,0,7,2
sources,1,0,3,0
sourly,1,0,0,0
sous,6,0,0,0
sousing,1,0,0,0
south,0,15,1,7
southampton,0,0,0,3
southern,0,0,0,4
southertons,0,0,0,1
souvenir,0,1,0,1
sovereign,2,0,0,5
sovereigns,0,0,0,1
sox,0,1,0,0
space,9,2,2,1
spaced,0,1,0,0
spacious,1,0,1,0
spaghetti,0,7,0,0
spain,0,1,0,0
span,1,1,0,1
spanish,0,1,1,0
spare,8,1,6,8
spared,3,0,9,2
sparing,1,0,0,0
spark,2,0,0,3
sparked,0,1,0,0
sparkled,0,0,2,2
sparkles,0,0,0,1
sparrow,3,0,0,0
sparrows,0,1,0,0
spars,0,0,1,0
spasm,2,0,0,0
spasms,0,0,1,0
spat,2,1,0,0
spattered,3,0,0,1
spaulding,0,0,0,8
speak,118,7,66,20
speaker,6,0,1,0
speaking,62,5,32,3
speaks,3,1,3,2
special,42,5,2,4
specialist,1,0,0,1
specially,2,0,0,0
specialty,2,0,0,0
species,1,0,0,0
specimen,1,0,0,2
specimens,1,0,0,0
speciously,0,0,0,1
speck,1,0,0,0
speckled,0,0,0,3
speckles,0,0,0,1
specks,1,0,0,0
spectacle,4,0,0,2
spectacles,1,2,0,1
spectator,1,0,0,0
spectators,4,0,0,1
speculation,0,0,1,0
speculator,1,0,0,0
speech,9,0,12,6
speeches,2,0,3,0
speechifying,1,0,0,0
speechless,1,0,0,0
speed,0,0,1,1
speediest,0,0,1,0
speedily,0,0,6,3
speeding,0,0,0,1
speedy,1,0,2,1
spell,1,0,0,1
spellbound,0,0,0,1
spelling,1,0,0,0
spence,0,0,0,2
spend,17,2,13,6
spending,4,0,5,0
spent,21,2,22,10
spermaceti,1,0,0,0
sphere,0,0,2,0
spherical,0,1,0,0
spices,0,1,0,0
spick,1,0,0,0
spider,2,0,0,0
spiders,2,0,0,0
spies,0,0,0,2
spiles,0,1,0,0
spilled,0,5,0,0
spilling,1,0,0,0
spilt,1,0,0,0
spine,6,0,0,1
spinner,0,3,0,0
spinning,0,1,0,2
spinster,0,0,0,1
spiral,1,0,0,0
spirit,9,1,9,1
spirited,5,0,1,0
spiritless,0,0,2,0
spirits,4,0,39,6
spiritual,2,0,0,0
spit,4,1,0,0
spite,49,0,23,10
spiteful,6,0,1,0
spitting,2,0,0,0
splash,0,1,0,3
splashed,0,2,0,1
splashing,0,1,0,1
spleen,3,0,1,0
splendid,12,30,4,1
splendidly,2,0,0,1
splendor,0,1,0,0
splendors,0,1,0,0
splendour,0,0,1,1
splinter,1,0,0,0
splintered,0,1,0,0
splinters,0,1,0,0
split,2,0,0,0
splutter,1,0,0,0
spluttering,2,0,0,0
spoil,4,1,0,0
spoiled,1,0,1,2
spoils,0,0,0,1
spoilt,0,0,1,0
spoke,33,15,43,27
spoken,21,1,16,13
spokesman,0,0,1,0
sponge,0,0,0,3
sponged,0,0,0,1
spongy,0,0,0,1
spontaneous,2,0,0,0
spontaneously,3,0,0,0
spoon,5,0,0,0
spoonful,3,0,0,0
spoonfuls,5,0,0,0
spoons,4,1,0,0
sporadic,0,0,0,1
sporchissimo,0,1,0,0
sport,2,17,4,1
sportive,0,0,1,0
sports,0,1,1,0
sportsman,0,1,0,0
sportsmen,0,0,1,0
spot,19,0,7,3
spotless,1,0,0,0
spots,3,0,2,1
spotted,0,0,0,3
spotty,2,0,0,0
spouse,1,0,0,0
spouting,0,0,0,1
sprained,0,0,1,0
sprang,2,0,1,23
spread,5,9,3,2
spreading,1,0,1,1
spree,2,0,0,0
sprig,0,0,0,1
spring,6,14,5,6
springing,1,0,2,3
springs,1,1,1,1
sprinkled,1,0,0,0
sprung,4,0,0,2
spun,0,3,0,1
spur,0,0,1,0
spurned,0,0,1,0
spy,1,0,0,0
squabbled,0,1,0,0
squabbles,1,0,0,0
squabbling,2,0,0,0
squalid,0,0,0,1
squander,0,0,0,1
squandering,1,0,0,0
square,11,14,0,25
squares,1,0,0,0
squat,0,0,0,1
squatted,0,1,0,1
squatting,1,0,0,0
squeaked,0,1,0,0
squealed,2,0,0,0
squealing,3,0,0,0
squeals,1,0,0,0
squeamish,0,0,1,0
squeeze,3,0,0,0
squeezed,14,1,0,1
squeezing,7,0,0,0
squire,0,0,0,1
st,2,2,7,82
stabbed,5,0,0,1
stabbing,1,0,0,0
stability,0,0,1,0
stable,1,3,0,9
stables,0,2,1,1
staccato,0,0,0,1
staff,0,6,0,1
stage,3,0,1,4
stages,2,0,0,1
stagger,0,0,0,1
staggered,2,0,1,6
staggering,4,0,0,1
stagnant,1,0,0,1
stagnating,1,0,0,0
stain,0,0,0,2
stained,8,0,0,4
staining,0,0,0,1
stains,7,0,0,5
stair,0,0,0,9
staircase,32,0,2,0
staircases,1,0,0,1
stairs,78,21,7,13
stairway,0,2,0,0
stake,1,2,0,3
stakes,0,2,0,0
stale,3,1,0,1
stalk,0,1,0,0
stalked,0,0,0,1
stalks,1,0,0,0
stall,0,0,0,3
stalled,0,5,0,0
stalls,0,0,0,3
stammer,2,0,0,0
stammered,1,0,0,2
stammering,1,0,0,0
stammers,3,0,0,0
stamp,1,0,1,1
stamped,2,0,0,1
stamping,1,1,0,1
stand,34,14,10,8
standard,1,0,0,1
standi,0,0,0,1
standing,90,30,13,23
standpoint,0,0,0,1
stands,6,2,2,6
standstill,1,0,0,0
stanzas,0,0,1,0
staples,0,0,0,1
star,0,2,0,9
starched,1,0,0,0
stare,7,0,0,3
stared,29,1,5,6
stares,0,0,0,1
staring,18,0,0,6
stark,0,0,0,9
stars,0,12,0,3
start,13,33,2,13
started,27,79,4,24
starter,0,1,0,0
starting,5,7,1,4
startled,4,0,2,8
startling,0,0,0,1
starts,0,4,0,0
starvation,1,0,0,0
starve,1,0,1,0
starved,1,1,0,0
starving,5,0,0,1
state,21,3,19,12
stated,2,0,2,4
stateliness,0,0,1,0
stately,0,0,3,3
statement,6,3,2,12
statements,0,0,0,1
states,1,4,0,7
statesman,2,0,0,0
stating,0,0,3,0
station,28,44,2,28
stationary,0,1,0,0
stationed,0,1,3,0
stations,0,4,0,0
statue,0,1,0,0
status,0,1,0,1
stay,43,52,38,9
stayed,10,16,8,0
staying,9,1,10,4
stays,0,1,1,0
stazione,0,1,0,0
steadfast,0,0,1,0
steadfastly,0,0,3,0
steadily,3,8,3,1
steadiness,0,0,1,0
steadings,0,0,0,1
steady,0,0,12,1
steak,1,1,0,0
steal,5,0,0,1
stealing,3,0,0,0
steals,2,0,0,0
stealthily,4,0,0,2
steam,1,0,0,1
steamboats,0,0,0,1
steamed,0,1,0,1
steamer,1,0,0,1
steaming,0,1,0,1
steed,1,0,0,0
steel,5,11,0,4
steely,0,0,0,1
steep,2,5,0,1
steeple,1,0,0,0
steeplechase,0,1,0,0
steeply,0,4,0,0
steer,0,2,0,0
stem,0,0,1,0
stench,6,0,0,0
step,40,9,16,24
stepdaughter,1,0,0,1
stepdaughters,0,0,0,1
stepfather,0,0,0,19
stepfathers,0,0,0,2
stepmother,3,0,0,1
steppe,1,0,0,0
stepped,18,14,1,9
stepping,1,1,1,3
steps,48,4,5,25
stern,10,9,0,1
sterner,2,0,0,1
sternly,10,0,0,2
stethoscope,0,0,0,1
stevedore,0,0,0,1
stevenson,0,0,0,1
stew,1,5,0,0
steward,0,0,5,0
stick,2,9,0,5
sticking,2,0,0,2
sticks,2,0,0,2
sticky,4,2,0,0
stiff,2,7,0,2
stiffen,0,1,0,0
stiffened,0,3,0,0
stiffly,1,1,1,0
stiffness,0,0,2,1
stifle,1,0,0,0
stifled,3,0,0,0
stifling,11,0,0,0
stile,0,0,0,2
stiles,0,0,1,0
still,269,62,74,80
stillness,2,0,0,2
stimulant,0,1,0,1
stimulated,1,0,0,0
stimulating,1,0,0,0
stimulus,1,0,0,0
sting,1,1,0,0
stinginess,1,0,0,0
stinging,0,1,0,0
stinketh,1,0,0,0
stinking,3,0,0,0
stinks,0,2,0,0
stir,4,0,1,0
stirred,5,1,0,1
stirring,4,2,1,3
stirs,0,0,1,0
stitches,0,1,0,0
stock,2,2,0,5
stocked,0,0,0,1
stockingless,1,0,0,0
stockings,6,1,1,0
stocks,1,0,0,0
stockyards,0,2,0,0
stoke,0,0,1,11
stole,9,0,1,2
stolen,6,1,0,5
stolidly,1,0,0,0
stomach,1,13,0,0
stomachs,0,2,0,0
stone,32,32,2,31
stoner,0,0,0,19
stones,5,0,0,7
stony,0,1,0,0
stood,175,56,14,35
stool,0,2,0,1
stoop,2,0,0,1
stooped,7,3,0,2
stooping,3,0,0,1
stop,19,45,4,9
stoper,0,0,0,6
stopped,50,61,6,8
stoppered,0,1,0,0
stopping,12,3,3,1
stops,0,1,0,0
store,3,2,0,0
stored,1,0,0,1
stores,0,1,0,0
storey,17,0,0,0
storeys,6,0,0,0
storied,2,0,0,2
stories,3,0,0,4
storing,0,0,1,0
storm,4,9,2,2
stormed,1,1,0,0
storms,1,0,0,0
stormy,1,0,0,1
story,45,8,9,35
stout,8,0,2,7
stoutly,1,0,1,1
stove,8,9,0,0
stoves,1,0,0,0
stragglers,0,3,0,0
straggling,0,0,0,1
straight,71,16,0,8
straighten,0,1,0,2
straightened,0,6,0,2
straightforward,3,0,0,0
strain,2,2,0,2
strained,6,2,0,0
straining,3,0,0,1
strand,0,0,0,1
stranded,1,0,0,0
strands,0,2,0,0
strange,127,16,10,46
strangely,22,1,1,0
strangeness,1,0,1,0
stranger,17,0,12,6
strangers,4,0,5,2
strangest,3,0,0,1
strangle,1,0,0,0
strangled,2,0,0,0
stratagem,1,0,0,0
stratagems,0,0,1,0
strategical,0,1,0,0
straw,7,3,0,2
strawberries,0,3,0,0
straws,1,0,1,0
stray,1,0,0,0
strayed,4,0,0,1
streak,1,0,0,0
streaked,1,0,0,1
stream,3,9,4,5
streamed,2,0,0,2
streaming,3,0,0,1
streams,2,0,0,0
streatham,0,0,0,4
street,105,50,19,83
streets,14,7,1,12
strega,0,2,0,0
strength,30,2,6,11
strengthen,0,0,0,2
strengthened,2,0,0,0
strenuously,0,0,2,1
stresa,0,9,0,0
stress,4,0,1,1
stretch,0,1,2,1
stretched,6,3,1,9
stretcher,0,30,0,0
stretchers,0,4,0,0
stretches,0,2,0,0
stretching,0,0,1,3
strewn,2,0,0,0
stricken,9,0,0,3
strict,0,0,0,2
strictest,0,0,1,0
strictly,5,0,1,0
strictures,0,0,1,0
stride,0,0,0,2
striding,1,0,0,1
strike,10,2,5,9
strikes,1,0,0,3
striking,3,1,3,5
strikingly,3,0,1,0
string,7,0,0,0
strip,4,0,0,1
stripe,0,1,0,0
striped,2,1,0,0
stripes,1,3,0,1
stripped,0,0,0,1
strips,0,3,0,0
strive,1,0,0,0
striving,2,0,2,1
strode,3,0,0,2
stroke,1,1,2,2
stroked,0,4,0,0
strokes,0,3,0,0
stroll,0,0,1,1
strolled,1,0,0,3
strong,25,6,19,35
stronger,10,1,6,3
strongest,0,0,1,3
strongly,3,0,8,5
stroud,0,0,0,1
strove,1,0,0,0
struck,62,2,14,24
struggle,8,0,1,5
struggled,3,0,2,3
struggles,0,0,3,0
struggling,3,0,1,2
strum,1,0,0,0
stubbly,1,0,0,0
stubborn,1,0,0,0
stubbornly,1,0,0,0
stubbornness,0,0,1,0
stuck,8,6,0,2
stud,1,0,0,0
studded,1,0,0,0
student,41,0,0,0
students,9,0,0,0
studied,2,2,2,2
studier,0,0,1,0
studies,5,0,2,1
studious,0,0,1,0
studiously,1,0,0,0
study,7,2,7,10
studying,8,4,4,1
stuff,5,1,0,1
stuffed,3,1,0,1
stuffing,2,0,0,0
stuffs,0,0,0,1
stuffy,3,2,1,0
stumbled,4,0,0,1
stumbling,4,0,1,0
stump,0,2,0,3
stumps,0,3,0,0
stung,4,0,0,0
stunned,1,0,0,0
stunning,1,0,0,0
stupefaction,4,0,0,0
stupefied,1,0,0,0
stupefying,0,0,0,1
stupid,44,10,4,1
stupider,2,0,1,0
stupidity,8,1,4,1
stupidly,5,0,0,0
stupids,1,0,0,0
sturdy,0,0,0,1
style,6,0,10,3
stylish,1,0,0,0
suavely,0,0,0,2
sub,2,0,0,0
subdue,1,0,0,0
subdued,1,0,0,2
subduing,0,0,0,1
subject,32,0,84,12
subjected,0,0,0,1
subjection,1,0,1,0
subjects,4,1,10,0
subjoin,0,0,1,0
submission,1,0,0,0
submissive,4,0,0,0
submissively,1,0,0,0
submissiveness,1,0,0,0
submit,3,0,3,3
submitted,0,0,1,4
submitting,1,0,0,0
subscribing,1,0,0,0
subscription,3,0,0,0
subsequent,0,0,1,0
subside,2,0,0,0
subsided,0,0,1,1
subsist,0,0,1,0
subsisted,0,0,2,0
subsisting,0,0,2,0
substance,0,0,3,0
substantial,2,0,2,0
substitute,0,0,1,0
substitution,0,0,0,1
subtle,0,0,0,5
suburb,0,0,0,1
suburban,0,0,0,3
succeed,6,0,2,4
succeeded,28,0,7,4
succeeding,0,0,4,0
succeeds,0,0,1,0
success,6,5,19,10
successes,0,0,0,1
successful,3,5,3,7
successfully,2,0,1,1
succession,0,2,1,2
successive,2,0,0,3
successively,0,0,1,0
successor,0,0,1,0
successors,0,0,0,1
succinct,0,0,0,1
succour,1,0,0,0
succumbed,1,0,0,0
such,286,24,387,112
suck,0,1,0,0
sucked,0,2,0,1
sucking,2,2,0,0
suckling,0,1,0,0
sudden,54,3,8,16
suddenly,292,17,16,47
suddenness,0,0,1,0
suffer,18,2,13,4
suffered,8,0,8,2
sufferer,0,0,1,2
sufferers,1,0,0,0
suffering,36,1,2,1
sufferings,4,0,2,0
suffers,0,0,1,0
sufficed,0,0,0,1
sufficiency,1,0,1,0
sufficient,2,1,4,6
sufficiently,0,0,5,0
suffocating,1,0,0,0
sugar,3,0,0,0
suggest,3,1,2,8
suggested,4,0,5,9
suggesting,1,0,1,0
suggestion,3,0,1,0
suggestions,1,0,0,0
suggestive,0,0,0,9
suggestiveness,0,0,0,1
suggests,1,0,0,1
suicide,3,1,0,5
suicides,1,0,0,0
suit,8,1,7,10
suitable,5,0,3,0
suitableness,0,0,3,0
suitably,1,0,0,0
suitcase,0,1,0,0
suitcases,0,1,0,0
suite,0,0,0,3
suited,4,0,3,3
suiting,0,0,1,0
suitor,1,0,0,1
suits,1,0,0,2
sulkiness,2,0,0,0
sulking,0,0,0,1
sulky,2,0,0,0
sullen,6,1,0,0
sullenly,2,0,0,1
sum,11,0,5,14
summarily,0,1,0,1
summarise,0,0,0,1
summer,12,19,19,3
summon,2,0,1,0
summoned,4,0,5,2
summoning,2,0,0,0
summons,2,0,3,2
summonses,0,0,0,1
sumptuous,2,0,0,0
sums,1,0,0,3
sun,12,26,0,7
sunbeam,0,0,0,1
sunburnt,0,0,0,1
sunday,3,0,9,1
sundays,1,0,0,0
sundial,0,0,0,5
sundials,0,0,0,1
sung,4,2,0,0
sunk,3,1,4,9
sunken,2,2,0,0
sunlight,3,11,0,1
sunny,1,0,0,0
sunrise,1,0,0,0
sunset,5,1,0,1
sunshine,3,0,0,1
super,0,0,1,0
superb,0,0,0,1
supercilious,0,0,1,0
superciliously,2,0,0,0
superciliousness,1,0,1,0
superficial,0,1,0,0
superficially,1,0,0,0
superfluous,2,0,0,0
superintend,1,0,0,0
superintended,0,0,1,0
superintendence,0,0,1,0
superintendent,10,1,0,0
superintends,0,0,1,0
superior,5,1,18,2
superiority,2,0,1,0
superiors,1,0,0,0
superlatively,0,0,1,0
superman,0,1,0,0
supernaturally,0,1,0,0
superscribed,0,0,0,1
superscription,0,0,0,1
superseded,0,0,1,0
superstition,1,0,0,0
superstitious,1,0,0,0
superstitiously,1,0,0,0
supper,1,9,11,7
supplementing,0,0,0,1
suppliant,1,0,0,0
supplication,1,0,1,0
supplications,1,0,0,0
supplied,0,0,2,1
supplier,0,0,0,1
suppliers,0,0,0,1
supply,0,0,7,5
supplying,0,0,1,0
support,7,2,7,0
supported,1,0,4,0
supporters,0,0,0,1
supporting,4,0,0,1
suppose,38,21,48,19
supposed,7,9,26,1
supposedly,0,1,0,0
supposing,5,0,14,1
supposition,3,0,4,1
suppositions,1,0,1,0
suppress,0,0,2,0
suppressed,3,0,2,0
suppressing,1,0,0,1
sure,64,32,103,43
surely,13,0,4,10
surer,0,1,0,0
surest,0,0,1,1
surface,4,2,0,2
surged,4,0,0,0
surgeon,0,11,0,3
surgeons,0,1,0,1
surgery,1,0,0,0
surging,1,0,0,0
surly,0,0,0,1
surmise,1,0,2,2
surmises,1,0,1,0
surmount,0,0,1,0
surname,2,0,0,0
surpass,0,0,1,0
surpassing,0,0,1,0
surpliced,0,0,0,1
surprise,39,2,37,16
surprised,32,1,35,17
surprises,1,0,0,0
surprising,6,0,0,0
surrender,1,0,0,0
surrendered,1,0,0,0
surrey,0,0,0,5
surrounded,2,0,1,3
surrounding,2,0,2,0
surroundings,12,0,0,1
surrounds,0,0,0,1
survey,1,0,1,0
surveyed,0,0,0,1
surveying,0,0,1,0
survive,0,0,2,0
survived,0,0,1,1
survivor,0,0,1,2
susceptibility,0,0,1,0
suspect,14,0,4,2
suspected,5,0,9,3
suspecting,0,0,2,2
suspects,3,0,1,0
suspend,0,0,1,0
suspended,0,0,2,1
suspense,3,0,6,0
suspicion,30,0,9,8
suspicions,13,0,4,3
suspicious,15,4,1,5
suspiciously,5,0,0,0
suspiciousness,1,0,0,0
sussex,0,0,0,1
sustained,0,0,1,0
sutherland,0,0,0,10
sutherlands,0,0,0,1
svidrigaïlov,193,0,0,0
svidrigaïlovs,18,0,0,0
svirbey,1,0,0,0
swag,0,0,0,1
swain,0,0,0,2
swallow,1,1,0,0
swallowed,2,1,1,0
swallowing,2,0,0,0
swallows,0,3,0,0
swam,1,1,0,0
swamp,0,0,0,1
swamps,0,1,0,0
swan,1,0,0,2
swandam,0,0,0,8
swans,0,1,0,0
swarm,0,0,0,2
swarmed,1,2,0,0
swarming,2,0,0,0
swash,0,0,0,1
swayed,0,0,0,1
swaying,1,0,0,1
swear,14,2,0,6
swearing,1,1,0,0
sweat,4,1,0,1
sweating,0,4,0,2
sweaty,0,1,0,0
sweep,3,0,0,1
sweeping,2,1,0,2
sweeps,1,0,0,0
sweet,3,28,7,7
sweeter,1,1,0,0
sweetest,0,0,3,0
sweetheart,1,1,0,3
sweethearts,1,0,0,0
sweetie,1,0,0,0
sweetly,0,1,0,1
sweetmeat,1,0,0,0
sweetness,0,0,5,1
swell,0,0,1,0
swelled,0,0,1,1
swelling,0,1,1,0
swept,1,2,0,6
swift,0,0,0,3
swiftly,0,5,0,14
swim,1,2,0,1
swimmer,0,0,0,1
swimming,0,3,0,1
swindler,1,0,0,0
swindon,0,0,0,1
swine,1,0,0,0
swing,3,1,0,2
swinging,2,0,0,6
swinishness,1,0,0,0
swirl,0,1,0,0
swirled,0,1,0,0
swirling,1,0,0,0
swish,0,0,0,1
swished,0,1,0,0
swishing,0,1,0,0
swiss,0,9,0,0
switch,1,0,0,0
switches,1,0,0,0
switzerland,1,14,0,0
swollen,5,2,0,1
swoon,1,0,0,0
swooning,3,0,0,0
sword,0,2,0,0
swords,0,2,0,0
swordsman,0,0,0,1
swore,10,1,0,2
sworn,3,0,0,2
swum,0,1,0,0
swung,2,5,0,4
syllable,3,0,5,0
syllables,0,0,1,1
symbol,1,0,0,0
symbolism,1,0,0,0
symmetry,0,0,1,0
sympathetic,1,0,0,2
sympathetically,1,0,0,0
sympathise,2,0,0,0
sympathize,0,0,1,0
sympathy,11,0,0,6
symptom,1,0,4,1
symptoms,0,0,2,2
synonymously,0,0,1,0
synovial,0,2,0,0
synthesis,0,0,0,1
syphilis,0,5,0,0
system,7,1,0,4
systematic,1,0,0,1
systems,1,0,0,0
t,7,0,0,2
table,122,53,36,51
tablecloth,1,0,0,0
tablecloths,0,1,0,0
tables,5,9,6,0
tacit,0,0,1,0
tacitly,1,0,0,0
taciturn,0,0,1,0
tack,0,0,0,1
tackle,0,0,1,2
tactically,0,1,0,0
tactics,1,0,0,0
tagliamento,0,7,0,0
tags,0,0,0,1
tail,4,4,0,6
tailboard,0,1,0,0
tailed,0,0,0,1
tailing,0,0,0,1
tailless,0,0,0,1
tailor,2,1,0,0
tailors,4,0,0,0
tails,0,0,0,1
take,194,126,80,79
taken,79,25,31,28
takes,5,2,6,5
taketh,0,0,0,1
taking,51,12,19,16
takings,0,0,0,3
tale,6,0,0,4
talent,4,0,2,1
talents,1,0,5,0
tales,1,0,0,3
talk,78,61,32,20
talkative,4,0,0,0
talked,39,17,38,6
talker,0,1,1,1
talking,80,23,40,9
talks,2,1,1,0
tall,12,15,8,12
taller,0,1,1,1
tallest,0,0,1,0
tallied,0,0,0,1
tallish,0,0,0,1
tallow,1,0,0,3
tamara,0,1,0,0
tambourine,1,0,0,0
tamping,0,1,0,0
tangible,2,0,0,1
tangle,4,0,0,1
tangled,1,0,0,4
tankerville,0,0,0,1
tanned,0,2,1,0
tanneries,0,1,0,0
tannic,0,1,0,0
tantalising,1,0,0,0
taormina,0,1,0,0
tap,1,0,0,3
tape,1,0,0,0
tapes,1,0,0,0
tapped,3,1,0,3
tapping,1,0,0,5
taradiddle,1,0,0,0
taranto,0,1,0,0
target,0,1,0,0
tarred,1,0,0,0
task,3,0,0,6
tassel,0,0,0,1
taste,4,6,14,3
tasted,3,3,0,0
tastes,0,2,1,0
tasting,1,0,0,0
tattered,1,0,0,2
tatters,1,0,0,0
tattoo,0,0,0,1
tattooed,0,0,0,1
taught,6,0,8,0
taut,0,3,0,0
tavern,38,0,0,0
taverns,5,0,0,0
tawny,0,1,0,1
tax,0,0,2,2
taxi,0,4,0,0
tchebarov,6,0,0,0
tchecos,0,1,0,0
te,0,2,0,0
tea,59,1,13,3
teach,5,2,5,1
teacher,2,0,0,0
teachers,1,0,0,0
teaches,1,0,0,0
teaching,2,0,2,0
teapot,1,0,0,0
tear,4,1,2,2
tearful,2,0,0,0
tearfully,2,0,0,0
tearing,3,0,0,3
tears,51,2,10,1
tease,2,1,2,0
teased,0,1,2,0
teasing,2,1,7,0
teaspoon,1,0,0,0
technical,0,2,0,1
technically,0,1,0,0
tedious,1,0,1,0
teeth,10,6,1,4
teetotaler,0,0,0,1
telegram,0,0,0,5
telegraph,0,0,0,1
telephone,0,7,0,1
telephoned,0,3,0,0
telescope,0,1,0,0
tell,239,99,70,99
teller,0,0,0,1
telling,33,4,7,6
tells,3,2,1,1
temper,9,0,25,5
temperament,9,0,0,1
temperate,0,0,0,1
temperature,0,5,0,0
temperatures,0,3,0,0
tempered,4,0,5,1
tempers,0,0,1,0
tempest,2,0,0,0
temple,3,0,0,4
temples,0,0,0,1
temporary,3,0,1,2
tempt,0,0,4,0
temptation,1,0,7,2
temptations,0,0,2,0
tempted,6,0,7,1
ten,70,16,32,30
tenable,0,0,0,1
tenacious,0,0,0,1
tenant,0,0,1,1
tenants,0,0,2,0
tend,0,0,1,2
tended,0,0,0,1
tendencies,1,0,0,1
tendency,4,1,3,0
tender,5,0,4,3
tenderly,0,0,2,0
tenderness,0,0,3,0
tending,1,0,0,0
tendons,0,1,0,0
tenements,1,0,0,0
tenente,0,80,0,0
tenez,1,0,0,0
tenfold,0,0,0,1
tennessee,0,0,0,1
tenor,0,1,0,0
tenors,0,1,0,0
tenour,0,0,1,0
tens,0,0,1,0
tense,0,0,0,1
tension,0,0,0,3
tent,0,1,1,0
tentative,1,0,0,0
tentatively,1,1,0,0
tenth,0,3,0,0
tents,1,0,1,1
terebyeva,2,0,0,0
term,2,0,1,1
termed,0,0,1,0
terminated,0,0,0,1
termination,0,0,2,1
terms,9,0,21,3
ternova,0,1,0,0
terns,0,1,0,0
terrace,1,0,0,0
terraced,0,2,0,1
terrible,47,6,0,15
terribly,14,1,0,5
terrific,0,1,1,0
terrifically,0,1,0,0
terrified,3,0,0,3
terrifying,1,0,0,0
terror,43,0,0,7
terrorising,0,0,0,1
terrors,2,0,0,0
terse,0,0,0,1
test,2,3,1,6
testament,3,0,0,2
tested,0,0,0,1
testified,0,0,2,0
testifies,1,0,0,0
testifying,0,0,1,0
testimony,2,0,2,0
tetanus,0,2,0,0
texas,0,0,0,1
text,1,0,0,1
texture,0,0,0,1
tfoo,3,0,0,0
thames,0,0,0,1
than,178,54,282,158
thank,26,37,19,26
thanked,2,2,7,0
thankful,1,0,9,0
thankfully,0,0,1,0
thankfulness,0,0,1,0
thanking,3,0,4,1
thanks,5,11,14,2
thanksgiving,1,0,0,0
that,2931,645,1589,1743
thatll,1,0,0,0
thats,354,95,0,8
thaws,0,1,0,0
the,7781,6197,4329,5592
theatre,0,0,1,0
theatres,0,0,1,0
theatrical,0,1,0,0
thee,6,2,0,0
theft,0,0,0,1
their,223,95,440,97
theirs,3,0,2,1
them,594,305,435,146
theme,3,0,0,0
themes,1,0,0,0
thems,0,0,0,1
themselves,27,2,33,4
then,471,308,174,367
thence,0,0,1,0
theological,0,0,0,1
theoretical,0,0,0,1
theories,5,0,0,7
theorise,0,0,0,1
theory,21,0,0,9
therapy,0,2,0,0
there,728,531,353,503
thereafter,1,0,0,0
thereby,2,0,2,1
thered,1,0,0,0
therefore,15,0,75,15
therein,0,0,1,1
therell,2,1,0,0
theres,80,38,1,12
thereupon,0,0,2,0
thermometer,0,3,0,0
these,114,19,70,80
they,749,667,599,199
theyd,8,6,0,0
theyll,12,17,0,0
theyre,9,20,0,0
theyve,19,11,0,0
thick,20,10,0,14
thickening,0,0,0,1
thickest,1,0,0,0
thicket,0,0,0,1
thickly,5,1,0,1
thickness,1,0,0,1
thicknesses,0,1,0,0
thief,11,0,0,6
thieves,1,0,0,3
thigh,0,3,0,0
thighs,0,1,0,0
thin,30,24,5,21
thing,138,43,27,47
things,109,69,30,27
think,207,139,210,174
thinkable,1,0,0,0
thinker,0,1,0,2
thinking,81,23,22,7
thinks,7,2,4,4
thinner,2,1,0,0
thinness,1,0,0,1
third,35,12,7,16
thirdly,4,0,2,0
thirst,2,1,0,0
thirsting,2,0,0,0
thirsty,0,2,0,0
thirteen,2,0,1,0
thirteenth,1,0,0,0
thirty,32,7,3,15
this,681,181,447,488
thither,0,0,9,1
thoreaus,0,0,0,1
thorough,2,0,3,0
thoroughfare,2,0,0,2
thoroughfares,1,0,0,0
thoroughly,12,0,2,9
those,107,39,58,66
thou,12,0,0,0
though,442,35,226,63
thought,305,85,111,77
thoughtful,5,0,1,2
thoughtfully,10,0,0,3
thoughtfulness,0,0,2,0
thoughtless,0,0,3,1
thoughtlessness,0,0,3,0
thoughts,20,1,26,6
thousand,50,12,34,7
thousands,8,0,0,3
thrash,3,0,0,0
thrashed,9,1,0,0
thrashing,3,1,0,0
thread,8,0,0,1
threadbare,1,0,2,0
threadneedle,0,0,0,2
threads,2,0,0,0
threat,5,0,0,1
threaten,0,0,0,1
threatened,2,0,1,6
threatening,2,0,0,1
threatens,0,0,0,2
threats,5,0,1,1
three,134,76,61,71
threshold,3,0,0,3
thresholds,0,0,0,1
threw,20,6,9,29
thrice,1,0,0,0
thrill,1,0,0,1
thrilling,0,0,0,1
throat,11,4,1,6
throats,1,0,0,1
throb,1,0,0,0
throbbed,5,2,0,1
throbbing,8,0,0,1
throng,1,0,0,0
thronged,1,0,0,0
thronging,1,0,0,0
through,144,119,42,91
throughout,2,0,3,1
throw,23,13,8,11
throwing,6,1,2,13
thrown,15,1,8,10
throws,2,0,0,3
thrust,11,1,0,11
thrusting,0,0,0,2
thud,1,0,0,1
thudding,0,1,0,1
thuds,1,0,0,0
thumb,0,7,0,15
thumbs,0,1,0,0
thumped,0,0,0,1
thumping,3,0,0,0
thunder,5,0,0,0
thunderbolt,4,0,0,0
thunderclap,1,0,0,0
thunderstorm,1,0,0,0
thunderstruck,1,0,0,0
thursday,0,1,4,2
thus,1,0,29,4
thwarted,0,0,1,0
thy,6,0,0,0
théorie,1,0,0,0
tiara,0,0,0,1
tiber,0,1,0,0
ticket,4,1,0,1
tickets,2,4,3,2
ticking,1,0,0,1
tickled,1,0,0,0
tickling,1,0,0,0
ticklish,1,0,0,0
tide,0,0,2,9
tidings,1,0,3,0
tidy,1,0,0,1
tie,1,3,0,5
tied,6,6,0,5
ties,0,4,0,0
tiger,0,0,0,1
tight,4,12,0,1
tightened,0,1,0,0
tightly,5,1,0,3
tile,0,1,0,0
tiled,0,1,0,0
till,73,7,94,2
tilted,1,0,0,1
timber,0,8,0,0
timbered,0,0,0,1
time,384,153,197,151
timed,0,0,1,0
timely,0,1,0,0
times,64,15,20,18
timid,11,0,0,2
timidity,1,0,0,0
timidly,23,0,0,0
timing,0,1,0,0
timorous,1,0,0,0
tin,4,4,0,1
tinge,2,0,0,1
tinged,0,0,0,1
tiniest,1,0,0,1
tinkers,0,0,0,1
tinkle,4,0,0,0
tinkled,1,0,0,0
tinkling,1,0,0,0
tinned,0,1,0,0
tins,0,1,0,0
tint,0,0,0,5
tinted,0,0,0,8
tiny,15,3,0,2
tion,1,0,0,0
tip,1,1,0,1
tipped,0,4,0,0
tipping,0,1,0,0
tips,0,3,0,5
tipsily,1,0,0,0
tipsy,4,0,0,0
tiptoe,7,0,0,0
tiptoed,0,1,0,0
tiptoes,0,0,0,2
tirade,1,0,0,0
tire,0,0,0,1
tired,17,59,4,2
tires,0,1,1,0
tiresome,1,0,2,0
tis,0,0,3,0
tissue,0,2,0,1
tit,1,0,0,0
tithes,0,0,1,0
titian,0,2,0,0
title,4,0,1,2
titles,1,0,0,0
tittered,1,0,0,0
titular,2,0,0,0
to,5386,1946,4165,2743
toast,0,1,0,1
tobacco,5,6,0,8
tobacconist,0,0,0,1
tobaccos,1,0,0,0
toboggan,0,6,0,0
tobogganing,0,2,0,0
toboggans,0,3,0,0
today,1,0,0,0
toe,0,0,0,3
toes,2,0,0,0
together,65,42,64,35
toilet,0,1,0,0
toilette,0,0,2,0
token,0,0,1,1
told,129,36,70,50
tolerable,0,0,15,0
tolerably,0,0,14,0
tolerance,0,1,0,0
toller,0,0,0,15
tollers,0,0,0,1
tolstyakov,1,0,0,0
tomato,0,1,0,0
tomb,2,0,0,0
tomboy,0,0,0,1
tomfoolery,0,0,0,1
ton,1,0,0,0
tone,27,0,16,2
tones,1,0,1,2
tongs,0,1,0,1
tongue,8,3,3,4
tongues,1,0,1,0
tonnage,0,0,0,1
tons,0,0,0,1
tonsils,0,1,0,0
too,504,153,142,82
took,166,102,53,87
tool,1,0,0,1
tools,0,0,0,1
tooth,2,0,0,2
toothbrush,0,3,0,0
toothbrushing,0,1,0,0
top,19,25,1,14
topic,0,0,1,1
topics,0,0,1,0
topped,0,1,0,1
tops,1,5,0,1
topsy,1,0,0,0
tore,7,0,0,5
torino,0,1,0,0
torment,2,0,1,0
tormented,5,0,0,0
tormenting,3,0,1,0
tormentor,1,0,0,0
torn,15,3,0,4
torrent,0,1,0,0
tortoise,1,0,0,0
torture,14,0,0,0
tortured,8,0,1,1
torturer,1,0,0,0
torturing,5,0,0,0
tosca,0,2,0,0
tossed,2,0,0,5
tossing,0,0,0,2
total,1,0,3,1
totally,0,0,8,0
tottenham,0,0,0,4
tottered,1,0,0,0
tottering,0,0,0,1
touch,12,12,0,9
touched,8,11,4,6
touches,1,0,0,0
touching,9,2,0,1
touchingly,1,0,0,0
tough,2,2,0,0
toughest,0,1,0,0
toulon,2,0,0,0
tour,0,0,6,0
tourists,0,1,0,0
tourniquet,0,2,0,0
tout,2,0,0,3
toutes,1,0,0,0
toward,0,56,0,0
towards,40,0,70,20
towel,4,1,0,0
tower,3,1,0,1
town,49,63,66,23
towns,3,0,0,1
townspeople,2,0,0,0
toy,0,1,0,2
trace,12,0,4,7
traced,0,0,2,6
traces,10,0,1,12
track,5,13,0,9
tracking,1,0,0,0
tracks,1,10,0,5
tractable,0,0,1,0
tractors,0,3,0,0
trade,1,0,4,4
trades,1,0,0,0
tradesman,1,0,1,1
tradesmans,0,0,1,0
tradesmen,0,0,0,1
tradesmens,0,0,0,3
tradespeople,0,0,0,1
trading,1,0,0,0
tradition,3,0,0,0
traditional,2,0,0,0
traditions,1,0,0,1
trafalgar,0,0,0,1
traffic,1,6,0,2
tragedy,0,0,0,6
tragic,2,0,0,1
trail,0,1,0,1
trailed,1,0,0,0
trails,0,1,0,0
train,11,36,1,21
trained,1,0,0,4
training,0,3,0,3
trains,0,0,0,1
trait,0,0,1,0
trajectory,0,1,0,0
tram,0,2,0,0
tramp,1,0,0,0
tramped,0,0,0,1
trample,1,0,0,0
trampled,1,0,0,2
tramps,1,0,0,0
tramway,0,1,0,0
tranquil,0,0,2,0
tranquillity,0,0,5,0
tranquilly,0,0,1,0
transaction,0,0,0,1
transactions,0,0,2,0
transferred,0,0,1,2
transferring,1,0,0,0
transfigured,1,0,0,0
transform,1,0,0,1
transformed,3,0,0,1
transformer,0,0,0,1
transgress,4,0,0,0
transgressed,2,0,0,0
transient,0,0,1,0
transition,0,0,1,1
translated,0,4,0,0
translating,4,0,0,0
translation,6,1,0,0
transmit,0,0,0,1
transparent,3,1,0,2
transpired,0,0,1,2
transport,1,3,1,0
transports,0,0,2,0
transverse,0,0,0,1
tranzano,0,1,0,0
trap,7,3,0,13
trapped,2,3,0,0
trash,5,0,0,0
trashy,1,0,0,0
travel,2,1,0,3
travelled,0,0,1,6
traveller,0,0,0,2
travellers,0,0,4,1
travelling,1,1,6,2
travels,4,1,0,1
tray,1,4,0,1
trays,0,1,0,0
treachery,1,1,0,2
treacle,1,0,0,0
tread,1,0,0,3
treason,0,2,0,0
treasure,5,0,2,4
treasured,0,0,1,0
treat,8,0,5,3
treated,11,1,7,4
treating,4,1,1,0
treatise,1,0,0,0
treatises,0,0,0,1
treatment,6,2,5,1
treatments,0,4,0,0
treble,0,0,0,2
tree,2,3,0,6
trees,5,62,5,8
trellis,0,1,0,0
trellised,0,1,0,0
tremble,3,0,1,0
trembled,16,0,1,0
trembling,38,0,1,3
tremblings,0,0,1,0
tremendous,1,0,0,0
tremendously,4,0,0,0
tremor,7,0,0,1
tremulously,1,0,0,0
trench,0,6,0,0
trenches,0,3,0,0
trentino,0,1,0,0
trepidation,1,0,1,0
trepoff,0,0,0,1
trespass,0,0,2,0
trespasser,0,0,0,1
tresses,0,0,0,2
trial,8,0,2,0
trials,1,0,1,1
triangle,0,1,0,0
triangular,0,0,0,1
tribulation,3,0,0,0
tribute,0,0,1,0
trick,2,1,0,5
tricked,0,0,0,1
trickled,1,0,0,0
tricks,3,1,1,1
tricky,0,0,0,1
tried,57,27,15,13
tries,1,0,1,0
trieste,0,2,0,0
trifle,3,0,5,4
trifled,0,0,1,0
trifles,13,0,0,2
trifling,7,0,5,4
trigger,1,1,0,0
trilled,1,0,0,0
trim,0,0,1,2
trimly,0,0,0,1
trimmed,1,0,0,2
trimming,0,0,1,0
trincomalee,0,0,0,1
trinity,1,0,0,0
trinket,1,0,0,0
trinkets,6,0,0,0
trip,0,8,0,1
tripped,0,2,0,0
trips,0,1,0,0
tripwires,0,1,0,0
trite,0,0,0,1
triumph,13,0,10,1
triumphant,3,0,2,1
triumphantly,4,0,2,0
triumphed,1,0,0,0
triumphing,0,0,1,0
triumphs,0,1,0,0
trivial,9,0,0,9
trivialities,1,0,0,0
trodden,1,0,0,0
troll,0,2,0,0
trolled,0,1,0,0
trolling,0,3,0,0
troop,0,0,1,0
trooped,0,0,0,1
troopers,0,0,0,1
troops,0,29,0,0
trophy,0,0,0,1
tropics,0,0,0,1
trouble,35,29,21,12
troubled,8,0,0,3
troubles,1,0,0,4
troublesome,2,0,1,0
troubling,4,0,1,1
trough,0,1,0,3
trouser,0,1,0,1
trousers,12,5,0,7
trousseau,1,0,0,0
trout,0,5,1,1
trove,0,0,0,1
truant,0,1,0,0
truck,0,6,0,0
trucks,0,13,0,0
trudging,2,0,0,0
true,52,14,26,29
truer,1,0,0,0
truest,0,0,1,0
truly,4,2,7,3
trumpet,1,0,0,1
trunk,6,5,1,2
trunks,1,3,1,1
truss,0,3,0,0
trust,17,3,15,16
trusted,1,0,7,2
trustees,0,0,0,2
trustful,1,0,0,0
trusting,0,0,2,0
trusts,1,1,0,0
trusty,0,0,0,2
truth,45,1,27,15
truthful,1,0,0,0
try,28,37,12,8
trying,53,11,6,8
tryst,1,0,0,0
tsar,2,0,0,0
tub,1,0,0,0
tube,0,1,0,1
tubercles,3,0,0,0
tubes,0,0,0,1
tucked,1,1,0,1
tudor,0,0,0,1
tuesday,0,0,12,1
tuft,0,1,0,0
tug,0,0,0,1
tugged,7,0,0,3
tugging,1,0,0,1
tumbled,0,0,0,1
tumbler,0,2,0,1
tummy,0,1,0,0
tumult,0,0,3,0
tumultuously,0,0,0,1
tune,1,0,0,1
tunes,0,0,0,1
tunic,0,8,0,0
tunnel,0,3,0,2
tunnels,0,0,0,1
turban,2,0,0,0
turf,0,2,0,1
turgenev,1,0,0,0
turin,0,3,0,0
turk,1,0,0,0
turkey,0,3,0,0
turkish,1,0,0,1
turmoil,2,0,0,0
turn,49,19,26,30
turned,175,57,43,51
turner,0,0,0,20
turners,0,0,0,2
turning,55,2,13,16
turnpike,0,0,1,0
turnpikes,0,0,1,0
turns,8,3,2,2
turvy,1,0,0,0
tut,3,0,0,8
tweed,0,0,0,3
twelfth,1,0,0,0
twelve,5,2,5,9
twelvemonth,0,0,6,0
twenties,0,1,0,0
twentieth,0,0,0,2
twenty,54,10,17,24
twice,27,8,13,16
twig,0,0,0,1
twigs,0,2,0,0
twilight,2,0,0,1
twinge,1,0,0,0
twinkle,0,0,0,1
twinkled,0,0,0,4
twinkling,1,0,0,1
twins,0,0,0,2
twirl,0,1,0,0
twist,2,0,0,4
twisted,3,3,0,8
twisting,5,1,0,0
twitch,1,0,0,1
twitched,2,1,0,0
twitching,7,1,0,1
twitter,0,0,0,1
two,242,167,135,148
twopence,0,0,0,2
tying,0,0,0,1
type,2,1,0,1
typed,0,1,0,0
types,2,0,0,0
typewrite,0,0,0,1
typewriter,0,0,0,3
typewriting,0,0,0,4
typewritist,0,0,0,1
typewritten,0,0,0,6
typhus,1,0,0,0
tyranny,1,0,0,0
tyrant,1,0,0,0
tyrolese,1,0,0,0
tête,2,0,8,0
u,17,0,0,2
udine,0,19,0,0
uffa,0,0,0,1
ufficiali,0,1,0,0
ugh,3,0,0,0
uglier,0,0,1,0
ugliness,1,0,0,1
ugly,7,1,2,1
ulster,0,0,0,5
ulsters,0,0,0,1
ulterior,2,0,0,0
ultimate,0,0,0,1
ultimately,0,0,1,0
um,0,1,0,0
umbrella,0,21,0,2
umsonst,1,0,0,0
un,0,0,1,1
unabashed,0,0,1,0
unabated,0,0,1,0
unable,24,1,14,5
unaccountable,5,0,2,0
unacknowledged,0,0,1,0
unacquainted,0,0,1,1
unadorned,1,0,0,0
unaffected,1,0,5,0
unaffectedly,0,0,2,0
unallied,0,0,1,0
unalloyed,1,0,1,0
unalterable,0,0,1,0
unanswerable,0,0,1,0
unappeasable,0,0,1,0
unapproachable,0,0,0,1
unasked,0,0,1,0
unassailed,0,0,1,0
unassuming,0,0,3,0
unattainable,3,0,0,0
unattended,0,0,1,0
unattractive,0,1,0,0
unavailing,0,0,2,0
unavenged,0,0,0,1
unavoidable,1,0,1,0
unavoidably,0,0,1,0
unaware,1,0,1,0
unawares,1,0,0,0
unbearable,8,0,0,0
unbecoming,0,0,1,0
unbelieving,1,0,0,0
unbending,1,0,1,0
unblemished,0,0,1,0
unbounded,2,0,0,0
unbreakable,0,0,0,1
unburned,0,0,0,1
unbuttoned,2,2,0,1
uncanny,1,0,0,0
uncarpeted,0,0,0,1
unceremonious,1,0,0,0
unceremoniously,6,0,0,0
uncertain,5,0,2,4
uncertainly,1,0,0,0
uncertainties,1,0,0,0
uncertainty,3,0,1,0
unchanged,0,0,1,0
unchaperoned,0,1,0,0
unchildish,2,0,0,0
unchildlike,1,0,0,0
uncivil,0,0,5,0
unclasping,0,1,0,1
unclaspings,0,0,0,1
uncle,10,3,61,14
uncleanliness,1,0,0,0
uncleanness,1,0,0,0
uncles,1,0,11,5
uncomfortable,1,5,8,1
uncommon,0,0,5,1
uncommonly,0,0,9,0
uncompanionable,0,0,1,0
uncompromising,0,0,0,1
unconcealed,1,0,0,0
unconcern,0,0,3,0
unconcerned,0,0,2,1
uncongenial,0,0,0,1
unconnected,0,0,4,0
unconscious,12,2,0,4
unconsciously,9,0,3,0
unconsciousness,1,0,0,0
uncontrollable,1,0,0,3
uncontrolled,0,0,1,0
uncorked,0,1,0,0
uncourteous,0,0,0,1
uncouth,2,0,0,1
uncovered,1,0,0,1
uncritically,1,0,0,0
und,1,0,0,0
undated,0,0,0,1
undeceive,0,0,1,0
undecided,0,0,1,0
under,94,91,33,43
underclothes,1,0,0,0
underclothing,0,1,0,0
undergo,0,0,0,1
undergoing,1,0,0,0
undergone,3,0,2,0
underground,2,0,0,2
underlip,1,0,0,0
underneath,1,4,0,1
undershirt,0,1,0,0
understand,177,20,30,48
understanding,14,0,21,2
understands,4,0,0,0
understood,30,8,13,3
undertake,7,0,0,1
undertaken,3,0,1,0
undertaking,2,0,1,1
undertone,1,0,0,0
undertook,2,0,0,0
undervalued,0,0,1,0
undervaluing,0,0,1,0
underwear,0,2,0,0
undeserved,0,0,1,0
undeservedly,1,0,0,0
undeserving,0,0,3,0
undetermined,0,0,1,0
undid,2,4,0,1
undiminished,0,0,1,0
undisguised,1,0,0,0
undismayed,1,0,0,0
undo,2,0,2,1
undoing,1,0,0,1
undone,0,0,1,0
undoubted,1,0,1,0
undoubtedly,2,0,10,8
undress,0,1,0,0
undressed,4,4,0,0
undressing,6,2,0,0
undue,0,0,0,1
undutiful,0,0,1,0
une,2,0,0,0
unearthed,1,0,0,0
uneasily,18,0,0,0
uneasiness,17,0,7,2
uneasy,39,0,8,1
uneducated,3,0,0,0
unembarrassed,0,0,2,0
unendurable,1,0,0,0
unequal,1,0,4,0
unequally,0,0,1,0
unexampled,0,0,1,0
unexpected,15,0,8,2
unexpectedly,9,0,3,0
unfailing,2,0,0,0
unfailingly,0,0,0,1
unfair,1,0,0,0
unfairly,1,0,0,0
unfaithful,0,1,0,0
unfamiliar,2,0,0,0
unfastened,5,0,0,0
unfavourable,1,0,2,0
unfavourably,0,0,1,0
unfeeling,0,0,3,0
unfeigned,1,0,0,1
unfelt,0,0,2,0
unfenced,0,0,0,1
unfettered,0,0,0,1
unfinished,0,0,0,1
unfit,0,0,2,0
unfold,1,0,1,0
unfolded,1,0,5,0
unfolding,1,0,1,0
unforeseen,1,0,0,4
unforgiving,0,0,2,0
unfortunate,16,0,6,10
unfortunately,1,0,3,3
unfrequently,0,0,1,0
ungainly,0,1,0,0
ungenerous,0,0,3,0
ungenerously,0,0,0,1
ungentlemanly,4,0,0,0
ungovernable,1,0,1,1
ungracious,0,0,3,0
ungraciousness,0,0,1,0
ungrateful,4,0,0,3
unguarded,2,0,4,0
unhappier,2,0,0,0
unhappily,2,0,3,0
unhappiness,0,0,2,0
unhappy,17,1,13,4
unhealthy,1,0,0,1
unheard,1,0,1,0
unheeded,1,0,0,1
unhewn,1,0,0,0
unhinged,9,0,0,0
unholy,1,0,0,0
unhooked,0,2,0,0
unhooking,0,1,0,0
unhurried,1,0,0,0
uniform,5,15,1,1
uniformity,0,0,1,0
uniformly,0,1,3,0
uniforms,0,4,0,0
unimpaired,2,0,0,0
unimpeachable,0,0,0,2
unimportant,0,0,1,1
uninfluenced,1,0,0,0
uninformed,0,1,0,0
uninhabited,2,0,0,0
unintelligible,0,0,1,0
unintentional,1,0,0,0
unintentionally,1,0,0,0
uninterrupted,1,0,0,0
uninvited,3,0,0,0
union,0,0,3,3
unique,1,0,0,5
unison,0,0,1,0
unit,0,1,0,0
unite,0,0,2,0
united,2,0,7,3
uniting,0,0,1,0
units,0,2,0,0
universal,3,0,3,0
universally,0,0,3,0
universities,0,0,1,0
university,18,0,0,0
unjust,2,0,4,0
unjustifiable,0,0,2,0
unjustly,0,0,2,0
unkempt,3,0,0,1
unkindness,0,0,1,0
unknowing,0,1,0,0
unknowingly,0,0,1,0
unknown,19,0,8,5
unlaced,0,1,0,0
unlatched,2,0,0,0
unless,3,8,20,11
unlike,7,0,4,3
unlikely,0,0,4,3
unloaded,0,3,0,0
unlocked,4,1,0,5
unlocking,2,0,0,2
unlooked,2,0,0,0
unloosed,1,0,0,0
unluckily,0,0,3,0
unlucky,0,0,10,0
unmarked,0,0,1,0
unmarried,1,0,0,1
unmasked,1,0,0,0
unmerited,1,0,0,0
unmistakable,8,0,0,1
unmistakably,1,0,0,0
unmitigated,1,0,0,0
unmixed,1,0,0,0
unmoved,1,0,1,0
unnatural,6,0,2,4
unnaturally,0,0,1,0
unnecessarily,1,0,1,0
unnecessary,3,0,4,4
unnoticed,3,0,0,1
unobservant,0,0,0,1
unobserved,2,0,0,1
unofficial,0,0,0,1
unopened,1,0,0,1
unpack,0,0,0,1
unpacked,0,1,0,1
unpacking,0,1,0,0
unpainted,1,0,0,0
unpapered,0,0,0,1
unpardonable,3,0,4,0
unpardonably,1,0,0,0
unpleasant,9,2,8,6
unpleasantly,1,0,1,0
unpleasantness,7,1,0,1
unpleasing,1,0,1,0
unpractised,1,0,0,0
unprecedented,1,0,0,1
unprepared,0,0,1,0
unpretending,0,0,1,0
unprincipled,1,0,1,0
unprofitable,0,0,1,1
unprotected,0,0,1,0
unpunctual,1,0,0,0
unqualified,0,0,1,0
unquestionably,0,0,1,0
unravel,0,0,0,1
unravelled,0,0,0,1
unravelling,0,0,0,1
unreal,1,2,0,0
unreasonable,0,2,7,0
unreasonably,1,1,1,0
unreasoning,1,0,0,2
unrecognised,1,0,0,0
unredeemed,2,0,0,0
unrepaired,0,0,0,1
unreserve,0,0,1,0
unreserved,1,0,3,0
unrestrained,1,0,1,0
unsafe,1,0,0,0
unsatisfactory,2,1,0,0
unscrew,0,1,0,0
unscrewed,0,1,0,0
unscrupulous,1,0,0,0
unseat,0,0,0,1
unseemly,10,1,0,0
unseen,3,0,0,0
unsettled,2,0,3,0
unshackled,0,0,1,0
unshaken,0,0,1,0
unshaven,3,1,0,0
unsocial,0,0,1,0
unsolved,1,0,0,1
unspeakable,1,0,0,0
unspoken,1,0,0,0
unsteadier,1,0,0,0
unsteadily,1,0,0,0
unstudied,0,0,1,0
unsubdued,0,0,1,0
unsuccessful,2,2,0,0
unsuccessfully,0,0,1,0
unsuitable,0,0,2,0
unsuspicious,0,0,1,0
unsystematic,0,0,0,1
untamed,0,0,1,1
untenanted,1,0,0,0
unthinkable,4,0,0,1
untidy,0,0,1,0
untie,2,0,0,0
untied,1,0,0,0
until,7,48,1,75
untimely,0,0,0,1
untinctured,0,0,1,0
untitled,0,0,1,0
unto,12,0,0,0
untouched,3,0,1,0
untried,1,0,0,0
untrustworthy,1,0,0,0
untying,1,0,0,0
unusual,0,0,1,8
unusually,0,0,0,1
unutterable,1,0,0,0
unvarying,0,0,1,0
unveil,1,0,0,0
unwarily,2,0,0,0
unwashed,3,0,0,0
unwearying,0,0,1,0
unwelcome,1,0,4,1
unwell,2,0,2,0
unwhitewashed,2,0,0,0
unwilling,10,0,10,0
unwillingly,1,0,4,0
unwillingness,0,0,3,0
unwise,0,0,0,1
unwittingly,1,0,0,0
unworthily,0,0,1,0
unworthy,4,0,4,0
unwound,0,1,0,1
unwounded,0,1,0,0
unwrapped,0,2,0,0
unwritten,1,0,0,0
up,656,449,107,301
upbraided,0,0,1,1
upbraiding,1,0,1,0
uphill,0,2,0,0
upholstered,1,0,0,0
upholsterers,1,0,0,0
upon,145,0,70,465
upper,6,2,2,10
uppermost,1,0,1,1
upraised,0,0,0,1
upright,1,1,0,0
uproar,6,0,1,1
uproarious,1,0,0,0
uproot,1,0,0,0
ups,1,0,0,0
upset,13,5,0,1
upsetting,4,0,0,0
upshot,1,0,0,0
upstairs,12,13,16,11
upstart,0,0,1,0
upturned,0,4,0,0
upward,0,1,0,4
upwards,1,0,0,0
urge,2,0,0,0
urged,2,0,6,2
urgency,0,0,0,1
urgent,3,0,3,1
urging,1,0,0,1
us,191,147,123,183
usage,0,0,2,1
use,42,11,15,33
used,65,11,22,31
useful,4,3,6,6
usefulness,1,0,0,0
useless,14,0,6,3
uselessly,1,0,1,0
uses,0,0,0,2
ushered,0,0,0,2
ushering,0,0,0,1
using,1,5,1,4
usual,12,0,34,13
usually,6,10,8,7
utilise,0,0,0,1
utmost,11,0,10,3
utter,13,0,6,2
uttered,17,0,5,3
uttering,12,0,0,1
utterly,23,0,1,4
v,5,3,0,0
va,3,2,0,0
vacancies,0,0,0,2
vacancy,0,0,1,7
vacant,0,0,5,1
vacantly,1,0,0,1
vacuous,0,0,0,2
vagabond,1,0,0,1
vagabonds,0,0,0,1
vague,12,3,2,10
vaguely,2,0,0,0
vagueness,0,0,0,1
vahrushin,7,0,0,0
vain,4,2,20,3
vainly,0,0,0,1
vale,2,0,0,0
valentini,0,9,0,0
valet,0,0,0,1
valid,0,0,1,1
valise,0,0,0,1
valley,0,14,4,5
valleys,0,1,0,0
valor,0,1,0,0
valorous,0,2,0,0
valuable,6,2,9,6
value,5,4,9,11
valued,2,0,5,0
valueless,0,0,1,0
values,0,0,0,1
van,1,19,0,1
vanish,0,0,1,4
vanished,4,0,2,10
vanishes,0,0,0,1
vanishing,1,0,0,3
vanities,1,0,0,0
vanity,10,0,18,0
vans,0,2,0,0
varellas,0,1,0,0
varents,1,0,0,0
variable,0,0,0,1
variance,0,0,1,0
variation,0,0,2,0
varied,3,0,3,2
varieties,0,0,1,1
variety,1,0,7,2
varini,0,1,0,0
various,12,1,9,1
varnished,0,2,0,0
vary,0,0,3,1
varying,0,0,2,0
vaselined,0,1,0,0
vassilitch,1,0,0,0
vassily,1,0,0,0
vassilyevsky,6,0,0,0
vast,8,0,2,0
vastly,0,0,1,0
vasya,1,0,0,0
vater,5,0,0,0
vault,0,0,0,3
vauxhall,2,0,0,0
veal,4,1,0,0
vegetable,0,1,0,0
vegetables,0,0,0,2
vegetarian,0,0,0,1
vehemence,1,0,1,1
vehicle,0,0,0,1
vehicles,0,7,0,0
veil,0,0,0,8
veiled,0,0,0,2
veins,1,1,0,3
velvet,0,1,0,2
venerable,1,0,0,0
veneration,0,0,1,0
venetian,1,1,0,0
vengeance,0,0,0,1
venice,0,1,0,0
venison,0,0,1,0
venner,0,0,0,1
venomous,1,0,0,1
vent,1,0,2,0
ventilate,0,0,0,1
ventilator,0,0,0,14
ventilators,0,0,0,1
venting,0,0,1,0
venture,15,0,5,2
ventured,5,0,7,2
venturing,1,0,1,0
veracity,0,0,2,0
verandahs,1,0,0,0
verb,1,0,0,0
verbal,1,0,0,0
verbatim,0,0,0,1
verbs,0,0,0,1
verdict,2,0,0,3
verdure,0,0,1,0
vere,0,0,0,1
verge,0,0,0,2
verging,1,0,0,0
verify,0,0,0,1
verily,0,0,1,0
vermouth,0,16,0,0
vermouths,0,1,0,0
verona,0,4,0,0
verrons,0,0,0,1
verse,3,0,0,0
versed,1,0,0,0
verses,0,0,1,0
version,1,0,0,0
versts,4,0,0,0
vertu,1,0,0,0
very,464,381,488,400
vessel,0,0,0,3
vessels,0,0,0,1
vestal,1,0,0,0
vestas,0,0,0,1
vestibule,0,0,5,0
vestige,0,0,0,1
vestry,0,0,0,1
vevey,0,1,0,0
vex,0,0,1,1
vexation,11,0,10,0
vexations,0,0,1,0
vexatious,0,0,2,0
vexed,13,0,8,0
vexing,0,0,1,0
vi,1,0,0,0
via,0,3,0,0
viazemskys,1,0,0,0
vibrating,1,0,0,0
vice,16,7,3,2
vicenza,0,3,0,0
vices,0,0,1,0
vicinity,0,0,1,0
vicious,2,0,1,0
victim,8,0,1,5
victims,1,0,0,0
victor,0,0,0,1
victoria,0,0,0,5
victories,0,6,0,0
victory,0,6,1,1
view,21,0,17,15
viewed,0,0,0,1
viewing,0,0,3,0
views,1,0,11,2
vigil,0,0,0,1
vigilant,1,0,0,0
vigorous,5,0,0,0
vigorously,3,1,1,3
vigour,1,0,1,0
vile,14,1,0,4
vileness,2,0,0,0
viler,2,0,0,0
vilest,0,0,0,3
villa,1,22,0,3
village,6,10,6,7
villagers,1,0,0,1
villages,2,4,0,2
villain,1,0,0,7
villainous,0,0,1,0
villains,0,0,0,1
villainy,0,0,0,1
villas,0,6,0,2
vilna,1,0,0,0
vin,1,0,0,0
vincent,0,0,0,5
vincenza,0,2,0,0
vindication,0,0,2,0
vindictive,5,0,0,0
vindictively,1,0,0,0
vine,0,3,0,0
vines,0,5,0,0
vineyards,0,4,0,0
vingt,0,0,1,0
violated,0,0,1,0
violates,1,0,0,0
violation,0,0,2,0
violence,4,0,3,11
violent,12,1,10,7
violently,15,0,6,0
violet,0,1,0,4
violin,1,0,0,4
virgin,1,3,0,0
virgins,0,3,0,0
virtue,5,0,10,1
virtues,3,0,0,1
virtuous,2,0,0,0
vis,2,0,0,0
visa,0,2,0,0
visas,0,1,0,0
vise,3,0,0,0
vishera,1,0,0,0
visible,1,1,5,5
vision,1,0,0,0
visions,4,0,0,0
visit,32,3,51,10
visitations,1,0,0,0
visited,8,1,4,4
visiting,5,1,5,1
visitor,29,1,11,26
visitors,12,0,14,5
visits,2,0,5,3
visor,0,1,0,0
vital,3,0,0,3
vito,0,1,0,0
vitriol,0,0,0,1
vittorio,0,1,0,0
viva,0,3,0,0
vivacity,0,0,2,0
vive,1,1,0,0
vivid,1,0,0,1
vividly,6,0,0,0
vividness,3,0,0,0
vivisecting,1,0,0,0
vocation,2,0,0,0
vodka,15,0,0,0
vogue,0,0,1,0
voice,84,9,22,20
voices,11,0,0,3
void,0,0,1,0
voilà,0,0,0,1
volatility,0,0,1,0
volcanic,0,0,0,1
volley,0,0,0,1
volubility,0,0,1,0
voluble,0,1,0,0
volume,0,0,2,5
volumes,0,0,0,1
voluntarily,0,0,6,0
voluntary,1,0,3,0
volunteered,1,0,0,1
voluptuous,2,0,0,0
vomited,0,1,0,0
von,0,0,0,4
voraciously,0,0,0,1
voskresensky,1,0,0,0
vote,0,1,0,1
voters,0,0,0,1
vouch,0,0,3,0
vouching,0,0,0,1
vouchsafe,1,0,0,0
vouchsafed,3,0,1,0
vous,3,0,0,0
vow,0,0,1,0
vowed,3,0,0,0
vows,0,0,1,2
voznesensky,1,0,0,0
vrazumihin,2,0,0,0
vulgar,3,1,2,3
vulgarise,1,0,0,0
vulgarity,2,0,1,0
vulnerable,0,0,0,1
vérité,1,0,0,0
w,0,0,2,0
wadded,2,0,0,0
wadding,0,0,0,1
waddling,0,0,0,1
wade,1,0,0,0
wading,1,0,0,0
wager,0,0,0,1
wages,0,0,0,3
wagging,1,0,0,0
waggled,0,0,0,1
waggon,4,0,0,0
wagners,1,0,0,0
wagon,0,0,0,1
wagons,0,2,0,1
wail,4,0,0,0
wailed,6,0,0,0
wailing,5,0,0,0
waist,2,0,0,1
waistcoat,12,0,0,7
waisted,1,0,0,0
wait,47,20,17,19
waited,23,18,7,15
waiter,4,18,3,2
waiters,1,2,0,0
waiting,54,10,10,34
waits,1,0,0,0
waived,0,0,1,0
wake,10,13,0,3
waked,13,1,0,0
wakened,0,1,0,0
waking,5,5,1,0
walk,28,29,51,15
walked,102,64,44,28
walker,0,6,3,0
walkers,0,1,0,0
walking,31,17,26,14
walks,1,2,3,4
wall,46,32,0,14
wallahs,0,1,0,0
walled,0,1,0,0
wallenstein,0,0,0,1
wallet,0,1,0,0
wallowed,0,0,0,1
walls,9,9,0,8
walnut,0,1,0,0
walsall,0,0,0,1
walsingham,0,0,0,1
wander,1,0,1,4
wandered,3,0,2,4
wanderers,1,0,0,0
wandering,6,0,3,3
wanderings,2,0,0,0
waned,0,0,0,1
want,185,195,44,28
wanted,94,51,23,11
wanting,5,1,7,3
wantonly,0,0,1,0
wantonness,1,0,0,0
wants,22,12,11,6
war,0,119,1,4
warburtons,0,0,0,1
ward,4,4,1,0
warded,0,0,1,0
warder,2,0,0,0
wardrobe,0,1,0,2
warehouse,0,0,0,1
warehouses,0,0,2,0
wares,1,0,0,0
warhorse,1,0,0,0
warm,21,17,6,4
warmed,0,3,0,1
warmer,1,0,0,0
warmest,0,0,2,1
warming,3,0,0,0
warmly,14,0,8,4
warmth,7,0,8,1
warn,9,0,4,2
warned,2,0,1,1
warning,1,0,0,6
warnings,0,0,0,3
warrant,1,0,1,0
warren,0,0,0,1
wars,0,5,0,0
warsaw,0,0,0,2
warwick,0,0,1,0
was,2804,1449,1844,1410
wash,4,6,0,3
washbowl,0,1,0,0
washbowls,0,1,0,0
washed,10,12,0,0
washing,12,3,0,1
washstand,0,1,0,0
wasnt,35,31,0,3
wasp,1,0,0,0
waste,10,0,1,3
wasted,11,1,0,3
wasteful,0,0,0,1
wastes,1,0,0,0
wasting,2,0,1,0
watch,34,26,2,10
watched,12,50,7,6
watches,0,0,1,0
watchful,0,0,1,0
watchfulness,0,0,2,0
watching,21,9,8,5
watchman,0,2,0,0
water,55,72,4,18
watered,0,0,0,1
waterfall,1,0,0,0
waterfront,0,1,0,0
watering,0,1,1,0
waterloo,1,0,0,8
waterproof,0,0,0,2
waters,2,0,0,1
watery,1,0,0,0
watson,0,0,0,81
watsons,0,0,1,0
wave,5,3,1,3
waved,7,15,0,4
wavered,0,0,1,0
wavering,0,0,1,1
waves,0,3,0,1
waving,5,2,0,2
wax,5,1,0,2
waxed,1,0,0,1
waxy,0,1,0,0
way,257,104,107,116
waylaid,0,0,0,2
ways,15,2,3,11
wayside,0,0,0,2
wayward,0,0,0,1
we,414,922,253,524
weak,26,2,7,5
weaken,0,0,0,1
weakened,1,0,1,0
weakening,0,0,0,1
weaker,1,0,0,1
weakest,0,0,1,0
weakly,5,0,0,0
weakness,13,1,5,1
weaknesses,1,0,1,1
wealth,4,1,3,3
wealthy,0,1,0,2
weapon,4,0,0,8
wear,10,13,1,9
wearer,0,0,0,1
wearied,0,0,1,0
wearily,1,0,0,0
weariness,0,0,0,1
wearing,19,4,0,3
wearisome,0,0,1,1
wears,2,0,1,1
weary,5,0,2,12
weather,0,5,6,6
weave,1,0,0,1
weaver,0,0,0,1
weaving,1,0,0,0
web,1,0,0,2
webbs,0,0,1,0
wed,3,13,0,0
wedding,8,4,14,22
wedged,0,0,0,1
wedgelike,0,1,0,0
wedlock,1,0,0,1
wednesday,0,0,9,4
wee,0,0,0,1
weed,0,0,0,1
weedy,0,0,0,1
week,20,3,29,25
weekly,3,0,0,1
weeks,8,7,18,19
weep,7,0,1,0
weeping,24,0,0,0
weigh,2,1,0,1
weighed,3,0,2,2
weighing,12,0,0,1
weighs,1,0,0,0
weight,7,2,6,7
weighted,0,0,0,2
weights,0,1,0,0
weighty,3,0,1,0
weird,0,0,0,1
welcome,6,2,12,1
welcomed,0,0,7,1
welcoming,2,0,1,0
welfare,2,0,5,0
well,351,161,226,203
wellington,0,0,0,1
welted,0,1,0,0
wench,3,0,0,0
wenches,1,0,0,0
wengen,0,2,0,0
went,355,375,67,68
wept,13,0,0,0
were,707,693,563,350
werent,6,7,0,0
west,0,1,1,12
westaway,0,0,0,1
westaways,0,0,0,1
westbury,0,0,0,1
westerham,0,0,1,0
western,0,2,0,1
westhouse,0,0,0,2
westphail,0,0,0,1
westward,0,0,0,1
wet,14,56,2,4
wetted,3,0,0,0
wetting,1,0,0,0
weve,14,10,0,3
whacked,0,1,0,0
whales,1,0,0,0
wharf,0,0,0,3
wharves,0,0,0,2
what,1154,271,482,387
whatever,17,1,33,16
whats,76,39,1,3
whatsoever,1,0,0,0
wheal,0,0,0,1
wheel,1,6,0,1
wheeled,1,4,0,1
wheeler,0,0,0,4
wheels,3,14,0,7
when,437,284,370,322
whence,0,0,3,6
whenever,1,3,22,2
whens,1,0,0,0
where,203,192,89,120
whereabouts,1,0,0,2
wheres,2,5,0,1
wherever,4,5,8,1
whether,75,11,54,43
which,332,23,543,771
whichever,0,0,3,0
while,102,106,76,66
whilst,2,0,4,0
whim,0,0,0,2
whimper,1,0,0,0
whimpering,3,0,0,0
whims,1,0,2,1
whimsical,0,0,1,2
whine,0,0,0,1
whined,1,0,0,1
whip,6,1,0,4
whipcord,0,0,0,3
whipped,2,4,0,0
whipping,0,1,0,0
whips,5,0,0,0
whirl,1,0,0,0
whirled,0,1,0,0
whirling,3,0,0,1
whishing,0,1,0,1
whisked,1,0,0,0
whiskered,1,0,0,1
whiskers,6,0,0,7
whiskey,0,15,0,0
whisky,0,0,0,2
whisper,17,0,10,1
whispered,41,1,1,16
whispering,8,1,3,1
whispers,2,0,0,0
whist,0,0,5,0
whistle,0,1,0,10
whistled,1,0,0,2
whistles,0,0,0,2
whistling,1,0,0,0
white,36,40,3,29
whitely,0,1,0,0
whiten,0,0,0,1
whiter,0,0,0,1
whites,0,2,0,0
whitewashed,0,0,0,4
whither,0,0,2,1
whitish,1,0,0,0
whitney,0,0,0,6
whitneys,0,0,0,2
whittington,0,0,0,1
who,393,111,284,271
whoa,0,0,0,2
whoever,1,0,0,3
whole,121,16,79,45
wholesome,0,0,0,1
wholl,1,0,0,0
wholly,1,0,26,0
whom,74,2,84,39
whore,0,3,0,0
whorehound,0,1,0,0
whorehouse,0,2,0,0
whos,5,5,0,0
whose,20,2,59,23
whoso,0,0,0,1
whosoever,1,0,0,0
whove,1,0,0,0
why,445,71,54,76
wicked,6,0,0,3
wickedest,0,0,1,0
wickedness,0,0,2,2
wicker,0,1,0,1
wicket,0,0,0,1
wickham,0,0,162,0
wickhams,0,0,32,0
wide,28,13,3,3
widely,0,0,4,0
widened,0,1,0,2
wider,1,1,0,0
widespread,0,0,0,3
widest,0,1,0,0
widow,14,0,3,1
widower,2,0,0,3
widows,2,0,0,0
widths,1,0,0,0
wife,47,26,44,53
wifes,2,0,3,7
wig,0,0,0,1
wight,0,0,0,1
wigmore,0,0,0,1
wigs,0,0,0,1
wild,10,2,11,10
wilderness,1,0,1,1
wildly,10,1,0,0
wildness,0,1,0,0
wiles,1,0,0,0
wilful,0,0,3,1
wilfully,0,0,4,0
wilhelm,0,0,0,1
will,547,310,419,263
willed,0,0,1,0
william,0,0,40,5
williams,0,0,6,0
willing,4,0,6,5
willingly,0,0,3,1
willingness,0,0,3,0
willow,1,3,0,0
willows,0,1,0,1
willst,2,0,0,0
wilson,0,2,0,20
wilsons,0,0,0,2
wilt,1,0,0,0
wilton,0,0,0,1
wily,1,0,0,0
wimpole,0,0,0,1
win,3,9,1,1
winced,0,1,0,1
winchester,0,0,0,10
wincing,0,0,0,1
wind,11,36,1,11
winded,1,0,0,0
windfall,0,0,0,1
windibank,0,0,0,20
windigate,0,0,0,3
winding,1,1,1,8
windings,0,0,1,0
window,72,73,16,72
windows,20,19,6,25
windowsill,0,0,0,1
winds,0,0,0,2
wine,20,65,3,2
winefully,0,1,0,0
wineglassful,1,0,0,0
wines,2,5,0,1
wing,0,0,0,7
wings,0,0,0,2
wingèd,0,1,0,0
wink,3,0,2,2
winked,4,1,0,0
winking,3,0,2,1
winner,0,2,0,0
winners,0,1,0,0
winning,0,2,0,0
wins,0,1,0,0
winter,6,26,15,1
wintry,0,2,0,1
wipe,2,0,0,0
wiped,4,11,0,0
wiping,3,1,0,0
wire,0,2,0,4
wired,0,0,0,3
wires,0,2,0,0
wiring,0,1,0,0
wiry,0,0,0,1
wisconsin,0,1,0,0
wisdom,2,6,0,1
wise,5,7,5,0
wisely,0,0,4,2
wiser,4,2,2,2
wisest,0,0,6,0
wish,12,44,97,44
wished,3,10,41,12
wisher,0,0,1,0
wishes,1,5,34,5
wishing,2,0,14,1
wisp,0,0,0,1
wistaria,0,1,0,0
wit,11,0,6,2
witch,2,0,0,0
with,1705,618,1052,828
withdraw,4,0,0,2
withdrawing,1,0,1,0
withdrawn,0,1,3,1
withdrew,4,0,5,0
withered,1,0,0,0
withheld,0,0,4,0
within,24,1,34,48
without,220,29,170,73
withstood,0,0,1,0
witness,10,0,3,15
witnessed,0,0,4,0
witnesses,12,0,0,1
witnessing,0,0,1,0
wits,2,0,1,5
witted,1,0,0,2
witticism,1,0,0,0
witticisms,0,0,1,0
wittier,1,0,0,0
wittily,4,0,0,0
witty,2,0,1,0
wives,2,2,1,1
woe,0,0,1,0
woes,1,0,0,0
woke,13,21,0,1
woman,178,36,58,60
womanhood,0,0,0,1
womanish,5,0,0,0
womanly,0,0,1,2
womans,25,0,4,11
women,39,9,18,8
womens,1,0,1,0
won,4,11,4,1
wonder,23,5,34,12
wondered,15,10,8,1
wonderful,5,23,3,5
wonderfully,2,1,2,3
wondering,12,1,2,5
wonderingly,1,0,0,0
wonders,1,0,3,0
wont,128,113,1,19
wood,22,11,5,13
woodcock,0,3,0,2
woodcutters,0,3,0,0
wooded,0,1,0,1
wooden,12,8,0,17
woods,0,16,7,7
woody,0,0,2,0
wooing,0,0,0,2
wool,0,1,0,0
woollen,2,0,0,0
woolworth,0,1,0,0
wop,0,4,0,0
word,134,21,49,40
words,94,4,30,46
wore,19,27,2,8
work,69,34,20,47
workbags,0,0,1,0
worked,16,16,4,5
worker,0,0,0,1
workers,1,0,0,0
working,17,15,0,7
workman,14,0,0,0
workmen,14,0,0,1
workmens,1,0,0,0
works,3,1,0,0
workshop,2,0,0,0
workshops,1,0,0,0
world,39,10,65,15
worldly,2,0,2,0
worlds,1,1,0,1
worm,1,0,0,1
worms,0,0,0,1
worn,16,4,2,12
worried,17,11,0,0
worries,4,1,0,0
worry,25,29,0,1
worrying,11,3,0,2
worse,19,15,13,5
worship,3,1,0,0
worst,9,0,7,3
worth,33,3,15,10
worthless,4,0,2,1
worthlessness,0,0,1,0
worthy,6,0,3,2
would,575,327,469,327
wouldest,1,0,0,0
wouldnt,42,38,0,7
wound,4,8,2,7
wounded,6,38,3,1
wounding,0,0,2,0
wounds,0,11,0,0
woven,0,1,0,3
wrack,0,0,0,1
wrap,0,1,0,0
wrapped,16,6,0,4
wrappers,1,0,0,0
wrapping,1,1,0,0
wraps,0,1,0,0
wrath,1,0,0,0
wrathful,1,0,0,0
wrathfully,4,0,0,0
wreath,1,0,0,1
wreathed,1,0,0,0
wreaths,1,0,0,2
wreck,1,0,0,2
wrecked,0,1,0,0
wrenching,0,0,0,1
wretch,13,0,0,1
wretched,20,0,10,2
wretchedly,0,0,1,0
wretchedness,2,0,2,0
wretches,4,0,0,0
wriggled,0,0,0,1
wriggling,1,0,0,0
wringing,8,0,0,0
wrinkled,1,1,0,4
wrinkles,2,0,0,2
wrist,0,2,0,9
wrists,0,0,0,3
writ,2,0,0,1
write,28,16,39,9
writer,0,0,3,3
writers,1,0,0,1
writes,8,0,1,1
writhe,1,0,0,0
writhed,0,0,0,3
writhing,1,0,0,3
writing,10,0,14,12
writings,0,0,0,1
written,16,4,19,20
wrong,42,5,15,15
wrongdoing,2,0,0,0
wronged,4,0,0,2
wrongfully,0,0,0,2
wrongly,1,0,0,0
wrongs,1,0,0,0
wrote,20,4,21,14
wrung,7,2,0,3
wäsche,2,0,0,0
x,7,4,0,0
y,2,0,0,0
yard,27,4,0,16
yards,8,5,1,9
yawn,1,0,2,2
yawned,1,0,1,0
yawning,2,0,1,2
ye,10,1,0,0
yea,1,0,0,0
year,33,23,29,29
years,94,13,36,65
yegorovna,1,0,0,0
yell,0,0,0,1
yelled,3,0,0,3
yellow,27,7,0,15
yellowish,3,0,0,0
yes,283,182,76,125
yesterday,131,2,13,13
yesterdays,7,1,0,0
yet,111,23,74,88
yield,0,0,4,0
yielded,1,0,2,0
yielding,1,0,3,0
yodelling,0,2,0,0
yonder,2,0,0,1
york,0,3,1,0
you,3834,1800,1359,1481
youd,28,9,0,2
youll,52,40,1,10
young,112,21,129,81
younge,0,0,4,0
younger,16,6,29,3
youngest,3,0,14,0
youngster,1,0,0,2
your,667,163,454,396
youre,55,137,0,3
yours,21,5,23,18
yourself,128,14,49,42
yourselves,5,0,2,4
youth,7,0,8,7
youthful,6,0,0,0
youths,0,0,1,0
youve,75,30,0,3
yushin,1,0,0,0
yusupov,3,0,0,0
zabaione,0,1,0,0
zag,0,1,0,0
zaharovitch,10,0,0,0
zametov,84,0,0,0
zametovs,6,0,0,0
zaraïsk,1,0,0,0
zaraïsky,1,0,0,0
zarnitsyn,2,0,0,0
zeal,1,0,0,0
zealand,0,0,0,1
zero,0,0,0,2
zest,2,0,0,1
zeus,1,0,0,0
zig,0,1,0,0
zigzag,0,0,0,1
zigzags,1,0,0,0
zimmermans,1,0,0,0
zinc,0,3,0,0
zona,0,1,0,0
zone,0,1,0,0
zossimov,87,0,0,0
zurich,0,1,0,0
à,2,0,4,0
æsthetic,1,0,0,0
æsthetically,1,0,0,0
æsthetics,1,0,0,0
ça,0,2,0,0
éclat,0,0,1,0
éternelle,1,0,0,0
